sidechain_smiles,monomer_smiles,linkage,source,compound_type,molecular_weight,is_dendron,dendron_family,dendron_generation,delta_D_sp,delta_P_sp,delta_H_sp,n_unmatched_sp,has_si,n_si_atoms,used_2nd_order,n_unavail_d,n_unavail_p,n_unavail_hb,approx_ring_correction,hsp_error,D,P,H,V_formula,SPrefit_D,SPrefit_P,SPrefit_H,n_pooled_atoms,n_groups_new,expected_Ra_err,hsp_source,hsp_note,n_unmatched_atoms,delta_D,delta_D_corr,delta_P,delta_P_corr,delta_H,delta_H_corr,n_uncovered_atoms,incomplete_elements,cat_source,link,Ra_Water,RED_Water,Ra_Diiodomethane,RED_Diiodomethane,Ra_n_Hexadecane,RED_n_Hexadecane,Ra_PTFE,RED_PTFE,margin_dispersion,margin_polar,margin_hbonding,n_basic_N,qc_flag
CC(C)C[Si]12O[Si]3(CCC4CCC(O)C(O)C4)O[Si]4(CC(C)C)O[Si](CC(C)C)(O1)O[Si]1(CC(C)C)O[Si](CC(C)C)(O2)O[Si](CC(C)C)(O3)O[Si](CC(C)C)(O4)O1,CC(C)C[Si]12O[Si]3(CCC4CCC(O)C(OC(=O)[C@@H]5[C@H](C(=O)OC6CC(CC[Si]78O[Si]9(CC(C)C)O[Si]%10(CC(C)C)O[Si](CC(C)C)(O7)O[Si]7(CC(C)C)O[Si](CC(C)C)(O8)O[Si](CC(C)C)(O9)O[Si](CC(C)C)(O%10)O7)CCC6O)[C@@H]6C=C[C@@H]5C6)C4)O[Si]4(CC(C)C)O[Si](CC(C)C)(O1)O[Si]1(CC(C)C)O[Si](CC(C)C)(O2)O[Si](CC(C)C)(O3)O[Si](CC(C)C)(O4)O1,ester,Sigma-Aldrich,diol,959.694,False,,0,27.9691,89.8282,9.0693,0,True,16,True,0,18,20,True,,14.335793231512614,1.893736833494939,2.2000422089365705,1867.7424145972927,20.007890676232844,32.97098572091566,4.406006504923302,0.0,40.0,,gc_formula_si,"Si monomer: HSP NOT reliable (Si groups fitted on 51 HSPiP Si compounds, only 7 measured, all much smaller than the monomers)",0.0,14.335793231512614,14.335793231512614,1.893736833494939,1.893736833494939,2.2000422089365705,2.2000422089365705,16,Si,Sigma-Aldrich,https://www.sigmaaldrich.com/catalog/product/aldrich/560286?utm_source=pubchem&utm_campaign=pubchem_2017&utm_medium=referral,42.572465103244056,2.3917115226541603,7.932069556894368,1.1331527938420527,4.884552981913963,0.9769105963827925,4.373751581958888,0.6248216545655554,10.242014189081104,-14.642098606954244,-14.02948785607098,0,Si: HSP unreliable
CC(C)C[Si]12O[Si]3(CCCN)O[Si]4(CC(C)C)O[Si](CC(C)C)(O1)O[Si]1(CC(C)C)O[Si](CC(C)C)(O2)O[Si](CC(C)C)(O3)O[Si](CC(C)C)(O4)O1,CC(C)C[Si]12O[Si]3(CCCNC(=O)[C@@H]4[C@H](C(=O)NCCC[Si]56O[Si]7(CC(C)C)O[Si]8(CC(C)C)O[Si](CC(C)C)(O5)O[Si]5(CC(C)C)O[Si](CC(C)C)(O6)O[Si](CC(C)C)(O7)O[Si](CC(C)C)(O8)O5)[C@@H]5C=C[C@@H]4C5)O[Si]4(CC(C)C)O[Si](CC(C)C)(O1)O[Si]1(CC(C)C)O[Si](CC(C)C)(O2)O[Si](CC(C)C)(O3)O[Si](CC(C)C)(O4)O1,amide,Ambeed,monoamine,874.592,False,,0,26.2843,95.3276,6.0664,0,True,16,True,2,16,16,True,,14.130386949614014,3.056138597440747,2.042907453295241,1698.2620909249358,20.61250097770077,44.40315634976447,5.115813501779575,0.0,40.0,,gc_formula_si,"Si monomer: HSP NOT reliable (Si groups fitted on 51 HSPiP Si compounds, only 7 measured, all much smaller than the monomers)",0.0,14.130386949614014,14.130386949614014,3.056138597440747,3.056138597440747,2.042907453295241,2.042907453295241,16,Si,Ambeed,https://www.ambeed.com/products/444315-15-5.html,42.37546941278368,2.380644349032791,8.156459446442645,1.1652084923489492,5.687032366983424,1.1374064733966849,4.658055526934032,0.6654365038477188,9.031340898878026,-13.11715580546851,-15.14361809375952,0,Si: HSP unreliable
CC(C)[Si](O[C@@H](CCO)[C@@H](C)[C@@H](CCCCO[Si](C)(C)C(C)(C)C)O[Si](C)(C)C(C)(C)C)(C(C)C)C(C)C,CC(C)[Si](O[C@@H](CCOC(=O)[C@@H]1[C@H](C(=O)OCC[C@H](O[Si](C(C)C)(C(C)C)C(C)C)[C@@H](C)[C@@H](CCCCO[Si](C)(C)C(C)(C)C)O[Si](C)(C)C(C)(C)C)[C@@H]2C=C[C@@H]1C2)[C@@H](C)[C@@H](CCCCO[Si](C)(C)C(C)(C)C)O[Si](C)(C)C(C)(C)C)(C(C)C)C(C)C,ester,Sigma-Aldrich,monoalcohol,591.155,False,,0,4.9378,-12.7378,12.1442,0,True,6,True,0,0,0,True,,14.909765505686822,2.0972511080207075,0.303093126324195,1516.1729656907423,0.0,0.6896629956600484,0.0,0.0,20.0,,gc_formula_si,"Si monomer: HSP NOT reliable (Si groups fitted on 51 HSPiP Si compounds, only 7 measured, all much smaller than the monomers)",0.0,14.909765505686822,14.909765505686822,2.0972511080207075,2.0972511080207075,0.303093126324195,0.303093126324195,6,Si,Sigma-Aldrich,https://www.sigmaaldrich.com/catalog/product/aldrich/t269492,44.25404072785601,2.486182063362697,7.979446493940692,1.139920927705813,3.4959026659836994,0.6991805331967399,4.90128371080602,0.7001833872580028,12.50942127134192,-13.11560752399031,-16.703923487383335,0,Si: HSP unreliable
CC(C)C[Si]12O[Si]3(CCCOCC(O)CO)O[Si]4(CC(C)C)O[Si](CC(C)C)(O1)O[Si]1(CC(C)C)O[Si](CC(C)C)(O2)O[Si](CC(C)C)(O3)O[Si](CC(C)C)(O4)O1,CC(C)C[Si]12O[Si]3(CCCOCC(O)COC(=O)[C@@H]4[C@H](C(=O)OCC(O)COCCC[Si]56O[Si]7(CC(C)C)O[Si]8(CC(C)C)O[Si](CC(C)C)(O5)O[Si]5(CC(C)C)O[Si](CC(C)C)(O6)O[Si](CC(C)C)(O7)O[Si](CC(C)C)(O8)O5)[C@@H]5C=C[C@@H]4C5)O[Si]4(CC(C)C)O[Si](CC(C)C)(O1)O[Si]1(CC(C)C)O[Si](CC(C)C)(O2)O[Si](CC(C)C)(O3)O[Si](CC(C)C)(O4)O1,ester,Sigma-Aldrich,diol,949.655,False,,0,28.0654,106.046,9.6265,0,True,16,True,0,16,16,True,,14.239929647858256,2.2727938125292235,3.7026193296443584,1812.716398791056,20.25002560902414,37.96304342956577,3.5991007414614917,0.0,40.0,,gc_formula_si,"Si monomer: HSP NOT reliable (Si groups fitted on 51 HSPiP Si compounds, only 7 measured, all much smaller than the monomers)",0.0,14.239929647858256,14.239929647858256,2.2727938125292235,2.2727938125292235,3.7026193296443584,3.7026193296443584,16,Si,Sigma-Aldrich,https://www.sigmaaldrich.com/catalog/product/aldrich/560308?utm_source=pubchem&utm_campaign=pubchem_2017&utm_medium=referral,41.04321007785656,2.305798318980705,7.521620895758166,1.0745172708225952,5.987532132491718,1.1975064264983435,5.325459125365491,0.760779875052213,8.264516505684675,-15.669755164973392,-12.810104130743122,0,Si: HSP unreliable
CC(C)(C)[Si](C)(C)OCC(O)CO[Si](C)(C)C(C)(C)C,CC(C)(C)[Si](C)(C)OCC(CO[Si](C)(C)C(C)(C)C)OC(=O)[C@@H]1[C@H](C(=O)OC(CO[Si](C)(C)C(C)(C)C)CO[Si](C)(C)C(C)(C)C)[C@@H]2C=C[C@@H]1C2,ester,Ambeed,monoalcohol,320.622,False,,0,9.964,-8.2284,9.405,0,True,4,True,0,0,0,True,,14.718719123544862,2.8041530720026064,2.1951248218054182,866.4246624827987,0.0,3.548947162427,1.172284625834161,0.0,16.0,,gc_formula_si,"Si monomer: HSP NOT reliable (Si groups fitted on 51 HSPiP Si compounds, only 7 measured, all much smaller than the monomers)",0.0,14.718719123544862,14.718719123544862,2.8041530720026064,2.8041530720026064,2.1951248218054182,2.1951248218054182,4,Si,Ambeed,https://www.ambeed.com/products/85951-09-3.html,42.2489406782864,2.3735359931621574,7.078152851661272,1.0111646930944675,4.762734957511163,0.9525469915022325,5.383563414095804,0.7690804877279721,9.719441229736837,-14.109690873347674,-15.32774737374205,0,Si: HSP unreliable
C[C@H](CO)[C@@H](CCCCO[Si](C)(C)C(C)(C)C)O[Si](C)(C)C(C)(C)C,C[C@H](COC(=O)[C@@H]1[C@H](C(=O)OC[C@@H](C)[C@@H](CCCCO[Si](C)(C)C(C)(C)C)O[Si](C)(C)C(C)(C)C)[C@@H]2C=C[C@@H]1C2)[C@@H](CCCCO[Si](C)(C)C(C)(C)C)O[Si](C)(C)C(C)(C)C,ester,Sigma-Aldrich,monoalcohol,390.757,False,,0,11.7219,-9.171,8.7702,0,True,4,True,0,0,0,True,,15.03604327999804,2.5190056077628813,1.556729086622012,1032.3870251735098,0.0,2.4782947827028625,0.0,0.0,16.0,,gc_formula_si,"Si monomer: HSP NOT reliable (Si groups fitted on 51 HSPiP Si compounds, only 7 measured, all much smaller than the monomers)",0.0,15.03604327999804,15.03604327999804,2.5190056077628813,2.5190056077628813,1.556729086622012,1.556729086622012,4,Si,Sigma-Aldrich,https://www.sigmaaldrich.com/catalog/product/aldrich/t270113,42.92566083214772,2.4115539793341414,6.929239352761544,0.9898913361087921,3.893474163421186,0.7786948326842371,5.531472455429193,0.790210350775599,10.960308585613147,-14.073766758857172,-15.99831980113891,0,Si: HSP unreliable
C=C(C[C@H](O)CO[Si](C)(C)C(C)(C)C)O[Si](C)(C)C,C=C(C[C@@H](CO[Si](C)(C)C(C)(C)C)OC(=O)[C@@H]1[C@H](C(=O)O[C@H](CO[Si](C)(C)C(C)(C)C)CC(=C)O[Si](C)(C)C)[C@@H]2C=C[C@@H]1C2)O[Si](C)(C)C,ester,Sigma-Aldrich,monoalcohol,304.579,False,,0,10.9652,4.3334,8.3318,0,True,4,True,0,0,0,True,,14.84719718951304,2.8130139671033976,2.519853343983058,827.3238754167145,0.0,5.269107847450933,2.150390753527562,0.0,18.0,,gc_formula_si,"Si monomer: HSP NOT reliable (Si groups fitted on 51 HSPiP Si compounds, only 7 measured, all much smaller than the monomers)",0.0,14.84719718951304,14.84719718951304,2.8130139671033976,2.8130139671033976,2.519853343983058,2.519853343983058,4,Si,Sigma-Aldrich,https://www.sigmaaldrich.com/catalog/product/aldrich/t280356,41.92924128390048,2.355575353028117,6.703655008841076,0.9576650012630108,4.765002883413256,0.9530005766826513,5.718787593267667,0.8169696561810953,9.514329878426583,-14.5540365663927,-15.140357812633379,0,Si: HSP unreliable
CC(O)C1=C[C@@H](O[Si](C)(C)C(C)(C)C)[C@H](O[Si](C)(C)C(C)(C)C)[C@@H](CO[Si](C)(C)C(C)(C)C)O1,CC(OC(=O)[C@@H]1[C@H](C(=O)OC(C)C2=C[C@@H](O[Si](C)(C)C(C)(C)C)[C@H](O[Si](C)(C)C(C)(C)C)[C@@H](CO[Si](C)(C)C(C)(C)C)O2)[C@@H]2C=C[C@@H]1C2)C1=C[C@@H](O[Si](C)(C)C(C)(C)C)[C@H](O[Si](C)(C)C(C)(C)C)[C@@H](CO[Si](C)(C)C(C)(C)C)O1,ester,Sigma-Aldrich,monoalcohol,532.987,False,,0,10.9794,-14.2046,10.4914,0,True,6,True,0,0,0,True,,14.969350709229658,2.9975614109486743,1.8244431286131175,1331.4951117619974,0.0,5.421185543927198,1.241314761231514,0.0,24.0,,gc_formula_si,"Si monomer: HSP NOT reliable (Si groups fitted on 51 HSPiP Si compounds, only 7 measured, all much smaller than the monomers)",0.0,14.969350709229658,14.969350709229658,2.9975614109486743,2.9975614109486743,1.8244431286131175,1.8244431286131175,6,Si,Sigma-Aldrich,https://www.sigmaaldrich.com/catalog/product/aldrich/t233250,42.525997554320874,2.3891009861978016,6.809876309534766,0.9728394727906808,4.40414319499976,0.880828638999952,5.737053050815972,0.8195790072594246,10.147346169667866,-13.796232426894104,-16.142468991565213,0,Si: HSP unreliable
CC(C)(O)CCOCC(CO[Si](C)(C)C(C)(C)C)O[Si](C)(C)C(C)(C)C,CC(C)(CCOCC(CO[Si](C)(C)C(C)(C)C)O[Si](C)(C)C(C)(C)C)OC(=O)[C@@H]1[C@H](C(=O)OC(C)(C)CCOCC(CO[Si](C)(C)C(C)(C)C)O[Si](C)(C)C(C)(C)C)[C@@H]2C=C[C@@H]1C2,ester,Ambeed,monoalcohol,406.756,False,,0,1.0401,-11.6156,9.3232,0,True,4,True,0,0,0,True,,14.897324976300668,3.060589826358343,2.400204551484297,1087.1832664327524,0.0,4.740137656691244,2.0436186014565294,0.0,16.0,,gc_formula_si,"Si monomer: HSP NOT reliable (Si groups fitted on 51 HSPiP Si compounds, only 7 measured, all much smaller than the monomers)",0.0,14.897324976300668,14.897324976300668,3.060589826358343,3.060589826358343,2.400204551484297,2.400204551484297,4,Si,Ambeed,https://www.ambeed.com/products/1314036-60-6.html,41.962779712644156,2.357459534418211,6.634412591562532,0.9477732273660759,4.795641861379332,0.9591283722758664,5.868657442726834,0.838379634675262,9.436530598458027,-14.236939701426625,-15.557710251174715,0,Si: HSP unreliable
C=C1[C@H](O)C[C@H](O[Si](C)(C)C(C)(C)C)[C@H]1CO[Si](C)(C)C(C)(C)C,C=C1[C@H](OC(=O)[C@@H]2[C@H](C(=O)O[C@@H]3C[C@H](O[Si](C)(C)C(C)(C)C)[C@@H](CO[Si](C)(C)C(C)(C)C)C3=C)[C@@H]3C=C[C@@H]2C3)C[C@H](O[Si](C)(C)C(C)(C)C)[C@H]1CO[Si](C)(C)C(C)(C)C,ester,Ambeed,monoalcohol,372.698,False,,0,11.5984,-9.5294,10.6172,0,True,4,True,0,4,0,True,,15.137365748966062,2.719134152108544,1.9909464391098548,974.595796639412,0.0,3.6072027079333577,1.117414797956606,0.0,16.0,,gc_formula_si,"Si monomer: HSP NOT reliable (Si groups fitted on 51 HSPiP Si compounds, only 7 measured, all much smaller than the monomers)",0.0,15.137365748966062,15.137365748966062,2.719134152108544,2.719134152108544,1.9909464391098548,1.9909464391098548,4,Si,Ambeed,https://www.ambeed.com/products/701278-56-0.html,42.4467573678425,2.3846492903282304,6.4858604412235445,0.9265514916033635,4.094439139525248,0.8188878279050495,5.92626066229784,0.8466086660425486,10.427285157747663,-14.409178035967372,-15.865553461964751,0,Si: HSP unreliable
CC(C)[Si](OC[C@H]1OC(C2(O)CCCC2)=C[C@@H](O[Si](C(C)C)(C(C)C)C(C)C)[C@H]1O[Si](C)(C)C(C)(C)C)(C(C)C)C(C)C,CC(C)[Si](OC[C@H]1OC(C2(OC(=O)[C@@H]3[C@H](C(=O)OC4(C5=C[C@@H](O[Si](C(C)C)(C(C)C)C(C)C)[C@@H](O[Si](C)(C)C(C)(C)C)[C@@H](CO[Si](C(C)C)(C(C)C)C(C)C)O5)CCCC4)[C@@H]4C=C[C@@H]3C4)CCCC2)=C[C@@H](O[Si](C(C)C)(C(C)C)C(C)C)[C@H]1O[Si](C)(C)C(C)(C)C)(C(C)C)C(C)C,ester,Sigma-Aldrich,monoalcohol,657.214,False,,0,10.4598,-8.1786,12.2126,0,True,6,True,0,0,0,True,,15.260196933951375,2.5649293076975974,1.830355005240703,1625.350163978672,0.0,3.105525868080088,0.91687737151544,0.0,16.0,,gc_formula_si,"Si monomer: HSP NOT reliable (Si groups fitted on 51 HSPiP Si compounds, only 7 measured, all much smaller than the monomers)",0.0,15.260196933951375,15.260196933951375,2.5649293076975974,2.5649293076975974,1.830355005240703,1.830355005240703,6,Si,Sigma-Aldrich,https://www.sigmaaldrich.com/catalog/product/aldrich/t258229,42.64414745953955,2.3957386213224465,6.407113749438726,0.9153019642055323,3.775423613762071,0.7550847227524142,6.012278699557422,0.8588969570796318,10.864912621013076,-14.525622631494482,-15.99477123640827,0,Si: HSP unreliable
COCOC[C@@](C)(O[Si](C(C)C)(C(C)C)C(C)C)[C@@H](CO)O[Si](C(C)C)(C(C)C)C(C)C,COCOC[C@@](C)(O[Si](C(C)C)(C(C)C)C(C)C)[C@@H](COC(=O)[C@@H]1[C@H](C(=O)OC[C@@H](O[Si](C(C)C)(C(C)C)C(C)C)[C@@](C)(COCOC)O[Si](C(C)C)(C(C)C)C(C)C)[C@@H]2C=C[C@@H]1C2)O[Si](C(C)C)(C(C)C)C(C)C,ester,Sigma-Aldrich,monoalcohol,492.89,False,,0,11.9734,-4.1282,11.8166,0,True,4,True,0,0,0,True,,15.15934609831109,2.5062120151740186,2.434287949779689,1238.77986098561,0.0,2.5371582919326623,2.290033678298549,0.0,8.0,,gc_formula_si,"Si monomer: HSP NOT reliable (Si groups fitted on 51 HSPiP Si compounds, only 7 measured, all much smaller than the monomers)",0.0,15.15934609831109,15.15934609831109,2.5062120151740186,2.5062120151740186,2.434287949779689,2.434287949779689,4,Si,Sigma-Aldrich,https://www.sigmaaldrich.com/catalog/product/aldrich/t280496,42.09301001084929,2.36477584330614,6.263660865303194,0.8948086950433135,4.172675614183033,0.8345351228366067,6.033273523764454,0.8618962176806363,10.218846133357383,-15.08742203291676,-15.23127016370542,0,Si: HSP unreliable
CC(C)(C)[Si](C)(C)OCC(N)(CO[Si](C)(C)C(C)(C)C)CO[Si](C)(C)C(C)(C)C,CC(C)(C)[Si](C)(C)OCC(CO[Si](C)(C)C(C)(C)C)(CO[Si](C)(C)C(C)(C)C)NC(=O)[C@@H]1[C@H](C(=O)NC(CO[Si](C)(C)C(C)(C)C)(CO[Si](C)(C)C(C)(C)C)CO[Si](C)(C)C(C)(C)C)[C@@H]2C=C[C@@H]1C2,amide,Ambeed,monoamine,463.928,False,,0,-8.0564,-18.292,11.5404,0,True,6,True,2,0,0,True,,14.743450961548424,4.282454487449047,1.840602925912855,1174.346561718164,0.0,3.22033034238245,0.0,0.0,24.0,,gc_formula_si,"Si monomer: HSP NOT reliable (Si groups fitted on 51 HSPiP Si compounds, only 7 measured, all much smaller than the monomers)",0.0,14.743450961548424,14.743450961548424,4.282454487449047,4.282454487449047,1.840602925912855,1.840602925912855,6,Si,Ambeed,https://www.ambeed.com/products/102522-47-4.html,42.14917733749595,2.367931311095278,7.134944041731827,1.019277720247404,5.605231057179495,1.121046211435899,6.19919372958808,0.8855991042268686,8.620393548186522,-12.301599400012233,-17.185302523084616,0,Si: HSP unreliable
C[C@@H](CO)C(C)(C)O[Si](C)(C)C(C)(C)C,C[C@@H](COC(=O)[C@@H]1[C@H](C(=O)OC[C@H](C)C(C)(C)O[Si](C)(C)C(C)(C)C)[C@@H]2C=C[C@@H]1C2)C(C)(C)O[Si](C)(C)C(C)(C)C,ester,Matrix Scientific,monoalcohol,232.44,False,,0,13.4009,7.579,8.4862,0,True,2,True,0,0,0,True,,15.295537987784872,2.4722994350875687,2.4209096152334504,663.2329773426337,10.461940449080291,2.072836789960347,0.6602987334434649,0.0,8.0,,gc_formula_si,"Si monomer: HSP NOT reliable (Si groups fitted on 51 HSPiP Si compounds, only 7 measured, all much smaller than the monomers)",0.0,15.295537987784872,15.295537987784872,2.4722994350875687,2.4722994350875687,2.4209096152334504,2.4209096152334504,2,Si,Matrix Scientific,https://www.matrixscientific.com/208636.html,42.11303540886204,2.3659008656664064,6.0504914166642445,0.8643559166663206,4.001105297014457,0.8002210594028915,6.238616645218832,0.891230949316976,10.402328937463853,-15.244148167930755,-15.34692780763899,0,Si: HSP unreliable
C[Si](C)(C)[Si](NC12CC3CC(CC(C3)C1)C2)([Si](C)(C)C)[Si](C)(C)C,C[Si](C)(C)[Si](N(C(=O)[C@@H]1[C@H](C(=O)N(C23CC4CC(CC(C4)C2)C3)[Si]([Si](C)(C)C)([Si](C)(C)C)[Si](C)(C)C)[C@@H]2C=C[C@@H]1C2)C12CC3CC(CC(C3)C1)C2)([Si](C)(C)C)[Si](C)(C)C,amide,Ambeed,monoamine,397.904,False,,0,19.5962,-15.2026,7.3908,0,True,8,True,0,0,8,True,,15.227508896225414,3.19599916153952,1.8791573174501743,1017.9682428385804,10.81966957075,1.332519846187069,2.338082575953969,0.0,28.0,,gc_formula_si,"Si monomer: HSP NOT reliable (Si groups fitted on 51 HSPiP Si compounds, only 7 measured, all much smaller than the monomers)",0.0,15.227508896225414,15.227508896225414,3.19599916153952,3.19599916153952,1.8791573174501743,1.8791573174501743,8,Si,Ambeed,https://www.ambeed.com/products/2451224-01-2.html,42.40382018456926,2.382237089020745,6.330636684277913,0.904376669182559,4.283292137479111,0.8566584274958222,6.268879305448647,0.8955541864926638,10.15235241723572,-13.910667052136068,-16.54435074031476,0,Si: HSP unreliable
C[C@@H]1O[C@]2(CCC[C@H]2O)C[C@H](O[Si](C)(C)C(C)(C)C)[C@H]1O[Si](C)(C)C(C)(C)C,C[C@@H]1O[C@]2(CCC[C@H]2OC(=O)[C@@H]2[C@H](C(=O)O[C@@H]3CCC[C@@]34C[C@H](O[Si](C)(C)C(C)(C)C)[C@@H](O[Si](C)(C)C(C)(C)C)[C@H](C)O4)[C@@H]3C=C[C@@H]2C3)C[C@H](O[Si](C)(C)C(C)(C)C)[C@H]1O[Si](C)(C)C(C)(C)C,ester,Sigma-Aldrich,monoalcohol,430.778,False,,0,16.1456,-12.67,7.0228,0,True,4,True,0,0,0,True,,15.419251949913498,2.987267851260365,1.4893044569520308,1078.9317193302622,0.0,4.635261989591972,0.9390081548452484,0.0,16.0,,gc_formula_si,"Si monomer: HSP NOT reliable (Si groups fitted on 51 HSPiP Si compounds, only 7 measured, all much smaller than the monomers)",0.0,15.419251949913498,15.419251949913498,2.987267851260365,2.987267851260365,1.4893044569520308,1.4893044569520308,4,Si,Sigma-Aldrich,https://www.sigmaaldrich.com/catalog/product/aldrich/t248401,42.8353843180211,2.406482265057365,6.292106469723033,0.8988723528175762,3.774210578597279,0.7548421157194558,6.381153629956293,0.9115933757080418,10.942679641701101,-13.921288555605164,-16.917215344221834,0,Si: HSP unreliable
CC(C)[Si](O[C@@H]1CC(O)(C2(O)CCCC2)O[C@H](CO[Si](C)(C)C(C)(C)C)[C@@H]1O[Si](C)(C)C(C)(C)C)(C(C)C)C(C)C,CC(C)[Si](O[C@@H]1CC(O)(C2(OC(=O)[C@@H]3[C@H](C(=O)OC4(C5(O)C[C@@H](O[Si](C(C)C)(C(C)C)C(C)C)[C@@H](O[Si](C)(C)C(C)(C)C)[C@@H](CO[Si](C)(C)C(C)(C)C)O5)CCCC4)[C@@H]4C=C[C@@H]3C4)CCCC2)O[C@H](CO[Si](C)(C)C(C)(C)C)[C@@H]1O[Si](C)(C)C(C)(C)C)(C(C)C)C(C)C,ester,Sigma-Aldrich,diol,633.148,False,,0,12.6664,-14.8154,3.0573,0,True,6,True,0,0,0,True,,15.25524459478799,3.0361613660884297,2.3775023077894346,1547.2151476535591,0.0,6.467994283157698,1.1257585044442495,0.0,20.0,,gc_formula_si,"Si monomer: HSP NOT reliable (Si groups fitted on 51 HSPiP Si compounds, only 7 measured, all much smaller than the monomers)",0.0,15.25524459478799,15.25524459478799,3.0361613660884297,3.0361613660884297,2.3775023077894346,2.3775023077894346,6,Si,Sigma-Aldrich,https://www.sigmaaldrich.com/catalog/product/aldrich/t258113,41.97745293540543,2.3582838727755857,6.033185668676332,0.8618836669537616,4.385983184116292,0.8771966368232584,6.402178755802202,0.9145969651146003,9.841580920910125,-14.596585536488995,-15.913903653086987,0,Si: HSP unreliable
C=C1/C(=C/CO)C[C@@H](O[Si](C)(C)C(C)(C)C)C[C@@H]1O[Si](C)(C)C(C)(C)C,C=C1/C(=C/COC(=O)[C@@H]2[C@H](C(=O)OC/C=C3\C[C@@H](O[Si](C)(C)C(C)(C)C)C[C@H](O[Si](C)(C)C(C)(C)C)C3=C)[C@@H]3C=C[C@@H]2C3)C[C@@H](O[Si](C)(C)C(C)(C)C)C[C@@H]1O[Si](C)(C)C(C)(C)C,ester,Ambeed,monoalcohol,398.736,False,,0,13.3166,-6.275,8.4238,0,True,4,True,0,2,2,True,,15.53999971542101,2.5814100379522325,1.4983268676926969,1009.716168958128,7.124530696261407,2.6133138511003384,0.9258998281485664,0.0,16.0,,gc_formula_si,"Si monomer: HSP NOT reliable (Si groups fitted on 51 HSPiP Si compounds, only 7 measured, all much smaller than the monomers)",0.0,15.53999971542101,15.53999971542101,2.5814100379522325,2.5814100379522325,1.4983268676926969,1.4983268676926969,4,Si,Ambeed,https://www.ambeed.com/products/227961-42-4.html,42.951617977372536,2.413012245919805,6.179196751280198,0.8827423930400283,3.3494869632125672,0.6698973926425135,6.41646746433394,0.9166382091905628,11.46026280977608,-14.456916545161477,-16.623082885680546,0,Si: HSP unreliable
COC1OC(CO)C(O[Si](C)(C)C)[C@H](O[Si](C)(C)C)C1O[Si](C)(C)C,COC1OC(COC(=O)[C@@H]2[C@H](C(=O)OCC3OC(OC)C(O[Si](C)(C)C)[C@@H](O[Si](C)(C)C)C3O[Si](C)(C)C)[C@@H]3C=C[C@@H]2C3)C(O[Si](C)(C)C)[C@H](O[Si](C)(C)C)C1O[Si](C)(C)C,ester,Sigma-Aldrich,monoalcohol,410.732,False,,0,17.8173,15.355,5.8306,0,True,6,True,0,0,0,True,,14.99449427756026,3.800191127547569,2.412836404191044,1013.1976044704892,0.0,9.905301506135125,1.7419232724898284,0.0,30.0,,gc_formula_si,"Si monomer: HSP NOT reliable (Si groups fitted on 51 HSPiP Si compounds, only 7 measured, all much smaller than the monomers)",0.0,14.99449427756026,14.99449427756026,3.800191127547569,3.800191127547569,2.412836404191044,2.412836404191044,6,Si,Sigma-Aldrich,https://www.sigmaaldrich.com/catalog/product/aldrich/s296805,41.72341429443273,2.3440120390130748,6.404997292183411,0.9149996131690586,5.203903619838905,1.040780723967781,6.428222777588528,0.918317539655504,8.781466745821648,-13.607139554203735,-16.381849000916784,0,Si: HSP unreliable
C[Si](C)(C)O[Si](CCCN)(O[Si](C)(C)C)O[Si](C)(C)C,C[Si](C)(C)O[Si](CCCNC(=O)[C@@H]1[C@H](C(=O)NCCC[Si](O[Si](C)(C)C)(O[Si](C)(C)C)O[Si](C)(C)C)[C@@H]2C=C[C@@H]1C2)(O[Si](C)(C)C)O[Si](C)(C)C,amide,Sigma-Aldrich,monoamine,353.76,False,,0,12.4873,20.6662,7.2558,0,True,8,True,2,0,0,True,,14.190377830589348,4.726302945634298,3.206962083399852,897.6626834096062,11.56400820406656,4.540355429193376,2.3277704223410165,0.0,32.0,,gc_formula_si,"Si monomer: HSP NOT reliable (Si groups fitted on 51 HSPiP Si compounds, only 7 measured, all much smaller than the monomers)",0.0,14.190377830589348,14.190377830589348,4.726302945634298,4.726302945634298,3.206962083399852,3.206962083399852,8,Si,Sigma-Aldrich,https://www.sigmaaldrich.com/catalog/product/sial/09329?utm_source=pubchem&utm_campaign=pubchem_2017&utm_medium=referral,40.77036055431443,2.290469694062608,7.619598957198031,1.088514136742576,7.101025850463537,1.4202051700927074,6.442627542387083,0.9203753631981547,6.2571128015551984,-12.671036968354901,-15.709718692823795,0,Si: HSP unreliable
CC(C)(C)[Si](C)(C)O[C@@H]1CC(=CCO)C[C@@H](O[Si](C)(C)C(C)(C)C)C1,CC(C)(C)[Si](C)(C)O[C@@H]1CC(=CCOC(=O)[C@@H]2[C@H](C(=O)OCC=C3C[C@@H](O[Si](C)(C)C(C)(C)C)C[C@H](O[Si](C)(C)C(C)(C)C)C3)[C@@H]3C=C[C@@H]2C3)C[C@@H](O[Si](C)(C)C(C)(C)C)C1,ester,Combi-Blocks,monoalcohol,386.725,False,,0,13.6188,-8.3006,7.4162,0,True,4,True,0,0,2,True,,15.556368647379593,2.663129413424501,1.4322931834848225,980.6523926471286,8.221674342507239,2.506761142994316,1.1382847739108823,0.0,16.0,,gc_formula_si,"Si monomer: HSP NOT reliable (Si groups fitted on 51 HSPiP Si compounds, only 7 measured, all much smaller than the monomers)",0.0,15.556368647379593,15.556368647379593,2.663129413424501,2.663129413424501,1.4322931834848225,1.4322931834848225,4,Si,Combi-Blocks,https://www.combi-blocks.com/cgi-bin/find.cgi?JQ-1559,42.989001932835485,2.415112468136825,6.181554349749323,0.8830791928213318,3.3698178571703314,0.6739635714340663,6.463674607762702,0.9233820868232431,11.46094605047027,-14.325532417439915,-16.78720487731927,0,Si: HSP unreliable
C=C(CC(O)C(C)C)C(C)CO[Si](C)(C)C(C)(C)C,C=C(CC(OC(=O)[C@@H]1[C@H](C(=O)OC(CC(=C)C(C)CO[Si](C)(C)C(C)(C)C)C(C)C)[C@@H]2C=C[C@@H]1C2)C(C)C)C(C)CO[Si](C)(C)C(C)(C)C,ester,Sigma-Aldrich,monoalcohol,286.532,False,,0,9.2057,-2.0802,9.5706,0,True,2,True,0,2,0,True,,15.333921883717444,2.658455704300514,2.6860921775050888,806.9540721968018,8.621660190607725,3.077888876011852,2.4206821686154703,0.0,8.0,,gc_formula_si,"Si monomer: HSP NOT reliable (Si groups fitted on 51 HSPiP Si compounds, only 7 measured, all much smaller than the monomers)",0.0,15.333921883717444,15.333921883717444,2.658455704300514,2.658455704300514,2.6860921775050888,2.6860921775050888,2,Si,Sigma-Aldrich,https://www.sigmaaldrich.com/catalog/product/aldrich/t262218,41.8015409396121,2.348401176382702,5.8125445868494525,0.8303635124070646,4.244491209181871,0.8488982418363742,6.4832596643883225,0.9261799520554747,9.989374001911841,-15.361558356922018,-15.30628541051287,0,Si: HSP unreliable
C=C(CC(O)C(C)C)C(C)O[Si](C)(C)C(C)(C)C,C=C(CC(OC(=O)[C@@H]1[C@H](C(=O)OC(CC(=C)C(C)O[Si](C)(C)C(C)(C)C)C(C)C)[C@@H]2C=C[C@@H]1C2)C(C)C)C(C)O[Si](C)(C)C(C)(C)C,ester,Sigma-Aldrich,monoalcohol,272.505,False,,0,9.7147,-3.3756,8.48,0,True,2,True,0,2,0,True,,15.362349728302044,2.771333950717472,2.50558293540515,783.5712434045636,8.786786313677883,2.923011100194598,1.946626554913256,0.0,8.0,,gc_formula_si,"Si monomer: HSP NOT reliable (Si groups fitted on 51 HSPiP Si compounds, only 7 measured, all much smaller than the monomers)",0.0,15.362349728302044,15.362349728302044,2.771333950717472,2.771333950717472,2.50558293540515,2.50558293540515,2,Si,Sigma-Aldrich,https://www.sigmaaldrich.com/catalog/product/aldrich/t262269,41.93648799486614,2.3559824716216933,5.831721529357892,0.8331030756225559,4.180309778073128,0.8360619556146256,6.504664635148587,0.9292378050212268,10.085432842179422,-15.09659871298972,-15.628100743614365,0,Si: HSP unreliable
CC(C)(C)[Si](C)(C)OCCNCCO[Si](C)(C)C(C)(C)C,CC(C)(C)[Si](C)(C)OCCN(CCO[Si](C)(C)C(C)(C)C)C(=O)[C@@H]1[C@H](C(=O)N(CCO[Si](C)(C)C(C)(C)C)CCO[Si](C)(C)C(C)(C)C)[C@@H]2C=C[C@@H]1C2,amide,Ambeed,monoamine,333.665,False,,0,12.9345,-11.7294,8.086,0,True,4,True,0,0,0,True,,14.954606114728094,4.317725724972851,1.9160106532589056,885.388000024385,0.0,3.5298513942660525,1.7620993167637826,0.0,16.0,,gc_formula_si,"Si monomer: HSP NOT reliable (Si groups fitted on 51 HSPiP Si compounds, only 7 measured, all much smaller than the monomers)",0.0,14.954606114728094,14.954606114728094,4.317725724972851,4.317725724972851,1.9160106532589056,1.9160106532589056,4,Si,Ambeed,https://www.ambeed.com/products/169527-49-5.html,42.05391712736195,2.3625796138967385,6.738289090579951,0.9626127272257072,5.43637665045406,1.087275330090812,6.530455358531379,0.9329221940759113,8.720869736496336,-12.552891043014148,-17.35632118644204,0,Si: HSP unreliable
CC1(C)C2CC=C(O[Si](C)(C)C(C)(C)C)C1C[C@@H]1[C@](O)(O[Si](C)(C)C(C)(C)C)[C@@H](O[Si](C)(C)C(C)(C)C)CC[C@@]1(C)C(=O)C2,CC1(C)C2CC=C(O[Si](C)(C)C(C)(C)C)C1C[C@@H]1[C@](OC(=O)[C@@H]3[C@H](C(=O)O[C@@]4(O[Si](C)(C)C(C)(C)C)[C@@H](O[Si](C)(C)C(C)(C)C)CC[C@@]5(C)C(=O)CC6CC=C(O[Si](C)(C)C(C)(C)C)C(C[C@H]45)C6(C)C)[C@@H]4C=C[C@@H]3C4)(O[Si](C)(C)C(C)(C)C)[C@@H](O[Si](C)(C)C(C)(C)C)CC[C@@]1(C)C(=O)C2,ester,Sigma-Aldrich,monoalcohol,667.209,False,,0,11.9874,-20.318,13.217,0,True,6,True,0,0,4,True,,15.50321032700348,3.122919603746745,1.457526667557975,1619.2116745105866,0.0,1.68114135853674,0.0,0.0,24.0,,gc_formula_si,"Si monomer: HSP NOT reliable (Si groups fitted on 51 HSPiP Si compounds, only 7 measured, all much smaller than the monomers)",0.0,15.50321032700348,15.50321032700348,3.122919603746745,3.122919603746745,1.457526667557975,1.457526667557975,6,Si,Sigma-Aldrich,https://www.sigmaaldrich.com/catalog/product/aldrich/t250899,42.82437236746856,2.405863616149919,6.168177672025986,0.8811682388608552,3.7969074218479433,0.7593814843695886,6.580954595481131,0.9401363707830187,10.92276405569876,-13.83781739081471,-17.16860326319225,0,Si: HSP unreliable
CC(C)(CO)CO[Si](C)(C)C(C)(C)C,CC(C)(COC(=O)[C@@H]1[C@H](C(=O)OCC(C)(C)CO[Si](C)(C)C(C)(C)C)[C@@H]2C=C[C@@H]1C2)CO[Si](C)(C)C(C)(C)C,ester,Sigma-Aldrich,monoalcohol,218.413,False,,0,14.1003,4.2344,7.611,0,True,2,True,0,0,0,True,,15.293321831038444,2.9580831706520656,2.775944619770372,620.4317660730144,11.34481980758135,3.268428973216891,1.9463952701809124,0.0,8.0,,gc_formula_si,"Si monomer: HSP NOT reliable (Si groups fitted on 51 HSPiP Si compounds, only 7 measured, all much smaller than the monomers)",0.0,15.293321831038444,15.293321831038444,2.9580831706520656,2.9580831706520656,2.775944619770372,2.775944619770372,2,Si,Sigma-Aldrich,https://www.sigmaaldrich.com/catalog/product/aldrich/t214337,41.62227062217039,2.3383298102342915,5.78285628378924,0.8261223262556057,4.528766754866298,0.9057533509732597,6.58463340315081,0.9406619147358299,9.559294040616006,-15.11118328015675,-15.47546038192014,0,Si: HSP unreliable
CC(C)[C@H](CCO)CO[Si](C)(C)C(C)(C)C,CC(C)[C@H](CCOC(=O)[C@@H]1[C@H](C(=O)OCC[C@H](CO[Si](C)(C)C(C)(C)C)C(C)C)[C@@H]2C=C[C@@H]1C2)CO[Si](C)(C)C(C)(C)C,ester,Sigma-Aldrich,monoalcohol,246.467,False,,0,13.9697,-1.1964,7.9332,0,True,2,True,0,0,0,True,,15.3695190786594,2.7898832552561497,2.666068062703238,689.9799520677196,10.96113060713992,2.9549061979754327,1.7459938303405458,0.0,8.0,,gc_formula_si,"Si monomer: HSP NOT reliable (Si groups fitted on 51 HSPiP Si compounds, only 7 measured, all much smaller than the monomers)",0.0,15.3695190786594,15.3695190786594,2.7898832552561497,2.7898832552561497,2.666068062703238,2.666068062703238,2,Si,Sigma-Aldrich,https://www.sigmaaldrich.com/catalog/product/aldrich/t252492,41.77827002525798,2.347093821643707,5.735196548348966,0.8193137926212809,4.284220637740342,0.8568441275480684,6.5876168633452705,0.9410881233350387,9.913567760700012,-15.245703886106487,-15.49333427121231,0,Si: HSP unreliable
CC(C)(CCO)CCO[Si](C)(C)C(C)(C)C,CC(C)(CCOC(=O)[C@@H]1[C@H](C(=O)OCCC(C)(C)CCO[Si](C)(C)C(C)(C)C)[C@@H]2C=C[C@@H]1C2)CCO[Si](C)(C)C(C)(C)C,ester,Combi-Blocks,monoalcohol,246.467,False,,0,14.1694,-4.5086,7.1466,0,True,2,True,0,0,0,True,,15.406887415818234,2.789115732955388,2.631500081583132,687.4112896777665,11.296215061088038,3.062924206692513,1.782142919723335,0.0,8.0,,gc_formula_si,"Si monomer: HSP NOT reliable (Si groups fitted on 51 HSPiP Si compounds, only 7 measured, all much smaller than the monomers)",0.0,15.406887415818234,15.406887415818234,2.789115732955388,2.789115732955388,2.631500081583132,2.631500081583132,2,Si,Combi-Blocks,https://www.combi-blocks.com/cgi-bin/find.cgi?QD-1470,41.81090801104441,2.3489274163508096,5.689490926172687,0.8127844180246696,4.230196166052661,0.8460392332105322,6.634223178251678,0.9477461683216682,9.986271601279714,-15.249271764445979,-15.564503067190492,0,Si: HSP unreliable
COCO[C@H]1CC[C@@]2(C)[C@H]3CC4CCC(O[Si](C)(C)C(C)(C)C)(O3)C(C[C@@H]2[C@]1(O)O[Si](C)(C)C(C)(C)C)C4(C)C,COCO[C@H]1CC[C@@]2(C)[C@H]3CC4CCC(O[Si](C)(C)C(C)(C)C)(O3)C(C[C@@H]2[C@]1(OC(=O)[C@@H]1[C@H](C(=O)O[C@@]2(O[Si](C)(C)C(C)(C)C)[C@@H](OCOC)CC[C@@]3(C)[C@H]5CC6CCC(O[Si](C)(C)C(C)(C)C)(O5)C(C[C@@H]32)C6(C)C)[C@@H]2C=C[C@@H]1C2)O[Si](C)(C)C(C)(C)C)C4(C)C,ester,Sigma-Aldrich,monoalcohol,599.014,False,,0,20.5501,8.7196,10.1012,0,True,4,True,0,0,4,True,,15.722860284197656,2.18065265158439,1.6871398881846205,1379.564358963446,6.739597047463927,1.2236651879453344,0.0,0.0,16.0,,gc_formula_si,"Si monomer: HSP NOT reliable (Si groups fitted on 51 HSPiP Si compounds, only 7 measured, all much smaller than the monomers)",0.0,15.722860284197656,15.722860284197656,2.18065265158439,2.18065265158439,1.6871398881846205,1.6871398881846205,4,Si,Sigma-Aldrich,https://www.sigmaaldrich.com/catalog/product/aldrich/t250996,42.90195140577101,2.410221989088259,5.89509076542765,0.8421558236325214,2.9889877877621527,0.5977975575524306,6.644729052435758,0.9492470074908226,11.855067744428645,-15.229347520797885,-16.216373047597425,0,Si: HSP unreliable
CC(C)(C)[Si](C)(C)OC[C@H]1OC=C[C@@H](O[Si](C)(C)C(C)(C)C)[C@H]1O,CC(C)(C)[Si](C)(C)OC[C@H]1OC=C[C@@H](O[Si](C)(C)C(C)(C)C)[C@H]1OC(=O)[C@@H]1[C@H](C(=O)O[C@@H]2[C@H](O[Si](C)(C)C(C)(C)C)C=CO[C@@H]2CO[Si](C)(C)C(C)(C)C)[C@@H]2C=C[C@@H]1C2,ester,Combi-Blocks,monoalcohol,374.67,False,,0,15.6856,7.2254,8.742,0,True,4,True,0,0,0,True,,15.228330549998324,3.4439704104476987,2.65535810466628,955.3591734803846,0.0,6.5806135038199685,3.3330677495301337,0.0,16.0,,gc_formula_si,"Si monomer: HSP NOT reliable (Si groups fitted on 51 HSPiP Si compounds, only 7 measured, all much smaller than the monomers)",0.0,15.228330549998324,15.228330549998324,3.4439704104476987,3.4439704104476987,2.65535810466628,2.65535810466628,4,Si,Combi-Blocks,https://www.combi-blocks.com/cgi-bin/find.cgi?QK-4906,41.58902171515001,2.336461894109551,5.895242619224654,0.8421775170320934,4.848273970427391,0.9696547940854782,6.669458773564427,0.9527798247949182,9.129002034884344,-14.439718244216904,-16.016942855779742,0,Si: HSP unreliable
CCCCC(CC)(CO)CO[Si](C)(C)C(C)(C)C,CCCCC(CC)(COC(=O)[C@@H]1[C@H](C(=O)OCC(CC)(CCCC)CO[Si](C)(C)C(C)(C)C)[C@@H]2C=C[C@@H]1C2)CO[Si](C)(C)C(C)(C)C,ester,Combi-Blocks,monoalcohol,274.521,False,,0,14.2382,-5.053,6.6822,0,True,2,True,0,0,0,True,,15.49966331505532,2.642066589736325,2.506474496684279,754.3908132825186,11.24731074118216,2.857419440168135,1.617890569265758,0.0,8.0,,gc_formula_si,"Si monomer: HSP NOT reliable (Si groups fitted on 51 HSPiP Si compounds, only 7 measured, all much smaller than the monomers)",0.0,15.49966331505532,15.49966331505532,2.642066589736325,2.642066589736325,2.506474496684279,2.506474496684279,2,Si,Combi-Blocks,https://www.combi-blocks.com/cgi-bin/find.cgi?HE-2818,41.97569603269854,2.3581851703763226,5.631144365053019,0.8044491950075742,3.9780756031280506,0.7956151206256101,6.679475202274191,0.9542107431820274,10.351122228634717,-15.364071222003274,-15.635255408107367,0,Si: HSP unreliable
CC(O)CO[Si](C)(C)C(C)(C)C,CC(CO[Si](C)(C)C(C)(C)C)OC(=O)[C@@H]1[C@H](C(=O)OC(C)CO[Si](C)(C)C(C)(C)C)[C@@H]2C=C[C@@H]1C2,ester,Ambeed,monoalcohol,190.359,False,,0,12.9008,3.4734,7.013,0,True,2,True,0,0,0,True,,15.174158662743494,3.262311077982269,3.1784533538239077,571.5072461589399,11.604764692160332,3.429829580447947,2.281427490041315,0.0,8.0,,gc_formula_si,"Si monomer: HSP NOT reliable (Si groups fitted on 51 HSPiP Si compounds, only 7 measured, all much smaller than the monomers)",0.0,15.174158662743494,15.174158662743494,3.262311077982269,3.262311077982269,3.1784533538239077,3.1784533538239077,2,Si,Ambeed,https://www.ambeed.com/products/116286-81-8.html,41.14813265959083,2.3116928460444286,5.777230902899395,0.8253187004141992,5.080877302067268,1.0161754604134536,6.725405835016575,0.960772262145225,8.733394230937318,-15.090300938585134,-15.258016386901854,0,Si: HSP unreliable
CC1(C)C2CC=C(O[Si](C)(C)C(C)(C)C)C1C[C@@H]1[C@](O)(O[Si](C)(C)C(C)(C)C)[C@@H]([Si](C)(C)C)CC[C@@]1(C)C(=O)C2,CC1(C)C2CC=C(O[Si](C)(C)C(C)(C)C)C1C[C@@H]1[C@](OC(=O)[C@@H]3[C@H](C(=O)O[C@]4(O[Si](C)(C)C(C)(C)C)[C@H]5CC6C(O[Si](C)(C)C(C)(C)C)=CCC(CC(=O)[C@]5(C)CC[C@@H]4[Si](C)(C)C)C6(C)C)[C@@H]4C=C[C@@H]3C4)(O[Si](C)(C)C(C)(C)C)[C@@H]([Si](C)(C)C)CC[C@@]1(C)C(=O)C2,ester,Sigma-Aldrich,monoalcohol,609.129,False,,0,12.7981,-16.1798,13.1116,0,True,6,True,0,0,4,True,,15.526243947507492,3.111157611540249,1.915630094666684,1495.9853073373854,0.0,2.1542227864297736,0.0,0.0,24.0,,gc_formula_si,"Si monomer: HSP NOT reliable (Si groups fitted on 51 HSPiP Si compounds, only 7 measured, all much smaller than the monomers)",0.0,15.526243947507492,15.526243947507492,3.111157611540249,3.111157611540249,1.915630094666684,1.915630094666684,6,Si,Sigma-Aldrich,https://www.sigmaaldrich.com/catalog/product/aldrich/t250880,42.39130035448867,2.3815337277802624,5.8437869808092175,0.834826711544174,3.967837453640544,0.7935674907281088,6.730494762402572,0.9614992517717961,10.499456241300559,-14.330716430633927,-16.721771464381057,0,Si: HSP unreliable
CC(O)CCO[Si](C)(C)C(C)(C)C,CC(CCO[Si](C)(C)C(C)(C)C)OC(=O)[C@@H]1[C@H](C(=O)OC(C)CCO[Si](C)(C)C(C)(C)C)[C@@H]2C=C[C@@H]1C2,ester,Ambeed,monoalcohol,204.386,False,,0,12.9401,-2.815,6.7808,0,True,2,True,0,0,0,True,,15.245877371107344,3.1600999042468305,3.086447458980296,604.997007961316,11.58127149342199,3.3270771971857576,2.1993013148125264,0.0,8.0,,gc_formula_si,"Si monomer: HSP NOT reliable (Si groups fitted on 51 HSPiP Si compounds, only 7 measured, all much smaller than the monomers)",0.0,15.245877371107344,15.245877371107344,3.1600999042468305,3.1600999042468305,3.086447458980296,3.086447458980296,2,Si,Ambeed,https://www.ambeed.com/products/104925-50-0.html,41.26528868914279,2.31827464545746,5.697969606240837,0.8139956580344052,4.894597776001723,0.9789195552003447,6.7407978516443094,0.9629711216634728,8.999330007880218,-15.172224925840808,-15.31952981637388,0,Si: HSP unreliable
CC(C)(C)[Si](C)(C)OC[C@H]1OC(C(O)c2ccccc2)=C[C@@H](O[Si](C)(C)C(C)(C)C)[C@@H]1O[Si](C)(C)C(C)(C)C,CC(C)(C)[Si](C)(C)OC[C@H]1OC(C(OC(=O)[C@@H]2[C@H](C(=O)OC(C3=C[C@@H](O[Si](C)(C)C(C)(C)C)[C@H](O[Si](C)(C)C(C)(C)C)[C@@H](CO[Si](C)(C)C(C)(C)C)O3)c3ccccc3)[C@@H]3C=C[C@@H]2C3)c2ccccc2)=C[C@@H](O[Si](C)(C)C(C)(C)C)[C@@H]1O[Si](C)(C)C(C)(C)C,ester,Sigma-Aldrich,monoalcohol,595.058,False,,0,17.8143,-14.3642,10.8984,0,True,6,True,0,0,0,True,,15.585488609904926,2.9442040490137447,1.9569807400824308,1424.9503852050295,0.0,5.609303104264957,2.2625876454655014,0.0,24.0,,gc_formula_si,"Si monomer: HSP NOT reliable (Si groups fitted on 51 HSPiP Si compounds, only 7 measured, all much smaller than the monomers)",0.0,15.585488609904926,15.585488609904926,2.9442040490137447,2.9442040490137447,1.9569807400824308,1.9569807400824308,6,Si,Sigma-Aldrich,https://www.sigmaaldrich.com/catalog/product/aldrich/t233242,42.4033282199589,2.382209450559489,5.751762700556398,0.8216803857937711,3.813163674114303,0.7626327348228605,6.7677388521460236,0.9668198360208605,10.68430382080875,-14.598265300973612,-16.572711918836237,0,Si: HSP unreliable
CCC(O)CCCO[Si](C)(C)C(C)(C)C,CCC(CCCO[Si](C)(C)C(C)(C)C)OC(=O)[C@@H]1[C@H](C(=O)OC(CC)CCCO[Si](C)(C)C(C)(C)C)[C@@H]2C=C[C@@H]1C2,ester,Combi-Blocks,monoalcohol,232.44,False,,0,13.0183,-3.3594,6.3164,0,True,2,True,0,0,0,True,,15.367100151822912,2.97819416155952,2.923303495465786,671.9765315660679,11.534080428611585,3.12157243066138,2.0350489643549485,0.0,8.0,,gc_formula_si,"Si monomer: HSP NOT reliable (Si groups fitted on 51 HSPiP Si compounds, only 7 measured, all much smaller than the monomers)",0.0,15.367100151822912,15.367100151822912,2.97819416155952,2.97819416155952,2.923303495465786,2.923303495465786,2,Si,Combi-Blocks,https://www.combi-blocks.com/cgi-bin/find.cgi?HD-3368,41.4748394135869,2.3300471580666797,5.582570874185315,0.7975101248836164,4.571274690659601,0.9142549381319203,6.7726683567088175,0.9675240509584025,9.465602494797606,-15.312209485729179,-15.421990817916646,0,Si: HSP unreliable
C=CC(O)[Si](C)(C)C(C)(C)C,C=CC(OC(=O)[C@@H]1[C@H](C(=O)OC(C=C)[Si](C)(C)C(C)(C)C)[C@@H]2C=C[C@@H]1C2)[Si](C)(C)C(C)(C)C,ester,Ambeed,monoalcohol,172.344,False,,0,14.926,5.1358,7.0994,4,True,2,True,0,2,0,True,,15.233084347262016,2.8652781736787776,3.465736896777947,551.4607322277117,12.064744379645154,2.530003499179419,3.649941790914905,0.0,10.0,,gc_formula_si,"Si monomer: HSP NOT reliable (Si groups fitted on 51 HSPiP Si compounds, only 7 measured, all much smaller than the monomers)",0.0,15.233084347262016,15.233084347262016,2.8652781736787776,2.8652781736787776,3.465736896777947,3.465736896777947,2,Si,Ambeed,https://www.ambeed.com/products/105875-75-0.html,40.99885222890781,2.3033063049948206,5.618282611624413,0.8026118016606304,4.9773875969706545,0.9954775193941309,6.774010369908167,0.9677157671297382,8.902069276805292,-15.833543070361184,-14.632625624162845,0,Si: HSP unreliable
C=C[C@@H](C)[C@@H](O)CO[Si](C)(C)C(C)(C)C,C=C[C@@H](C)[C@H](CO[Si](C)(C)C(C)(C)C)OC(=O)[C@@H]1[C@H](C(=O)O[C@@H](CO[Si](C)(C)C(C)(C)C)[C@H](C)C=C)[C@@H]2C=C[C@@H]1C2,ester,Sigma-Aldrich,monoalcohol,230.424,False,,0,14.4459,4.6836,7.9746,4,True,2,True,0,2,0,True,,15.285279069021994,3.078991904869288,3.1179346340347345,668.786676382423,10.688360828370884,3.470959308715757,3.0601057622601058,0.0,12.0,,gc_formula_si,"Si monomer: HSP NOT reliable (Si groups fitted on 51 HSPiP Si compounds, only 7 measured, all much smaller than the monomers)",0.0,15.285279069021994,15.285279069021994,3.078991904869288,3.078991904869288,3.1179346340347345,3.1179346340347345,2,Si,Sigma-Aldrich,https://www.sigmaaldrich.com/catalog/product/aldrich/t269603,41.259800252182615,2.317966306302394,5.625262228802934,0.8036088898289906,4.829113977058671,0.9658227954117342,6.777638157297633,0.9682340224710905,9.088352530117971,-15.324221798187441,-15.24633633985655,0,Si: HSP unreliable
C[C@@H]1OC(C2(O)CCC2)=C[C@H](O[Si](C)(C)C(C)(C)C)[C@H]1O[Si](C)(C)C(C)(C)C,C[C@@H]1OC(C2(OC(=O)[C@@H]3[C@H](C(=O)OC4(C5=C[C@H](O[Si](C)(C)C(C)(C)C)[C@@H](O[Si](C)(C)C(C)(C)C)[C@H](C)O5)CCC4)[C@@H]4C=C[C@@H]3C4)CCC2)=C[C@H](O[Si](C)(C)C(C)(C)C)[C@H]1O[Si](C)(C)C(C)(C)C,ester,Sigma-Aldrich,monoalcohol,428.762,False,,0,15.9182,-7.9142,6.8048,0,True,4,True,0,0,0,True,,15.471548592385211,3.178214345814042,2.2919875076726304,1079.532413016084,1.260922863085595,5.385042701606383,2.5011472565704844,0.0,16.0,,gc_formula_si,"Si monomer: HSP NOT reliable (Si groups fitted on 51 HSPiP Si compounds, only 7 measured, all much smaller than the monomers)",0.0,15.471548592385211,15.471548592385211,3.178214345814042,3.178214345814042,2.2919875076726304,2.2919875076726304,4,Si,Sigma-Aldrich,https://www.sigmaaldrich.com/catalog/product/aldrich/t258180,42.01240874882673,2.3602476825183554,5.700794901766796,0.8143992716809708,4.254360128430746,0.8508720256861493,6.788238325447581,0.9697483322067972,10.001346738898539,-14.5853217542438,-16.357775430526623,0,Si: HSP unreliable
C[C@@H](CO)CO[Si](C)(C)C(C)(C)C,C[C@@H](COC(=O)[C@@H]1[C@H](C(=O)OC[C@H](C)CO[Si](C)(C)C(C)(C)C)[C@@H]2C=C[C@@H]1C2)CO[Si](C)(C)C(C)(C)C,ester,Sigma-Aldrich,monoalcohol,204.386,False,,0,14.5446,4.6836,7.2902,0,True,2,True,0,0,0,True,,15.321083879408272,3.129700084814105,2.9872834173525344,587.1879152822594,11.935944189261786,3.3216867981101905,2.162046657399576,0.0,8.0,,gc_formula_si,"Si monomer: HSP NOT reliable (Si groups fitted on 51 HSPiP Si compounds, only 7 measured, all much smaller than the monomers)",0.0,15.321083879408272,15.321083879408272,3.129700084814105,3.129700084814105,2.9872834173525344,2.9872834173525344,2,Si,Sigma-Aldrich,https://www.sigmaaldrich.com/catalog/product/aldrich/t235598,41.36740684315647,2.324011620402049,5.611346283715267,0.8016208976736096,4.748893757612639,0.9497787515225278,6.796999900548075,0.9709999857925821,9.204100377241632,-15.178667211946701,-15.463500546869843,0,Si: HSP unreliable
CC(O)CCCCCCCO[Si](C)(C)C(C)(C)C,CC(CCCCCCCO[Si](C)(C)C(C)(C)C)OC(=O)[C@@H]1[C@H](C(=O)OC(C)CCCCCCCO[Si](C)(C)C(C)(C)C)[C@@H]2C=C[C@@H]1C2,ester,Ambeed,monoalcohol,274.521,False,,0,13.1342,-4.176,5.6198,0,True,2,True,0,0,0,True,,15.508306295106063,2.749151069462547,2.719160175754454,772.4458169731961,11.462774030458474,2.8133152808748125,1.7886704386685828,0.0,8.0,,gc_formula_si,"Si monomer: HSP NOT reliable (Si groups fitted on 51 HSPiP Si compounds, only 7 measured, all much smaller than the monomers)",0.0,15.508306295106063,15.508306295106063,2.749151069462547,2.749151069462547,2.719160175754454,2.719160175754454,2,Si,Ambeed,https://www.ambeed.com/products/202405-16-1.html,41.74000664291587,2.34494419342224,5.4831527005210425,0.7833075286458632,4.17837041842999,0.835674083685998,6.818944247657804,0.9741348925225434,10.039995049889061,-15.47831540139797,-15.538297188814155,0,Si: HSP unreliable
C[C@H](CO)O[Si](C)(C)C(C)(C)C,C[C@H](COC(=O)[C@@H]1[C@H](C(=O)OC[C@@H](C)O[Si](C)(C)C(C)(C)C)[C@@H]2C=C[C@@H]1C2)O[Si](C)(C)C(C)(C)C,ester,Ambeed,monoalcohol,190.359,False,,0,14.8169,5.0472,6.1996,0,True,2,True,0,0,0,True,,15.360080116966468,3.280237276898613,2.773498572033443,563.8050864900213,12.04063106177566,3.166809022292938,1.6879910436973615,0.0,8.0,,gc_formula_si,"Si monomer: HSP NOT reliable (Si groups fitted on 51 HSPiP Si compounds, only 7 measured, all much smaller than the monomers)",0.0,15.360080116966468,15.360080116966468,3.280237276898613,3.280237276898613,2.773498572033443,2.773498572033443,2,Si,Ambeed,https://www.ambeed.com/products/265309-82-8.html,41.52366781922948,2.3327903269230044,5.624122332607923,0.8034460475154176,4.688928285644157,0.9377856571288314,6.837861934592432,0.9768374192274903,9.306344268034412,-14.853341412101297,-15.86681882183164,0,Si: HSP unreliable
CC1(C)OC(COCc2ccccc2)C(C(O)(CO[Si](C)(C)C(C)(C)C)/C(=C/CO[Si](C)(C)C(C)(C)C)CO[Si](C)(C)C(C)(C)C)O1,CC1(C)OC(COCc2ccccc2)C(C(CO[Si](C)(C)C(C)(C)C)(OC(=O)[C@@H]2[C@H](C(=O)OC(CO[Si](C)(C)C(C)(C)C)(/C(=C/CO[Si](C)(C)C(C)(C)C)CO[Si](C)(C)C(C)(C)C)C3OC(C)(C)OC3COCc3ccccc3)[C@@H]3C=C[C@@H]2C3)/C(=C/CO[Si](C)(C)C(C)(C)C)CO[Si](C)(C)C(C)(C)C)O1,ester,Sigma-Aldrich,monoalcohol,711.218,False,,0,14.642,-18.9426,12.4426,0,True,6,True,0,2,0,True,,15.538432577451772,3.079062723520537,2.2692738143864486,1662.663314856817,0.0,7.632457808756715,6.359789686180656,0.0,24.0,,gc_formula_si,"Si monomer: HSP NOT reliable (Si groups fitted on 51 HSPiP Si compounds, only 7 measured, all much smaller than the monomers)",0.0,15.538432577451772,15.538432577451772,3.079062723520537,3.079062723520537,2.2692738143864486,2.2692738143864486,6,Si,Sigma-Aldrich,https://www.sigmaaldrich.com/catalog/product/aldrich/t259616,42.06442163280414,2.363169754651918,5.618743500574515,0.8026776429392165,4.1170584956229055,0.8234116991245811,6.84521941846949,0.9778884883527843,10.190096039544787,-14.728643668317684,-16.34822148658586,0,Si: HSP unreliable
CCCCCC(CO)CO[Si](C)(C)C(C)(C)C,CCCCCC(COC(=O)[C@@H]1[C@H](C(=O)OCC(CCCCC)CO[Si](C)(C)C(C)(C)C)[C@@H]2C=C[C@@H]1C2)CO[Si](C)(C)C(C)(C)C,ester,Combi-Blocks,monoalcohol,260.494,False,,0,14.6766,-2.3362,6.3614,0,True,2,True,0,0,0,True,,15.531403878422925,2.7838149811994564,2.6848717685594616,721.1469624917635,11.845302118868284,2.9106772650614343,1.8335419564844213,0.0,8.0,,gc_formula_si,"Si monomer: HSP NOT reliable (Si groups fitted on 51 HSPiP Si compounds, only 7 measured, all much smaller than the monomers)",0.0,15.531403878422925,15.531403878422925,2.7838149811994564,2.7838149811994564,2.6848717685594616,2.6848717685594616,2,Si,Combi-Blocks,https://www.combi-blocks.com/cgi-bin/find.cgi?HE-9621,41.761583735042485,2.346156389609128,5.454991238030224,0.7792844625757462,4.1618652375553244,0.8323730475110649,6.857518060796608,0.9796454372566583,10.062717128664007,-15.43246066578293,-15.63034709106292,0,Si: HSP unreliable
C=C(C)C(=O)OCC(O)COCCC[Si](C)(O[Si](C)(C)C)O[Si](C)(C)C,C=C(C)C(=O)OCC(COCCC[Si](C)(O[Si](C)(C)C)O[Si](C)(C)C)OC(=O)[C@@H]1[C@H](C(=O)OC(COCCC[Si](C)(O[Si](C)(C)C)O[Si](C)(C)C)COC(=O)C(=C)C)[C@@H]2C=C[C@@H]1C2,ester,Ambeed,monoalcohol,422.743,False,,0,12.9168,21.6994,8.3566,0,True,6,True,0,0,0,True,,14.776336629213295,3.6158787782746495,4.09418527550698,1020.1503116674044,9.83668530348484,8.68570707142662,7.976732633768215,0.0,24.0,,gc_formula_si,"Si monomer: HSP NOT reliable (Si groups fitted on 51 HSPiP Si compounds, only 7 measured, all much smaller than the monomers)",0.0,14.776336629213295,14.776336629213295,3.6158787782746495,3.6158787782746495,4.09418527550698,4.09418527550698,6,Si,Ambeed,https://www.ambeed.com/products/69861-02-5.html,40.188872737283255,2.2578018391732164,6.215078489253774,0.887868355607682,6.254848733523742,1.2509697467047485,6.861605322415919,0.9802293317737026,7.0662725754316655,-15.254643126445629,-14.298030131980966,0,Si: HSP unreliable
CC[C@@H](CCCO)O[Si](C)(C)C(C)(C)C,CC[C@@H](CCCOC(=O)[C@@H]1[C@H](C(=O)OCCC[C@H](CC)O[Si](C)(C)C(C)(C)C)[C@@H]2C=C[C@@H]1C2)O[Si](C)(C)C(C)(C)C,ester,Sigma-Aldrich,monoalcohol,232.44,False,,0,14.9135,3.1626,5.503,0,True,2,True,0,0,0,True,,15.525283862805876,2.991425541981,2.545962660634653,664.2743718971494,11.973586452689034,2.8585518725063706,1.4416125180109955,0.0,8.0,,gc_formula_si,"Si monomer: HSP NOT reliable (Si groups fitted on 51 HSPiP Si compounds, only 7 measured, all much smaller than the monomers)",0.0,15.525283862805876,15.525283862805876,2.991425541981,2.991425541981,2.545962660634653,2.545962660634653,2,Si,Sigma-Aldrich,https://www.sigmaaldrich.com/catalog/product/aldrich/t263192,41.828328335045285,2.349906086238499,5.4999252874356985,0.7857036124908141,4.222711571428736,0.8445423142857471,6.881821580387521,0.9831173686267887,9.987895660190222,-15.079820981459529,-15.970746744152223,0,Si: HSP unreliable
C=C1/C(=C\C=C2/CCC[C@]3(C)[C@@H]([C@H](C)CCCC(C)(C)O)CC[C@@H]23)C[C@@H](O[Si](C)(C)C(C)(C)C)C[C@@H]1O[Si](C)(C)C(C)(C)C,C=C1/C(=C\C=C2/CCC[C@]3(C)[C@@H]([C@H](C)CCCC(C)(C)OC(=O)[C@@H]4[C@H](C(=O)OC(C)(C)CCC[C@@H](C)[C@H]5CC[C@H]6/C(=C/C=C7/C[C@@H](O[Si](C)(C)C(C)(C)C)C[C@H](O[Si](C)(C)C(C)(C)C)C7=C)CCC[C@]56C)[C@@H]5C=C[C@@H]4C5)CC[C@@H]23)C[C@@H](O[Si](C)(C)C(C)(C)C)C[C@@H]1O[Si](C)(C)C(C)(C)C,ester,Combi-Blocks,monoalcohol,645.174,False,,0,10.8696,-11.1536,10.8016,0,True,4,True,0,4,4,True,,15.955357612256192,1.934593768798782,1.1376049597365656,1585.644554657168,7.783262619585162,0.0,0.0,0.0,16.0,,gc_formula_si,"Si monomer: HSP NOT reliable (Si groups fitted on 51 HSPiP Si compounds, only 7 measured, all much smaller than the monomers)",0.0,15.955357612256192,15.955357612256192,1.934593768798782,1.934593768798782,1.1376049597365656,1.1376049597365656,4,Si,Combi-Blocks,https://www.combi-blocks.com/cgi-bin/find.cgi?JQ-9365,43.508709704145176,2.44430953394074,6.041865133847685,0.8631235905496694,2.3477460672762978,0.4695492134552596,6.886669066347653,0.9838098666210933,12.883158883720844,-15.158368803193975,-16.752346421318407,0,Si: HSP unreliable
C[C@@H]1OC(C2(O)CCCC2)=C[C@H](O[Si](C)(C)C(C)(C)C)[C@@H]1O[Si](C)(C)C(C)(C)C,C[C@@H]1OC(C2(OC(=O)[C@@H]3[C@H](C(=O)OC4(C5=C[C@H](O[Si](C)(C)C(C)(C)C)[C@H](O[Si](C)(C)C(C)(C)C)[C@H](C)O5)CCCC4)[C@@H]4C=C[C@@H]3C4)CCCC2)=C[C@H](O[Si](C)(C)C(C)(C)C)[C@@H]1O[Si](C)(C)C(C)(C)C,ester,Sigma-Aldrich,monoalcohol,442.789,False,,0,14.5497,-10.1178,6.9614,0,True,4,True,0,0,0,True,,15.534884896564304,3.203703555348926,2.378957421805658,1119.3000391933454,4.747075348302646,5.28789736242076,2.206431784099933,0.0,16.0,,gc_formula_si,"Si monomer: HSP NOT reliable (Si groups fitted on 51 HSPiP Si compounds, only 7 measured, all much smaller than the monomers)",0.0,15.534884896564304,15.534884896564304,3.203703555348926,3.203703555348926,2.378957421805658,2.378957421805658,4,Si,Sigma-Aldrich,https://www.sigmaaldrich.com/catalog/product/aldrich/t258407,41.92182857478223,2.355158908695631,5.545152950188637,0.7921647071698052,4.273728977291523,0.8547457954583045,6.933213136230069,0.9904590194614384,9.95222391940972,-14.710138763021035,-16.359631030107572,0,Si: HSP unreliable
CCCCCC(C)(O)[Si](C)(C)C,CCCCCC(C)(OC(=O)[C@@H]1[C@H](C(=O)OC(C)(CCCCC)[Si](C)(C)C)[C@@H]2C=C[C@@H]1C2)[Si](C)(C)C,ester,Sigma-Aldrich,monoalcohol,188.387,False,,0,11.3597,-2.2102,5.4862,0,True,2,True,0,0,0,True,,15.35334552305205,2.8848933861967643,3.419582149749374,616.3716652321871,12.39823342027453,2.945791810030165,2.1260994368849064,0.0,8.0,,gc_formula_si,"Si monomer: HSP NOT reliable (Si groups fitted on 51 HSPiP Si compounds, only 7 measured, all much smaller than the monomers)",0.0,15.35334552305205,15.35334552305205,2.8848933861967643,2.8848933861967643,3.419582149749374,3.419582149749374,2,Si,Sigma-Aldrich,https://www.sigmaaldrich.com/catalog/product/aldrich/t212520,41.03387556451313,2.305273908118715,5.413229386171095,0.7733184837387279,4.858062445410595,0.971612489082119,6.940974123810564,0.9915677319729378,9.048869987105913,-15.888034286604658,-14.81865675949944,0,Si: HSP unreliable
CCCC(C(O)CC)[Si](C)(C)C,CCCC(C(CC)OC(=O)[C@@H]1[C@H](C(=O)OC(CC)C(CCC)[Si](C)(C)C)[C@@H]2C=C[C@@H]1C2)[Si](C)(C)C,ester,Sigma-Aldrich,monoalcohol,188.387,False,,0,13.2383,-0.6426,5.9956,0,True,2,True,0,0,0,True,,15.429783184038254,2.8435078268424565,3.341732840355238,598.5625725531304,12.721143246215634,2.940401410954598,2.088844779471956,0.0,8.0,,gc_formula_si,"Si monomer: HSP NOT reliable (Si groups fitted on 51 HSPiP Si compounds, only 7 measured, all much smaller than the monomers)",0.0,15.429783184038254,15.429783184038254,2.8435078268424565,2.8435078268424565,3.341732840355238,3.341732840355238,2,Si,Sigma-Aldrich,https://www.sigmaaldrich.com/catalog/product/aldrich/t202916,41.12006308348258,2.310115903566437,5.314696968126742,0.759242424018106,4.72036273656521,0.944072547313042,7.004254426065284,1.0006077751521834,9.244542516840559,-15.928008197551035,-14.931558170525474,0,Si: HSP unreliable
C[Si](C)(C)NCCCCO[Si](C)(C)C,C[Si](C)(C)OCCCCN(C(=O)[C@@H]1[C@H](C(=O)N(CCCCO[Si](C)(C)C)[Si](C)(C)C)[C@@H]2C=C[C@@H]1C2)[Si](C)(C)C,amide,Sigma-Aldrich,monoamine,233.504,False,,0,15.1614,3.2078,5.4618,0,True,4,True,0,0,0,True,,14.976400715908566,4.532491077440515,2.799707586307348,675.9381027959106,10.6965763688117,4.871075195347634,4.501058980810609,0.0,20.0,,gc_formula_si,"Si monomer: HSP NOT reliable (Si groups fitted on 51 HSPiP Si compounds, only 7 measured, all much smaller than the monomers)",0.0,14.976400715908566,14.976400715908566,4.532491077440515,4.532491077440515,2.799707586307348,2.799707586307348,4,Si,Sigma-Aldrich,https://www.sigmaaldrich.com/catalog/product/aldrich/s875872,41.144543824150134,2.3114912260758502,6.291460541954833,0.898780077422119,5.948907311035719,1.1897814622071439,7.007841237746538,1.001120176820934,7.644202052160703,-13.243617224775399,-16.70918420704173,0,Si: HSP unreliable
CC(C)(C)[Si](C)(C)OCCO,CC(C)(C)[Si](C)(C)OCCOC(=O)[C@@H]1[C@H](C(=O)OCCO[Si](C)(C)C(C)(C)C)[C@@H]2C=C[C@@H]1C2,ester,Ambeed,monoalcohol,176.332,False,,0,15.2513,6.7622,6.415,0,True,2,True,0,0,0,True,,15.321094986452575,3.38100045999114,3.254804130587988,513.9926783297576,12.728008244060504,3.821061469892753,2.6784956468594983,0.0,8.0,,gc_formula_si,"Si monomer: HSP NOT reliable (Si groups fitted on 51 HSPiP Si compounds, only 7 measured, all much smaller than the monomers)",0.0,15.321094986452575,15.321094986452575,3.38100045999114,3.38100045999114,3.254804130587988,3.254804130587988,2,Si,Ambeed,https://www.ambeed.com/products/102229-10-7.html,41.03528357264005,2.305353009698879,5.467188059625937,0.7810268656608482,5.085069728248185,1.017013945649637,7.036012347273151,1.0051446210390216,8.685290395873448,-15.194898657049423,-15.447291315855725,0,Si: HSP unreliable
CC(C)(C)[Si](C)(C)OCCCO,CC(C)(C)[Si](C)(C)OCCCOC(=O)[C@@H]1[C@H](C(=O)OCCCO[Si](C)(C)C(C)(C)C)[C@@H]2C=C[C@@H]1C2,ester,Sigma-Aldrich,monoalcohol,190.359,False,,0,15.2823,6.134,6.1828,0,True,2,True,0,0,0,True,,15.390670327031636,3.264587035242195,3.1506734030096424,547.4824401321335,12.707416484001842,3.718309086630564,2.5963694716307097,0.0,8.0,,gc_formula_si,"Si monomer: HSP NOT reliable (Si groups fitted on 51 HSPiP Si compounds, only 7 measured, all much smaller than the monomers)",0.0,15.390670327031636,15.390670327031636,3.264587035242195,3.264587035242195,3.1506734030096424,3.1506734030096424,2,Si,Sigma-Aldrich,https://www.sigmaaldrich.com/catalog/product/aldrich/555886?utm_source=pubchem&utm_campaign=pubchem_2017&utm_medium=referral,41.16926436421112,2.3128800204612987,5.398385220349877,0.771197888621411,4.887923201081089,0.9775846402162178,7.038685860171479,1.0055265514530685,8.975409888779797,-15.276756694799081,-15.504583959264187,0,Si: HSP unreliable
CC(C)(C)[Si](C)(C)OCCCCO,CC(C)(C)[Si](C)(C)OCCCCOC(=O)[C@@H]1[C@H](C(=O)OCCCCO[Si](C)(C)C(C)(C)C)[C@@H]2C=C[C@@H]1C2,ester,Sigma-Aldrich,monoalcohol,204.386,False,,0,15.3132,5.5058,5.9506,0,True,2,True,0,0,0,True,,15.451963237887863,3.158019053944546,3.055590650467777,580.9722019345096,12.686777109551054,3.615556703368375,2.514243296401921,0.0,8.0,,gc_formula_si,"Si monomer: HSP NOT reliable (Si groups fitted on 51 HSPiP Si compounds, only 7 measured, all much smaller than the monomers)",0.0,15.451963237887863,15.451963237887863,3.158019053944546,3.158019053944546,3.055590650467777,3.055590650467777,2,Si,Sigma-Aldrich,https://www.sigmaaldrich.com/catalog/product/aldrich/568589?utm_source=pubchem&utm_campaign=pubchem_2017&utm_medium=referral,41.29224345969301,2.3197889584097195,5.345912395214692,0.763701770744956,4.710242453194682,0.9420484906389364,7.042934418198705,1.0061334883141007,9.23835353347554,-15.349534834411095,-15.554391641364631,0,Si: HSP unreliable
CC(C)[Si](O[C@H]1C=C(C2(O)CCC2)OC[C@H]1O[Si](C(C)C)(C(C)C)C(C)C)(C(C)C)C(C)C,CC(C)[Si](O[C@H]1C=C(C2(OC(=O)[C@@H]3[C@H](C(=O)OC4(C5=C[C@H](O[Si](C(C)C)(C(C)C)C(C)C)[C@H](O[Si](C(C)C)(C(C)C)C(C)C)CO5)CCC4)[C@@H]4C=C[C@@H]3C4)CCC2)OC[C@H]1O[Si](C(C)C)(C(C)C)C(C)C)(C(C)C)C(C)C,ester,Sigma-Aldrich,monoalcohol,498.897,False,,0,15.8226,0.5482,9.8794,0,True,4,True,0,0,0,True,,15.607824647326282,2.948178664546228,2.668706491556659,1248.4126817356607,8.016970510237613,4.054224185356008,3.106381235005522,0.0,8.0,,gc_formula_si,"Si monomer: HSP NOT reliable (Si groups fitted on 51 HSPiP Si compounds, only 7 measured, all much smaller than the monomers)",0.0,15.607824647326282,15.607824647326282,2.948178664546228,2.948178664546228,2.668706491556659,2.668706491556659,4,Si,Sigma-Aldrich,https://www.sigmaaldrich.com/catalog/product/aldrich/t258156,41.72572312067549,2.3441417483525555,5.305159553968097,0.7578799362811567,4.21072186822618,0.8421443736452361,7.045248646751591,1.0064640923930843,9.990939491223395,-15.328352474336713,-15.88729682031585,0,Si: HSP unreliable
CC(C)(C)[Si](C)(C)OCCCCCO,CC(C)(C)[Si](C)(C)OCCCCCOC(=O)[C@@H]1[C@H](C(=O)OCCCCCO[Si](C)(C)C(C)(C)C)[C@@H]2C=C[C@@H]1C2,ester,Sigma-Aldrich,monoalcohol,218.413,False,,0,15.344,4.8776,5.7184,0,True,2,True,0,0,0,True,,15.506370805293775,3.0599425033938386,2.96830767322055,614.4619637368857,12.66608982199851,3.5128043201061856,2.4321171211731323,0.0,8.0,,gc_formula_si,"Si monomer: HSP NOT reliable (Si groups fitted on 51 HSPiP Si compounds, only 7 measured, all much smaller than the monomers)",0.0,15.506370805293775,15.506370805293775,3.0599425033938386,3.0599425033938386,2.96830767322055,2.96830767322055,2,Si,Sigma-Aldrich,https://www.sigmaaldrich.com/catalog/product/aldrich/435732?utm_source=pubchem&utm_campaign=pubchem_2017&utm_medium=referral,41.40564299286457,2.3261597187002567,5.306420843309836,0.7580601204728338,4.549009536342648,0.9098019072685297,7.048188913061078,1.0068841304372969,9.478120628679386,-15.414735975120486,-15.598005635467064,0,Si: HSP unreliable
COCO[C@H]1CC[C@@]2(C)[C@H]3OC(C)(C)O[C@@H]3C3CC=C(O[Si](C)(C)C(C)(C)C)C(C[C@@H]2[C@]1(O)O[Si](C)(C)C(C)(C)C)C3(C)C,COCO[C@H]1CC[C@@]2(C)[C@H]3OC(C)(C)O[C@@H]3C3CC=C(O[Si](C)(C)C(C)(C)C)C(C[C@@H]2[C@]1(OC(=O)[C@@H]1[C@H](C(=O)O[C@@]2(O[Si](C)(C)C(C)(C)C)[C@@H](OCOC)CC[C@@]4(C)[C@H]5OC(C)(C)O[C@@H]5C5CC=C(O[Si](C)(C)C(C)(C)C)C(C[C@@H]42)C5(C)C)[C@@H]2C=C[C@@H]1C2)O[Si](C)(C)C(C)(C)C)C3(C)C,ester,Sigma-Aldrich,monoalcohol,655.078,False,,0,19.9754,5.491,10.8868,0,True,4,True,0,0,4,True,,15.794117786342062,2.569607644884192,2.2029408880264896,1498.8903304447124,5.820826166573715,3.605184819153704,2.9059434273540283,0.0,16.0,,gc_formula_si,"Si monomer: HSP NOT reliable (Si groups fitted on 51 HSPiP Si compounds, only 7 measured, all much smaller than the monomers)",0.0,15.794117786342062,15.794117786342062,2.569607644884192,2.569607644884192,2.2029408880264896,2.2029408880264896,4,Si,Sigma-Aldrich,https://www.sigmaaldrich.com/catalog/product/aldrich/t250937,42.290608996920604,2.3758769099393597,5.360484719377086,0.7657835313395838,3.5326334739352805,0.7065266947870561,7.05337447664729,1.007624925235327,11.02156925343138,-15.427451029484361,-16.160784543199764,0,Si: HSP unreliable
C=C(CO)CO[Si](C)(C)C(C)(C)C,C=C(COC(=O)[C@@H]1[C@H](C(=O)OCC(=C)CO[Si](C)(C)C(C)(C)C)[C@@H]2C=C[C@@H]1C2)CO[Si](C)(C)C(C)(C)C,ester,Ambeed,monoalcohol,202.37,False,,0,13.5698,0.3466,6.902,0,True,2,True,0,0,0,True,,15.41540076820536,3.2296203361459668,3.135612032246975,572.4867844046062,11.945085370497027,4.322926379670457,3.869345713467025,0.0,8.0,,gc_formula_si,"Si monomer: HSP NOT reliable (Si groups fitted on 51 HSPiP Si compounds, only 7 measured, all much smaller than the monomers)",0.0,15.41540076820536,15.41540076820536,3.2296203361459668,3.2296203361459668,3.135612032246975,3.135612032246975,2,Si,Ambeed,https://www.ambeed.com/products/116700-73-3.html,41.19418053278564,2.314279805212676,5.365164800904692,0.766452114414956,4.836586971820755,0.967317394364151,7.053801504174941,1.0076859291678486,9.050168399812419,-15.321392464306367,-15.509409072104354,0,Si: HSP unreliable
CC(C)(C)[Si](C)(C)OCCCCCCO,CC(C)(C)[Si](C)(C)OCCCCCCOC(=O)[C@@H]1[C@H](C(=O)OCCCCCCO[Si](C)(C)C(C)(C)C)[C@@H]2C=C[C@@H]1C2,ester,Ambeed,monoalcohol,232.44,False,,0,15.3748,4.2494,5.4862,0,True,2,True,0,0,0,True,,15.554992386836764,2.969250980068523,2.8878049697943573,647.9517255392617,12.645354319567968,3.4100519368439963,2.349990945944344,0.0,8.0,,gc_formula_si,"Si monomer: HSP NOT reliable (Si groups fitted on 51 HSPiP Si compounds, only 7 measured, all much smaller than the monomers)",0.0,15.554992386836764,15.554992386836764,2.969250980068523,2.969250980068523,2.8878049697943573,2.8878049697943573,2,Si,Ambeed,https://www.ambeed.com/products/103202-59-1.html,41.510644824789836,2.3320586980219007,5.277318764920122,0.7539026807028746,4.401819430745837,0.8803638861491674,7.054062307762133,1.007723186823162,9.697936436973883,-15.473546376562599,-15.63643839711093,0,Si: HSP unreliable
CC(C)(C)[Si](C)(C)OCCCCCCCO,CC(C)(C)[Si](C)(C)OCCCCCCCOC(=O)[C@@H]1[C@H](C(=O)OCCCCCCCO[Si](C)(C)C(C)(C)C)[C@@H]2C=C[C@@H]1C2,ester,Combi-Blocks,monoalcohol,246.467,False,,0,15.4054,3.6212,5.254,0,True,2,True,0,0,0,True,,15.598704965844457,2.8850302955618834,2.8132405205647597,681.4414873416378,12.624570297372763,3.3072995535818075,2.267864770715555,0.0,8.0,,gc_formula_si,"Si monomer: HSP NOT reliable (Si groups fitted on 51 HSPiP Si compounds, only 7 measured, all much smaller than the monomers)",0.0,15.598704965844457,15.598704965844457,2.8850302955618834,2.8850302955618834,2.8132405205647597,2.8132405205647597,2,Si,Combi-Blocks,https://www.combi-blocks.com/cgi-bin/find.cgi?HE-7710,41.60823927080101,2.337541532067472,5.256580572088072,0.7509400817268673,4.26672953590713,0.853345907181426,7.060289225584362,1.0086127465120518,9.900434149717814,-15.526915190847333,-15.670494740841582,0,Si: HSP unreliable
CC(C)(C)[Si](C)(C)OCCCCCCCCO,CC(C)(C)[Si](C)(C)OCCCCCCCCOC(=O)[C@@H]1[C@H](C(=O)OCCCCCCCCO[Si](C)(C)C(C)(C)C)[C@@H]2C=C[C@@H]1C2,ester,Combi-Blocks,monoalcohol,260.494,False,,0,15.436,-2.7546,5.0218,0,True,2,True,0,0,0,True,,15.638216707069224,2.8065175195012384,2.743911928541116,714.9312491440137,12.60373744737117,3.2045471703196187,2.1857385954867663,0.0,8.0,,gc_formula_si,"Si monomer: HSP NOT reliable (Si groups fitted on 51 HSPiP Si compounds, only 7 measured, all much smaller than the monomers)",0.0,15.638216707069224,15.638216707069224,2.8065175195012384,2.8065175195012384,2.743911928541116,2.743911928541116,2,Si,Combi-Blocks,https://www.combi-blocks.com/cgi-bin/find.cgi?HD-2573,41.69926257037037,2.342655200582605,5.242609408984633,0.7489442012835189,4.142151827983472,0.8284303655966945,7.0666868424786236,1.0095266917826604,10.08778725902687,-15.575611116109101,-15.700822298029347,0,Si: HSP unreliable
CC(C)(C)[Si](C)(C)OCCCCCCCCCO,CC(C)(C)[Si](C)(C)OCCCCCCCCCOC(=O)[C@@H]1[C@H](C(=O)OCCCCCCCCCO[Si](C)(C)C(C)(C)C)[C@@H]2C=C[C@@H]1C2,ester,Combi-Blocks,monoalcohol,274.521,False,,0,15.4665,-3.0268,4.7896,0,True,2,True,0,0,0,True,,15.674105736718875,2.733070212487545,2.6792279861818544,748.4210109463897,12.58285545832095,3.10179478705743,2.103612420257978,0.0,8.0,,gc_formula_si,"Si monomer: HSP NOT reliable (Si groups fitted on 51 HSPiP Si compounds, only 7 measured, all much smaller than the monomers)",0.0,15.674105736718875,15.674105736718875,2.733070212487545,2.733070212487545,2.6792279861818544,2.6792279861818544,2,Si,Combi-Blocks,https://www.combi-blocks.com/cgi-bin/find.cgi?HE-4035,41.784425952595946,2.3474396602581993,5.234136562751295,0.7477337946787564,4.026774131182388,0.8053548262364776,7.073129089806244,1.0104470128294634,10.261807538049476,-15.620263510413183,-15.727947963024565,0,Si: HSP unreliable
CC(C)(C)[Si](C)(C)OCCCCCCCCCCO,CC(C)(C)[Si](C)(C)OCCCCCCCCCCOC(=O)[C@@H]1[C@H](C(=O)OCCCCCCCCCCO[Si](C)(C)C(C)(C)C)[C@@H]2C=C[C@@H]1C2,ester,Combi-Blocks,monoalcohol,288.548,False,,0,15.4968,-3.299,4.5574,0,True,2,True,0,0,0,True,,15.706848696306318,2.6641429815305218,2.6186870143812424,781.9107727487658,12.561924015733071,2.99904240379524,2.0214862450291884,0.0,8.0,,gc_formula_si,"Si monomer: HSP NOT reliable (Si groups fitted on 51 HSPiP Si compounds, only 7 measured, all much smaller than the monomers)",0.0,15.706848696306318,15.706848696306318,2.6641429815305218,2.6641429815305218,2.6186870143812424,2.6186870143812424,2,Si,Combi-Blocks,https://www.combi-blocks.com/cgi-bin/find.cgi?HD-3785,41.86433838259422,2.3519291226176526,5.230146901551982,0.7471638430788545,3.919501675165013,0.7839003350330026,7.079529351252336,1.0113613358931908,10.424018700394555,-15.66139272915704,-15.752304663455599,0,Si: HSP unreliable
CC(C)(C)[C@H]1CC[C@H]([Si](C)(C)C)[C@H](O)C1,CC(C)(C)[C@H]1CC[C@H]([Si](C)(C)C)[C@H](OC(=O)[C@@H]2[C@H](C(=O)O[C@@H]3C[C@@H](C(C)(C)C)CC[C@@H]3[Si](C)(C)C)[C@@H]3C=C[C@@H]2C3)C1,ester,Sigma-Aldrich,monoalcohol,228.452,False,,0,15.3995,-2.6916,6.8708,0,True,2,True,0,0,2,True,,15.711014015128034,2.475037483580361,2.797634394703802,661.1610844582269,13.08288294973489,1.959674977510941,1.374468830240817,0.0,8.0,,gc_formula_si,"Si monomer: HSP NOT reliable (Si groups fitted on 51 HSPiP Si compounds, only 7 measured, all much smaller than the monomers)",0.0,15.711014015128034,15.711014015128034,2.475037483580361,2.475037483580361,2.797634394703802,2.797634394703802,2,Si,Sigma-Aldrich,https://www.sigmaaldrich.com/catalog/product/aldrich/t202975,41.755713467061796,2.3458265992731344,5.175784753818001,0.7393978219740002,3.9166550413662824,0.7833310082732565,7.08642295864051,1.0123461369486442,10.438342136843872,-16.033610926251473,-15.388417104004592,0,Si: HSP unreliable
C=C=C(C(O)(CCC)CCC)[Si](C)(C)C,C=C=C(C(CCC)(CCC)OC(=O)[C@@H]1[C@H](C(=O)OC(CCC)(CCC)C(=C=C)[Si](C)(C)C)[C@@H]2C=C[C@@H]1C2)[Si](C)(C)C,ester,Sigma-Aldrich,monoalcohol,226.436,False,,0,11.5301,0.3206,5.4862,0,True,2,True,0,2,0,True,,15.387009970320882,2.9137382724526675,3.65951096292158,700.4073906463553,10.823947722955984,5.367518708305249,3.87769737432085,0.0,8.0,,gc_formula_si,"Si monomer: HSP NOT reliable (Si groups fitted on 51 HSPiP Si compounds, only 7 measured, all much smaller than the monomers)",0.0,15.387009970320882,15.387009970320882,2.9137382724526675,2.9137382724526675,3.65951096292158,3.65951096292158,2,Si,Sigma-Aldrich,https://www.sigmaaldrich.com/catalog/product/aldrich/t211850,40.79692030060204,2.291961814640564,5.258345331390268,0.7511921901986097,5.021562942478426,1.0043125884956852,7.124744313343042,1.017820616191863,8.813760734946635,-16.132782660789793,-14.641237279851971,0,Si: HSP unreliable
C=C1/C(=C\C=C2/CCC[C@]3(C)[C@@H]([C@H](C)OCCC(C)(C)O)CC[C@@H]23)C[C@@H](O[Si](C)(C)C(C)(C)C)C[C@@H]1O[Si](C)(C)C(C)(C)C,C=C1/C(=C\C=C2/CCC[C@]3(C)[C@@H]([C@H](C)OCCC(C)(C)OC(=O)[C@@H]4[C@H](C(=O)OC(C)(C)CCO[C@@H](C)[C@H]5CC[C@H]6/C(=C/C=C7/C[C@@H](O[Si](C)(C)C(C)(C)C)C[C@H](O[Si](C)(C)C(C)(C)C)C7=C)CCC[C@]56C)[C@@H]5C=C[C@@H]4C5)CC[C@@H]23)C[C@@H](O[Si](C)(C)C(C)(C)C)C[C@@H]1O[Si](C)(C)C(C)(C)C,ester,Combi-Blocks,monoalcohol,647.146,False,,0,11.1347,-10.6092,11.266,0,True,4,True,0,4,4,True,,15.942745742885592,2.407371996349743,1.7804656890998325,1565.1171354081714,7.539235705634605,2.079109232588303,0.6732237562065291,0.0,16.0,,gc_formula_si,"Si monomer: HSP NOT reliable (Si groups fitted on 51 HSPiP Si compounds, only 7 measured, all much smaller than the monomers)",0.0,15.942745742885592,15.942745742885592,2.407371996349743,2.407371996349743,1.7804656890998325,1.7804656890998325,4,Si,Combi-Blocks,https://www.combi-blocks.com/cgi-bin/find.cgi?JQ-8914,42.74782207305076,2.4015630378118407,5.464471369631551,0.7806387670902215,3.07831454139699,0.6156629082793981,7.143325402841538,1.020475057548791,11.754908057436015,-15.315839435635679,-16.569652050135502,0,Si: HSP unreliable
C=C=C(C(C)(C)O)[Si](C)(C)C,C=C=C(C(C)(C)OC(=O)[C@@H]1[C@H](C(=O)OC(C)(C)C(=C=C)[Si](C)(C)C)[C@@H]2C=C[C@@H]1C2)[Si](C)(C)C,ester,Sigma-Aldrich,monoalcohol,170.328,False,,0,11.3431,1.4094,6.415,0,True,2,True,0,2,0,True,,15.13201274702822,3.284085323235808,4.078293608073714,566.4483434368511,10.926869896022565,5.778528241354005,4.206202075236004,0.0,8.0,,gc_formula_si,"Si monomer: HSP NOT reliable (Si groups fitted on 51 HSPiP Si compounds, only 7 measured, all much smaller than the monomers)",0.0,15.13201274702822,15.13201274702822,3.284085323235808,3.284085323235808,4.078293608073714,4.078293608073714,2,Si,Sigma-Aldrich,https://www.sigmaaldrich.com/catalog/product/aldrich/t211877,40.28814942449907,2.263379181151633,5.556367867769127,0.7937668382527324,5.7336264315323175,1.1467252863064634,7.146778237134462,1.0209683195906374,7.769633815718698,-15.926221031866127,-14.337804462190313,0,Si: HSP unreliable
C=C1/C(=C/C=C2\CCC[C@]3(C)[C@@H]([C@H](C)CO)CC[C@@H]23)C[C@@H](O[Si](C)(C)C(C)(C)C)C[C@@H]1O[Si](C)(C)C(C)(C)C,C=C1/C(=C/C=C2\CCC[C@]3(C)[C@@H]([C@H](C)COC(=O)[C@@H]4[C@H](C(=O)OC[C@@H](C)[C@H]5CC[C@H]6/C(=C/C=C7\C[C@@H](O[Si](C)(C)C(C)(C)C)C[C@H](O[Si](C)(C)C(C)(C)C)C7=C)CCC[C@]56C)[C@@H]5C=C[C@@H]4C5)CC[C@@H]23)C[C@@H](O[Si](C)(C)C(C)(C)C)C[C@@H]1O[Si](C)(C)C(C)(C)C,ester,Combi-Blocks,monoalcohol,575.039,False,,0,15.8163,-7.4942,10.3022,0,True,4,True,0,4,4,True,,16.089441253477492,2.029423992450891,1.0202046976622317,1370.146133591675,11.09294377281612,0.522145796906861,0.0,0.0,16.0,,gc_formula_si,"Si monomer: HSP NOT reliable (Si groups fitted on 51 HSPiP Si compounds, only 7 measured, all much smaller than the monomers)",0.0,16.089441253477492,16.089441253477492,2.029423992450891,2.029423992450891,1.0202046976622317,1.0202046976622317,4,Si,Combi-Blocks,https://www.combi-blocks.com/cgi-bin/find.cgi?JQ-2941,43.595736696961765,2.4491986908405483,5.938995323460402,0.848427903351486,2.310134045724602,0.4620268091449204,7.149309575712029,1.0213299393874327,13.03981256336437,-15.080221958688835,-17.098660548266153,0,Si: HSP unreliable
CC(C)[Si](O[C@@H]1C=C(C2(O)CCCC2)OC[C@H]1O[Si](C(C)C)(C(C)C)C(C)C)(C(C)C)C(C)C,CC(C)[Si](O[C@@H]1C=C(C2(OC(=O)[C@@H]3[C@H](C(=O)OC4(C5=C[C@@H](O[Si](C(C)C)(C(C)C)C(C)C)[C@H](O[Si](C(C)C)(C(C)C)C(C)C)CO5)CCCC4)[C@@H]4C=C[C@@H]3C4)CCCC2)OC[C@H]1O[Si](C(C)C)(C(C)C)C(C)C)(C(C)C)C(C)C,ester,Sigma-Aldrich,monoalcohol,512.924,False,,0,14.441,-1.6554,10.036,0,True,4,True,0,0,0,True,,15.658218734922944,2.9793636655764386,2.723467908450277,1288.180307912922,8.846488693074727,3.9570788461703854,2.811665762534971,0.0,8.0,,gc_formula_si,"Si monomer: HSP NOT reliable (Si groups fitted on 51 HSPiP Si compounds, only 7 measured, all much smaller than the monomers)",0.0,15.658218734922944,15.658218734922944,2.9793636655764386,2.9793636655764386,2.723467908450277,2.723467908450277,4,Si,Sigma-Aldrich,https://www.sigmaaldrich.com/catalog/product/aldrich/t258458,41.66460122957015,2.340707934245514,5.187061756467398,0.7410088223524854,4.235731113861128,0.8471462227722256,7.162270424572924,1.0231814892247033,9.955387160896228,-15.402322977796782,-15.914114492049105,0,Si: HSP unreliable
C/C(=C\CC[C@H](C)O)CO[Si](C)(C)C(C)(C)C,C/C(=C\CC[C@H](C)OC(=O)[C@@H]1[C@H](C(=O)O[C@@H](C)CC/C=C(\C)CO[Si](C)(C)C(C)(C)C)[C@@H]2C=C[C@@H]1C2)CO[Si](C)(C)C(C)(C)C,ester,Sigma-Aldrich,monoalcohol,258.478,False,,0,9.7651,-1.8922,7.2264,0,True,2,True,0,0,0,True,,15.6378642990324,2.880720229567178,2.941542628940358,722.8672685970797,12.231441971895464,3.217002518170898,3.585968359404536,0.0,8.0,,gc_formula_si,"Si monomer: HSP NOT reliable (Si groups fitted on 51 HSPiP Si compounds, only 7 measured, all much smaller than the monomers)",0.0,15.6378642990324,15.6378642990324,2.880720229567178,2.880720229567178,2.941542628940358,2.941542628940358,2,Si,Sigma-Aldrich,https://www.sigmaaldrich.com/catalog/product/aldrich/t242748,41.48830792626035,2.330803816082042,5.126788324822631,0.7323983321175188,4.324918129270698,0.8649836258541397,7.174636481176414,1.0249480687394876,9.815601440524864,-15.69868669840558,-15.577041899659218,0,Si: HSP unreliable
CC(C)(C)[Si](C)(C)OC1CC(O)C1,CC(C)(C)[Si](C)(C)OC1CC(OC(=O)[C@@H]2[C@H](C(=O)OC3CC(O[Si](C)(C)C(C)(C)C)C3)[C@@H]3C=C[C@@H]2C3)C1,ester,Ambeed,monoalcohol,202.37,False,,0,16.8631,7.0796,5.1372,0,True,2,True,0,0,0,True,,15.635239642430523,3.174812548250253,2.6373977469125283,573.270042265591,13.0726229963789,3.352536145213365,1.9208068500579676,0.0,8.0,,gc_formula_si,"Si monomer: HSP NOT reliable (Si groups fitted on 51 HSPiP Si compounds, only 7 measured, all much smaller than the monomers)",0.0,15.635239642430523,15.635239642430523,3.174812548250253,3.174812548250253,2.6373977469125283,2.6373977469125283,2,Si,Ambeed,https://www.ambeed.com/products/1089709-08-9.html,41.685496395061406,2.34188181994727,5.240719237125195,0.7486741767321707,4.336234186933421,0.8672468373866842,7.176198758808819,1.0251712512584026,9.823029347267742,-15.0978248410928,-16.172654443768245,0,Si: HSP unreliable
CC(C)(C)C1CCC(CO)([Si](C)(C)C)CC1,CC(C)(C)C1CCC(COC(=O)[C@@H]2[C@H](C(=O)OCC3([Si](C)(C)C)CCC(C(C)(C)C)CC3)[C@@H]3C=C[C@@H]2C3)([Si](C)(C)C)CC1,ester,Sigma-Aldrich,monoalcohol,242.479,False,,0,16.9817,-4.2592,6.3614,0,True,2,True,0,0,2,True,,15.8571118371127,2.278398496259294,2.5551457140445017,670.3801292221757,13.563036186558532,2.1948966588002587,1.473759424611549,0.0,8.0,,gc_formula_si,"Si monomer: HSP NOT reliable (Si groups fitted on 51 HSPiP Si compounds, only 7 measured, all much smaller than the monomers)",0.0,15.8571118371127,15.8571118371127,2.278398496259294,2.278398496259294,2.5551457140445017,2.5551457140445017,2,Si,Sigma-Aldrich,https://www.sigmaaldrich.com/catalog/product/aldrich/t242160,42.052894139358806,2.362522142660607,5.138191885906456,0.7340274122723508,3.5361658653207075,0.7072331730641415,7.182568477634247,1.0260812110906066,11.023567626808905,-16.13385905489791,-15.580364619327492,0,Si: HSP unreliable
CC(C)(C)[Si](C)(C)OCC1(CO)CCC1,CC(C)(C)[Si](C)(C)OCC1(COC(=O)[C@@H]2[C@H](C(=O)OCC3(CO[Si](C)(C)C(C)(C)C)CCC3)[C@@H]3C=C[C@@H]2C3)CCC1,ester,Ambeed,monoalcohol,230.424,False,,0,18.0708,8.9274,5.7184,0,True,2,True,0,0,0,True,,15.751547239389216,2.8418535054045964,2.5990269052981323,605.8719158217779,13.464972286147836,3.742635602319936,2.4941530581309137,0.0,8.0,,gc_formula_si,"Si monomer: HSP NOT reliable (Si groups fitted on 51 HSPiP Si compounds, only 7 measured, all much smaller than the monomers)",0.0,15.751547239389216,15.751547239389216,2.8418535054045964,2.8418535054045964,2.5990269052981323,2.5990269052981323,2,Si,Ambeed,https://www.ambeed.com/products/220343-46-4.html,41.827708374880544,2.349871257015761,5.13029762782087,0.7328996611172671,4.004281948505916,0.8008563897011832,7.216566664109727,1.0309380948728182,10.310666828686488,-15.508720639282753,-15.99437383949568,0,Si: HSP unreliable
C#C[C@@H](O)CO[Si](C)(C)C(C)(C)C,C#C[C@H](CO[Si](C)(C)C(C)(C)C)OC(=O)[C@@H]1[C@H](C(=O)O[C@H](C#C)CO[Si](C)(C)C(C)(C)C)[C@@H]2C=C[C@@H]1C2,ester,Sigma-Aldrich,monoalcohol,200.354,False,,0,16.0068,3.7328,3.6679,0,True,2,True,0,0,0,True,,15.39297344726581,3.5273578338146536,3.305541279194727,581.4017562323121,11.788465789709113,5.79997727885938,4.089124345861594,0.0,8.0,,gc_formula_si,"Si monomer: HSP NOT reliable (Si groups fitted on 51 HSPiP Si compounds, only 7 measured, all much smaller than the monomers)",0.0,15.39297344726581,15.39297344726581,3.5273578338146536,3.5273578338146536,3.305541279194727,3.305541279194727,2,Si,Sigma-Aldrich,https://www.sigmaaldrich.com/catalog/product/aldrich/cvt00124?utm_source=pubchem&utm_campaign=pubchem_2017&utm_medium=referral,40.941182594867136,2.300066437913884,5.303736283376785,0.7576766119109692,5.163297890466267,1.0326595780932535,7.237214960670211,1.0338878515243157,8.560074334256429,-15.171156892645884,-15.614790001885737,0,Si: HSP unreliable
C/C(=C\CC[C@@H](C)CCO[Si](C)(C)C(C)(C)C)CO,C/C(=C\CC[C@@H](C)CCO[Si](C)(C)C(C)(C)C)COC(=O)[C@@H]1[C@H](C(=O)OC/C(C)=C/CC[C@@H](C)CCO[Si](C)(C)C(C)(C)C)[C@@H]2C=C[C@@H]1C2,ester,Sigma-Aldrich,monoalcohol,286.532,False,,0,12.087,-0.869,7.2714,0,True,2,True,0,0,0,True,,15.771817303079075,2.699765774580277,2.7197124689081424,772.0376995227753,12.518421442720106,3.006107352570953,3.384461351534008,0.0,8.0,,gc_formula_si,"Si monomer: HSP NOT reliable (Si groups fitted on 51 HSPiP Si compounds, only 7 measured, all much smaller than the monomers)",0.0,15.771817303079075,15.771817303079075,2.699765774580277,2.699765774580277,2.7197124689081424,2.7197124689081424,2,Si,Sigma-Aldrich,https://www.sigmaaldrich.com/catalog/product/aldrich/t243647,41.75872280230736,2.3459956630509753,5.062080714466285,0.7231543877808979,3.975107419483921,0.7950214838967842,7.240843688764003,1.0344062412520005,10.352339059590655,-15.79176399740694,-15.751870608751211,0,Si: HSP unreliable
CC(C)(C)[Si](C)(C)O[C@H]1CNC[C@@H]1O[Si](C)(C)C(C)(C)C,CC(C)(C)[Si](C)(C)O[C@H]1CN(C(=O)[C@@H]2[C@H](C(=O)N3C[C@H](O[Si](C)(C)C(C)(C)C)[C@@H](O[Si](C)(C)C(C)(C)C)C3)[C@@H]3C=C[C@@H]2C3)C[C@@H]1O[Si](C)(C)C(C)(C)C,amide,Sigma-Aldrich,monoamine,331.649,False,,0,17.2452,-11.7294,6.4592,0,True,4,True,0,0,0,True,,15.328404377218945,4.587215030862326,1.954377612684188,882.419768457241,7.733304445628391,2.426610426506037,0.8248837273614231,0.0,16.0,,gc_formula_si,"Si monomer: HSP NOT reliable (Si groups fitted on 51 HSPiP Si compounds, only 7 measured, all much smaller than the monomers)",0.0,15.328404377218945,15.328404377218945,4.587215030862326,4.587215030862326,1.954377612684188,1.954377612684188,4,Si,Sigma-Aldrich,https://www.sigmaaldrich.com/catalog/product/aldrich/t306304,41.93016440228543,2.3556272136115406,6.121996594435519,0.874570942062217,5.351460156738497,1.0702920313476993,7.245424202423571,1.0350606003462244,8.786811733672431,-12.695566959040807,-17.961241795397083,0,Si: HSP unreliable
CC(C)(C)[Si](C)(C)OC1CC(CO)C1,CC(C)(C)[Si](C)(C)OC1CC(COC(=O)[C@@H]2[C@H](C(=O)OCC3CC(O[Si](C)(C)C(C)(C)C)C3)[C@@H]3C=C[C@@H]2C3)C1,ester,Ambeed,monoalcohol,216.397,False,,0,18.0312,8.2898,5.4144,0,True,2,True,0,0,0,True,,15.765456121522233,3.0412689753179545,2.4216670810111025,588.9507113889103,13.353540574065304,3.244393362875609,1.8014260174162289,0.0,8.0,,gc_formula_si,"Si monomer: HSP NOT reliable (Si groups fitted on 51 HSPiP Si compounds, only 7 measured, all much smaller than the monomers)",0.0,15.765456121522233,15.765456121522233,3.0412689753179545,3.0412689753179545,2.4216670810111025,2.4216670810111025,2,Si,Ambeed,https://www.ambeed.com/products/959749-93-0.html,41.93437747215982,2.3558639029303268,5.1740726421927645,0.7391532345989663,4.0319644174467335,0.8063928834893467,7.259605592826437,1.0370865132609197,10.302520065193175,-15.14585422721538,-16.385058015829085,0,Si: HSP unreliable
C=C(CC(O)C1CCCCC1)C(C)CO[Si](C)(C)C(C)(C)C,C=C(CC(OC(=O)[C@@H]1[C@H](C(=O)OC(CC(=C)C(C)CO[Si](C)(C)C(C)(C)C)C2CCCCC2)[C@@H]2C=C[C@@H]1C2)C1CCCCC1)C(C)CO[Si](C)(C)C(C)(C)C,ester,Sigma-Aldrich,monoalcohol,326.597,False,,0,14.5636,-2.9706,7.2136,0,True,2,True,0,2,2,True,,15.844228928570134,2.580823366003225,2.6000532441412307,865.2666353823681,12.352050802134816,2.90023153621222,2.264698565759349,0.0,8.0,,gc_formula_si,"Si monomer: HSP NOT reliable (Si groups fitted on 51 HSPiP Si compounds, only 7 measured, all much smaller than the monomers)",0.0,15.844228928570134,15.844228928570134,2.580823366003225,2.580823366003225,2.6000532441412307,2.6000532441412307,2,Si,Sigma-Aldrich,https://www.sigmaaldrich.com/catalog/product/aldrich/t262188,41.91221836378366,2.354619009201329,5.044807242488713,0.720686748926959,3.7751602876019543,0.7550320575203908,7.277748851115071,1.039678407302153,10.663352318425678,-15.86345880670814,-15.824999050432128,0,Si: HSP unreliable
C[Si](C)(C)O[Si](C)(CCCN)O[Si](C)(C)C,C[Si](C)(C)O[Si](C)(CCCNC(=O)[C@@H]1[C@H](C(=O)NCCC[Si](C)(O[Si](C)(C)C)O[Si](C)(C)C)[C@@H]2C=C[C@@H]1C2)O[Si](C)(C)C,amide,Oakwood Products,monoamine,279.605,False,,0,12.088,12.5086,6.0598,0,True,6,True,2,0,0,True,,14.585787818792944,5.168929524951557,3.508720528857007,742.4193658626968,13.103238351419304,5.042314974061947,2.6192842735811483,0.0,24.0,,gc_formula_si,"Si monomer: HSP NOT reliable (Si groups fitted on 51 HSPiP Si compounds, only 7 measured, all much smaller than the monomers)",0.0,14.585787818792944,14.585787818792944,5.168929524951557,5.168929524951557,3.508720528857007,3.508720528857007,6,Si,Oakwood Products,http://www.oakwoodchemical.com/ProductsList.aspx?CategoryID=-2&txtSearch=200043&ExtHyperLink=1,40.31648033116055,2.264970805121379,6.84835862486542,0.9783369464093458,7.126222406881022,1.4252444813762044,7.29751567134802,1.0425022387640028,5.90813776498438,-12.925578822698395,-16.245996814887494,0,Si: HSP unreliable
C=C(CC(O)C1CCCCC1)C(C)O[Si](C)(C)C(C)(C)C,C=C(CC(OC(=O)[C@@H]1[C@H](C(=O)OC(CC(=C)C(C)O[Si](C)(C)C(C)(C)C)C2CCCCC2)[C@@H]2C=C[C@@H]1C2)C1CCCCC1)C(C)O[Si](C)(C)C(C)(C)C,ester,Sigma-Aldrich,monoalcohol,312.57,False,,0,14.8354,-4.266,6.123,0,True,2,True,0,2,2,True,,15.883755221591924,2.6869694805886213,2.423924529845108,841.8838065901301,12.45180221805875,2.745353760394968,1.7906429520571343,0.0,8.0,,gc_formula_si,"Si monomer: HSP NOT reliable (Si groups fitted on 51 HSPiP Si compounds, only 7 measured, all much smaller than the monomers)",0.0,15.883755221591924,15.883755221591924,2.6869694805886213,2.6869694805886213,2.423924529845108,2.423924529845108,2,Si,Sigma-Aldrich,https://www.sigmaaldrich.com/catalog/product/aldrich/t262242,42.04672696884578,2.362175672407066,5.061784225173664,0.7231120321676663,3.713253826256356,0.7426507652512713,7.3239609747768935,1.046280139253842,10.772861211158194,-15.620710270848411,-16.146800172335436,0,Si: HSP unreliable
C=C(C(C)O)[Si](C)(C)C,C=C(C(C)OC(=O)[C@@H]1[C@H](C(=O)OC(C)C(=C)[Si](C)(C)C)[C@@H]2C=C[C@@H]1C2)[Si](C)(C)C,ester,Sigma-Aldrich,monoalcohol,144.29,False,,0,13.0747,-0.0928,7.4088,0,True,2,True,0,4,0,True,,15.29112666823165,3.270869424205161,4.024499251945391,486.1454619962039,12.971219572215071,4.520979336592673,4.065600807921488,0.0,8.0,,gc_formula_si,"Si monomer: HSP NOT reliable (Si groups fitted on 51 HSPiP Si compounds, only 7 measured, all much smaller than the monomers)",0.0,15.29112666823165,15.29112666823165,3.270869424205161,3.270869424205161,4.024499251945391,4.024499251945391,2,Si,Sigma-Aldrich,https://www.sigmaaldrich.com/catalog/product/aldrich/t218960,40.338805572362446,2.2662250321551936,5.267892303221788,0.7525560433173982,5.564753598976572,1.1129507197953143,7.3315026196813315,1.047357517097333,7.9957579920810975,-16.044756495971882,-14.53749684049142,0,Si: HSP unreliable
C[C@@H]1OC(O)(C2(O)CCCC2)C[C@H](O[Si](C)(C)C(C)(C)C)[C@@H]1O[Si](C)(C)C(C)(C)C,C[C@@H]1OC(O)(C2(OC(=O)[C@@H]3[C@H](C(=O)OC4(C5(O)C[C@H](O[Si](C)(C)C(C)(C)C)[C@H](O[Si](C)(C)C(C)(C)C)[C@H](C)O5)CCCC4)[C@@H]4C=C[C@@H]3C4)CCCC2)C[C@H](O[Si](C)(C)C(C)(C)C)[C@@H]1O[Si](C)(C)C(C)(C)C,ester,Sigma-Aldrich,diol,460.804,False,,0,15.4893,-12.9422,10.2041,0,True,4,True,0,0,0,True,,15.565282486431697,3.530701233460108,2.9515206881431566,1146.7313770989665,4.582768526550136,7.499621239338508,2.325107142840072,0.0,16.0,,gc_formula_si,"Si monomer: HSP NOT reliable (Si groups fitted on 51 HSPiP Si compounds, only 7 measured, all much smaller than the monomers)",0.0,15.565282486431697,15.565282486431697,3.530701233460108,3.530701233460108,2.9515206881431566,2.9515206881431566,4,Si,Sigma-Aldrich,https://www.sigmaaldrich.com/catalog/product/aldrich/t258016,41.27715207105497,2.3189411275873577,5.158195211866824,0.7368850302666891,4.830793399791564,0.9661586799583128,7.349605464288721,1.0499436377555316,9.083060564828433,-14.986101941114747,-16.14446303174865,0,Si: HSP unreliable
C=CC(C)(CCC=C(C)C)C(O)C(C)O[Si](C)(C)C,C=CC(C)(CCC=C(C)C)C(OC(=O)[C@@H]1[C@H](C(=O)OC(C(C)O[Si](C)(C)C)C(C)(C=C)CCC=C(C)C)[C@@H]2C=C[C@@H]1C2)C(C)O[Si](C)(C)C,ester,Sigma-Aldrich,monoalcohol,284.516,False,,0,12.8404,-2.8352,6.8426,4,True,2,True,0,2,0,True,,15.746922070398163,2.96179349904965,2.891730915028217,800.4275637801516,11.861705354951948,4.689940706900205,3.764991514093704,0.0,14.0,,gc_formula_si,"Si monomer: HSP NOT reliable (Si groups fitted on 51 HSPiP Si compounds, only 7 measured, all much smaller than the monomers)",0.0,15.746922070398163,15.746922070398163,2.96179349904965,2.96179349904965,2.891730915028217,2.891730915028217,2,Si,Sigma-Aldrich,https://www.sigmaaldrich.com/catalog/product/aldrich/t259160,41.51205105834167,2.332137699906835,4.954171474436236,0.7077387820623194,4.284613074805392,0.8569226149610785,7.366767597003481,1.0523953710004972,9.893397656320296,-15.67685948637673,-15.816984654419597,0,Si: HSP unreliable
CC(C)(C)[Si](C)(C)OCC(N)CO[Si](C)(C)C(C)(C)C,CC(C)(C)[Si](C)(C)OCC(CO[Si](C)(C)C(C)(C)C)NC(=O)[C@@H]1[C@H](C(=O)NC(CO[Si](C)(C)C(C)(C)C)CO[Si](C)(C)C(C)(C)C)[C@@H]2C=C[C@@H]1C2,amide,Combi-Blocks,monoamine,319.638,False,,0,7.193,-9.8896,8.8276,0,True,4,True,2,0,0,True,,15.05852813369031,4.996951336722827,2.670858722773069,846.1852946035501,5.292667043541452,3.1544705852966963,1.252853843503772,0.0,16.0,,gc_formula_si,"Si monomer: HSP NOT reliable (Si groups fitted on 51 HSPiP Si compounds, only 7 measured, all much smaller than the monomers)",0.0,15.05852813369031,15.05852813369031,4.996951336722827,4.996951336722827,2.670858722773069,2.670858722773069,4,Si,Combi-Blocks,https://www.combi-blocks.com/cgi-bin/find.cgi?QC-0770,41.13776255330166,2.311110255803464,6.2665791766096275,0.8952255966585182,6.1861149809830485,1.2372229961966097,7.372491356944668,1.0532130509920954,7.390718074194414,-12.732435519740552,-17.384620747640067,0,Si: HSP unreliable
CCC(O)(CC)C1([Si](C)(C)C)CC1,CCC(CC)(OC(=O)[C@@H]1[C@H](C(=O)OC(CC)(CC)C2([Si](C)(C)C)CC2)[C@@H]2C=C[C@@H]1C2)C1([Si](C)(C)C)CC1,ester,Sigma-Aldrich,monoalcohol,200.398,False,,0,15.4076,6.2154,5.4862,0,True,2,True,0,0,0,True,,15.742835786171115,2.7661772318071227,3.1651143446219288,618.0880613418633,13.60326148202748,2.20639401737536,1.3058748297167673,0.0,8.0,,gc_formula_si,"Si monomer: HSP NOT reliable (Si groups fitted on 51 HSPiP Si compounds, only 7 measured, all much smaller than the monomers)",0.0,15.742835786171115,15.742835786171115,2.7661772318071227,2.7661772318071227,3.1651143446219288,3.1651143446219288,2,Si,Sigma-Aldrich,https://www.sigmaaldrich.com/catalog/product/aldrich/t218952,41.314757861999354,2.321053812471874,4.864662732810539,0.6949518189729342,4.348725461211119,0.8697450922422238,7.396288513755666,1.056612644822238,9.811544209742063,-16.14177289898592,-15.343898673356309,0,Si: HSP unreliable
C[C@H](O)[C@H]1CC[C@H]2C(O[Si](C)(C)C(C)(C)C)CCC[C@]12C,C[C@H](OC(=O)[C@@H]1[C@H](C(=O)O[C@@H](C)[C@H]2CC[C@H]3C(O[Si](C)(C)C(C)(C)C)CCC[C@]23C)[C@@H]2C=C[C@@H]1C2)[C@H]1CC[C@H]2C(O[Si](C)(C)C(C)(C)C)CCC[C@]12C,ester,Combi-Blocks,monoalcohol,312.57,False,,0,16.8538,-6.5888,6.5798,0,True,2,True,0,0,2,True,,16.005062146234813,2.6213557113736488,2.0706447612985,819.8175459001334,13.55172284863578,2.0699552306836866,0.1340102824489111,0.0,8.0,,gc_formula_si,"Si monomer: HSP NOT reliable (Si groups fitted on 51 HSPiP Si compounds, only 7 measured, all much smaller than the monomers)",0.0,16.005062146234813,16.005062146234813,2.6213557113736488,2.6213557113736488,2.0706447612985,2.0706447612985,2,Si,Combi-Blocks,https://www.combi-blocks.com/cgi-bin/find.cgi?JQ-2063,42.40765847119446,2.3824527231008124,5.126657406689365,0.732379629527052,3.392201179673551,0.6784402359347103,7.40626887541502,1.0580384107735743,11.313061673562665,-15.454351196159664,-16.555773096309963,0,Si: HSP unreliable
CC(C)(C)[Si](C)(C)O[C@H]1CC[C@@H](O)C1,CC(C)(C)[Si](C)(C)O[C@H]1CC[C@@H](OC(=O)[C@@H]2[C@H](C(=O)O[C@@H]3CC[C@H](O[Si](C)(C)C(C)(C)C)C3)[C@@H]3C=C[C@@H]2C3)C1,ester,Ambeed,monoalcohol,216.397,False,,0,15.6134,-3.8694,5.2938,0,True,2,True,0,0,0,True,,15.73899694808481,3.221466100571554,2.754473448530129,613.0376684428522,13.506741841754334,3.2553908060277426,1.6260913775874162,0.0,8.0,,gc_formula_si,"Si monomer: HSP NOT reliable (Si groups fitted on 51 HSPiP Si compounds, only 7 measured, all much smaller than the monomers)",0.0,15.73899694808481,15.73899694808481,3.221466100571554,3.221466100571554,2.754473448530129,2.754473448530129,2,Si,Ambeed,https://www.ambeed.com/products/183612-97-7.html,41.561617834447034,2.3349223502498333,4.998925746349362,0.7141322494784802,4.384502880922965,0.876900576184593,7.409924265312322,1.0585606093303317,9.763057398983127,-15.272004296043384,-16.205989600126237,0,Si: HSP unreliable
CC1=CC[C@H]([C@@H](C)CCO[Si](C)(C)C(C)(C)C)[C@@H]1O,CC1=CC[C@H]([C@@H](C)CCO[Si](C)(C)C(C)(C)C)[C@@H]1OC(=O)[C@@H]1[C@H](C(=O)O[C@@H]2C(C)=CC[C@@H]2[C@@H](C)CCO[Si](C)(C)C(C)(C)C)[C@@H]2C=C[C@@H]1C2,ester,Sigma-Aldrich,monoalcohol,284.516,False,,0,13.4687,-1.297,8.0284,0,True,2,True,0,0,0,True,,15.796309438447413,2.7922494171550407,3.00214680228759,766.1669549552151,13.141826607941368,3.401734007775185,3.451490344040576,0.0,8.0,,gc_formula_si,"Si monomer: HSP NOT reliable (Si groups fitted on 51 HSPiP Si compounds, only 7 measured, all much smaller than the monomers)",0.0,15.796309438447413,15.796309438447413,2.7922494171550407,2.7922494171550407,3.00214680228759,3.00214680228759,2,Si,Sigma-Aldrich,https://www.sigmaaldrich.com/catalog/product/aldrich/t242500,41.46223750041535,2.3293391854165924,4.850307765176883,0.6929011093109833,4.221890448279884,0.8443780896559767,7.4268479710145145,1.060978281573502,10.001913219004782,-16.006206823579962,-15.586412053314863,0,Si: HSP unreliable
CC(C)(C)[Si](C)(C)OCC1(CO)CCCC1,CC(C)(C)[Si](C)(C)OCC1(COC(=O)[C@@H]2[C@H](C(=O)OCC3(CO[Si](C)(C)C(C)(C)C)CCCC3)[C@@H]3C=C[C@@H]2C3)CCCC1,ester,Combi-Blocks,monoalcohol,244.451,False,,0,16.9482,3.5646,5.875,0,True,2,True,0,0,0,True,,15.842263652559394,2.912535656179599,2.7141662075033746,645.6395419990391,13.881851743631564,3.645490263134312,2.1994375856603625,0.0,8.0,,gc_formula_si,"Si monomer: HSP NOT reliable (Si groups fitted on 51 HSPiP Si compounds, only 7 measured, all much smaller than the monomers)",0.0,15.842263652559394,15.842263652559394,2.912535656179599,2.912535656179599,2.7141662075033746,2.7141662075033746,2,Si,Combi-Blocks,https://www.combi-blocks.com/cgi-bin/find.cgi?QK-3998,41.69878340706586,2.3426282812958346,4.905800869796199,0.7008286956851713,4.085052313685083,0.8170104627370167,7.439411643352881,1.0627730919075544,10.215561788876421,-15.643894203883168,-16.040633101235617,0,Si: HSP unreliable
CC(C)(C)[Si](C)(C)OCC1CCC(O)CC1,CC(C)(C)[Si](C)(C)OCC1CCC(OC(=O)[C@@H]2[C@H](C(=O)OC3CCC(CO[Si](C)(C)C(C)(C)C)CC3)[C@@H]3C=C[C@@H]2C3)CC1,ester,Ambeed,monoalcohol,244.451,False,,0,16.2931,-2.8378,5.7634,0,True,2,True,0,0,2,True,,15.799722157482783,2.9627639160295227,2.8708530885664643,665.6323225252145,13.667626022916526,3.090896407037935,1.8736434105837407,0.0,8.0,,gc_formula_si,"Si monomer: HSP NOT reliable (Si groups fitted on 51 HSPiP Si compounds, only 7 measured, all much smaller than the monomers)",0.0,15.799722157482783,15.799722157482783,2.9627639160295227,2.9627639160295227,2.8708530885664643,2.8708530885664643,2,Si,Ambeed,https://www.ambeed.com/products/117107-08-1.html,41.53295660507852,2.333312168824636,4.878039641911303,0.696862805987329,4.245100606241615,0.849020121248323,7.446668872228515,1.0638098388897879,9.966105152886797,-15.707811330019723,-15.891632984945842,0,Si: HSP unreliable
C/C(=C\CCO)CCCO[Si](C)(C)C(C)(C)C,C/C(=C\CCOC(=O)[C@@H]1[C@H](C(=O)OCC/C=C(\C)CCCO[Si](C)(C)C(C)(C)C)[C@@H]2C=C[C@@H]1C2)CCCO[Si](C)(C)C(C)(C)C,ester,Sigma-Aldrich,monoalcohol,258.478,False,,0,12.9902,-0.743,6.3962,0,True,2,True,0,0,0,True,,15.81829102838479,2.8687279909615877,2.909482203758268,698.8424625702735,13.262113566563457,3.5054820243535145,3.9009103409939305,0.0,8.0,,gc_formula_si,"Si monomer: HSP NOT reliable (Si groups fitted on 51 HSPiP Si compounds, only 7 measured, all much smaller than the monomers)",0.0,15.81829102838479,15.81829102838479,2.8687279909615877,2.8687279909615877,2.909482203758268,2.909482203758268,2,Si,Sigma-Aldrich,https://www.sigmaaldrich.com/catalog/product/aldrich/t241334,41.52647870391123,2.332948241792766,4.845924700404672,0.6922749572006675,4.197959160526804,0.8395918321053608,7.455846211593482,1.0651208873704974,10.040080833664934,-15.85904524118147,-15.777536815588109,0,Si: HSP unreliable
C[C@H](CO)[C@H]1CC[C@H]2[C@@H](O[Si](C)(C)C(C)(C)C)CCC[C@]12C,C[C@H](COC(=O)[C@@H]1[C@H](C(=O)OC[C@@H](C)[C@H]2CC[C@H]3[C@@H](O[Si](C)(C)C(C)(C)C)CCC[C@]23C)[C@@H]2C=C[C@@H]1C2)[C@H]1CC[C@H]2[C@@H](O[Si](C)(C)C(C)(C)C)CCC[C@]12C,ester,Combi-Blocks,monoalcohol,326.597,False,,0,18.0227,-5.2934,6.857,0,True,2,True,0,0,2,True,,16.088029720167047,2.5192368614546736,1.8889979728273525,835.4982150234529,13.818941770390737,1.9618124483459305,0.0146294498071724,0.0,8.0,,gc_formula_si,"Si monomer: HSP NOT reliable (Si groups fitted on 51 HSPiP Si compounds, only 7 measured, all much smaller than the monomers)",0.0,16.088029720167047,16.088029720167047,2.5192368614546736,2.5192368614546736,1.8889979728273525,1.8889979728273525,2,Si,Combi-Blocks,https://www.combi-blocks.com/cgi-bin/find.cgi?JQ-5817,42.61646601309067,2.3941834838814984,5.164224185793622,0.7377463122562318,3.177198971356324,0.6354397942712648,7.471937449175993,1.0674196355965704,11.67979488588502,-15.457790831539723,-16.718268608794368,0,Si: HSP unreliable
CC(C)(C)[Si](C)(C)OC/C=C\CO,CC(C)(C)[Si](C)(C)OC/C=C\COC(=O)[C@@H]1[C@H](C(=O)OC/C=C\CO[Si](C)(C)C(C)(C)C)[C@@H]2C=C[C@@H]1C2,ester,Sigma-Aldrich,monoalcohol,202.37,False,,0,14.7144,-1.3452,7.6428,0,True,2,True,0,0,0,True,,15.65203165358079,3.2996407024040164,3.209092339807753,569.0518280966594,13.376576964249304,4.315979205439884,4.171923298350638,0.0,8.0,,gc_formula_si,"Si monomer: HSP NOT reliable (Si groups fitted on 51 HSPiP Si compounds, only 7 measured, all much smaller than the monomers)",0.0,15.65203165358079,15.65203165358079,3.2996407024040164,3.2996407024040164,3.209092339807753,3.209092339807753,2,Si,Sigma-Aldrich,https://www.sigmaaldrich.com/catalog/product/aldrich/t270717,41.10341400030503,2.3091805618148893,4.905482775692212,0.700783253670316,4.781773135795868,0.9563546271591736,7.486245116568508,1.0694635880812153,9.143298611369021,-15.561483290984526,-15.742580016177055,0,Si: HSP unreliable
CCCC(O)(CC#C[Si](C)(C)C)CCC,CCCC(CC#C[Si](C)(C)C)(CCC)OC(=O)[C@@H]1[C@H](C(=O)OC(CC#C[Si](C)(C)C)(CCC)CCC)[C@@H]2C=C[C@@H]1C2,ester,Sigma-Aldrich,monoalcohol,226.436,False,,0,11.6497,-2.4824,4.5518,0,True,2,True,0,0,0,True,,15.518020290532167,3.302382470360279,3.687455008266792,699.4806858712323,12.014968718274911,5.4451124879809765,4.85555192569196,0.0,8.0,,gc_formula_si,"Si monomer: HSP NOT reliable (Si groups fitted on 51 HSPiP Si compounds, only 7 measured, all much smaller than the monomers)",0.0,15.518020290532167,15.518020290532167,3.302382470360279,3.302382470360279,3.687455008266792,3.687455008266792,2,Si,Sigma-Aldrich,https://www.sigmaaldrich.com/catalog/product/aldrich/t211907,40.646763962105496,2.2835260652868254,4.946937601838274,0.706705371691182,5.191244887559466,1.0382489775118933,7.501200427260874,1.0716000610372676,8.528182811905097,-15.90309282843868,-15.132947752625654,0,Si: HSP unreliable
CC(C)[Si](OC[C@H]1OC(C2(O)CCCC2)=C[C@@H](O[Si](C(C)C)(C(C)C)C(C)C)[C@H]1O)(C(C)C)C(C)C,CC(C)[Si](OC[C@H]1OC(C2(OC(=O)[C@@H]3[C@H](C(=O)OC4(C5=C[C@@H](O[Si](C(C)C)(C(C)C)C(C)C)[C@@H](O)[C@@H](CO[Si](C(C)C)(C(C)C)C(C)C)O5)CCCC4)[C@@H]4C=C[C@@H]3C4)CCCC2)=C[C@@H](O[Si](C(C)C)(C(C)C)C(C)C)[C@H]1O)(C(C)C)C(C)C,ester,Sigma-Aldrich,diol,542.95,False,,0,14.9304,0.2238,5.4131,0,True,4,True,0,0,0,True,,15.66832071427057,3.4077818436530927,3.083433978752556,1331.7783987839446,6.433506216313468,6.635518204344823,3.572143805892301,0.0,8.0,,gc_formula_si,"Si monomer: HSP NOT reliable (Si groups fitted on 51 HSPiP Si compounds, only 7 measured, all much smaller than the monomers)",0.0,15.66832071427057,15.66832071427057,3.4077818436530927,3.4077818436530927,3.083433978752556,3.083433978752556,4,Si,Sigma-Aldrich,https://www.sigmaaldrich.com/catalog/product/aldrich/t258091,41.1900028653471,2.3140451047947805,4.925271196321782,0.7036101709031117,4.766195241000527,0.9532390482001054,7.507613045857417,1.0725161494082023,9.177104891864921,-15.343972849370035,-15.992668579171106,0,Si: HSP unreliable
COC(OC)[C@@H](C)[C@@H](O)CO[Si](C)(C)C(C)(C)C,COC(OC)[C@@H](C)[C@H](CO[Si](C)(C)C(C)(C)C)OC(=O)[C@@H]1[C@H](C(=O)O[C@@H](CO[Si](C)(C)C(C)(C)C)[C@H](C)C(OC)OC)[C@@H]2C=C[C@@H]1C2,ester,Sigma-Aldrich,monoalcohol,278.465,False,,0,14.141,6.588,7.5674,0,True,2,True,0,0,0,True,,15.373271116920607,3.5861073773815133,3.864858405765781,741.8537896935269,10.36448773003282,5.190259607804009,4.517370775028579,0.0,8.0,,gc_formula_si,"Si monomer: HSP NOT reliable (Si groups fitted on 51 HSPiP Si compounds, only 7 measured, all much smaller than the monomers)",0.0,15.373271116920607,15.373271116920607,3.5861073773815133,3.5861073773815133,3.864858405765781,3.864858405765781,2,Si,Sigma-Aldrich,https://www.sigmaaldrich.com/catalog/product/aldrich/t269646,40.39095295055517,2.2691546601435486,5.131107960237845,0.7330154228911206,5.588613630379439,1.1177227260758877,7.508848811700522,1.072692687385789,7.922305333773313,-15.652022145304876,-15.094520088536342,0,Si: HSP unreliable
CC(C)(C)[Si](C)(C)O[C@@H]1CCCC[C@H]1O,CC(C)(C)[Si](C)(C)O[C@@H]1CCCC[C@H]1OC(=O)[C@@H]1[C@H](C(=O)O[C@@H]2CCCC[C@H]2O[Si](C)(C)C(C)(C)C)[C@@H]2C=C[C@@H]1C2,ester,Sigma-Aldrich,monoalcohol,230.424,False,,0,16.5255,-4.1332,4.6728,0,True,2,True,0,0,2,True,,15.850042606344278,3.0964525393611035,2.671295746227482,642.2494937329764,13.754099452503866,2.936018631220682,1.399587796881526,0.0,8.0,,gc_formula_si,"Si monomer: HSP NOT reliable (Si groups fitted on 51 HSPiP Si compounds, only 7 measured, all much smaller than the monomers)",0.0,15.850042606344278,15.850042606344278,3.0964525393611035,3.0964525393611035,2.671295746227482,2.671295746227482,2,Si,Sigma-Aldrich,https://www.sigmaaldrich.com/catalog/product/aldrich/t258946,41.68244063400024,2.3417101479775413,4.884320999391874,0.6977601427702677,4.187324434140573,0.8374648868281145,7.510986152261625,1.0729980217516606,10.082294320755693,-15.424885813210658,-16.2751993994779,0,Si: HSP unreliable
C=CCCC(O)C(C)(C)CC#C[Si](C)(C)C,C=CCCC(OC(=O)[C@@H]1[C@H](C(=O)OC(CCC=C)C(C)(C)CC#C[Si](C)(C)C)[C@@H]2C=C[C@@H]1C2)C(C)(C)CC#C[Si](C)(C)C,ester,Sigma-Aldrich,monoalcohol,238.447,False,,0,14.7617,-1.8996,5.1482,4,True,2,True,0,0,0,True,,15.57724489421077,3.2426658512628324,3.587273893381685,704.5444292264849,11.598258458735586,6.017371389621151,6.0989928894822665,0.0,12.0,,gc_formula_si,"Si monomer: HSP NOT reliable (Si groups fitted on 51 HSPiP Si compounds, only 7 measured, all much smaller than the monomers)",0.0,15.57724489421077,15.57724489421077,3.2426658512628324,3.2426658512628324,3.587273893381685,3.587273893381685,2,Si,Sigma-Aldrich,https://www.sigmaaldrich.com/catalog/product/aldrich/t214027,40.7608709951506,2.2899365727612695,4.883970759871895,0.6977101085531279,5.047069999599917,1.0094139999199834,7.516486448742636,1.0737837783918052,8.747305149566252,-15.921852936329625,-15.232636852091918,0,Si: HSP unreliable
CC(C)(C)[Si](C)(C)OCC1CCC(CO)CC1,CC(C)(C)[Si](C)(C)OCC1CCC(COC(=O)[C@@H]2[C@H](C(=O)OCC3CCC(CO[Si](C)(C)C(C)(C)C)CC3)[C@@H]3C=C[C@@H]2C3)CC1,ester,Ambeed,monoalcohol,258.478,False,,0,17.515,-1.5424,6.0406,0,True,2,True,0,0,2,True,,15.907444693799286,2.844352472611101,2.6960639871364336,681.312991648534,13.931698746466765,2.98275362470018,1.7542625779420018,0.0,8.0,,gc_formula_si,"Si monomer: HSP NOT reliable (Si groups fitted on 51 HSPiP Si compounds, only 7 measured, all much smaller than the monomers)",0.0,15.907444693799286,15.907444693799286,2.844352472611101,2.844352472611101,2.6960639871364336,2.6960639871364336,2,Si,Ambeed,https://www.ambeed.com/products/141836-50-2.html,41.739751488118685,2.3449298588830723,4.827371045862276,0.6896244351231823,3.996936412414918,0.7993872824829836,7.517307221758846,1.0739010316798352,10.367028234051752,-15.759156208324617,-16.055733179273954,0,Si: HSP unreliable
CON(C)C(=O)C[C@H](O)[C@@H](C)[C@@H](CCCCO[Si](C)(C)C(C)(C)C)O[Si](C)(C)C(C)(C)C,CON(C)C(=O)C[C@H](OC(=O)[C@@H]1[C@H](C(=O)O[C@@H](CC(=O)N(C)OC)[C@@H](C)[C@@H](CCCCO[Si](C)(C)C(C)(C)C)O[Si](C)(C)C(C)(C)C)[C@@H]2C=C[C@@H]1C2)[C@@H](C)[C@@H](CCCCO[Si](C)(C)C(C)(C)C)O[Si](C)(C)C(C)(C)C,ester,Sigma-Aldrich,monoalcohol,491.862,False,,0,10.3914,-11.5846,9.0254,0,True,4,True,0,0,0,True,,15.30335843572433,4.437406719398071,3.151843485623327,1221.767260976662,0.0,6.233905551048181,3.998996709432304,0.0,16.0,,gc_formula_si,"Si monomer: HSP NOT reliable (Si groups fitted on 51 HSPiP Si compounds, only 7 measured, all much smaller than the monomers)",0.0,15.30335843572433,15.30335843572433,4.437406719398071,4.437406719398071,3.151843485623327,3.151843485623327,4,Si,Sigma-Aldrich,https://www.sigmaaldrich.com/catalog/product/aldrich/t269654,40.821886206616625,2.2933643936301475,5.543962608093534,0.7919946582990763,5.796367257325295,1.1592734514650591,7.532237139831267,1.0760338771187523,7.714108230702933,-14.017795201949587,-16.588921669499076,0,Si: HSP unreliable
CC(C)(C)[Si](C)(C)OCC1(CO)CC1,CC(C)(C)[Si](C)(C)OCC1(COC(=O)[C@@H]2[C@H](C(=O)OCC3(CO[Si](C)(C)C(C)(C)C)CC3)[C@@H]3C=C[C@@H]2C3)CC1,ester,Ambeed,monoalcohol,216.397,False,,0,18.2508,13.148,5.9506,0,True,2,True,0,0,0,True,,15.861957188711155,3.0424648551848845,2.7506704708475382,582.6885980441858,13.856937318067835,2.8761589107135688,1.6940186892337812,0.0,8.0,,gc_formula_si,"Si monomer: HSP NOT reliable (Si groups fitted on 51 HSPiP Si compounds, only 7 measured, all much smaller than the monomers)",0.0,15.861957188711155,15.861957188711155,3.0424648551848845,3.0424648551848845,2.7506704708475382,2.7506704708475382,2,Si,Ambeed,https://www.ambeed.com/products/737790-46-4.html,41.624166481269604,2.3384363191724495,4.828894194121078,0.6898420277315827,4.194079929175783,0.8388159858351566,7.53755089450124,1.0767929849287485,10.068821862678732,-15.570162804373808,-16.153751573048503,0,Si: HSP unreliable
CC(C)(C)[Si](C)(C)C#CCO,CC(C)(C)[Si](C)(C)C#CCOC(=O)[C@@H]1[C@H](C(=O)OCC#C[Si](C)(C)C(C)(C)C)[C@@H]2C=C[C@@H]1C2,ester,Ambeed,monoalcohol,170.328,False,,0,15.1856,3.2254,5.7128,0,True,2,True,0,0,0,True,,15.428666114262342,3.531290566173597,3.844000648382619,519.4812299642173,12.80338804504114,4.9828040497868535,5.5634613500902175,0.0,6.0,,gc_formula_si,"Si monomer: HSP NOT reliable (Si groups fitted on 51 HSPiP Si compounds, only 7 measured, all much smaller than the monomers)",0.0,15.428666114262342,15.428666114262342,3.531290566173597,3.531290566173597,3.844000648382619,3.844000648382619,2,Si,Ambeed,https://www.ambeed.com/products/120789-51-7.html,40.427131423955935,2.2711871586492096,5.036981049174241,0.7195687213106058,5.503021443648152,1.1006042887296306,7.5517434477084056,1.0788204925297722,8.053374899706125,-15.741376196471363,-15.115956032053319,0,Si: HSP unreliable
CC[Si](CC)(CC)CCO,CC[Si](CC)(CC)CCOC(=O)[C@@H]1[C@H](C(=O)OCC[Si](CC)(CC)CC)[C@@H]2C=C[C@@H]1C2,ester,Ambeed,monoalcohol,160.333,False,,0,16.1953,0.6326,4.2902,0,True,2,True,0,0,0,True,,15.6886278326158,2.836226913824172,3.6418247116883222,501.4805476185334,15.107807207349865,1.6110615679829412,3.334952166441276,0.0,2.0,,gc_formula_si,"Si monomer: HSP NOT reliable (Si groups fitted on 51 HSPiP Si compounds, only 7 measured, all much smaller than the monomers)",0.0,15.6886278326158,15.6886278326158,2.836226913824172,2.836226913824172,3.6418247116883222,3.6418247116883222,2,Si,Ambeed,https://www.ambeed.com/products/2916-67-8.html,40.839708132197856,2.294365625404374,4.734553653490776,0.6763648076415395,4.775162200969987,0.9550324401939975,7.552129211348784,1.0788756016212548,9.210576207103307,-16.494225630479953,-14.883030034751648,0,Si: HSP unreliable
C=CCC1(O)C(C(OCC)OCC)C[C@@H]2[C@H]3C[C@@H](C)[C@@H](CC)[C@@H]3[C@H](O[Si](C)(C)C(C)(C)C)C[C@@H]21,C=CCC1(OC(=O)[C@@H]2[C@H](C(=O)OC3(CC=C)C(C(OCC)OCC)C[C@@H]4[C@H]5C[C@@H](C)[C@@H](CC)[C@@H]5[C@H](O[Si](C)(C)C(C)(C)C)C[C@@H]43)[C@@H]3C=C[C@@H]2C3)C(C(OCC)OCC)C[C@@H]2[C@H]3C[C@@H](C)[C@@H](CC)[C@@H]3[C@H](O[Si](C)(C)C(C)(C)C)C[C@@H]21,ester,Sigma-Aldrich,monoalcohol,494.833,False,,0,15.4068,-3.5522,8.8362,4,True,2,True,0,4,6,True,,15.937817587064046,2.922493904253165,2.593157650737872,1214.7397191083398,9.89455073507097,2.3466928080367184,2.198465388502929,0.0,12.0,,gc_formula_si,"Si monomer: HSP NOT reliable (Si groups fitted on 51 HSPiP Si compounds, only 7 measured, all much smaller than the monomers)",0.0,15.937817587064046,15.937817587064046,2.922493904253165,2.922493904253165,2.593157650737872,2.593157650737872,2,Si,Sigma-Aldrich,https://www.sigmaaldrich.com/catalog/product/aldrich/t230782,41.814127181989846,2.349108268651115,4.824535621889208,0.6892193745556011,3.973681117419679,0.7947362234839358,7.563021098105059,1.08043158544358,10.422166032073008,-15.608481333548752,-16.26715384057934,0,Si: HSP unreliable
C=C1/C(=C/C=C2\CCC[C@]3(C)[C@@H]([C@H](C)/C=C/[C@@H](O)C4CC4)CC[C@@H]23)C[C@@H](O[Si](C)(C)C(C)(C)C)C[C@@H]1O[Si](C)(C)C(C)(C)C,C=C1/C(=C/C=C2\CCC[C@]3(C)[C@@H]([C@H](C)/C=C/[C@@H](OC(=O)[C@@H]4[C@H](C(=O)O[C@H](/C=C/[C@@H](C)[C@H]5CC[C@H]6/C(=C/C=C7\C[C@@H](O[Si](C)(C)C(C)(C)C)C[C@H](O[Si](C)(C)C(C)(C)C)C7=C)CCC[C@]56C)C5CC5)[C@@H]5C=C[C@@H]4C5)C4CC4)CC[C@@H]23)C[C@@H](O[Si](C)(C)C(C)(C)C)C[C@@H]1O[Si](C)(C)C(C)(C)C,ester,Ambeed,monoalcohol,641.142,False,,0,17.61,-8.8278,12.4476,0,True,4,True,0,8,4,True,,16.300553065042134,1.998418416593913,1.25753797828922,1520.1028125615348,12.956664592017924,0.0,0.0,0.0,16.0,,gc_formula_si,"Si monomer: HSP NOT reliable (Si groups fitted on 51 HSPiP Si compounds, only 7 measured, all much smaller than the monomers)",0.0,16.300553065042134,16.300553065042134,1.998418416593913,1.998418416593913,1.25753797828922,1.25753797828922,4,Si,Ambeed,https://www.ambeed.com/products/112849-27-1.html,43.39460238877805,2.4378990106055083,5.532437163405083,0.7903481662007261,2.361160553233351,0.4722321106466702,7.578324843351512,1.0826178347645017,13.044596670159002,-15.559672626737443,-17.041433503346827,0,Si: HSP unreliable
CC(C)(C)[Si](C)(C)OC1CCC(CO)CC1,CC(C)(C)[Si](C)(C)OC1CCC(COC(=O)[C@@H]2[C@H](C(=O)OCC3CCC(O[Si](C)(C)C(C)(C)C)CC3)[C@@H]3C=C[C@@H]2C3)CC1,ester,Combi-Blocks,monoalcohol,244.451,False,,0,17.725,-2.8378,4.95,0,True,2,True,0,0,2,True,,15.960039439274064,2.97601156197214,2.48083895809043,657.9301628562957,14.015865143819502,2.8278758488829263,1.2802069642397873,0.0,8.0,,gc_formula_si,"Si monomer: HSP NOT reliable (Si groups fitted on 51 HSPiP Si compounds, only 7 measured, all much smaller than the monomers)",0.0,15.960039439274064,15.960039439274064,2.97601156197214,2.97601156197214,2.48083895809043,2.48083895809043,2,Si,Combi-Blocks,https://www.combi-blocks.com/cgi-bin/find.cgi?OT-5615,41.90508806885105,2.3542184308343286,4.848804748667578,0.6926863926667969,3.9336369283866857,0.7867273856773371,7.5843678270150185,1.0834811181450026,10.503188919211494,-15.464866835392353,-16.455212043155775,0,Si: HSP unreliable
C=CC(O)[Si](C)(C)C,C=CC(OC(=O)[C@@H]1[C@H](C(=O)OC(C=C)[Si](C)(C)C)[C@@H]2C=C[C@@H]1C2)[Si](C)(C)C,ester,Sigma-Aldrich,monoalcohol,130.263,False,,0,15.9948,7.6636,5.9034,4,True,2,True,0,2,0,True,,15.344273185856038,3.489718500585613,4.182348596344444,448.98224346448177,13.504605557226691,4.2885376325741,4.1467995562969575,0.0,12.0,,gc_formula_si,"Si monomer: HSP NOT reliable (Si groups fitted on 51 HSPiP Si compounds, only 7 measured, all much smaller than the monomers)",0.0,15.344273185856038,15.344273185856038,3.489718500585613,3.489718500585613,4.182348596344444,4.182348596344444,2,Si,Sigma-Aldrich,https://www.sigmaaldrich.com/catalog/product/aldrich/r173983,40.11931573553776,2.2538941424459416,5.101657855358375,0.7288082650511963,5.772679617627235,1.1545359235254469,7.592028564252297,1.0845755091788996,7.67220608892598,-16.03690328161487,-14.651643090097206,0,Si: HSP unreliable
CC(C)[Si](OC/C=C(\CO[Si](C(C)C)(C(C)C)C(C)C)C(O)[C@@H]1OC(C)(C)O[C@H]1COCc1ccccc1)(C(C)C)C(C)C,CC(C)[Si](OC/C=C(\CO[Si](C(C)C)(C(C)C)C(C)C)C(OC(=O)[C@@H]1[C@H](C(=O)OC(/C(=C/CO[Si](C(C)C)(C(C)C)C(C)C)CO[Si](C(C)C)(C(C)C)C(C)C)[C@@H]2OC(C)(C)O[C@H]2COCc2ccccc2)[C@@H]2C=C[C@@H]1C2)[C@@H]1OC(C)(C)O[C@H]1COCc1ccccc1)(C(C)C)C(C)C,ester,Sigma-Aldrich,monoalcohol,651.09,False,,0,17.3585,-4.2108,12.3118,0,True,4,True,0,2,0,True,,15.94209119856359,2.9567021594667997,2.632312071402763,1521.3640391652432,11.674503809553729,5.603083039902742,7.685589158828653,0.0,8.0,,gc_formula_si,"Si monomer: HSP NOT reliable (Si groups fitted on 51 HSPiP Si compounds, only 7 measured, all much smaller than the monomers)",0.0,15.94209119856359,15.94209119856359,2.9567021594667997,2.9567021594667997,2.632312071402763,2.632312071402763,4,Si,Sigma-Aldrich,https://www.sigmaaldrich.com/catalog/product/aldrich/t257001,41.766432247306284,2.3464287779385553,4.787561522277957,0.6839373603254224,4.022878240965159,0.8045756481930318,7.597089959995363,1.0852985657136232,10.353076967694028,-15.617701110499553,-16.266481286627627,0,Si: HSP unreliable
CC(C)(C)[Si](C)(C)OCCCCC#CCCO,CC(C)(C)[Si](C)(C)OCCCCC#CCCOC(=O)[C@@H]1[C@H](C(=O)OCCC#CCCCCO[Si](C)(C)C(C)(C)C)[C@@H]2C=C[C@@H]1C2,ester,Sigma-Aldrich,monoalcohol,256.462,False,,0,15.5348,-2.2102,4.784,0,True,2,True,0,0,0,True,,15.65191899976238,3.439397862857333,3.3261524727821987,697.5709843759311,12.294739282388411,6.012124998056997,5.161569609980185,0.0,8.0,,gc_formula_si,"Si monomer: HSP NOT reliable (Si groups fitted on 51 HSPiP Si compounds, only 7 measured, all much smaller than the monomers)",0.0,15.65191899976238,15.65191899976238,3.439397862857333,3.439397862857333,3.3261524727821987,3.3261524727821987,2,Si,Sigma-Aldrich,https://www.sigmaaldrich.com/catalog/product/aldrich/t283347,40.94901506327557,2.3005064642289645,4.836814585515841,0.6909735122165487,4.957094296329121,0.9914188592658242,7.599213844593088,1.0856019777990125,8.886368664122848,-15.538673609687244,-15.765164389837516,0,Si: HSP unreliable
C=C1[C@H]2C[C@@](C)(CO)C[C@H]2C[C@]2(C)CC[C@]12O[Si](C)(C)C(C)(C)C,C=C1[C@H]2C[C@@](C)(COC(=O)[C@@H]3[C@H](C(=O)OC[C@@]4(C)C[C@H]5C[C@]6(C)CC[C@]6(O[Si](C)(C)C(C)(C)C)C(=C)[C@H]5C4)[C@@H]4C=C[C@@H]3C4)C[C@H]2C[C@]2(C)CC[C@]12O[Si](C)(C)C(C)(C)C,ester,Sigma-Aldrich,monoalcohol,350.619,False,,0,19.8473,3.1594,8.985,0,True,2,True,0,4,2,True,,16.283948898580007,1.8362234268673008,1.764164992263717,840.370582580905,14.38021913695774,2.6229850669769608,1.0345339790095915,0.0,8.0,,gc_formula_si,"Si monomer: HSP NOT reliable (Si groups fitted on 51 HSPiP Si compounds, only 7 measured, all much smaller than the monomers)",0.0,16.283948898580007,16.283948898580007,1.8362234268673008,1.8362234268673008,1.764164992263717,1.764164992263717,2,Si,Sigma-Aldrich,https://www.sigmaaldrich.com/catalog/product/aldrich/t230391,42.96771799956777,2.413916741548751,5.235387351219239,0.7479124787456055,2.5465712526321176,0.5093142505264235,7.606757089840357,1.0866795842629082,12.683560479448989,-16.211890463976424,-16.35600733318359,0,Si: HSP unreliable
CC(O)[C@@H](C)CCC#C[Si](C)(C)C,CC(OC(=O)[C@@H]1[C@H](C(=O)OC(C)[C@@H](C)CCC#C[Si](C)(C)C)[C@@H]2C=C[C@@H]1C2)[C@@H](C)CCC#C[Si](C)(C)C,ester,Sigma-Aldrich,monoalcohol,198.382,False,,0,13.3984,-0.3704,5.5256,0,True,2,True,0,0,0,True,,15.495255180868376,3.4742708321405704,3.828232865482753,614.6920695874237,12.3949855877562,5.645226855429788,4.982549618736586,0.0,8.0,,gc_formula_si,"Si monomer: HSP NOT reliable (Si groups fitted on 51 HSPiP Si compounds, only 7 measured, all much smaller than the monomers)",0.0,15.495255180868376,15.495255180868376,3.4742708321405704,3.4742708321405704,3.828232865482753,3.828232865482753,2,Si,Sigma-Aldrich,https://www.sigmaaldrich.com/catalog/product/aldrich/t267953,40.45949638456119,2.2730054148629883,4.921731951424675,0.7031045644892393,5.4144604147691195,1.082892082953824,7.614442250888179,1.087777464412597,8.192751483245054,-15.84921721421056,-15.141293147526191,0,Si: HSP unreliable
C=C[C@@H](C)[C@H](OCOCCOC)C1OC1C(O)CC[C@H](C#C[Si](C)(C)C)O[Si](C)(C)C(C)(C)C,C=C[C@@H](C)[C@H](OCOCCOC)C1OC1C(CC[C@H](C#C[Si](C)(C)C)O[Si](C)(C)C(C)(C)C)OC(=O)[C@@H]1[C@H](C(=O)OC(CC[C@H](C#C[Si](C)(C)C)O[Si](C)(C)C(C)(C)C)C2OC2[C@@H](OCOCCOC)[C@H](C)C=C)[C@@H]2C=C[C@@H]1C2,ester,Sigma-Aldrich,monoalcohol,514.852,False,,0,17.5329,8.5142,7.2974,4,True,4,True,0,2,0,True,,15.45706273248243,3.8535105581709823,3.5862538761347897,1250.463630110829,0.0,12.4659883453808,11.18842628786272,0.0,20.0,,gc_formula_si,"Si monomer: HSP NOT reliable (Si groups fitted on 51 HSPiP Si compounds, only 7 measured, all much smaller than the monomers)",0.0,15.45706273248243,15.45706273248243,3.8535105581709823,3.8535105581709823,3.5862538761347897,3.5862538761347897,4,Si,Sigma-Aldrich,https://www.sigmaaldrich.com/catalog/product/aldrich/t262617,40.57460682667571,2.279472293633467,5.061818413663362,0.7231169162376231,5.527470799009886,1.1054941598019772,7.623407383145741,1.0890581975922486,8.017298298176659,-15.18980605044624,-15.724319414518622,0,Si: HSP unreliable
CC(C)(O)C#C[Si](C)(C)C,CC(C)(C#C[Si](C)(C)C)OC(=O)[C@@H]1[C@H](C(=O)OC(C)(C)C#C[Si](C)(C)C)[C@@H]2C=C[C@@H]1C2,ester,Sigma-Aldrich,monoalcohol,156.301,False,,0,11.4186,-1.1214,5.7128,0,True,2,True,0,0,0,True,,15.222554377357495,3.836778622510895,4.239639127154373,532.0318768593521,12.125876078780006,5.958874404291922,5.266182801835903,0.0,8.0,,gc_formula_si,"Si monomer: HSP NOT reliable (Si groups fitted on 51 HSPiP Si compounds, only 7 measured, all much smaller than the monomers)",0.0,15.222554377357495,15.222554377357495,3.836778622510895,3.836778622510895,4.239639127154373,4.239639127154373,2,Si,Sigma-Aldrich,https://www.sigmaaldrich.com/catalog/product/aldrich/s943215,39.96051711806467,2.244972871801386,5.307109403723261,0.7581584862461801,6.110561873155437,1.2221123746310876,7.625518505226824,1.089359786460975,7.146136627692227,-15.625414882000971,-14.819693872714016,0,Si: HSP unreliable
COCO[C@H]1CC[C@@]2(C)[C@H](O)CC3CC=C(O[Si](C)(C)C(C)(C)C)C(C[C@@H]2[C@]1(O)O[Si](C)(C)C(C)(C)C)C3(C)C,COCO[C@H]1CC[C@@]2(C)[C@H](OC(=O)[C@@H]3[C@H](C(=O)O[C@@H]4CC5CC=C(O[Si](C)(C)C(C)(C)C)C(C[C@H]6[C@@]4(C)CC[C@H](OCOC)[C@@]6(O)O[Si](C)(C)C(C)(C)C)C5(C)C)[C@@H]4C=C[C@@H]3C4)CC3CC=C(O[Si](C)(C)C(C)(C)C)C(C[C@@H]2[C@]1(O)O[Si](C)(C)C(C)(C)C)C3(C)C,ester,Sigma-Aldrich,diol,599.014,False,,0,19.0075,-12.9078,11.0854,0,True,4,True,0,0,4,True,,15.889243185308716,2.795799545518724,3.1123710299781666,1370.3222164735205,8.66238353388665,6.563474280039007,3.75516773612555,0.0,16.0,,gc_formula_si,"Si monomer: HSP NOT reliable (Si groups fitted on 51 HSPiP Si compounds, only 7 measured, all much smaller than the monomers)",0.0,15.889243185308716,15.889243185308716,2.795799545518724,2.795799545518724,3.1123710299781666,3.1123710299781666,4,Si,Sigma-Aldrich,https://www.sigmaaldrich.com/catalog/product/aldrich/t257621,41.35972938697079,2.3235803026388084,4.639396206589916,0.6627708866557024,4.263593926516851,0.8527187853033702,7.628134562730421,1.0897335089614886,9.981072609811825,-16.20581466976816,-15.572671700849273,0,Si: HSP unreliable
COCO[C@](C)(CCCO)CO[Si](C)(C)C(C)(C)C,COCO[C@](C)(CCCOC(=O)[C@@H]1[C@H](C(=O)OCCC[C@](C)(CO[Si](C)(C)C(C)(C)C)OCOC)[C@@H]2C=C[C@@H]1C2)CO[Si](C)(C)C(C)(C)C,ester,Sigma-Aldrich,monoalcohol,292.492,False,,0,15.9068,8.5696,6.5486,0,True,2,True,0,0,0,True,,15.529001944776253,3.584518686739706,3.662331117888186,746.8011155252781,11.63974631024488,5.967247362084944,5.257614066093916,0.0,8.0,,gc_formula_si,"Si monomer: HSP NOT reliable (Si groups fitted on 51 HSPiP Si compounds, only 7 measured, all much smaller than the monomers)",0.0,15.529001944776253,15.529001944776253,3.584518686739706,3.584518686739706,3.662331117888186,3.662331117888186,2,Si,Sigma-Aldrich,https://www.sigmaaldrich.com/catalog/product/aldrich/t272450,40.58345718805669,2.279969504947005,4.909815072547917,0.701402153221131,5.351560093773916,1.0703120187547832,7.633770460711376,1.0905386372444823,8.28215214014836,-15.606814375924731,-15.451189513627774,0,Si: HSP unreliable
C=C(CCO)[Si](C)(C)C,C=C(CCOC(=O)[C@@H]1[C@H](C(=O)OCCC(=C)[Si](C)(C)C)[C@@H]2C=C[C@@H]1C2)[Si](C)(C)C,ester,Sigma-Aldrich,monoalcohol,144.29,False,,0,15.0035,1.9868,6.0262,0,True,2,True,0,2,0,True,,15.538326066310004,3.267473657281698,3.9318487414821406,461.1552097443464,13.757787305345364,4.797109185071769,4.499636361025301,0.0,8.0,,gc_formula_si,"Si monomer: HSP NOT reliable (Si groups fitted on 51 HSPiP Si compounds, only 7 measured, all much smaller than the monomers)",0.0,15.538326066310004,15.538326066310004,3.267473657281698,3.267473657281698,3.9318487414821406,3.9318487414821406,2,Si,Sigma-Aldrich,https://www.sigmaaldrich.com/catalog/product/aldrich/t214426,40.42571129385303,2.2711073760591587,4.829064492544583,0.6898663560777976,5.334454738019219,1.0668909476038437,7.639384665122174,1.0913406664460248,8.339003667546166,-16.202701150510446,-14.87395098210956,0,Si: HSP unreliable
C[Si](C)(C)CCCCO,C[Si](C)(C)CCCCOC(=O)[C@@H]1[C@H](C(=O)OCCCC[Si](C)(C)C)[C@@H]2C=C[C@@H]1C2,ester,Sigma-Aldrich,monoalcohol,146.306,False,,0,16.1663,5.779,4.5224,0,True,2,True,0,0,0,True,,15.636048585655288,3.18864907367076,3.744758707403813,467.8527677714464,14.37717134998472,3.831007972181966,3.002361925750062,0.0,8.0,,gc_formula_si,"Si monomer: HSP NOT reliable (Si groups fitted on 51 HSPiP Si compounds, only 7 measured, all much smaller than the monomers)",0.0,15.636048585655288,15.636048585655288,3.18864907367076,3.18864907367076,3.744758707403813,3.744758707403813,2,Si,Sigma-Aldrich,https://www.sigmaaldrich.com/catalog/product/aldrich/s827878,40.62894756892561,2.2825251443216636,4.724154424889402,0.6748792035556289,5.094509457655314,1.0189018915310628,7.659779754079863,1.0942542505828377,8.702640804580716,-16.19215821938834,-15.079938951922236,0,Si: HSP unreliable
CC(C)(C)C1CC=C([Si](C)(C)C)[C@@H](O)C1,CC(C)(C)C1CC=C([Si](C)(C)C)[C@@H](OC(=O)[C@@H]2[C@H](C(=O)O[C@H]3CC(C(C)(C)C)CC=C3[Si](C)(C)C)[C@@H]3C=C[C@@H]2C3)C1,ester,Sigma-Aldrich,monoalcohol,226.436,False,,0,15.018,-1.1626,6.7644,0,True,2,True,0,0,2,True,,15.919424915619295,2.5602433071643405,3.280515570028834,644.5170682733482,14.189759917421265,2.9498897470062544,3.758710161911608,0.0,8.0,,gc_formula_si,"Si monomer: HSP NOT reliable (Si groups fitted on 51 HSPiP Si compounds, only 7 measured, all much smaller than the monomers)",0.0,15.919424915619295,15.919424915619295,2.5602433071643405,2.5602433071643405,3.280515570028834,3.280515570028834,2,Si,Sigma-Aldrich,https://www.sigmaaldrich.com/catalog/product/aldrich/t202967,41.27772879147728,2.318973527611083,4.568075056613711,0.6525821509448159,4.230363787724045,0.8460727575448089,7.666512593501863,1.0952160847859804,10.078666038426121,-16.639697178483786,-15.199152652754803,0,Si: HSP unreliable
C=C(CO)[Si](C)(C)C,C=C(COC(=O)[C@@H]1[C@H](C(=O)OCC(=C)[Si](C)(C)C)[C@@H]2C=C[C@@H]1C2)[Si](C)(C)C,ester,Sigma-Aldrich,monoalcohol,130.263,False,,0,14.9716,2.259,6.2584,0,True,2,True,0,2,0,True,,15.467032460339116,3.4070016070226825,4.085870448623246,427.6654479419704,13.77618135259,4.899861568333958,4.5817625362540895,0.0,8.0,,gc_formula_si,"Si monomer: HSP NOT reliable (Si groups fitted on 51 HSPiP Si compounds, only 7 measured, all much smaller than the monomers)",0.0,15.467032460339116,15.467032460339116,3.4070016070226825,3.4070016070226825,4.085870448623246,4.085870448623246,2,Si,Sigma-Aldrich,https://www.sigmaaldrich.com/catalog/product/aldrich/t225495,40.23565152112763,2.2604298607375073,4.900383655184631,0.7000548078835187,5.574705100873292,1.1149410201746583,7.676449167386523,1.096635595340932,7.974160404693187,-16.14590130193968,-14.788163618738551,0,Si: HSP unreliable
C=C(CO)C[Si](C)(C)C,C=C(COC(=O)[C@@H]1[C@H](C(=O)OCC(=C)C[Si](C)(C)C)[C@@H]2C=C[C@@H]1C2)C[Si](C)(C)C,ester,Sigma-Aldrich,monoalcohol,144.29,False,,0,14.5705,2.9172,5.4738,0,True,2,True,0,0,0,True,,15.594397245002964,3.2773560857918707,3.837605543778485,459.36735024154274,13.763549285035843,4.538377648484048,4.357464342815166,0.0,8.0,,gc_formula_si,"Si monomer: HSP NOT reliable (Si groups fitted on 51 HSPiP Si compounds, only 7 measured, all much smaller than the monomers)",0.0,15.594397245002964,15.594397245002964,3.2773560857918707,3.2773560857918707,3.837605543778485,3.837605543778485,2,Si,Sigma-Aldrich,https://www.sigmaaldrich.com/catalog/product/aldrich/t296767,40.51243141102707,2.2759792927543296,4.754994723801333,0.6792849605430475,5.24020803157222,1.048041606314444,7.6797409377035235,1.0971058482433604,8.479435615432608,-16.15464670298958,-15.03414778701635,0,Si: HSP unreliable
COC1=C(C)C2CC(O)(C3=C[C@H](O[Si](C)(C)C(C)(C)C)[C@@H](O[Si](C)(C)C(C)(C)C)[C@H](C)O3)C1CC2(C)C,COC1=C(C)C2CC(OC(=O)[C@@H]3[C@H](C(=O)OC4(C5=C[C@H](O[Si](C)(C)C(C)(C)C)[C@@H](O[Si](C)(C)C(C)(C)C)[C@H](C)O5)CC5C(C)=C(OC)C4CC5(C)C)[C@@H]4C=C[C@@H]3C4)(C3=C[C@H](O[Si](C)(C)C(C)(C)C)[C@@H](O[Si](C)(C)C(C)(C)C)[C@H](C)O3)C1CC2(C)C,ester,Sigma-Aldrich,monoalcohol,552.945,False,,0,14.2926,-15.8044,9.143,0,True,4,True,0,0,6,True,,15.82941326349812,3.3046634872329315,2.9890464527453937,1328.143720501084,4.954245265939315,6.283309489225473,2.207937781684147,0.0,16.0,,gc_formula_si,"Si monomer: HSP NOT reliable (Si groups fitted on 51 HSPiP Si compounds, only 7 measured, all much smaller than the monomers)",0.0,15.82941326349812,15.82941326349812,3.3046634872329315,3.3046634872329315,2.9890464527453937,2.9890464527453937,4,Si,Sigma-Aldrich,https://www.sigmaaldrich.com/catalog/product/aldrich/t233382,41.31533238834562,2.3210860892329,4.710855721014249,0.6729793887163212,4.554229568961835,0.910845913792367,7.682975267144374,1.0975678953063392,9.535703323519794,-15.513796229010582,-16.145030297985656,0,Si: HSP unreliable
CC(C)(C)N[Si](C)(C)C,CC(C)(C)N(C(=O)[C@@H]1[C@H](C(=O)N(C(C)(C)C)[Si](C)(C)C)[C@@H]2C=C[C@@H]1C2)[Si](C)(C)C,amide,Sigma-Aldrich,monoamine,145.322,False,,0,14.8318,3.466,3.2521,0,True,2,True,0,0,0,True,,15.250342909513456,4.893355515798072,3.0225028683829622,485.4623725764796,13.15928894795766,2.2488778366780657,4.724626034633356,0.0,10.0,,gc_formula_si,"Si monomer: HSP NOT reliable (Si groups fitted on 51 HSPiP Si compounds, only 7 measured, all much smaller than the monomers)",0.0,15.250342909513456,15.250342909513456,4.893355515798072,4.893355515798072,3.0225028683829622,3.0225028683829622,2,Si,Sigma-Aldrich,https://www.sigmaaldrich.com/catalog/product/aldrich/369330?utm_source=pubchem&utm_campaign=pubchem_2017&utm_medium=referral,40.820688961284795,2.293297132656449,5.755671319160811,0.8222387598801159,6.122709516530191,1.224541903306038,7.6874864304138395,1.0982123472019771,7.334484525332422,-13.379490262098345,-17.121195556928566,0,Si: HSP unreliable
C[Si](C)(C)CCCO,C[Si](C)(C)CCCOC(=O)[C@@H]1[C@H](C(=O)OCCC[Si](C)(C)C)[C@@H]2C=C[C@@H]1C2,ester,Sigma-Aldrich,monoalcohol,132.279,False,,0,16.1377,6.4072,4.7546,0,True,2,True,0,0,0,True,,15.57384020143564,3.3234263127146275,3.889517416450148,434.3630059690703,14.394449286868728,3.9337603554441554,3.0844881009788505,0.0,8.0,,gc_formula_si,"Si monomer: HSP NOT reliable (Si groups fitted on 51 HSPiP Si compounds, only 7 measured, all much smaller than the monomers)",0.0,15.57384020143564,15.57384020143564,3.3234263127146275,3.3234263127146275,3.889517416450148,3.889517416450148,2,Si,Sigma-Aldrich,https://www.sigmaaldrich.com/catalog/product/aldrich/233803?utm_source=pubchem&utm_campaign=pubchem_2017&utm_medium=referral,40.44851668790531,2.2723885779722086,4.769616458769375,0.6813737798241963,5.318151972360051,1.0636303944720102,7.694760438276396,1.0992514911823423,8.360896472270865,-16.13993130517116,-15.00774909770012,0,Si: HSP unreliable
CC(C)(C)[Si](C)(C)OCC#CCO,CC(C)(C)[Si](C)(C)OCC#CCOC(=O)[C@@H]1[C@H](C(=O)OCC#CCO[Si](C)(C)C(C)(C)C)[C@@H]2C=C[C@@H]1C2,ester,Combi-Blocks,monoalcohol,200.354,False,,0,15.4131,4.8518,5.7128,0,True,2,True,0,0,0,True,,15.463358504026427,3.863949586668237,3.7103321546726566,563.611937166427,12.380741035387814,6.423134531105753,5.49007431089534,0.0,8.0,,gc_formula_si,"Si monomer: HSP NOT reliable (Si groups fitted on 51 HSPiP Si compounds, only 7 measured, all much smaller than the monomers)",0.0,15.463358504026427,15.463358504026427,3.863949586668237,3.863949586668237,3.7103321546726566,3.7103321546726566,2,Si,Combi-Blocks,https://www.combi-blocks.com/cgi-bin/find.cgi?HD-9882,40.45307842976267,2.272644855604644,5.0043765397622195,0.7149109342517457,5.612178460941088,1.1224356921882177,7.696835193338376,1.099547884762625,7.889076762685534,-15.309741072030846,-15.616975936022008,0,Si: HSP unreliable
C[Si](C)(C)C/C=C/O,C[Si](C)(C)C/C=C/OC(=O)[C@@H]1[C@H](C(=O)O/C=C/C[Si](C)(C)C)[C@@H]2C=C[C@@H]1C2,ester,Sigma-Aldrich,monoalcohol,130.263,False,,0,15.6308,1.4876,5.1188,2,True,2,True,0,0,0,True,,15.62539913512706,3.272522767698265,3.7910902672855302,432.9158676014622,14.955790056840478,4.049941944754034,3.3469229792659903,0.0,10.0,,gc_formula_si,"Si monomer: HSP NOT reliable (Si groups fitted on 51 HSPiP Si compounds, only 7 measured, all much smaller than the monomers)",0.0,15.62539913512706,15.62539913512706,3.272522767698265,3.272522767698265,3.7910902672855302,3.7910902672855302,2,Si,Sigma-Aldrich,https://www.sigmaaldrich.com/catalog/product/aldrich/376310?utm_source=pubchem&utm_campaign=pubchem_2017&utm_medium=referral,40.55844801361946,2.278564495147161,4.714833595965807,0.6735476565665438,5.186724977031254,1.0373449954062508,7.70153303433928,1.1002190049056115,8.561786100143264,-16.143966634714324,-15.106831635539795,0,Si: HSP unreliable
CC(C)(C)[Si](C)(C)OCCOCCO,CC(C)(C)[Si](C)(C)OCCOCCOC(=O)[C@@H]1[C@H](C(=O)OCCOCCO[Si](C)(C)C(C)(C)C)[C@@H]2C=C[C@@H]1C2,ester,Ambeed,monoalcohol,220.385,False,,0,15.5078,7.7604,6.1828,0,True,2,True,0,0,0,True,,15.456364566325448,3.868713410077376,3.7435259314055074,593.9345444878892,12.545990371700096,6.160488684463807,5.019528557690975,0.0,8.0,,gc_formula_si,"Si monomer: HSP NOT reliable (Si groups fitted on 51 HSPiP Si compounds, only 7 measured, all much smaller than the monomers)",0.0,15.456364566325448,15.456364566325448,3.868713410077376,3.868713410077376,3.7435259314055074,3.7435259314055074,2,Si,Ambeed,https://www.ambeed.com/products/131326-39-1.html,40.42001265627367,2.270787227880543,5.005665608912916,0.7150950869875594,5.641614381382602,1.1283228762765203,7.70526523478562,1.1007521763979458,7.844125224842564,-15.331177087653579,-15.581552044997316,0,Si: HSP unreliable
CCO[Si](CCCNCCC[Si](OCC)(OCC)OCC)(OCC)OCC,CCO[Si](CCCN(CCC[Si](OCC)(OCC)OCC)C(=O)[C@@H]1[C@H](C(=O)N(CCC[Si](OCC)(OCC)OCC)CCC[Si](OCC)(OCC)OCC)[C@@H]2C=C[C@@H]1C2)(OCC)OCC,amide,Ambeed,monoamine,425.715,False,,0,18.9612,8.7696,4.7652,0,True,4,True,0,0,0,True,,15.368022690878036,4.982543238850227,2.501358544321969,991.1889346056898,10.00646144539477,8.162844011408582,2.963194821673224,0.0,16.0,,gc_formula_si,"Si monomer: HSP NOT reliable (Si groups fitted on 51 HSPiP Si compounds, only 7 measured, all much smaller than the monomers)",0.0,15.368022690878036,15.368022690878036,4.982543238850227,4.982543238850227,2.501358544321969,2.501358544321969,4,Si,Ambeed,https://www.ambeed.com/products/13497-18-2.html,41.296318083358365,2.3200178698515934,5.8156517237561305,0.8308073891080187,5.878508187723949,1.17570163754479,7.717247696583604,1.1024639566548005,7.884120907705839,-12.88683799634978,-17.84920738540629,0,Si: HSP unreliable
CC1(C)C2CC=C(O[Si](C)(C)C(C)(C)C)C1(O)CC[C@@H]1[C@H](O[Si](C)(C)C(C)(C)C)CCC[C@@]1(C)C(=O)C2,CC1(C)C2CC=C(O[Si](C)(C)C(C)(C)C)C1(OC(=O)[C@@H]1[C@H](C(=O)OC34CC[C@@H]5[C@H](O[Si](C)(C)C(C)(C)C)CCC[C@@]5(C)C(=O)CC(CC=C3O[Si](C)(C)C(C)(C)C)C4(C)C)[C@@H]3C=C[C@@H]1C3)CC[C@@H]1[C@H](O[Si](C)(C)C(C)(C)C)CCC[C@@]1(C)C(=O)C2,ester,Sigma-Aldrich,monoalcohol,550.973,False,,0,14.5241,-13.9398,9.4854,0,True,4,True,0,0,4,True,,15.9140025949357,3.622876339197062,2.2626729004652866,1346.553197167932,11.108796495083809,4.387003449092667,1.8375051827533675,0.0,16.0,,gc_formula_si,"Si monomer: HSP NOT reliable (Si groups fitted on 51 HSPiP Si compounds, only 7 measured, all much smaller than the monomers)",0.0,15.9140025949357,15.9140025949357,3.622876339197062,3.622876339197062,2.2626729004652866,2.2626729004652866,4,Si,Sigma-Aldrich,https://www.sigmaaldrich.com/catalog/product/aldrich/t247685,41.91498949044838,2.354774690474628,4.978456499799487,0.7112080713999267,4.3406102808797975,0.8681220561759595,7.717782864568528,1.1025404092240754,10.028453355273353,-14.553799156203922,-17.274206033667475,0,Si: HSP unreliable
CC(=O)C[C@@H](O)C[C@H](COCOCC[Si](C)(C)C)O[Si](C)(C)C(C)(C)C,CC(=O)C[C@H](C[C@H](COCOCC[Si](C)(C)C)O[Si](C)(C)C(C)(C)C)OC(=O)[C@@H]1[C@H](C(=O)O[C@H](CC(C)=O)C[C@H](COCOCC[Si](C)(C)C)O[Si](C)(C)C(C)(C)C)[C@@H]2C=C[C@@H]1C2,ester,Sigma-Aldrich,monoalcohol,406.712,False,,0,14.3444,10.3566,6.699,0,True,4,True,0,0,0,True,,15.32021802558377,4.435532899201298,3.538172710171317,1022.8968115035065,7.477357131604886,10.396274939072912,7.296952327520347,0.0,16.0,,gc_formula_si,"Si monomer: HSP NOT reliable (Si groups fitted on 51 HSPiP Si compounds, only 7 measured, all much smaller than the monomers)",0.0,15.32021802558377,15.32021802558377,4.435532899201298,4.435532899201298,3.538172710171317,3.538172710171317,4,Si,Sigma-Aldrich,https://www.sigmaaldrich.com/catalog/product/aldrich/t261211,40.45176683910436,2.2725711707362,5.360301891106706,0.7657574130152438,6.002708480049817,1.2005416960099633,7.7236512242121975,1.1033787463160283,7.346512416211155,-14.422857836553789,-16.217578214613752,0,Si: HSP unreliable
C[Si](C)(C)CCO,C[Si](C)(C)CCOC(=O)[C@@H]1[C@H](C(=O)OCC[Si](C)(C)C)[C@@H]2C=C[C@@H]1C2,ester,Sigma-Aldrich,monoalcohol,118.252,False,,0,16.109,7.0354,3.6211,0,True,2,True,0,0,0,True,,15.500922081994656,3.47411690159547,4.051928298900366,400.87324416669423,14.411697748851706,4.036512738706344,3.16661427620764,0.0,8.0,,gc_formula_si,"Si monomer: HSP NOT reliable (Si groups fitted on 51 HSPiP Si compounds, only 7 measured, all much smaller than the monomers)",0.0,15.500922081994656,15.500922081994656,3.47411690159547,3.47411690159547,4.051928298900366,4.051928298900366,2,Si,Sigma-Aldrich,https://www.sigmaaldrich.com/catalog/product/aldrich/226890?utm_source=pubchem&utm_campaign=pubchem_2017&utm_medium=referral,40.24689726734591,2.261061644232916,4.839558363866624,0.6913654805523749,5.571509065016044,1.1143018130032087,7.737458834979482,1.105351262139926,7.97487688149882,-16.078733479299554,-14.923110684689759,0,Si: HSP unreliable
CC(C)(C)[Si](C)(C)O[C@H]1CCCC12CCC(O)C2,CC(C)(C)[Si](C)(C)O[C@H]1CCCC12CCC(OC(=O)[C@@H]1[C@H](C(=O)OC3CCC4(CCC[C@@H]4O[Si](C)(C)C(C)(C)C)C3)[C@@H]3C=C[C@@H]1C3)C2,ester,Sigma-Aldrich,monoalcohol,270.489,False,,0,17.235,-6.6174,4.986,0,True,2,True,0,0,0,True,,16.094220760029945,2.9055520771750527,2.363464002367848,711.1947703097578,14.592417151769208,3.182571982531492,1.2291594916170692,0.0,8.0,,gc_formula_si,"Si monomer: HSP NOT reliable (Si groups fitted on 51 HSPiP Si compounds, only 7 measured, all much smaller than the monomers)",0.0,16.094220760029945,16.094220760029945,2.9055520771750527,2.9055520771750527,2.363464002367848,2.363464002367848,2,Si,Sigma-Aldrich,https://www.sigmaaldrich.com/catalog/product/aldrich/t287326,42.04525974637742,2.3620932441785065,4.739780163436323,0.6771114519194746,3.767967004377231,0.7535934008754462,7.753136993174953,1.1075909990249933,10.825204680487044,-15.552132685222741,-16.63630883483715,0,Si: HSP unreliable
CCC=C(C(O)CC)[Si](C)(C)C,CCC=C(C(CC)OC(=O)[C@@H]1[C@H](C(=O)OC(CC)C(=CCC)[Si](C)(C)C)[C@@H]2C=C[C@@H]1C2)[Si](C)(C)C,ester,Sigma-Aldrich,monoalcohol,186.371,False,,0,11.8238,-0.8592,7.39,0,True,2,True,0,4,0,True,,15.755524443853034,2.957049274400331,3.744673506503633,579.3082835876957,14.04640349954768,3.425502764977991,4.069648503208057,0.0,8.0,,gc_formula_si,"Si monomer: HSP NOT reliable (Si groups fitted on 51 HSPiP Si compounds, only 7 measured, all much smaller than the monomers)",0.0,15.755524443853034,15.755524443853034,2.957049274400331,2.957049274400331,3.744673506503633,3.744673506503633,2,Si,Sigma-Aldrich,https://www.sigmaaldrich.com/catalog/product/aldrich/t203262,40.704949768009165,2.2867949307870314,4.548609498342213,0.6498013569060304,4.894132671526992,0.9788265343053985,7.753169583433302,1.107595654776186,9.05380166294907,-16.54314867595634,-14.96790021174973,0,Si: HSP unreliable
CCOC(OCC)C1C[C@@H]2[C@H]3C[C@@H](C)[C@@H](CC)[C@@H]3[C@H](O[Si](C)(C)C(C)(C)C)C[C@@H]2C1O,CCOC(OCC)C1C[C@@H]2[C@H]3C[C@@H](C)[C@@H](CC)[C@@H]3[C@H](O[Si](C)(C)C(C)(C)C)C[C@@H]2C1OC(=O)[C@@H]1[C@H](C(=O)OC2C(C(OCC)OCC)C[C@@H]3[C@H]4C[C@@H](C)[C@@H](CC)[C@@H]4[C@H](O[Si](C)(C)C(C)(C)C)C[C@H]23)[C@@H]2C=C[C@@H]1C2,ester,Sigma-Aldrich,monoalcohol,454.768,False,,0,16.705,-3.3184,9.4982,0,True,2,True,0,2,4,True,,16.024539205129457,3.0287845175904926,2.61589259797076,1102.8745356411614,12.295675123100295,2.939576090576539,1.6883149150910894,0.0,8.0,,gc_formula_si,"Si monomer: HSP NOT reliable (Si groups fitted on 51 HSPiP Si compounds, only 7 measured, all much smaller than the monomers)",0.0,16.024539205129457,16.024539205129457,3.0287845175904926,3.0287845175904926,2.61589259797076,2.61589259797076,2,Si,Sigma-Aldrich,https://www.sigmaaldrich.com/catalog/product/aldrich/t230820,41.763397573686014,2.3462582906565177,4.65683755994551,0.6652625085636442,4.039795085911776,0.8079590171823552,7.760584607095352,1.1086549438707647,10.379862089568205,-15.611647285509724,-16.43743112474919,0,Si: HSP unreliable
CC(C)(C)[Si](C)(C)O[C@@H]1C=C[C@H](O)C1,CC(C)(C)[Si](C)(C)O[C@@H]1C=C[C@H](OC(=O)[C@@H]2[C@H](C(=O)O[C@H]3C=C[C@@H](O[Si](C)(C)C(C)(C)C)C3)[C@@H]3C=C[C@@H]2C3)C1,ester,Ambeed,monoalcohol,214.381,False,,0,16.0185,-3.6256,6.722,0,True,2,True,0,0,0,True,,15.844851088665973,3.3391554917857458,3.101070022874036,604.6930136106092,14.129876405710212,4.473276381274693,3.568115415956404,0.0,8.0,,gc_formula_si,"Si monomer: HSP NOT reliable (Si groups fitted on 51 HSPiP Si compounds, only 7 measured, all much smaller than the monomers)",0.0,15.844851088665973,15.844851088665973,3.3391554917857458,3.3391554917857458,3.101070022874036,3.101070022874036,2,Si,Ambeed,https://www.ambeed.com/products/81939-24-4.html,41.19865027044236,2.3145309140697954,4.621670764940987,0.6602386807058552,4.647067549653769,0.9294135099307537,7.767042433553786,1.1095774905076836,9.404625574006191,-15.606765619754263,-16.082936557577682,0,Si: HSP unreliable
C[C@H]1CC[C@@](CO)([Si](C)(C)C)C1,C[C@H]1CC[C@@](COC(=O)[C@@H]2[C@H](C(=O)OC[C@@]3([Si](C)(C)C)CC[C@H](C)C3)[C@@H]3C=C[C@@H]2C3)([Si](C)(C)C)C1,ester,Sigma-Aldrich,monoalcohol,186.371,False,,0,17.0738,3.0156,5.7864,0,True,2,True,0,0,0,True,,15.93678509477521,2.8569035571807517,3.255127614112554,538.7358211837254,14.832814810474405,3.567071626689721,2.3353595760061587,0.0,8.0,,gc_formula_si,"Si monomer: HSP NOT reliable (Si groups fitted on 51 HSPiP Si compounds, only 7 measured, all much smaller than the monomers)",0.0,15.93678509477521,15.93678509477521,2.8569035571807517,2.8569035571807517,3.255127614112554,3.255127614112554,2,Si,Sigma-Aldrich,https://www.sigmaaldrich.com/catalog/product/aldrich/t241881,41.20687040545005,2.314992719407306,4.473676491449673,0.6390966416356676,4.391520692049616,0.8783041384099232,7.788765288428327,1.112680755489761,9.824753923481904,-16.335009151707013,-15.538561037843406,0,Si: HSP unreliable
C[Si](C)(C)CO,C[Si](C)(C)COC(=O)[C@@H]1[C@H](C(=O)OC[Si](C)(C)C)[C@@H]2C=C[C@@H]1C2,ester,Sigma-Aldrich,monoalcohol,104.225,False,,0,16.0803,7.6636,4.3965,0,True,2,True,0,0,0,True,,15.414264892280272,3.6442508151123576,4.23592326317517,367.3834823643182,14.42891687142334,4.139265121968533,3.2487404514364284,0.0,8.0,,gc_formula_si,"Si monomer: HSP NOT reliable (Si groups fitted on 51 HSPiP Si compounds, only 7 measured, all much smaller than the monomers)",0.0,15.414264892280272,15.414264892280272,3.6442508151123576,3.6442508151123576,4.23592326317517,4.23592326317517,2,Si,Sigma-Aldrich,https://www.sigmaaldrich.com/catalog/product/sial/92766?utm_source=pubchem&utm_campaign=pubchem_2017&utm_medium=referral,40.0195936733686,2.24829177940273,4.942694170083586,0.7060991671547979,5.861886779795801,1.1723773559591604,7.790542055391051,1.1129345793415788,7.534090813992744,-16.005937340343085,-14.82259244421746,0,Si: HSP unreliable
COCO[C@H]1CC[C@@]2(C)[C@@H](OC(C)=O)[C@H](OC(C)=O)C3CC=C(O[Si](C)(C)C(C)(C)C)C(C[C@@H]2[C@]1(O)O[Si](C)(C)C(C)(C)C)C3(C)C,COCO[C@H]1CC[C@@]2(C)[C@@H](OC(C)=O)[C@H](OC(C)=O)C3CC=C(O[Si](C)(C)C(C)(C)C)C(C[C@@H]2[C@]1(OC(=O)[C@@H]1[C@H](C(=O)O[C@@]2(O[Si](C)(C)C(C)(C)C)[C@@H](OCOC)CC[C@@]4(C)[C@@H](OC(C)=O)[C@H](OC(C)=O)C5CC=C(O[Si](C)(C)C(C)(C)C)C(C[C@@H]42)C5(C)C)[C@@H]2C=C[C@@H]1C2)O[Si](C)(C)C(C)(C)C)C3(C)C,ester,Sigma-Aldrich,monoalcohol,699.087,False,,0,17.2321,-2.9604,11.872,0,True,4,True,0,0,4,True,,15.872638949211389,2.7377273954689905,3.599577894570348,1542.730045759915,8.15562429848622,5.24040379204216,6.740606680729903,0.0,16.0,,gc_formula_si,"Si monomer: HSP NOT reliable (Si groups fitted on 51 HSPiP Si compounds, only 7 measured, all much smaller than the monomers)",0.0,15.872638949211389,15.872638949211389,2.7377273954689905,2.7377273954689905,3.599577894570348,3.599577894570348,4,Si,Sigma-Aldrich,https://www.sigmaaldrich.com/catalog/product/aldrich/t251011,40.91657347483046,2.2986839030803625,4.452119075949889,0.6360170108499841,4.602462621456638,0.9204925242913277,7.79196149369294,1.1131373562418487,9.53533365917205,-16.734489448312747,-15.01078845011003,0,Si: HSP unreliable
CC(C)C(O)(C1CC1)C1([Si](C)(C)C)CC1,CC(C)C(OC(=O)[C@@H]1[C@H](C(=O)OC(C(C)C)(C2CC2)C2([Si](C)(C)C)CC2)[C@@H]2C=C[C@@H]1C2)(C1CC1)C1([Si](C)(C)C)CC1,ester,Sigma-Aldrich,monoalcohol,226.436,False,,0,18.2107,12.3012,6.0406,0,True,2,True,0,0,0,True,,16.096058875212428,2.563874850749857,2.8454177144905626,655.8628816438685,14.426972153667142,1.2562258327412843,0.3673749579370495,0.0,8.0,,gc_formula_si,"Si monomer: HSP NOT reliable (Si groups fitted on 51 HSPiP Si compounds, only 7 measured, all much smaller than the monomers)",0.0,16.096058875212428,16.096058875212428,2.563874850749857,2.563874850749857,2.8454177144905626,2.8454177144905626,2,Si,Sigma-Aldrich,https://www.sigmaaldrich.com/catalog/product/aldrich/t219258,41.6966985153648,2.3425111525485844,4.521692045237996,0.6459560064625709,3.8517819447319157,0.7703563889463831,7.797609874562892,1.113944267794699,10.686766309972008,-16.377601738953132,-15.814516011471724,0,Si: HSP unreliable
C[C@@H]1CCC[C@@H](C(C)(C)O)[C@H](CCO[Si](C)(C)C(C)(C)C)C1=O,C[C@@H]1CCC[C@@H](C(C)(C)OC(=O)[C@@H]2[C@H](C(=O)OC(C)(C)[C@@H]3CCC[C@@H](C)C(=O)[C@H]3CCO[Si](C)(C)C(C)(C)C)[C@@H]3C=C[C@@H]2C3)[C@H](CCO[Si](C)(C)C(C)(C)C)C1=O,ester,Sigma-Aldrich,monoalcohol,342.596,False,,0,10.674,-2.5882,7.55,0,True,2,True,2,4,4,True,,15.664382989832854,4.252752046183603,2.8907037068374795,894.7476389431895,11.625357841255228,1.5084959054440872,1.6146962869214785,0.0,8.0,,gc_formula_si,"Si monomer: HSP NOT reliable (Si groups fitted on 51 HSPiP Si compounds, only 7 measured, all much smaller than the monomers)",0.0,15.664382989832854,15.664382989832854,4.252752046183603,4.252752046183603,2.8907037068374795,2.8907037068374795,2,Si,Sigma-Aldrich,https://www.sigmaaldrich.com/catalog/product/aldrich/t254487,41.12418456188648,2.3103474472969934,5.017599147805597,0.7167998782579424,5.296990071870822,1.0593980143741644,7.84807835897962,1.1211540512828029,8.520927236811772,-14.302334650486731,-17.026431329178976,0,Si: HSP unreliable
CC(C)NCCO[Si](C)(C)C(C)(C)C,CC(C)N(CCO[Si](C)(C)C(C)(C)C)C(=O)[C@@H]1[C@H](C(=O)N(CCO[Si](C)(C)C(C)(C)C)C(C)C)[C@@H]2C=C[C@@H]1C2,amide,Matrix Scientific,monoamine,217.429,False,,0,14.5221,-5.4484,6.8014,0,True,2,True,0,0,0,True,,15.42388620816487,4.970979847877317,2.690706103358716,626.2830968812343,11.976979129957035,3.2494579786766185,2.619441704369483,0.0,8.0,,gc_formula_si,"Si monomer: HSP NOT reliable (Si groups fitted on 51 HSPiP Si compounds, only 7 measured, all much smaller than the monomers)",0.0,15.42388620816487,15.42388620816487,4.970979847877317,4.970979847877317,2.690706103358716,2.690706103358716,2,Si,Matrix Scientific,https://www.matrixscientific.com/213159.html,41.11640331721225,2.3099102987197893,5.623415069089404,0.8033450098699149,5.917840948152388,1.1835681896304775,7.8503989887634,1.1214855698233428,7.762200256928837,-13.14361246364627,-17.70415995268347,0,Si: HSP unreliable
C=C1CC2CCCCC3(C[C@@H](C)[C@@H]4OC(C)(C)O[C@@]43[C@@H]1O)C2O[Si](C)(C)C(C)(C)C,C=C1CC2CCCCC3(C[C@@H](C)[C@@H]4OC(C)(C)O[C@@]43[C@@H]1OC(=O)[C@@H]1[C@H](C(=O)O[C@@H]3C(=C)CC4CCCCC5(C[C@@H](C)[C@@H]6OC(C)(C)O[C@@]365)C4O[Si](C)(C)C(C)(C)C)[C@@H]3C=C[C@@H]1C3)C2O[Si](C)(C)C(C)(C)C,ester,Sigma-Aldrich,monoalcohol,436.709,False,,0,21.3495,8.9958,7.1716,0,True,2,True,0,2,0,True,,16.263270365876615,2.68519168204934,1.9502837870086225,1007.8288008523812,13.343426520378395,4.851089707588407,3.5266280573420503,0.0,8.0,,gc_formula_si,"Si monomer: HSP NOT reliable (Si groups fitted on 51 HSPiP Si compounds, only 7 measured, all much smaller than the monomers)",0.0,16.263270365876615,16.263270365876615,2.68519168204934,2.68519168204934,1.9502837870086225,1.9502837870086225,2,Si,Sigma-Aldrich,https://www.sigmaaldrich.com/catalog/product/aldrich/t234176,42.5172205772956,2.3886078976008767,4.849989310885947,0.6928556158408495,3.319526695676209,0.6639053391352417,7.861389445928342,1.1230556351326204,11.627794896818653,-15.528362470835898,-16.99817826091733,0,Si: HSP unreliable
CC(O)CCCC#C[Si](C)(C)C,CC(CCCC#C[Si](C)(C)C)OC(=O)[C@@H]1[C@H](C(=O)OC(C)CCCC#C[Si](C)(C)C)[C@@H]2C=C[C@@H]1C2,ester,Ambeed,monoalcohol,184.355,False,,0,14.2214,-0.5166,4.4182,0,True,2,True,0,0,0,True,,15.57268330492744,3.612331992718792,4.000757696558765,574.9865944372979,13.12885998471711,6.041849143950161,5.41687243296772,0.0,8.0,,gc_formula_si,"Si monomer: HSP NOT reliable (Si groups fitted on 51 HSPiP Si compounds, only 7 measured, all much smaller than the monomers)",0.0,15.57268330492744,15.57268330492744,3.612331992718792,3.612331992718792,4.000757696558765,4.000757696558765,2,Si,Ambeed,https://www.ambeed.com/products/176502-41-3.html,40.25304225928249,2.2614068684990163,4.708953069147828,0.6727075813068326,5.583096172547899,1.1166192345095798,7.87808619233309,1.1254408846190127,7.959593615649883,-15.96110900876741,-15.184257601087467,0,Si: HSP unreliable
C=CC1(O)COC(C)(C)O[C@@H]1CCO[Si](C)(C)C(C)(C)C,C=CC1(OC(=O)[C@@H]2[C@H](C(=O)OC3(C=C)COC(C)(C)O[C@@H]3CCO[Si](C)(C)C(C)(C)C)[C@@H]3C=C[C@@H]2C3)COC(C)(C)O[C@@H]1CCO[Si](C)(C)C(C)(C)C,ester,Sigma-Aldrich,monoalcohol,316.514,False,,0,16.3971,7.7104,6.688,4,True,2,True,0,4,2,True,,15.642683732947228,3.831439509287501,3.572917602049903,827.9437865801376,11.210936954828629,5.790759842558794,5.221257678218676,0.0,12.0,,gc_formula_si,"Si monomer: HSP NOT reliable (Si groups fitted on 51 HSPiP Si compounds, only 7 measured, all much smaller than the monomers)",0.0,15.642683732947228,15.642683732947228,3.831439509287501,3.831439509287501,3.572917602049903,3.572917602049903,2,Si,Sigma-Aldrich,https://www.sigmaaldrich.com/catalog/product/aldrich/t264830,40.594854477683946,2.2806098021170755,4.725928587456424,0.6751326553509177,5.401289439022505,1.080257887804501,7.879290520914699,1.1256129315592427,8.238326621609824,-15.384161825709631,-15.901205640184825,0,Si: HSP unreliable
CC(C)(C)[Si](C)(C)OC[C@@H]1C[C@H](O[Si](C)(C)C(C)(C)C)C=C(C(O)c2ccccc2)O1,CC(C)(C)[Si](C)(C)OC[C@@H]1C[C@H](O[Si](C)(C)C(C)(C)C)C=C(C(OC(=O)[C@@H]2[C@H](C(=O)OC(C3=C[C@@H](O[Si](C)(C)C(C)(C)C)C[C@@H](CO[Si](C)(C)C(C)(C)C)O3)c3ccccc3)[C@@H]3C=C[C@@H]2C3)c2ccccc2)O1,ester,Sigma-Aldrich,monoalcohol,464.795,False,,0,19.6136,-7.5294,8.4896,0,True,4,True,0,0,0,True,,16.044127286593262,3.197933987348162,2.705782090966112,1113.710322523283,12.956204842312658,6.0416855866235295,4.280108937606002,0.0,16.0,,gc_formula_si,"Si monomer: HSP NOT reliable (Si groups fitted on 51 HSPiP Si compounds, only 7 measured, all much smaller than the monomers)",0.0,16.044127286593262,16.044127286593262,3.197933987348162,3.197933987348162,2.705782090966112,2.705782090966112,4,Si,Sigma-Aldrich,https://www.sigmaaldrich.com/catalog/product/aldrich/t233234,41.62666554068938,2.338576715769066,4.542345908452144,0.6489065583503063,4.220180315234642,0.8440360630469284,7.891817772033256,1.1274025388618936,10.140411208278989,-15.551975390211215,-16.536279182975314,0,Si: HSP unreliable
CC(C)[Si](OCCOCCOCCO)(C(C)C)C(C)C,CC(C)[Si](OCCOCCOCCOC(=O)[C@@H]1[C@H](C(=O)OCCOCCOCCO[Si](C(C)C)(C(C)C)C(C)C)[C@@H]2C=C[C@@H]1C2)(C(C)C)C(C)C,ester,Combi-Blocks,monoalcohol,306.519,False,,0,15.2007,2.1466,7.3802,0,True,2,True,0,0,0,True,,15.582587806665613,3.7805681754108207,3.850513034062919,779.4427648767547,12.273099744903789,7.349171360874998,7.270355694333781,0.0,4.0,,gc_formula_si,"Si monomer: HSP NOT reliable (Si groups fitted on 51 HSPiP Si compounds, only 7 measured, all much smaller than the monomers)",0.0,15.582587806665613,15.582587806665613,3.7805681754108207,3.7805681754108207,3.850513034062919,3.850513034062919,2,Si,Combi-Blocks,https://www.combi-blocks.com/cgi-bin/find.cgi?HD-0138,40.344824265855806,2.266563161003135,4.733153130008906,0.676164732858415,5.583714478283874,1.1167428956567749,7.896606626074685,1.1280866608678122,7.951506597191873,-15.652532665317711,-15.512642948013516,0,Si: HSP unreliable
C[Si](C)(C)OCCCO,C[Si](C)(C)OCCCOC(=O)[C@@H]1[C@H](C(=O)OCCCO[Si](C)(C)C)[C@@H]2C=C[C@@H]1C2,ester,Sigma-Aldrich,monoalcohol,148.278,False,,0,16.3185,8.6618,3.3819,0,True,2,True,0,0,0,True,,15.537513413355176,3.901922090571382,3.869934655844958,445.00395136890376,14.0567267178504,5.476843220025245,3.093227237012762,0.0,10.0,,gc_formula_si,"Si monomer: HSP NOT reliable (Si groups fitted on 51 HSPiP Si compounds, only 7 measured, all much smaller than the monomers)",0.0,15.537513413355176,15.537513413355176,3.901922090571382,3.901922090571382,3.869934655844958,3.869934655844958,2,Si,Sigma-Aldrich,https://www.sigmaaldrich.com/catalog/product/aldrich/ph008513,40.28944080628766,2.263451730690318,4.809625654834111,0.6870893792620159,5.703238853550838,1.1406477707101677,7.899830360538191,1.1285471943625986,7.7656566669388365,-15.505525978628754,-15.5695008480816,0,Si: HSP unreliable
CC[Si](/C=C/CCCO)(CC)CC,CC[Si](/C=C/CCCOC(=O)[C@@H]1[C@H](C(=O)OCCC/C=C/[Si](CC)(CC)CC)[C@@H]2C=C[C@@H]1C2)(CC)CC,ester,Sigma-Aldrich,monoalcohol,200.398,False,,0,16.1234,-0.7938,5.8382,0,True,2,True,0,2,0,True,,15.965312350046617,2.696366269256948,3.5408131505113625,591.8173186906149,15.601793856536132,2.261958456855604,4.888425660913762,0.0,2.0,,gc_formula_si,"Si monomer: HSP NOT reliable (Si groups fitted on 51 HSPiP Si compounds, only 7 measured, all much smaller than the monomers)",0.0,15.965312350046617,15.965312350046617,2.696366269256948,2.696366269256948,3.5408131505113625,3.5408131505113625,2,Si,Sigma-Aldrich,https://www.sigmaaldrich.com/catalog/product/aldrich/t203440,40.98935591111137,2.3027728039950204,4.330295874482197,0.6186136963545996,4.500645744440026,0.9001291488880051,7.902961963611408,1.1289945662302012,9.728132930278306,-16.80975923130103,-15.120865468792204,0,Si: HSP unreliable
C[C@@H]1CC23CCCCC(CCC=C2[C@H]1O)C3O[Si](C)(C)C(C)(C)C,C[C@@H]1CC23CCCCC(CCC=C2[C@H]1OC(=O)[C@@H]1[C@H](C(=O)O[C@@H]2C4=CCCC5CCCCC4(C[C@H]2C)C5O[Si](C)(C)C(C)(C)C)[C@@H]2C=C[C@@H]1C2)C3O[Si](C)(C)C(C)(C)C,ester,Sigma-Aldrich,monoalcohol,350.619,False,,0,19.6913,-1.2366,5.456,0,True,2,True,0,0,0,True,,16.334019458767074,2.3347778790847675,2.093075914538747,859.8089885538865,15.022218128734934,3.246014704967788,2.906527115328645,0.0,8.0,,gc_formula_si,"Si monomer: HSP NOT reliable (Si groups fitted on 51 HSPiP Si compounds, only 7 measured, all much smaller than the monomers)",0.0,16.334019458767074,16.334019458767074,2.3347778790847675,2.3347778790847675,2.093075914538747,2.093075914538747,2,Si,Sigma-Aldrich,https://www.sigmaaldrich.com/catalog/product/aldrich/t233897,42.49843989911163,2.387552803320878,4.759563824657961,0.6799376892368515,3.136364746483578,0.6272729492967156,7.915588685339628,1.130798383619947,11.90616566514356,-16.092317494221053,-16.575721423313095,0,Si: HSP unreliable
CCCC(O)C#C[Si](C)(C)C,CCCC(C#C[Si](C)(C)C)OC(=O)[C@@H]1[C@H](C(=O)OC(C#C[Si](C)(C)C)CCC)[C@@H]2C=C[C@@H]1C2,ester,Oakwood Products,monoalcohol,170.328,False,,0,14.187,-0.2444,4.6504,0,True,2,True,0,0,0,True,,15.518658707471326,3.732450108446988,4.1249455152442005,541.4968326349218,13.14851885936722,6.14460152721235,5.498998608196509,0.0,8.0,,gc_formula_si,"Si monomer: HSP NOT reliable (Si groups fitted on 51 HSPiP Si compounds, only 7 measured, all much smaller than the monomers)",0.0,15.518658707471326,15.518658707471326,3.732450108446988,3.732450108446988,4.1249455152442005,4.1249455152442005,2,Si,Oakwood Products,http://www.oakwoodchemical.com/ProductsList.aspx?CategoryID=-2&txtSearch=204353&ExtHyperLink=1,40.09774255298263,2.2526821658979004,4.768324671642239,0.6811892388060342,5.778264114543458,1.1556528229086918,7.919956246886399,1.1314223209837713,7.661263083780138,-15.91115411426854,-15.126163300674115,0,Si: HSP unreliable
CC(C)(C)[Si](C)(C)OC[C@H]1OC1CO,CC(C)(C)[Si](C)(C)OC[C@H]1OC1COC(=O)[C@@H]1[C@H](C(=O)OCC2O[C@@H]2CO[Si](C)(C)C(C)(C)C)[C@@H]2C=C[C@@H]1C2,ester,Sigma-Aldrich,monoalcohol,218.369,False,,0,18.1617,11.1726,5.8788,0,True,2,True,0,0,0,True,,15.723370375494516,3.885922780714661,3.345852003338892,568.423292139914,13.24223761097358,5.892077727233231,4.388837453934072,0.0,8.0,,gc_formula_si,"Si monomer: HSP NOT reliable (Si groups fitted on 51 HSPiP Si compounds, only 7 measured, all much smaller than the monomers)",0.0,15.723370375494516,15.723370375494516,3.885922780714661,3.885922780714661,3.345852003338892,3.345852003338892,2,Si,Sigma-Aldrich,https://www.sigmaaldrich.com/catalog/product/aldrich/t290319,40.796765684539,2.2919531283448875,4.678687224972089,0.668383889281727,5.255961223349482,1.0511922446698965,7.9283160378226265,1.1326165768318037,8.491595591440964,-15.183299598118747,-16.263441152870286,0,Si: HSP unreliable
CC1=C(CO)[C@](C)(CCC2=CCCC2O[Si](C)(C)C(C)(C)C)CCC1,CC1=C(COC(=O)[C@@H]2[C@H](C(=O)OCC3=C(C)CCC[C@@]3(C)CCC3=CCCC3O[Si](C)(C)C(C)(C)C)[C@@H]3C=C[C@@H]2C3)[C@](C)(CCC2=CCCC2O[Si](C)(C)C(C)(C)C)CCC1,ester,Sigma-Aldrich,monoalcohol,364.646,False,,0,14.2367,-7.1718,4.1336,0,True,2,True,0,4,6,True,,16.272897745559487,2.279361711970195,2.5847126594354437,896.4478782846724,14.026786010471833,2.1856997508644658,2.6388102332373373,0.0,8.0,,gc_formula_si,"Si monomer: HSP NOT reliable (Si groups fitted on 51 HSPiP Si compounds, only 7 measured, all much smaller than the monomers)",0.0,16.272897745559487,16.272897745559487,2.279361711970195,2.279361711970195,2.5847126594354437,2.5847126594354437,2,Si,Sigma-Aldrich,https://www.sigmaaldrich.com/catalog/product/aldrich/t223360,42.046990941979665,2.362190502358408,4.522558338015481,0.6460797625736401,3.446616815752017,0.6893233631504034,7.933386574895857,1.1333409392708367,11.408823374153847,-16.578248693024733,-15.96754679809424,0,Si: HSP unreliable
C[Si](C)(C)CC1(O)CCCCC1,C[Si](C)(C)CC1(OC(=O)[C@@H]2[C@H](C(=O)OC3(C[Si](C)(C)C)CCCCC3)[C@@H]3C=C[C@@H]2C3)CCCCC1,ester,Sigma-Aldrich,monoalcohol,186.371,False,,0,14.9258,-1.8348,3.264,0,True,2,True,0,2,4,True,,15.924123682256216,2.989145607518495,3.5396902045470853,570.3219810412077,14.9603571155406,3.311738074927094,2.399016697344832,0.0,8.0,,gc_formula_si,"Si monomer: HSP NOT reliable (Si groups fitted on 51 HSPiP Si compounds, only 7 measured, all much smaller than the monomers)",0.0,15.924123682256216,15.924123682256216,2.989145607518495,2.989145607518495,3.5396902045470853,3.5396902045470853,2,Si,Sigma-Aldrich,https://www.sigmaaldrich.com/catalog/product/aldrich/l170143,40.89454084658783,2.2974461149768444,4.329909705333291,0.6185585293333273,4.693562637493635,0.9387125274987269,7.9400435944052115,1.1342919420578874,9.395287870190636,-16.474668279284806,-15.373579085227625,0,Si: HSP unreliable
C[Si](C)(C)CC1(O)C2CCCC(C2)C1(O)C[Si](C)(C)C,C[Si](C)(C)CC1(O)C2CCCC(C2)C1(C[Si](C)(C)C)OC(=O)[C@@H]1[C@H](C(=O)OC2(C[Si](C)(C)C)C3CCCC(C3)C2(O)C[Si](C)(C)C)[C@@H]2C=C[C@@H]1C2,ester,Sigma-Aldrich,diol,314.618,False,,0,14.6181,-5.4396,13.1825,0,True,4,True,0,4,6,True,,15.753150919417704,3.2462600327516573,3.92222183858538,839.5038199015537,13.027858844971606,6.344091814160652,2.541960618552579,0.0,16.0,,gc_formula_si,"Si monomer: HSP NOT reliable (Si groups fitted on 51 HSPiP Si compounds, only 7 measured, all much smaller than the monomers)",0.0,15.753150919417704,15.753150919417704,3.2462600327516573,3.2462600327516573,3.92222183858538,3.92222183858538,4,Si,Sigma-Aldrich,https://www.sigmaaldrich.com/catalog/product/aldrich/t247863,40.44462982042175,2.2721702146304357,4.435665057929547,0.6336664368470781,5.207514188079729,1.0415028376159459,7.950405681365044,1.1357722401950063,8.584669048080666,-16.42911272525143,-15.077189113583984,0,Si: HSP unreliable
CC1(C)O[C@H]2O[C@H](CCO[Si](C)(C)C(C)(C)C)[C@H](O)[C@H]2O1,CC1(C)O[C@H]2O[C@H](CCO[Si](C)(C)C(C)(C)C)[C@H](OC(=O)[C@@H]3[C@H](C(=O)O[C@@H]4[C@H]5OC(C)(C)O[C@H]5O[C@@H]4CCO[Si](C)(C)C(C)(C)C)[C@@H]4C=C[C@@H]3C4)[C@H]2O1,ester,Sigma-Aldrich,monoalcohol,318.486,False,,0,19.2693,14.524,4.3768,0,True,2,True,0,2,2,True,,15.833230071417471,3.877928691157098,2.998323450677313,771.7522154334483,12.207038030220136,5.406315445204106,4.600126699793789,0.0,8.0,,gc_formula_si,"Si monomer: HSP NOT reliable (Si groups fitted on 51 HSPiP Si compounds, only 7 measured, all much smaller than the monomers)",0.0,15.833230071417471,15.833230071417471,3.877928691157098,3.877928691157098,2.998323450677313,2.998323450677313,2,Si,Sigma-Aldrich,https://www.sigmaaldrich.com/catalog/product/aldrich/t297771,41.13405598195053,2.310902021457895,4.661717334632294,0.6659596192331848,4.9899670453317295,0.9979934090663459,7.955928429185362,1.1365612041693374,8.956977929583061,-14.953624830937684,-16.71283531189726,0,Si: HSP unreliable
C[C@H](CO)CCC#C[Si](C)(C)C,C[C@@H](CCC#C[Si](C)(C)C)COC(=O)[C@@H]1[C@H](C(=O)OC[C@@H](C)CCC#C[Si](C)(C)C)[C@@H]2C=C[C@@H]1C2,ester,Sigma-Aldrich,monoalcohol,184.355,False,,0,15.6469,1.051,4.9276,0,True,2,True,0,0,0,True,,15.660556832048933,3.59796170601318,3.946953686657692,557.1775017582413,13.42718876520754,6.036458744874594,5.37961777555477,0.0,8.0,,gc_formula_si,"Si monomer: HSP NOT reliable (Si groups fitted on 51 HSPiP Si compounds, only 7 measured, all much smaller than the monomers)",0.0,15.660556832048933,15.660556832048933,3.59796170601318,3.59796170601318,3.946953686657692,3.946953686657692,2,Si,Sigma-Aldrich,https://www.sigmaaldrich.com/catalog/product/aldrich/t267937,40.309674140882926,2.264588434881063,4.562022386835756,0.6517174838336794,5.4917503678440465,1.0983500735688092,7.973917410264824,1.1391310586092607,8.11564143937806,-16.009548812693446,-15.31156485140442,0,Si: HSP unreliable
C=C1[C@@H](OCOC)CC[C@]2(C)[C@@H]1CC1C(O[Si](C)(C)C)=CCC([C@@H](O)[C@@H]2OCOCC[Si](C)(C)C)C1(C)C,C=C1[C@@H](OCOC)CC[C@]2(C)[C@@H]1CC1C(O[Si](C)(C)C)=CCC([C@@H](OC(=O)[C@@H]3[C@H](C(=O)O[C@@H]4C5CC=C(O[Si](C)(C)C)C(C[C@@H]6C(=C)[C@@H](OCOC)CC[C@@]6(C)[C@H]4OCOCC[Si](C)(C)C)C5(C)C)[C@@H]4C=C[C@@H]3C4)[C@@H]2OCOCC[Si](C)(C)C)C1(C)C,ester,Sigma-Aldrich,monoalcohol,568.944,False,,0,19.839,-5.2086,10.5624,0,True,4,True,0,4,4,True,,15.941176218988112,3.126146193864344,3.43597172615008,1296.837959090224,11.435638379221237,9.607375044471638,8.57703987295167,0.0,18.0,,gc_formula_si,"Si monomer: HSP NOT reliable (Si groups fitted on 51 HSPiP Si compounds, only 7 measured, all much smaller than the monomers)",0.0,15.941176218988112,15.941176218988112,3.126146193864344,3.126146193864344,3.43597172615008,3.43597172615008,4,Si,Sigma-Aldrich,https://www.sigmaaldrich.com/catalog/product/aldrich/t257559,40.95030343376178,2.3005788445933586,4.322032603294874,0.6174332290421248,4.700394637856906,0.9400789275713812,7.974934787097108,1.1392763981567298,9.379058298973687,-16.251001751273847,-15.631350686702376,0,Si: HSP unreliable
CC(C)(C)OC(=O)N(CCN)C(CO[Si](C)(C)C(C)(C)C)CO[Si](C)(C)C(C)(C)C,CC(C)(C)OC(=O)N(CCNC(=O)[C@@H]1[C@H](C(=O)NCCN(C(=O)OC(C)(C)C)C(CO[Si](C)(C)C(C)(C)C)CO[Si](C)(C)C(C)(C)C)[C@@H]2C=C[C@@H]1C2)C(CO[Si](C)(C)C(C)(C)C)CO[Si](C)(C)C(C)(C)C,amide,Combi-Blocks,monoamine,462.824,False,,0,-3.5947,-11.7416,10.9012,0,True,4,True,2,0,0,True,,15.2749908313795,5.020011080359429,3.475571556706487,1150.0310957517618,0.0,5.390167586250216,2.73884334229453,0.0,16.0,,gc_formula_si,"Si monomer: HSP NOT reliable (Si groups fitted on 51 HSPiP Si compounds, only 7 measured, all much smaller than the monomers)",0.0,15.2749908313795,15.2749908313795,5.020011080359429,5.020011080359429,3.475571556706487,3.475571556706487,4,Si,Combi-Blocks,https://www.combi-blocks.com/cgi-bin/find.cgi?QJ-1726,40.34970777004093,2.2668375151708386,5.5547655709862385,0.7935379387123198,6.440705246767853,1.2881410493535705,7.987641705752239,1.14109167225032,6.779408194313584,-13.730551307726557,-16.81943035503244,0,Si: HSP unreliable
C=CC12CCC(CC1(O)C1=C[C@H](O[Si](C)(C)C(C)(C)C)CCC1)C2(C)C,C=CC12CCC(CC1(OC(=O)[C@@H]1[C@H](C(=O)OC3(C4=C[C@H](O[Si](C)(C)C(C)(C)C)CCC4)CC4CCC3(C=C)C4(C)C)[C@@H]3C=C[C@@H]1C3)C1=C[C@H](O[Si](C)(C)C(C)(C)C)CCC1)C2(C)C,ester,Sigma-Aldrich,monoalcohol,376.657,False,,0,17.9315,-8.4276,7.0822,4,True,2,True,0,2,2,True,,16.2882760736101,2.5304515574928965,2.4864765182604134,949.4396308799478,14.784673703712222,3.239376070550505,3.101505008238673,0.0,12.0,,gc_formula_si,"Si monomer: HSP NOT reliable (Si groups fitted on 51 HSPiP Si compounds, only 7 measured, all much smaller than the monomers)",0.0,16.2882760736101,16.2882760736101,2.5304515574928965,2.5304515574928965,2.4864765182604134,2.4864765182604134,2,Si,Sigma-Aldrich,https://www.sigmaaldrich.com/catalog/product/aldrich/t250767,42.059849071875895,2.362912869206511,4.483104240350465,0.6404434629072092,3.54771762721875,0.70954352544375,8.005538787767474,1.1436483982524963,11.27134799785679,-16.244301034377617,-16.33225111284258,0,Si: HSP unreliable
CC1(C)OC[C@@H](O)C(CCO[Si](C)(C)C(C)(C)C)O1,CC1(C)OC[C@@H](OC(=O)[C@@H]2[C@H](C(=O)O[C@@H]3COC(C)(C)OC3CCO[Si](C)(C)C(C)(C)C)[C@@H]3C=C[C@@H]2C3)C(CCO[Si](C)(C)C(C)(C)C)O1,ester,Sigma-Aldrich,monoalcohol,290.476,False,,0,16.4796,7.7104,6.0036,0,True,2,True,0,2,2,True,,15.708731463987398,3.9365106472800857,3.5314321793354733,746.345025479974,12.386020049423392,5.641487331953227,4.323198573358147,0.0,8.0,,gc_formula_si,"Si monomer: HSP NOT reliable (Si groups fitted on 51 HSPiP Si compounds, only 7 measured, all much smaller than the monomers)",0.0,15.708731463987398,15.708731463987398,3.9365106472800857,3.9365106472800857,3.5314321793354733,3.5314321793354733,2,Si,Sigma-Aldrich,https://www.sigmaaldrich.com/catalog/product/aldrich/t286125,40.60423501957505,2.281136798852531,4.622792300199726,0.6603989000285323,5.418996515971339,1.0837993031942679,8.011054200474904,1.1444363143535576,8.240788637371839,-15.303652996042787,-16.11380993193201,0,Si: HSP unreliable
CC1(C)[C@@H](O)[C@H](O)[C@@H]1O[Si](C)(C)C(C)(C)C,CC1(C)[C@@H](O)[C@H](OC(=O)[C@@H]2[C@H](C(=O)O[C@H]3[C@H](O)C(C)(C)[C@H]3O[Si](C)(C)C(C)(C)C)[C@@H]3C=C[C@@H]2C3)[C@@H]1O[Si](C)(C)C(C)(C)C,ester,Sigma-Aldrich,diol,246.423,False,,0,16.7976,-2.6688,14.3451,0,True,2,True,0,0,0,True,,15.6912996042273,4.090372175329508,3.4395310141711297,663.8876656934907,11.826429393415916,6.000265885705858,1.9085777908445316,0.0,8.0,,gc_formula_si,"Si monomer: HSP NOT reliable (Si groups fitted on 51 HSPiP Si compounds, only 7 measured, all much smaller than the monomers)",0.0,15.6912996042273,15.6912996042273,4.090372175329508,4.090372175329508,3.4395310141711297,3.4395310141711297,2,Si,Sigma-Aldrich,https://www.sigmaaldrich.com/catalog/product/aldrich/t273961,40.646299547130276,2.2834999745578806,4.697684902505714,0.671097843215102,5.481202679833167,1.0962405359666334,8.022032873228367,1.146004696175481,8.161396414726664,-15.040458443068923,-16.34214076538568,0,Si: HSP unreliable
C/C=C/[C@@]1(O)[C@H](OCOC)C2CCC1(/C=C/[C@@](COCOCC[Si](C)(C)C)(OCc1ccccc1)[C@@H](CCO[Si](C)(C)C(C)(C)C)OCOCC[Si](C)(C)C)C2(C)C,C/C=C/[C@@]1(OC(=O)[C@@H]2[C@H](C(=O)O[C@]3(/C=C/C)[C@H](OCOC)C4CCC3(/C=C/[C@@](COCOCC[Si](C)(C)C)(OCc3ccccc3)[C@@H](CCO[Si](C)(C)C(C)(C)C)OCOCC[Si](C)(C)C)C4(C)C)[C@@H]3C=C[C@@H]2C3)[C@H](OCOC)C2CCC1(/C=C/[C@@](COCOCC[Si](C)(C)C)(OCc1ccccc1)[C@@H](CCO[Si](C)(C)C(C)(C)C)OCOCC[Si](C)(C)C)C2(C)C,ester,Sigma-Aldrich,monoalcohol,865.427,False,,0,19.3894,-21.1146,16.876,0,True,6,True,0,6,0,True,,15.901720497965965,3.3728834382853914,3.465748782585472,1949.6393577974704,10.40630125717022,14.7580692371523,14.754574967204729,0.0,24.0,,gc_formula_si,"Si monomer: HSP NOT reliable (Si groups fitted on 51 HSPiP Si compounds, only 7 measured, all much smaller than the monomers)",0.0,15.901720497965965,15.901720497965965,3.3728834382853914,3.3728834382853914,3.465748782585472,3.465748782585472,6,Si,Sigma-Aldrich,https://www.sigmaaldrich.com/catalog/product/aldrich/t264520,40.84346530002484,2.2945767022485866,4.339342134074781,0.6199060191535402,4.901251223842182,0.9802502447684365,8.024451003067703,1.1463501432953862,9.063088277095101,-15.994585842266044,-15.808855153665885,0,Si: HSP unreliable
CC(O)C#C[Si](C)(C)C,CC(C#C[Si](C)(C)C)OC(=O)[C@@H]1[C@H](C(=O)OC(C)C#C[Si](C)(C)C)[C@@H]2C=C[C@@H]1C2,ester,Sigma-Aldrich,monoalcohol,142.274,False,,0,14.118,0.3,5.1148,0,True,2,True,0,0,0,True,,15.386945469653003,4.008648093697263,4.411430633658263,474.5173090301698,13.187711578469589,6.350106293736728,5.663250958654087,0.0,8.0,,gc_formula_si,"Si monomer: HSP NOT reliable (Si groups fitted on 51 HSPiP Si compounds, only 7 measured, all much smaller than the monomers)",0.0,15.386945469653003,15.386945469653003,4.008648093697263,4.008648093697263,4.411430633658263,4.411430633658263,2,Si,Sigma-Aldrich,https://www.sigmaaldrich.com/catalog/product/aldrich/666955?utm_source=pubchem&utm_campaign=pubchem_2017&utm_medium=referral,39.74150644447449,2.232668901374971,4.948546891696022,0.7069352702422889,6.234152233963328,1.2468304467926656,8.02550207789123,1.1465002968416045,6.966866742297476,-15.789728009614002,-14.984162929692005,0,Si: HSP unreliable
C=C=C(C1(O)CCCCC1)[Si](C)(C)C,C=C=C(C1(OC(=O)[C@@H]2[C@H](C(=O)OC3(C(=C=C)[Si](C)(C)C)CCCCC3)[C@@H]3C=C[C@@H]2C3)CCCCC1)[Si](C)(C)C,ester,Sigma-Aldrich,monoalcohol,210.393,False,,0,15.9143,0.9682,4.058,0,True,2,True,0,2,2,True,,15.857518339472444,3.0965048273034648,3.876199060483754,620.8679446529999,13.817249195737098,5.836217356464367,4.232740810009564,0.0,8.0,,gc_formula_si,"Si monomer: HSP NOT reliable (Si groups fitted on 51 HSPiP Si compounds, only 7 measured, all much smaller than the monomers)",0.0,15.857518339472444,15.857518339472444,3.0965048273034648,3.0965048273034648,3.876199060483754,3.876199060483754,2,Si,Sigma-Aldrich,https://www.sigmaaldrich.com/catalog/product/aldrich/t211885,40.53886954225054,2.277464581025311,4.286639008554844,0.6123770012221206,5.03948622198947,1.007897244397894,8.030750248789218,1.1472500355413169,8.884814451685225,-16.637212572652732,-15.077824106292153,0,Si: HSP unreliable
CC1(C)CC[C@]2(CO)CC[C@]3(C)C(=CC[C@@H]4[C@@]5(C)CC[C@H](O[Si](C)(C)C(C)(C)C)C(C)(C)[C@@H]5CC[C@]43C)[C@@H]2C1,CC1(C)CC[C@]2(COC(=O)[C@@H]3[C@H](C(=O)OC[C@]45CCC(C)(C)C[C@H]4C4=CC[C@@H]6[C@@]7(C)CC[C@H](O[Si](C)(C)C(C)(C)C)C(C)(C)[C@@H]7CC[C@@]6(C)[C@]4(C)CC5)[C@@H]4C=C[C@@H]3C4)CC[C@]3(C)C(=CC[C@@H]4[C@@]5(C)CC[C@H](O[Si](C)(C)C(C)(C)C)C(C)(C)[C@@H]5CC[C@]43C)[C@@H]2C1,ester,Combi-Blocks,monoalcohol,556.992,False,,0,22.0094,-16.9698,8.2358,0,True,2,True,0,0,10,True,,16.62529273886951,1.492340555995848,0.8715812827466456,1281.8178854221703,16.11419636205013,0.5707090658252918,0.0,0.0,8.0,,gc_formula_si,"Si monomer: HSP NOT reliable (Si groups fitted on 51 HSPiP Si compounds, only 7 measured, all much smaller than the monomers)",0.0,16.62529273886951,16.62529273886951,1.492340555995848,1.492340555995848,0.8715812827466456,0.8715812827466456,2,Si,Combi-Blocks,https://www.combi-blocks.com/cgi-bin/find.cgi?SH-6419,43.95282920299762,2.469260067584136,5.721785771761675,0.817397967394525,1.8466173754595714,0.36932347509191427,8.038558739649238,1.1483655342356054,14.261370900127018,-16.00453346562031,-17.246052012118714,0,Si: HSP unreliable
CC(C)(C)[Si](C)(C)O[C@@H]1CCC[C@]12C=C[C@H](O)O2,CC(C)(C)[Si](C)(C)O[C@@H]1CCC[C@]12C=C[C@H](OC(=O)[C@@H]1[C@H](C(=O)O[C@H]3C=C[C@]4(CCC[C@H]4O[Si](C)(C)C(C)(C)C)O3)[C@@H]3C=C[C@@H]1C3)O2,ester,Sigma-Aldrich,monoalcohol,270.445,False,,0,19.2776,12.4674,6.2576,0,True,2,True,0,0,0,True,,16.14773174462909,3.0377832971858143,2.8906122369334764,681.0599413270552,15.020537959984676,4.408672727520515,3.955193397952872,0.0,8.0,,gc_formula_si,"Si monomer: HSP NOT reliable (Si groups fitted on 51 HSPiP Si compounds, only 7 measured, all much smaller than the monomers)",0.0,16.14773174462909,16.14773174462909,3.0377832971858143,3.0377832971858143,2.8906122369334764,2.8906122369334764,2,Si,Sigma-Aldrich,https://www.sigmaaldrich.com/catalog/product/aldrich/t260290,41.506591420670205,2.331830978689337,4.2979394704298475,0.6139913529185497,4.204344057203867,0.8408688114407734,8.070389284084339,1.1529127548691913,10.2193362105098,-16.000560684376754,-16.29490280488143,0,Si: HSP unreliable
C[Si](C)(C)C1(CCO)CC1,C[Si](C)(C)C1(CCOC(=O)[C@@H]2[C@H](C(=O)OCCC3([Si](C)(C)C)CC3)[C@@H]3C=C[C@@H]2C3)CC1,ester,Sigma-Aldrich,monoalcohol,158.317,False,,0,18.2278,13.4212,3.9606,0,True,2,True,0,2,2,True,,16.064626128365703,2.960714282827813,3.3744766243623645,467.3112706708124,14.813741966144326,2.464556427347484,1.757261290847604,0.0,8.0,,gc_formula_si,"Si monomer: HSP NOT reliable (Si groups fitted on 51 HSPiP Si compounds, only 7 measured, all much smaller than the monomers)",0.0,16.064626128365703,16.064626128365703,2.960714282827813,2.960714282827813,3.3744766243623645,3.3744766243623645,2,Si,Sigma-Aldrich,https://www.sigmaaldrich.com/catalog/product/aldrich/t210323,41.06695207512599,2.3071321390520216,4.176864514952542,0.596694930707506,4.513814904346556,0.9027629808693112,8.089237138793335,1.1556053055419049,9.729435221175525,-16.478388469900256,-15.65086378683115,0,Si: HSP unreliable
CCCNCCO[Si](C)(C)C(C)(C)C,CCCN(CCO[Si](C)(C)C(C)(C)C)C(=O)[C@@H]1[C@H](C(=O)N(CCC)CCO[Si](C)(C)C(C)(C)C)[C@@H]2C=C[C@@H]1C2,amide,Matrix Scientific,monoamine,217.429,False,,0,15.1619,-6.316,5.4618,0,True,2,True,0,0,0,True,,15.552779035821452,5.021712017441158,2.784751046235415,623.9603455029022,12.78486341057576,3.3079814290248097,2.789116005742147,0.0,8.0,,gc_formula_si,"Si monomer: HSP NOT reliable (Si groups fitted on 51 HSPiP Si compounds, only 7 measured, all much smaller than the monomers)",0.0,15.552779035821452,15.552779035821452,5.021712017441158,5.021712017441158,2.784751046235415,2.784751046235415,2,Si,Matrix Scientific,https://www.matrixscientific.com/213160.html,41.01205736624875,2.304048166643188,5.369434139494203,0.7670620199277433,5.933446439705499,1.1866892879410997,8.094802214045238,1.1564003162921768,7.746315972144879,-13.315818064615708,-17.789740007027195,0,Si: HSP unreliable
CC1(C)O[C@@H]2[C@@H](CO[Si](C)(C)C(C)(C)C)OC(O)[C@@H]2O1,CC1(C)O[C@@H]2[C@@H](CO[Si](C)(C)C(C)(C)C)OC(OC(=O)[C@@H]3[C@H](C(=O)OC4O[C@H](CO[Si](C)(C)C(C)(C)C)[C@H]5OC(C)(C)O[C@@H]45)[C@@H]4C=C[C@@H]3C4)[C@@H]2O1,ester,Ambeed,monoalcohol,304.459,False,,0,19.8935,15.1522,5.1708,0,True,2,True,0,0,0,True,,15.853368002427445,4.009846655028831,3.112149826770568,740.5203468413823,12.951586648749291,6.136121580645972,5.107128902756896,0.0,8.0,,gc_formula_si,"Si monomer: HSP NOT reliable (Si groups fitted on 51 HSPiP Si compounds, only 7 measured, all much smaller than the monomers)",0.0,15.853368002427445,15.853368002427445,4.009846655028831,4.009846655028831,3.112149826770568,3.112149826770568,2,Si,Ambeed,https://www.ambeed.com/products/217309-46-1.html,40.987203542275964,2.302651884397526,4.568522657633005,0.6526460939475721,5.153859457351993,1.0307718914703987,8.09563251241353,1.15651893034479,8.731371520628045,-14.955671174169183,-16.751064830685706,0,Si: HSP unreliable
C[Si](C)(C)C1CCCCC1O,C[Si](C)(C)C1CCCCC1OC(=O)[C@@H]1[C@H](C(=O)OC2CCCCC2[Si](C)(C)C)[C@@H]2C=C[C@@H]1C2,ester,Sigma-Aldrich,monoalcohol,172.344,False,,0,17.0517,0.005,4.5674,0,True,2,True,0,0,2,True,,15.9958018169128,3.0557472369185525,3.5748479144416856,519.023126559775,15.225089968164593,3.409100059113716,2.4438882151606705,0.0,8.0,,gc_formula_si,"Si monomer: HSP NOT reliable (Si groups fitted on 51 HSPiP Si compounds, only 7 measured, all much smaller than the monomers)",0.0,15.9958018169128,15.9958018169128,3.0557472369185525,3.0557472369185525,3.5748479144416856,3.5748479144416856,2,Si,Sigma-Aldrich,https://www.sigmaaldrich.com/catalog/product/aldrich/t212539,40.84329028629769,2.294566870016724,4.176062453546498,0.5965803505066426,4.742074959940812,0.9484149919881624,8.097306172597547,1.1567580246567923,9.365206665552563,-16.514902494435933,-15.476701139389666,0,Si: HSP unreliable
CC[Si](C#CCCCO)(CC)CC,CC[Si](C#CCCCOC(=O)[C@@H]1[C@H](C(=O)OCCCC#C[Si](CC)(CC)CC)[C@@H]2C=C[C@@H]1C2)(CC)CC,ester,Oakwood Products,monoalcohol,198.382,False,,0,16.3722,0.3604,3.3558,0,True,2,True,0,0,0,True,,15.83465365348692,3.342836283807591,3.9137855522429112,584.5895682575788,14.821018500507446,4.110382245933753,6.064404655248328,0.0,2.0,,gc_formula_si,"Si monomer: HSP NOT reliable (Si groups fitted on 51 HSPiP Si compounds, only 7 measured, all much smaller than the monomers)",0.0,15.83465365348692,15.83465365348692,3.342836283807591,3.342836283807591,3.9137855522429112,3.9137855522429112,2,Si,Oakwood Products,http://www.oakwoodchemical.com/ProductsList.aspx?CategoryID=-2&txtSearch=132046&ExtHyperLink=1,40.42466110233778,2.27104837653583,4.275143591497706,0.6107347987853865,5.230531584661178,1.0461063169322355,8.111503305711064,1.158786186530152,8.578031817436418,-16.405602921922238,-15.263704385051598,0,Si: HSP unreliable
C[Si](C)(C)C1=CCCCCCCCCCC1O,C[Si](C)(C)C1=CCCCCCCCCCC1OC(=O)[C@@H]1[C@H](C(=O)OC2CCCCCCCCCC=C2[Si](C)(C)C)[C@@H]2C=C[C@@H]1C2,ester,Sigma-Aldrich,monoalcohol,254.49,False,,0,17.2651,1.8238,3.0678,0,True,2,True,0,0,0,True,,16.196883727605986,2.48061570348678,3.316895125476748,701.3177533265192,15.471990324675543,3.9938132765042,4.692339198177593,0.0,8.0,,gc_formula_si,"Si monomer: HSP NOT reliable (Si groups fitted on 51 HSPiP Si compounds, only 7 measured, all much smaller than the monomers)",0.0,16.196883727605986,16.196883727605986,2.48061570348678,2.48061570348678,3.316895125476748,3.316895125476748,2,Si,Sigma-Aldrich,https://www.sigmaaldrich.com/catalog/product/aldrich/t203076,41.28436514146844,2.319346356262272,4.1304389361923075,0.5900627051703297,4.147020545443001,0.8294041090886003,8.12822433003536,1.1611749042907658,10.399372898642458,-17.033163149595953,-15.360604305616018,0,Si: HSP unreliable
C=CCC(O[Si](c1ccccc1)(c1ccccc1)C(C)(C)C)[C@H](O)CO[Si](C)(C)C(C)(C)C,C=CCC(O[Si](c1ccccc1)(c1ccccc1)C(C)(C)C)[C@@H](CO[Si](C)(C)C(C)(C)C)OC(=O)[C@@H]1[C@H](C(=O)O[C@H](CO[Si](C)(C)C(C)(C)C)C(CC=C)O[Si](c2ccccc2)(c2ccccc2)C(C)(C)C)[C@@H]2C=C[C@@H]1C2,ester,Sigma-Aldrich,monoalcohol,484.829,False,,0,22.4747,-8.7814,9.3054,4,True,4,True,0,0,0,True,,16.393586811046024,2.5658887437419504,2.2171034410942463,1159.8481384072402,16.722537855648852,2.2848695139628066,3.832898059717676,0.0,16.0,,gc_formula_si,"Si monomer: HSP NOT reliable (Si groups fitted on 51 HSPiP Si compounds, only 7 measured, all much smaller than the monomers)",0.0,16.393586811046024,16.393586811046024,2.5658887437419504,2.5658887437419504,2.2171034410942463,2.2171034410942463,4,Si,Sigma-Aldrich,https://www.sigmaaldrich.com/catalog/product/aldrich/t272930,42.3120305746836,2.377080369364247,4.524296065997941,0.6463280094282773,3.3962283018932413,0.6792456603786483,8.12832497115526,1.1611892815936087,11.610594626209828,-16.04480150839832,-16.74237211369373,0,Si: HSP unreliable
CCC(C)N[Si](C)(C)C,CCC(C)N(C(=O)[C@@H]1[C@H](C(=O)N(C(C)CC)[Si](C)(C)C)[C@@H]2C=C[C@@H]1C2)[Si](C)(C)C,amide,Sigma-Aldrich,monoamine,145.322,False,,0,15.2779,-3.0548,3.9629,0,True,2,True,0,0,0,True,,15.448270531521768,4.985631450220254,3.3460366378063005,489.71488858303127,14.049367987472175,2.699553574715717,4.761147440633365,0.0,10.0,,gc_formula_si,"Si monomer: HSP NOT reliable (Si groups fitted on 51 HSPiP Si compounds, only 7 measured, all much smaller than the monomers)",0.0,15.448270531521768,15.448270531521768,4.985631450220254,4.985631450220254,3.3460366378063005,3.3460366378063005,2,Si,Sigma-Aldrich,https://www.sigmaaldrich.com/catalog/product/aldrich/654671?utm_source=pubchem&utm_campaign=pubchem_2017&utm_medium=referral,40.481332487025945,2.274232162192469,5.285894416559582,0.755127773794226,6.24133435163221,1.248266870326442,8.1402976479175,1.1628996639882143,7.116602443495214,-13.808675719107814,-17.08786534393572,0,Si: HSP unreliable
CNCCCO[Si](C)(C)C(C)(C)C,CN(CCCO[Si](C)(C)C(C)(C)C)C(=O)[C@@H]1[C@H](C(=O)N(C)CCCO[Si](C)(C)C(C)(C)C)[C@@H]2C=C[C@@H]1C2,amide,Ambeed,monoamine,203.402,False,,0,15.1305,-6.0438,5.694,0,True,2,True,0,0,0,True,,15.502045511164871,5.168832539879791,2.8657059230929485,590.4705837005262,12.80527815738094,3.410733812286999,2.871242180970936,0.0,8.0,,gc_formula_si,"Si monomer: HSP NOT reliable (Si groups fitted on 51 HSPiP Si compounds, only 7 measured, all much smaller than the monomers)",0.0,15.502045511164871,15.502045511164871,5.168832539879791,5.168832539879791,2.8657059230929485,2.8657059230929485,2,Si,Ambeed,https://www.ambeed.com/products/204580-33-6.html,40.89471548537313,2.297455926144558,5.447184651626514,0.7781692359466448,6.121766552881505,1.224353310576301,8.144626231419524,1.163518033059932,7.467507048192132,-13.198918894378028,-17.80517212795171,0,Si: HSP unreliable
CC[Si](C#CCCO)(CC)CC,CC[Si](C#CCCOC(=O)[C@@H]1[C@H](C(=O)OCCC#C[Si](CC)(CC)CC)[C@@H]2C=C[C@@H]1C2)(CC)CC,ester,Ambeed,monoalcohol,184.355,False,,0,16.3441,0.6326,3.588,0,True,2,True,0,0,0,True,,15.798285422602516,3.4536239005317086,4.033288583704935,551.0998064552027,14.837565507406156,4.213134629195942,6.146530830477117,0.0,2.0,,gc_formula_si,"Si monomer: HSP NOT reliable (Si groups fitted on 51 HSPiP Si compounds, only 7 measured, all much smaller than the monomers)",0.0,15.798285422602516,15.798285422602516,3.4536239005317086,3.4536239005317086,4.033288583704935,4.033288583704935,2,Si,Ambeed,https://www.ambeed.com/products/160194-29-6.html,40.27541002424016,2.262663484507874,4.2869498478905905,0.6124214068415129,5.4038694390650255,1.080773887813005,8.16041819304706,1.1657740275781514,8.311372938365873,-16.377950105775742,-15.21862073942929,0,Si: HSP unreliable
CC(C)(C)[Si](C)(C)O[C@H]1CCOC1O,CC(C)(C)[Si](C)(C)O[C@H]1CCOC1OC(=O)[C@@H]1[C@H](C(=O)OC2OCC[C@@H]2O[Si](C)(C)C(C)(C)C)[C@@H]2C=C[C@@H]1C2,ester,Combi-Blocks,monoalcohol,218.369,False,,0,17.9784,8.6118,5.3694,0,True,2,True,0,0,0,True,,15.82481435730982,3.9336086035050486,3.5022947633357795,595.7117265912717,14.385305870068578,4.378993982975523,3.057015891710786,0.0,8.0,,gc_formula_si,"Si monomer: HSP NOT reliable (Si groups fitted on 51 HSPiP Si compounds, only 7 measured, all much smaller than the monomers)",0.0,15.82481435730982,15.82481435730982,3.9336086035050486,3.9336086035050486,3.5022947633357795,3.5022947633357795,2,Si,Combi-Blocks,https://www.combi-blocks.com/cgi-bin/find.cgi?HE-4676,40.63596621751903,2.2829194504224173,4.426893836899964,0.6324134052714234,5.3518735817406675,1.0703747163481334,8.172955666431609,1.1675650952045156,8.388910990468993,-15.393500517140554,-16.25612819747909,0,Si: HSP unreliable
CC(C)(C)[Si](C)(C)OCCOCCOCCO,CC(C)(C)[Si](C)(C)OCCOCCOCCOC(=O)[C@@H]1[C@H](C(=O)OCCOCCOCCO[Si](C)(C)C(C)(C)C)[C@@H]2C=C[C@@H]1C2,ester,Ambeed,monoalcohol,264.438,False,,0,15.7585,8.7586,5.9506,0,True,2,True,0,0,0,True,,15.558749535969232,4.202835322998836,4.077099275590472,673.8764106460209,12.360133148478972,8.49991589903486,7.360561468522451,0.0,8.0,,gc_formula_si,"Si monomer: HSP NOT reliable (Si groups fitted on 51 HSPiP Si compounds, only 7 measured, all much smaller than the monomers)",0.0,15.558749535969232,15.558749535969232,4.202835322998836,4.202835322998836,4.077099275590472,4.077099275590472,2,Si,Ambeed,https://www.ambeed.com/products/201037-95-8.html,40.002212941739316,2.2473153338055796,4.712660636461479,0.6732372337802113,6.0402294871114295,1.2080458974222859,8.183908534000382,1.1691297905714833,7.278814937379925,-15.433013488560867,-15.684485583377596,0,Si: HSP unreliable
C/C(=C\CO)[Si](C)(C)C,C/C(=C\COC(=O)[C@@H]1[C@H](C(=O)OC/C=C(\C)[Si](C)(C)C)[C@@H]2C=C[C@@H]1C2)[Si](C)(C)C,ester,Sigma-Aldrich,monoalcohol,144.29,False,,0,14.3703,1.986,6.4492,0,True,2,True,0,2,0,True,,15.85659383264211,3.275553255564109,4.055010992246651,453.5518407005097,14.923217779166492,4.390674362803583,4.859705689467362,0.0,8.0,,gc_formula_si,"Si monomer: HSP NOT reliable (Si groups fitted on 51 HSPiP Si compounds, only 7 measured, all much smaller than the monomers)",0.0,15.85659383264211,15.85659383264211,3.275553255564109,3.275553255564109,4.055010992246651,4.055010992246651,2,Si,Sigma-Aldrich,https://www.sigmaaldrich.com/catalog/product/aldrich/t242896,40.312521203728664,2.2647483822319474,4.193475538793964,0.5990679341134235,5.287608097645084,1.0575216195290167,8.187105824061067,1.1695865462944381,8.526029584831349,-16.636051569324653,-15.077136095959567,0,Si: HSP unreliable
CNCCO[Si](C)(C)C(C)(C)C,CN(CCO[Si](C)(C)C(C)(C)C)C(=O)[C@@H]1[C@H](C(=O)N(C)CCO[Si](C)(C)C(C)(C)C)[C@@H]2C=C[C@@H]1C2,amide,Ambeed,monoamine,189.375,False,,0,15.0991,-5.7716,5.9262,0,True,2,True,0,0,0,True,,15.445013132432676,5.328823360444878,2.95376214483674,556.9808218981501,12.82564667461375,3.513486195549188,2.953368356199724,0.0,8.0,,gc_formula_si,"Si monomer: HSP NOT reliable (Si groups fitted on 51 HSPiP Si compounds, only 7 measured, all much smaller than the monomers)",0.0,15.445013132432676,15.445013132432676,5.328823360444878,5.328823360444878,2.95376214483674,2.95376214483674,2,Si,Ambeed,https://www.ambeed.com/products/204580-28-9.html,40.76778800045556,2.290325168564919,5.541544549679054,0.7916492213827221,6.328118155498041,1.2656236310996083,8.20130828612149,1.171615469445927,7.162427627151057,-13.069951916824536,-17.820074348040812,0,Si: HSP unreliable
CC(C)(C)[Si](C)(C)OCC(O)CCl,CC(C)(C)[Si](C)(C)OCC(CCl)OC(=O)[C@@H]1[C@H](C(=O)OC(CCl)CO[Si](C)(C)C(C)(C)C)[C@@H]2C=C[C@@H]1C2,ester,Ambeed,monoalcohol,224.804,False,,0,16.0276,7.7648,7.394,0,True,2,True,0,0,0,True,,15.663593149302898,4.642307270054458,3.267740468892983,589.6526707265598,14.06629531922166,7.005734119984204,3.505600764866712,0.0,8.0,,gc_formula_si,"Si monomer: HSP NOT reliable (Si groups fitted on 51 HSPiP Si compounds, only 7 measured, all much smaller than the monomers)",0.0,15.663593149302898,15.663593149302898,4.642307270054458,4.642307270054458,3.267740468892983,3.267740468892983,2,Si,Ambeed,https://www.ambeed.com/products/136917-95-8.html,40.6524478860197,2.2838453868550395,4.8775956806828376,0.6967993829546911,5.818006469582018,1.1636012939164035,8.20735535845876,1.1724793369226798,7.753545410355457,-14.289026348141421,-17.038159950464376,0,Si: HSP unreliable
CCOC(=O)/C=C/[C@@H](C)[C@@H](O)CO[Si](C)(C)C(C)(C)C,CCOC(=O)/C=C/[C@@H](C)[C@H](CO[Si](C)(C)C(C)(C)C)OC(=O)[C@@H]1[C@H](C(=O)O[C@@H](CO[Si](C)(C)C(C)(C)C)[C@H](C)/C=C/C(=O)OCC)[C@@H]2C=C[C@@H]1C2,ester,Sigma-Aldrich,monoalcohol,302.487,False,,0,13.131,7.0676,10.2804,0,True,2,True,0,2,0,True,,15.7055322822135,3.7789546950575534,4.12767265855252,780.3741148739482,12.282454856424478,5.853835957275448,5.370126887737798,0.0,8.0,,gc_formula_si,"Si monomer: HSP NOT reliable (Si groups fitted on 51 HSPiP Si compounds, only 7 measured, all much smaller than the monomers)",0.0,15.7055322822135,15.7055322822135,3.7789546950575534,3.7789546950575534,4.12767265855252,4.12767265855252,2,Si,Sigma-Aldrich,https://www.sigmaaldrich.com/catalog/product/aldrich/t265306,40.08303253353222,2.2518557603107987,4.40966148148949,0.6299516402127843,5.721166632201925,1.144233326440385,8.212860485918991,1.173265783702713,7.798904928603427,-16.054250245708467,-15.356814318718534,0,Si: HSP unreliable
CC[Si](C#CCO)(CC)CC,CC[Si](C#CCOC(=O)[C@@H]1[C@H](C(=O)OCC#C[Si](CC)(CC)CC)[C@@H]2C=C[C@@H]1C2)(CC)CC,ester,Ambeed,monoalcohol,170.328,False,,0,16.3159,0.9048,3.8202,0,True,2,True,0,0,0,True,,15.757110152445318,3.574621141566817,4.164133619012026,517.6100446528267,14.8540862846627,4.315887012458131,6.228657005705905,0.0,2.0,,gc_formula_si,"Si monomer: HSP NOT reliable (Si groups fitted on 51 HSPiP Si compounds, only 7 measured, all much smaller than the monomers)",0.0,15.757110152445318,15.757110152445318,3.574621141566817,3.574621141566817,4.164133619012026,4.164133619012026,2,Si,Ambeed,https://www.ambeed.com/products/2652-46-2.html,40.11232687000504,2.253501509550845,4.310917084140818,0.6158452977344026,5.594358108758719,1.1188716217517438,8.215936650161051,1.173705235737293,8.018355391866475,-16.34662262989053,-15.167597675000106,0,Si: HSP unreliable
C=C1[C@@H](OCOC)CC[C@]2(C)[C@@H]1CC1C(O[Si](C)(C)C(C)(C)C)=CCC(C[C@@H]2O)C1(C)C,C=C1[C@@H](OCOC)CC[C@@]2(C)[C@@H](OC(=O)[C@@H]3[C@H](C(=O)O[C@H]4CC5CC=C(O[Si](C)(C)C(C)(C)C)C(C[C@@H]6C(=C)[C@@H](OCOC)CC[C@@]46C)C5(C)C)[C@@H]4C=C[C@@H]3C4)CC3CC=C(O[Si](C)(C)C(C)(C)C)C(C[C@H]12)C3(C)C,ester,Sigma-Aldrich,monoalcohol,464.763,False,,0,19.6236,-5.0826,9.6872,0,True,2,True,0,4,4,True,,16.290755673500634,2.602184827370137,3.029939148262118,1082.9894084770929,14.16141111512242,4.861427408941012,5.453428127825709,0.0,8.0,,gc_formula_si,"Si monomer: HSP NOT reliable (Si groups fitted on 51 HSPiP Si compounds, only 7 measured, all much smaller than the monomers)",0.0,16.290755673500634,16.290755673500634,2.602184827370137,2.602184827370137,3.029939148262118,3.029939148262118,2,Si,Sigma-Aldrich,https://www.sigmaaldrich.com/catalog/product/aldrich/t250813,41.52276855942822,2.3327398067094505,4.1105715638921145,0.587224509127445,3.9940254065612084,0.7988050813122417,8.217420662536068,1.1739172375051525,10.65863169786838,-16.718509994392612,-15.863001352608654,0,Si: HSP unreliable
C=CC[C@]1(O)C[C@H](CO[Si](C)(C)C(C)(C)C)C[C@]2(CCCO2)C1,C=CC[C@]1(OC(=O)[C@@H]2[C@H](C(=O)O[C@@]3(CC=C)C[C@H](CO[Si](C)(C)C(C)(C)C)C[C@]4(CCCO4)C3)[C@@H]3C=C[C@@H]2C3)C[C@H](CO[Si](C)(C)C(C)(C)C)C[C@]2(CCCO2)C1,ester,Sigma-Aldrich,monoalcohol,340.58,False,,0,18.4386,-3.9276,4.8692,4,True,2,True,0,2,4,True,,16.06947291034561,3.402998176954022,3.2538444024435806,856.4092926537892,13.54991746806822,5.3836897337524565,4.582003655435082,0.0,12.0,,gc_formula_si,"Si monomer: HSP NOT reliable (Si groups fitted on 51 HSPiP Si compounds, only 7 measured, all much smaller than the monomers)",0.0,16.06947291034561,16.06947291034561,3.402998176954022,3.402998176954022,3.2538444024435806,3.2538444024435806,2,Si,Sigma-Aldrich,https://www.sigmaaldrich.com/catalog/product/aldrich/t266868,41.0436830640341,2.3058248912378705,4.155853920995762,0.5936934172851088,4.730800243502563,0.9461600487005126,8.22078407220853,1.1743977246012187,9.412630330948007,-15.920319135835168,-16.21862668485605,0,Si: HSP unreliable
C[Si]1(C)CCC(CO)C1,C[Si]1(C)CCC(COC(=O)[C@@H]2[C@H](C(=O)OCC3CC[Si](C)(C)C3)[C@@H]3C=C[C@@H]2C3)C1,ester,Ambeed,monoalcohol,144.29,False,,0,17.9687,3.2248,4.0511,0,True,2,True,0,0,0,True,,16.045254594955505,3.060890050222552,3.667904325155886,426.0648750804871,15.684556147683796,3.408365738976737,3.418288055233174,0.0,6.0,,gc_formula_si,"Si monomer: HSP NOT reliable (Si groups fitted on 51 HSPiP Si compounds, only 7 measured, all much smaller than the monomers)",0.0,16.045254594955505,16.045254594955505,3.060890050222552,3.060890050222552,3.667904325155886,3.667904325155886,2,Si,Ambeed,https://www.ambeed.com/products/104120-94-7.html,40.75596389261354,2.2896608928434574,4.046876056379427,0.5781251509113466,4.804388714874537,0.9608777429749074,8.221039061963662,1.1744341517090946,9.316460219577067,-16.652268869888836,-15.43824032002217,0,Si: HSP unreliable
C[Si](C)(C)/C=C/CO,C[Si](C)(C)/C=C/COC(=O)[C@@H]1[C@H](C(=O)OC/C=C/[Si](C)(C)C)[C@@H]2C=C[C@@H]1C2,ester,Sigma-Aldrich,monoalcohol,130.263,False,,0,15.9785,0.5672,6.9992,0,True,2,True,0,2,0,True,,15.78300145328203,3.4972050065183917,4.168364632977312,424.2304916340236,14.971267954787924,4.892914394103386,4.884340121137704,0.0,8.0,,gc_formula_si,"Si monomer: HSP NOT reliable (Si groups fitted on 51 HSPiP Si compounds, only 7 measured, all much smaller than the monomers)",0.0,15.78300145328203,15.78300145328203,3.4972050065183917,3.4972050065183917,4.168364632977312,4.168364632977312,2,Si,Sigma-Aldrich,https://www.sigmaaldrich.com/catalog/product/aldrich/t278297,40.133051936064405,2.254665839104742,4.267157028670158,0.6095938612385939,5.538488653081034,1.1076977306162068,8.22346024583507,1.1747800351192959,8.117431813786325,-16.45416107974095,-15.11184182682311,0,Si: HSP unreliable
C[C@@H]1OC(C(O)c2ccccc2)=C[C@H](O[Si](C)(C)C)[C@H]1O[Si](C)(C)C(C)(C)C,C[C@@H]1OC(C(OC(=O)[C@@H]2[C@H](C(=O)OC(C3=C[C@H](O[Si](C)(C)C)[C@@H](O[Si](C)(C)C(C)(C)C)[C@H](C)O3)c3ccccc3)[C@@H]3C=C[C@@H]2C3)c2ccccc2)=C[C@H](O[Si](C)(C)C)[C@H]1O[Si](C)(C)C(C)(C)C,ester,Sigma-Aldrich,monoalcohol,422.714,False,,0,20.0493,-5.8358,7.3104,0,True,4,True,0,0,0,True,,16.14270770431841,3.496412987966792,2.8396556317751984,1027.554480117941,13.713133178076632,7.248719655680584,3.868588275054707,0.0,18.0,,gc_formula_si,"Si monomer: HSP NOT reliable (Si groups fitted on 51 HSPiP Si compounds, only 7 measured, all much smaller than the monomers)",0.0,16.14270770431841,16.14270770431841,3.496412987966792,3.496412987966792,2.8396556317751984,2.8396556317751984,4,Si,Sigma-Aldrich,https://www.sigmaaldrich.com/catalog/product/aldrich/t233366,41.413895718697326,2.3266233549829956,4.269283973587319,0.6098977105124741,4.5152531883183045,0.9030506376636609,8.227848639771448,1.1754069485387784,9.806639084576421,-15.485950348126817,-16.799465060510006,0,Si: HSP unreliable
C[C@@H]1OC=C[C@H](O[Si](C)(C)C(C)(C)C)[C@H]1O,C[C@@H]1OC=C[C@H](O[Si](C)(C)C(C)(C)C)[C@H]1OC(=O)[C@@H]1[C@H](C(=O)O[C@H]2[C@H](C)OC=C[C@@H]2O[Si](C)(C)C(C)(C)C)[C@@H]2C=C[C@@H]1C2,ester,Sigma-Aldrich,monoalcohol,244.407,False,,0,17.4219,8.336,3.8535,0,True,2,True,0,0,0,True,,15.827129893384653,4.006394470653376,3.5524962281743284,660.441757156526,12.772985341209756,6.461495921840917,4.442210613737288,0.0,8.0,,gc_formula_si,"Si monomer: HSP NOT reliable (Si groups fitted on 51 HSPiP Si compounds, only 7 measured, all much smaller than the monomers)",0.0,15.827129893384653,15.827129893384653,4.006394470653376,4.006394470653376,3.5524962281743284,3.5524962281743284,2,Si,Sigma-Aldrich,https://www.sigmaaldrich.com/catalog/product/aldrich/t233404,40.56653396594047,2.279018762131487,4.401472089536255,0.6287817270766078,5.437448910711384,1.0874897821422769,8.233297734569936,1.1761853906528479,8.268239194556948,-15.373231650905606,-16.2810281358637,0,Si: HSP unreliable
CC(C)[Si](OCCOCCOCCOCCO)(C(C)C)C(C)C,CC(C)[Si](OCCOCCOCCOCCOC(=O)[C@@H]1[C@H](C(=O)OCCOCCOCCOCCO[Si](C(C)C)(C(C)C)C(C)C)[C@@H]2C=C[C@@H]1C2)(C(C)C)C(C)C,ester,Combi-Blocks,monoalcohol,350.572,False,,0,15.4584,3.9492,7.148,0,True,2,True,0,0,0,True,,15.650642592152872,4.058342480727981,4.098352822870075,859.3846310348864,12.081218933937324,9.688598575446052,9.611388605165258,0.0,4.0,,gc_formula_si,"Si monomer: HSP NOT reliable (Si groups fitted on 51 HSPiP Si compounds, only 7 measured, all much smaller than the monomers)",0.0,15.650642592152872,15.650642592152872,4.058342480727981,4.058342480727981,4.098352822870075,4.098352822870075,2,Si,Combi-Blocks,https://www.combi-blocks.com/cgi-bin/find.cgi?HD-7309,40.02573927007203,2.248637037644496,4.524227692880708,0.6463182418401011,5.912131571955434,1.1824263143910867,8.25177595297612,1.1788251361394457,7.493947288554816,-15.690652934294967,-15.610632250010777,0,Si: HSP unreliable
C[C@@H](CO)COCOCC[Si](C)(C)C,C[C@H](COCOCC[Si](C)(C)C)COC(=O)[C@@H]1[C@H](C(=O)OC[C@H](C)COCOCC[Si](C)(C)C)[C@@H]2C=C[C@@H]1C2,ester,Sigma-Aldrich,monoalcohol,220.385,False,,0,16.4214,8.24,5.6298,0,True,2,True,0,0,0,True,,15.6214165228223,3.9636115304985218,4.30446256106702,602.3818249870118,13.81243106172938,6.483852623525268,6.250140140352982,0.0,8.0,,gc_formula_si,"Si monomer: HSP NOT reliable (Si groups fitted on 51 HSPiP Si compounds, only 7 measured, all much smaller than the monomers)",0.0,15.6214165228223,15.6214165228223,3.9636115304985218,3.9636115304985218,4.30446256106702,4.30446256106702,2,Si,Sigma-Aldrich,https://www.sigmaaldrich.com/catalog/product/aldrich/t252824,39.857176023272935,2.239167192318704,4.518656887043929,0.645522412434847,6.006705956372661,1.2013411912745322,8.269057522088296,1.1812939317268996,7.353342431256758,-15.962267553390799,-15.2805654922538,0,Si: HSP unreliable
C[Si](C)(C)C#CCCCCO,C[Si](C)(C)C#CCCCCOC(=O)[C@@H]1[C@H](C(=O)OCCCCC#C[Si](C)(C)C)[C@@H]2C=C[C@@H]1C2,ester,Combi-Blocks,monoalcohol,170.328,False,,0,16.3154,3.8686,3.8202,0,True,2,True,0,0,0,True,,15.758207455326138,3.7549403137928175,4.141266648939375,517.4720266081156,14.086686846802683,6.433081033394966,5.813940589785903,0.0,8.0,,gc_formula_si,"Si monomer: HSP NOT reliable (Si groups fitted on 51 HSPiP Si compounds, only 7 measured, all much smaller than the monomers)",0.0,15.758207455326138,15.758207455326138,3.7549403137928175,3.7549403137928175,4.141266648939375,4.141266648939375,2,Si,Combi-Blocks,https://www.combi-blocks.com/cgi-bin/find.cgi?HD-2964,40.07863647925246,2.251608790969239,4.306142799976567,0.6151632571395096,5.6941920290433465,1.1388384058086694,8.28614491648641,1.1837349880694872,7.862000492593946,-16.144533790472696,-15.37188112017958,0,Si: HSP unreliable
C[Si](C)(C)C1CC1CO,C[Si](C)(C)C1CC1COC(=O)[C@@H]1[C@H](C(=O)OCC2CC2[Si](C)(C)C)[C@@H]2C=C[C@@H]1C2,ester,Sigma-Aldrich,monoalcohol,144.29,False,,0,18.6722,13.0482,5.5412,0,True,2,True,0,0,0,True,,16.058262667353212,3.2368281546739004,3.6264395705637376,442.5410264381171,15.221550286982367,2.850998099162276,2.045592066798241,0.0,8.0,,gc_formula_si,"Si monomer: HSP NOT reliable (Si groups fitted on 51 HSPiP Si compounds, only 7 measured, all much smaller than the monomers)",0.0,16.058262667353212,16.058262667353212,3.2368281546739004,3.2368281546739004,3.6264395705637376,3.6264395705637376,2,Si,Sigma-Aldrich,https://www.sigmaaldrich.com/catalog/product/aldrich/t219924,40.74051375063432,2.2887929073390065,4.010563716352705,0.5729376737646721,4.884861125336204,0.9769722250672409,8.290948862078055,1.1844212660111508,9.194994942115574,-16.447874083243047,-15.668651251463375,0,Si: HSP unreliable
COCOC[C@](C)(O)[C@H](COC(C)=O)O[Si](C(C)C)(C(C)C)C(C)C,COCOC[C@](C)(OC(=O)[C@@H]1[C@H](C(=O)O[C@@](C)(COCOC)[C@H](COC(C)=O)O[Si](C(C)C)(C(C)C)C(C)C)[C@@H]2C=C[C@@H]1C2)[C@H](COC(C)=O)O[Si](C(C)C)(C(C)C)C(C)C,ester,Sigma-Aldrich,monoalcohol,378.582,False,,0,12.7103,3.5474,3.0233,0,True,2,True,0,0,0,True,,15.583525402415445,3.824598250297401,4.573575055861925,953.9619521116604,10.703039765384782,7.5391361816763665,7.671615779772268,0.0,4.0,,gc_formula_si,"Si monomer: HSP NOT reliable (Si groups fitted on 51 HSPiP Si compounds, only 7 measured, all much smaller than the monomers)",0.0,15.583525402415445,15.583525402415445,3.824598250297401,3.824598250297401,4.573575055861925,4.573575055861925,2,Si,Sigma-Aldrich,https://www.sigmaaldrich.com/catalog/product/aldrich/t271462,39.64279824638694,2.22712349698803,4.529347322510157,0.647049617501451,6.131760266327782,1.2263520532655563,8.294818596767561,1.1849740852525088,7.1853520962561195,-16.332502207979967,-14.83454859685092,0,Si: HSP unreliable
C=C[C@H](c1ccccc1)[C@H](O)[C@@H](C)O[Si](C)(C)C(C)(C)C,C=C[C@H](c1ccccc1)[C@H](OC(=O)[C@@H]1[C@H](C(=O)O[C@@H]([C@H](C=C)c2ccccc2)[C@@H](C)O[Si](C)(C)C(C)(C)C)[C@@H]2C=C[C@@H]1C2)[C@@H](C)O[Si](C)(C)C(C)(C)C,ester,Sigma-Aldrich,monoalcohol,306.522,False,,0,19.5057,-3.7204,8.1662,4,True,2,True,0,2,0,True,,16.32397935537787,2.9190040426021286,2.8114535673380643,812.0543579857189,15.59516660348426,3.004824421453701,3.0908740433319557,0.0,12.0,,gc_formula_si,"Si monomer: HSP NOT reliable (Si groups fitted on 51 HSPiP Si compounds, only 7 measured, all much smaller than the monomers)",0.0,16.32397935537787,16.32397935537787,2.9190040426021286,2.9190040426021286,2.8114535673380643,2.8114535673380643,2,Si,Sigma-Aldrich,https://www.sigmaaldrich.com/catalog/product/aldrich/t262331,41.631400679226644,2.3388427347880136,4.111591268890078,0.5873701812700112,4.0530427828932245,0.810608556578645,8.304080998812902,1.1862972855447003,10.593521745437677,-16.216428880113803,-16.431529830641935,0,Si: HSP unreliable
C[Si](C)(C)C#CCC1(O)CCCCC1,C[Si](C)(C)C#CCC1(OC(=O)[C@@H]2[C@H](C(=O)OC3(CC#C[Si](C)(C)C)CCCCC3)[C@@H]3C=C[C@@H]2C3)CCCCC1,ester,Sigma-Aldrich,monoalcohol,210.393,False,,0,15.0927,-1.8348,2.5618,0,True,2,True,0,2,4,True,,15.946063615930752,3.455382257841294,3.8668221831925225,617.6833466675669,14.08849928216612,5.286757383960418,4.785719333646355,0.0,8.0,,gc_formula_si,"Si monomer: HSP NOT reliable (Si groups fitted on 51 HSPiP Si compounds, only 7 measured, all much smaller than the monomers)",0.0,15.946063615930752,15.946063615930752,3.455382257841294,3.455382257841294,3.8668221831925225,3.8668221831925225,2,Si,Sigma-Aldrich,https://www.sigmaaldrich.com/catalog/product/aldrich/t211893,40.43850247465964,2.2718259817224515,4.07593856463237,0.5822769378046243,5.233838381160259,1.046767676232052,8.309012958162475,1.1870018511660678,8.623859174896936,-16.357503541281982,-15.534623690579526,0,Si: HSP unreliable
CC(C)CC1=C2CC[C@H](OCOCC[Si](C)(C)C)[C@@]2(C)CC[C@@H]1O,CC(C)CC1=C2CC[C@H](OCOCC[Si](C)(C)C)[C@@]2(C)CC[C@@H]1OC(=O)[C@@H]1[C@H](C(=O)O[C@H]2CC[C@@]3(C)C(=C2CC(C)C)CC[C@@H]3OCOCC[Si](C)(C)C)[C@@H]2C=C[C@@H]1C2,ester,Sigma-Aldrich,monoalcohol,354.607,False,,0,15.1538,-4.9904,5.7588,0,True,2,True,0,2,4,True,,16.107565948567075,3.081161994326989,3.632277065619983,873.5890848271124,14.25973306393251,5.3947064332951005,5.355552907683138,0.0,8.0,,gc_formula_si,"Si monomer: HSP NOT reliable (Si groups fitted on 51 HSPiP Si compounds, only 7 measured, all much smaller than the monomers)",0.0,16.107565948567075,16.107565948567075,3.081161994326989,3.081161994326989,3.632277065619983,3.632277065619983,2,Si,Sigma-Aldrich,https://www.sigmaaldrich.com/catalog/product/aldrich/t226831,40.78683265312756,2.291395092872335,3.9517359113359696,0.5645337016194242,4.7786106111837094,0.9557221222367419,8.31462679210855,1.1878038274440785,9.394126888620104,-16.65868101986007,-15.556450877274083,0,Si: HSP unreliable
CC(C)[Si](OC[C@H](O)c1ccccc1)(C(C)C)C(C)C,CC(C)[Si](OC[C@H](OC(=O)[C@@H]1[C@H](C(=O)O[C@@H](CO[Si](C(C)C)(C(C)C)C(C)C)c2ccccc2)[C@@H]2C=C[C@@H]1C2)c1ccccc1)(C(C)C)C(C)C,ester,Combi-Blocks,monoalcohol,294.511,False,,0,18.4301,1.11,8.8496,0,True,2,True,0,0,0,True,,16.330700711059443,2.721611389322096,3.0469721362991384,770.5288738327059,16.55397776333995,2.467202602625842,3.2124946000866315,0.0,4.0,,gc_formula_si,"Si monomer: HSP NOT reliable (Si groups fitted on 51 HSPiP Si compounds, only 7 measured, all much smaller than the monomers)",0.0,16.330700711059443,16.330700711059443,2.721611389322096,2.721611389322096,3.0469721362991384,3.0469721362991384,2,Si,Combi-Blocks,https://www.combi-blocks.com/cgi-bin/find.cgi?HE-2462,41.47138839308464,2.3298532805103727,4.00516004921066,0.5721657213158086,4.085948835767441,0.8171897671534882,8.33181603055548,1.190259432936497,10.562117185438208,-16.656061458036486,-16.0053399640824,0,Si: HSP unreliable
C[Si](C)(C)C1(CO)CC1,C[Si](C)(C)C1(COC(=O)[C@@H]2[C@H](C(=O)OCC3([Si](C)(C)C)CC3)[C@@H]3C=C[C@@H]2C3)CC1,ester,Sigma-Aldrich,monoalcohol,144.29,False,,0,18.9012,14.0494,4.7546,0,True,2,True,0,0,0,True,,16.11472688310537,3.17546333500807,3.56929718125446,436.07940207874645,15.387804872941258,3.19436256278935,2.264263493810712,0.0,8.0,,gc_formula_si,"Si monomer: HSP NOT reliable (Si groups fitted on 51 HSPiP Si compounds, only 7 measured, all much smaller than the monomers)",0.0,16.11472688310537,16.11472688310537,3.17546333500807,3.17546333500807,3.56929718125446,3.56929718125446,2,Si,Sigma-Aldrich,https://www.sigmaaldrich.com/catalog/product/aldrich/t212911,40.81724682127587,2.2931037540042625,3.951347702663053,0.564478243237579,4.791738126344867,0.9583476252689733,8.334559886694779,1.1906514123849683,9.369966366842839,-16.508560729351757,-15.720893036858978,0,Si: HSP unreliable
C[Si](C)(C)C#CCCCO,C[Si](C)(C)C#CCCCOC(=O)[C@@H]1[C@H](C(=O)OCCCC#C[Si](C)(C)C)[C@@H]2C=C[C@@H]1C2,ester,Sigma-Aldrich,monoalcohol,156.301,False,,0,16.2872,4.4968,4.0524,0,True,2,True,0,0,0,True,,15.71127012729473,3.893502310575953,4.284656850458376,483.9822648057396,14.10447345684595,6.535833416657156,5.896066765014693,0.0,8.0,,gc_formula_si,"Si monomer: HSP NOT reliable (Si groups fitted on 51 HSPiP Si compounds, only 7 measured, all much smaller than the monomers)",0.0,15.71127012729473,15.71127012729473,3.893502310575953,3.893502310575953,4.284656850458376,4.284656850458376,2,Si,Sigma-Aldrich,https://www.sigmaaldrich.com/catalog/product/aldrich/650315?utm_source=pubchem&utm_campaign=pubchem_2017&utm_medium=referral,39.8987736822597,2.241504139452792,4.35066329605396,0.6215233280077086,5.907965472199582,1.1815930944399162,8.353959282088384,1.193422754584055,7.5331109662604,-16.102424667177154,-15.320115587412307,0,Si: HSP unreliable
C[Si](C)(C)/C=C/C1(O)CCCCC1,C[Si](C)(C)/C=C/C1(OC(=O)[C@@H]2[C@H](C(=O)OC3(/C=C/[Si](C)(C)C)CCCCC3)[C@@H]3C=C[C@@H]2C3)CCCCC1,ester,Sigma-Aldrich,monoalcohol,198.382,False,,0,16.0935,-3.6472,6.3906,0,True,2,True,0,4,2,True,,16.11351602338147,3.034626499440133,3.7452581984831994,594.6446747335883,15.63468781626975,4.180489388027656,3.997648970760477,0.0,8.0,,gc_formula_si,"Si monomer: HSP NOT reliable (Si groups fitted on 51 HSPiP Si compounds, only 7 measured, all much smaller than the monomers)",0.0,16.11351602338147,16.11351602338147,3.034626499440133,3.034626499440133,3.7452581984831994,3.7452581984831994,2,Si,Sigma-Aldrich,https://www.sigmaaldrich.com/catalog/product/aldrich/t210293,40.694896891802415,2.28623016246081,3.899346470759665,0.5570494958228093,4.834772182694003,0.9669544365388006,8.357289245439466,1.1938984636342094,9.33363132545814,-16.824147722424538,-15.402884324338405,0,Si: HSP unreliable
C=C(C(O)C1CC=CCC1)[Si](C)(C)C,C=C(C(OC(=O)[C@@H]1[C@H](C(=O)OC(C(=C)[Si](C)(C)C)C2CC=CCC2)[C@@H]2C=C[C@@H]1C2)C1CC=CCC1)[Si](C)(C)C,ester,Sigma-Aldrich,monoalcohol,210.393,False,,0,16.8233,-0.4162,7.3552,0,True,2,True,0,4,2,True,,16.115169083809615,2.9590968716772577,3.799465973791985,605.4156453326115,15.313333981553455,5.297179355167423,5.517714591604113,0.0,8.0,,gc_formula_si,"Si monomer: HSP NOT reliable (Si groups fitted on 51 HSPiP Si compounds, only 7 measured, all much smaller than the monomers)",0.0,16.115169083809615,16.115169083809615,2.9590968716772577,2.9590968716772577,3.799465973791985,3.799465973791985,2,Si,Sigma-Aldrich,https://www.sigmaaldrich.com/catalog/product/aldrich/t210315,40.66780061316569,2.2847078996160497,3.889953153417468,0.5557075933453526,4.829994394643985,0.965998878928797,8.357374914768947,1.1939107021098496,9.356606238340373,-16.955538185924343,-15.274799981694887,0,Si: HSP unreliable
C/C(=C\CC[C@H](C)CCO)COCOCC[Si](C)(C)C,C/C(=C\CC[C@H](C)CCOC(=O)[C@@H]1[C@H](C(=O)OCC[C@@H](C)CC/C=C(\C)COCOCC[Si](C)(C)C)[C@@H]2C=C[C@@H]1C2)COCOCC[Si](C)(C)C,ester,Sigma-Aldrich,monoalcohol,302.531,False,,0,14.4269,1.4294,5.611,0,True,2,True,0,0,0,True,,15.98720355091534,3.444322181741419,3.843904749567319,787.2316092275278,14.290305122964334,6.168273177986029,7.472554834487414,0.0,8.0,,gc_formula_si,"Si monomer: HSP NOT reliable (Si groups fitted on 51 HSPiP Si compounds, only 7 measured, all much smaller than the monomers)",0.0,15.98720355091534,15.98720355091534,3.444322181741419,3.444322181741419,3.843904749567319,3.843904749567319,2,Si,Sigma-Aldrich,https://www.sigmaaldrich.com/catalog/product/aldrich/t239305,40.46561227247599,2.2733490040716844,4.011884546670606,0.5731263638100865,5.19906967539598,1.039813935079196,8.358336422756853,1.1940480603938362,8.6989766196066,-16.386786118741238,-15.58762098308944,0,Si: HSP unreliable
C[C@@H]1OC(C2(O)CCC2)=CC[C@H]1O[Si](C)(C)C(C)(C)C,C[C@@H]1OC(C2(OC(=O)[C@@H]3[C@H](C(=O)OC4(C5=CC[C@@H](O[Si](C)(C)C(C)(C)C)[C@H](C)O5)CCC4)[C@@H]4C=C[C@@H]3C4)CCC2)=CC[C@H]1O[Si](C)(C)C(C)(C)C,ester,Sigma-Aldrich,monoalcohol,298.499,False,,0,17.9889,4.627,4.396,0,True,2,True,0,0,0,True,,16.09235499580532,3.5972981501617216,3.3001627031853222,768.2923503343378,13.49517751657603,5.817425183964956,4.518668548710986,0.0,8.0,,gc_formula_si,"Si monomer: HSP NOT reliable (Si groups fitted on 51 HSPiP Si compounds, only 7 measured, all much smaller than the monomers)",0.0,16.09235499580532,16.09235499580532,3.5972981501617216,3.5972981501617216,3.3001627031853222,3.3001627031853222,2,Si,Sigma-Aldrich,https://www.sigmaaldrich.com/catalog/product/aldrich/t258199,40.94163968526689,2.300092117149825,4.073710640651424,0.5819586629502034,4.899397273106197,0.9798794546212394,8.358463825303884,1.1940662607576977,9.194894142458276,-15.79521954882892,-16.38949044278172,0,Si: HSP unreliable
COC(=O)[C@H]1C[C@@](C)(O[Si](C)(C)C(C)(C)C)[C@@H]2CC[C@@H](C(C)O)[C@H]12,COC(=O)[C@H]1C[C@@](C)(O[Si](C)(C)C(C)(C)C)[C@@H]2CC[C@@H](C(C)OC(=O)[C@@H]3[C@H](C(=O)OC(C)[C@@H]4CC[C@@H]5[C@H]4[C@@H](C(=O)OC)C[C@@]5(C)O[Si](C)(C)C(C)(C)C)[C@@H]4C=C[C@@H]3C4)[C@H]12,ester,Sigma-Aldrich,monoalcohol,356.579,False,,0,17.4408,9.8248,9.5448,0,True,2,True,0,0,0,True,,16.160401935506904,3.2347516865664723,3.411137386621783,843.6446073080581,14.013866650547255,3.999979389530139,2.116309561136089,0.0,8.0,,gc_formula_si,"Si monomer: HSP NOT reliable (Si groups fitted on 51 HSPiP Si compounds, only 7 measured, all much smaller than the monomers)",0.0,16.160401935506904,16.160401935506904,3.2347516865664723,3.2347516865664723,3.411137386621783,3.411137386621783,2,Si,Sigma-Aldrich,https://www.sigmaaldrich.com/catalog/product/aldrich/t256625,40.951675456951804,2.300655924547854,3.9444935781990393,0.5634990825998628,4.709291583942791,0.9418583167885582,8.366421156336397,1.195203022333771,9.514512862318648,-16.336787635562214,-15.984016235451593,0,Si: HSP unreliable
CC(C)(C)[Si](C)(C)OCC1CCC2(CO)CCCN12,CC(C)(C)[Si](C)(C)OCC1CCC2(COC(=O)[C@@H]3[C@H](C(=O)OCC45CCCN4C(CO[Si](C)(C)C(C)(C)C)CC5)[C@@H]4C=C[C@@H]3C4)CCCN12,ester,Ambeed,"monoalcohol,monoamine",285.504,False,,0,21.4914,11.4874,3.6896,0,True,2,True,0,0,0,True,,16.21199266061604,3.1184561131109345,3.3176556315656174,692.367885249396,14.828321544279406,4.660681344816921,4.827125579105815,0.0,8.0,,gc_formula_si,"Si monomer: HSP NOT reliable (Si groups fitted on 51 HSPiP Si compounds, only 7 measured, all much smaller than the monomers)",0.0,16.21199266061604,16.21199266061604,3.1184561131109345,3.1184561131109345,3.3176556315656174,3.3176556315656174,2,Si,Ambeed,https://www.ambeed.com/products/1788873-94-8.html,41.0802273553122,2.307877941309674,3.931985125775558,0.5617121608250797,4.556598356910535,0.911319671382107,8.370661694988142,1.1958088135697345,9.775880915939489,-16.411192179070724,-16.012793142161357,2,Si: HSP unreliable  basic N x2
C=C(C(=O)OC)[C@@H](C)[C@H](O)[C@H](O[Si](C)(C)C(C)(C)C)C1CCCCC1,C=C(C(=O)OC)[C@@H](C)[C@H](OC(=O)[C@@H]1[C@H](C(=O)O[C@@H]([C@H](C)C(=C)C(=O)OC)[C@H](O[Si](C)(C)C(C)(C)C)C2CCCCC2)[C@@H]2C=C[C@@H]1C2)[C@H](O[Si](C)(C)C(C)(C)C)C1CCCCC1,ester,Sigma-Aldrich,monoalcohol,370.606,False,,0,17.0501,0.2198,7.2444,0,True,2,True,0,2,2,True,,16.09648271471287,3.428639546471684,3.540679911070112,903.7217496816268,13.270657895771818,5.156077016678812,3.984202601823868,0.0,8.0,,gc_formula_si,"Si monomer: HSP NOT reliable (Si groups fitted on 51 HSPiP Si compounds, only 7 measured, all much smaller than the monomers)",0.0,16.09648271471287,16.09648271471287,3.428639546471684,3.428639546471684,3.540679911070112,3.540679911070112,2,Si,Sigma-Aldrich,https://www.sigmaaldrich.com/catalog/product/aldrich/t262315,40.764533162106304,2.290142312477882,3.9584088284464483,0.5654869754923497,4.945468684960768,0.9890937369921536,8.392637410114789,1.19894820144497,9.127163257171073,-16.2085230793113,-15.98444235011444,0,Si: HSP unreliable
CC1(C)C2CCC1(/C=C/[C@@](COCOCC[Si](C)(C)C)(OCc1ccccc1)[C@@H](CCO[Si](C)(C)C(C)(C)C)OCOCC[Si](C)(C)C)C(=O)[C@@H]2O,CC1(C)C2CCC1(/C=C/[C@@](COCOCC[Si](C)(C)C)(OCc1ccccc1)[C@@H](CCO[Si](C)(C)C(C)(C)C)OCOCC[Si](C)(C)C)C(=O)[C@@H]2OC(=O)[C@@H]1[C@H](C(=O)O[C@H]2C(=O)C3(/C=C/[C@@](COCOCC[Si](C)(C)C)(OCc4ccccc4)[C@@H](CCO[Si](C)(C)C(C)(C)C)OCOCC[Si](C)(C)C)CCC2C3(C)C)[C@@H]2C=C[C@@H]1C2,ester,Sigma-Aldrich,monoalcohol,779.293,False,,0,19.3631,-19.0634,14.4754,0,True,6,True,2,6,2,True,,15.969398050991302,4.0652441424087895,3.403809491744356,1733.2801321612546,13.219983720106312,12.079922386304109,11.94757211675763,0.0,24.0,,gc_formula_si,"Si monomer: HSP NOT reliable (Si groups fitted on 51 HSPiP Si compounds, only 7 measured, all much smaller than the monomers)",0.0,15.969398050991302,15.969398050991302,4.0652441424087895,4.0652441424087895,3.403809491744356,3.403809491744356,6,Si,Sigma-Aldrich,https://www.sigmaaldrich.com/catalog/product/aldrich/t264296,40.69684719429653,2.286339730016659,4.222053322301751,0.6031504746145359,5.34315633200371,1.068631266400742,8.418312387692728,1.2026160553846754,8.500344416838157,-15.307963400326866,-16.630832701655734,0,Si: HSP unreliable
COCO[C@H]1[C@H](C)CC23CCCCC(C[C@H]4O[C@H]4[C@]12O)C3O[Si](C)(C)C(C)(C)C,COCO[C@H]1[C@H](C)CC23CCCCC(C[C@H]4O[C@H]4[C@]12OC(=O)[C@@H]1[C@H](C(=O)O[C@]24[C@@H]5O[C@@H]5CC5CCCCC2(C[C@@H](C)[C@@H]4OCOC)C5O[Si](C)(C)C(C)(C)C)[C@@H]2C=C[C@@H]1C2)C3O[Si](C)(C)C(C)(C)C,ester,Sigma-Aldrich,monoalcohol,426.67,False,,0,21.7823,10.937,5.4906,0,True,2,True,0,0,0,True,,16.247928921879517,3.462168879415475,2.9489486876748656,980.8084886208636,13.844881234037787,7.045412225284955,5.475282930742403,0.0,8.0,,gc_formula_si,"Si monomer: HSP NOT reliable (Si groups fitted on 51 HSPiP Si compounds, only 7 measured, all much smaller than the monomers)",0.0,16.247928921879517,16.247928921879517,3.462168879415475,3.462168879415475,2.9489486876748656,2.9489486876748656,2,Si,Sigma-Aldrich,https://www.sigmaaldrich.com/catalog/product/aldrich/t233951,41.32723120754981,2.321754562221899,4.041689920617417,0.5773842743739167,4.5490391623769115,0.9098078324753823,8.428173601140934,1.2040248001629905,9.836811354789177,-15.734708730138905,-16.761149113620128,0,Si: HSP unreliable
C[Si](C)(C)C#CCCO,C[Si](C)(C)C#CCCOC(=O)[C@@H]1[C@H](C(=O)OCCC#C[Si](C)(C)C)[C@@H]2C=C[C@@H]1C2,ester,Ambeed,monoalcohol,142.274,False,,0,16.2589,5.125,4.2846,0,True,2,True,0,0,0,True,,15.65718048138882,4.046815171783466,4.443660023866743,450.49250300336354,14.122228191486029,6.638585799919345,5.978192940243481,0.0,8.0,,gc_formula_si,"Si monomer: HSP NOT reliable (Si groups fitted on 51 HSPiP Si compounds, only 7 measured, all much smaller than the monomers)",0.0,15.65718048138882,15.65718048138882,4.046815171783466,4.046815171783466,4.443660023866743,4.443660023866743,2,Si,Ambeed,https://www.ambeed.com/products/2117-12-6.html,39.699873132555595,2.2303299512671684,4.41634586476277,0.6309065521089671,6.1461935518106054,1.2292387103621212,8.432229422893824,1.2046042032705464,7.166705285738612,-16.054025333472097,-15.260335629305542,0,Si: HSP unreliable
CC(C)(C)[Si](C)(C)OC1CC2C=CC1(CO)O2,CC(C)(C)[Si](C)(C)OC1CC2C=CC1(COC(=O)[C@@H]1[C@H](C(=O)OCC34C=CC(CC3O[Si](C)(C)C(C)(C)C)O4)[C@@H]3C=C[C@@H]1C3)O2,ester,Sigma-Aldrich,monoalcohol,256.418,False,,0,20.8927,13.9504,5.5198,0,True,2,True,0,0,0,True,,16.21846486735437,3.632980162858957,2.89600236156468,628.5750460074532,14.617567227163368,6.876659659090113,5.672463289872261,0.0,8.0,,gc_formula_si,"Si monomer: HSP NOT reliable (Si groups fitted on 51 HSPiP Si compounds, only 7 measured, all much smaller than the monomers)",0.0,16.21846486735437,16.21846486735437,3.632980162858957,3.632980162858957,2.89600236156468,2.89600236156468,2,Si,Sigma-Aldrich,https://www.sigmaaldrich.com/catalog/product/aldrich/t244880,41.324121002200954,2.321579831584323,4.105741930220807,0.5865345614601153,4.648867222597034,0.9297734445194068,8.432304230347892,1.204614890049699,9.689482342930734,-15.481487066060094,-16.955442668648647,0,Si: HSP unreliable
CC(C)(C)[Si](C)(C)OC[C@](C)(O)CCCOCc1ccccc1,CC(C)(C)[Si](C)(C)OC[C@@](C)(CCCOCc1ccccc1)OC(=O)[C@@H]1[C@H](C(=O)O[C@](C)(CCCOCc2ccccc2)CO[Si](C)(C)C(C)(C)C)[C@@H]2C=C[C@@H]1C2,ester,Sigma-Aldrich,monoalcohol,338.564,False,,0,17.3093,-5.5886,6.14,0,True,2,True,0,0,0,True,,16.19079102222297,3.365867325457372,3.3288079626050675,868.3068050563523,15.510238435671146,5.593681789005514,5.410638763832568,0.0,8.0,,gc_formula_si,"Si monomer: HSP NOT reliable (Si groups fitted on 51 HSPiP Si compounds, only 7 measured, all much smaller than the monomers)",0.0,16.19079102222297,16.19079102222297,3.365867325457372,3.365867325457372,3.3288079626050675,3.3288079626050675,2,Si,Sigma-Aldrich,https://www.sigmaaldrich.com/catalog/product/aldrich/t272515,40.991265974582866,2.3028801109316217,3.918875695131703,0.5598393850188147,4.738958926577954,0.9477917853155908,8.435194908703323,1.2050278441004747,9.496115734160531,-16.153731659370667,-16.227850385075275,0,Si: HSP unreliable
C[Si](C)(C)C#CC1(O)CCCC1,C[Si](C)(C)C#CC1(OC(=O)[C@@H]2[C@H](C(=O)OC3(C#C[Si](C)(C)C)CCCC3)[C@@H]3C=C[C@@H]2C3)CCCC1,ester,Ambeed,monoalcohol,182.339,False,,0,14.9993,-1.2988,3.9768,0,True,2,True,0,0,0,True,,15.862751145171904,3.7604477706130313,4.137274642607049,557.2396527853768,14.478485295618652,6.335935694209343,5.519225117315353,0.0,8.0,,gc_formula_si,"Si monomer: HSP NOT reliable (Si groups fitted on 51 HSPiP Si compounds, only 7 measured, all much smaller than the monomers)",0.0,15.862751145171904,15.862751145171904,3.7604477706130313,3.7604477706130313,4.137274642607049,4.137274642607049,2,Si,Ambeed,https://www.ambeed.com/products/71321-24-9.html,40.08399430013168,2.251909792142229,4.109528893503452,0.5870755562147788,5.658865182000869,1.131773036400174,8.4421554196196,1.2060222028027998,7.965028731951824,-16.239578017165922,-15.485924273177886,0,Si: HSP unreliable
C[Si](C)(C)C(N)[Si](C)(C)C,C[Si](C)(C)C(NC(=O)[C@@H]1[C@H](C(=O)NC([Si](C)(C)C)[Si](C)(C)C)[C@@H]2C=C[C@@H]1C2)[Si](C)(C)C,amide,TCI,monoamine,175.424,False,,0,10.8234,-4.204,4.2375,0,True,4,True,2,0,0,True,,15.044421180553009,5.882674263378799,3.881259134083477,552.9669026726714,11.784744525446982,3.790877889448257,2.393343452657632,0.0,16.0,,gc_formula_si,"Si monomer: HSP NOT reliable (Si groups fitted on 51 HSPiP Si compounds, only 7 measured, all much smaller than the monomers)",0.0,15.044421180553009,15.044421180553009,5.882674263378799,5.882674263378799,3.881259134083477,3.881259134083477,4,Si,TCI,http://www.tcichemicals.com/eshop/en/us/commodity/B1826/index.html,39.73902537841431,2.2325295156412532,6.076526783154366,0.868075254736338,7.481707134224203,1.4963414268448407,8.464943688071882,1.2092776697245546,5.280487783090733,-13.043006051257688,-17.045836309848333,0,Si: HSP unreliable
C=C1CC[C@H](O[Si](C)(C)C(C)(C)C)C/C1=C\C=C1/CCC[C@]2(C)[C@@H]([C@H](C)CO)CC[C@@H]12,C=C1CC[C@H](O[Si](C)(C)C(C)(C)C)C/C1=C\C=C1/CCC[C@]2(C)[C@@H]([C@H](C)COC(=O)[C@@H]3[C@H](C(=O)OC[C@@H](C)[C@H]4CC[C@H]5/C(=C/C=C6\C[C@@H](O[Si](C)(C)C(C)(C)C)CCC6=C)CCC[C@]45C)[C@@H]4C=C[C@@H]3C4)CC[C@@H]12,ester,Combi-Blocks,monoalcohol,444.776,False,,0,17.5692,0.271,7.341,0,True,2,True,0,2,4,True,,16.69361685565778,2.096664501192691,1.874380231653197,1057.940624684877,16.32928853725973,0.942178621561912,1.2629420226663397,0.0,8.0,,gc_formula_si,"Si monomer: HSP NOT reliable (Si groups fitted on 51 HSPiP Si compounds, only 7 measured, all much smaller than the monomers)",0.0,16.69361685565778,16.69361685565778,2.096664501192691,2.096664501192691,1.874380231653197,1.874380231653197,2,Si,Combi-Blocks,https://www.combi-blocks.com/cgi-bin/find.cgi?JQ-7504,42.816262756571696,2.4054080200321177,4.614485049734591,0.6592121499620844,2.9204520539816357,0.5840904107963272,8.467892632913436,1.2096989475590623,12.722572122811892,-16.471332586118287,-16.915901125197273,0,Si: HSP unreliable
C[Si](C)(C)C1(C(O)C2CCCCC2)CC1,C[Si](C)(C)C1(C(OC(=O)[C@@H]2[C@H](C(=O)OC(C3CCCCC3)C3([Si](C)(C)C)CC3)[C@@H]3C=C[C@@H]2C3)C2CCCCC2)CC1,ester,Sigma-Aldrich,monoalcohol,226.436,False,,0,19.7049,4.7864,3.8708,0,True,2,True,0,0,2,True,,16.434507705180383,2.638261644901817,2.9987187341913177,621.2088080765793,16.103497000590124,2.361445116672344,1.3772850823061653,0.0,8.0,,gc_formula_si,"Si monomer: HSP NOT reliable (Si groups fitted on 51 HSPiP Si compounds, only 7 measured, all much smaller than the monomers)",0.0,16.434507705180383,16.434507705180383,2.638261644901817,2.638261644901817,2.9987187341913177,2.9987187341913177,2,Si,Sigma-Aldrich,https://www.sigmaaldrich.com/catalog/product/aldrich/t218782,41.55261700071937,2.3344166854336725,3.9123737648975117,0.5589105378425017,4.003137250302766,0.8006274500605531,8.46988369187893,1.209983384554133,10.797527326087248,-16.794964794469884,-16.074050615890883,0,Si: HSP unreliable
CC(C)(C)[Si](C)(C)OCC1OC=CC1O,CC(C)(C)[Si](C)(C)OCC1OC=CC1OC(=O)[C@@H]1[C@H](C(=O)OC2C=COC2CO[Si](C)(C)C(C)(C)C)[C@@H]2C=C[C@@H]1C2,ester,Sigma-Aldrich,monoalcohol,230.38,False,,0,17.7691,10.051,4.1313,0,True,2,True,0,0,0,True,,15.83285987247419,4.128900122879704,3.9324937177317087,610.6293489962623,13.40818689055522,7.11574836944073,5.432715216899425,0.0,8.0,,gc_formula_si,"Si monomer: HSP NOT reliable (Si groups fitted on 51 HSPiP Si compounds, only 7 measured, all much smaller than the monomers)",0.0,15.83285987247419,15.83285987247419,4.128900122879704,4.128900122879704,3.9324937177317087,3.9324937177317087,2,Si,Sigma-Aldrich,https://www.sigmaaldrich.com/catalog/product/aldrich/t261599,40.16754577256714,2.2566036950880415,4.241230049937631,0.6058900071339473,5.777992961201555,1.155598592240311,8.47181013638475,1.210258590912107,7.7714660318627775,-15.636453467326193,-16.029266277622185,0,Si: HSP unreliable
CO[Si](CCCNCCC[Si](OC)(OC)OC)(OC)OC,CO[Si](CCCN(CCC[Si](OC)(OC)OC)C(=O)[C@@H]1[C@H](C(=O)N(CCC[Si](OC)(OC)OC)CCC[Si](OC)(OC)OC)[C@@H]2C=C[C@@H]1C2)(OC)OC,amide,Sigma-Aldrich,monoamine,341.553,False,,0,21.7761,18.8508,14.5625,0,True,4,True,0,0,0,True,,15.572900695543291,5.237193532313192,3.3941561676002605,778.5863972981209,11.614027599584832,4.450259273630031,1.7234155268923876,0.0,16.0,,gc_formula_si,"Si monomer: HSP NOT reliable (Si groups fitted on 51 HSPiP Si compounds, only 7 measured, all much smaller than the monomers)",0.0,15.572900695543291,15.572900695543291,5.237193532313192,5.237193532313192,3.3941561676002605,3.3941561676002605,4,Si,Sigma-Aldrich,https://www.sigmaaldrich.com/catalog/product/aldrich/413356?utm_source=pubchem&utm_campaign=pubchem_2017&utm_medium=referral,40.36736237875346,2.2678293471209807,5.105149364804372,0.7293070521149103,6.408056318348626,1.2816112636697252,8.483084687233445,1.2118692410333494,6.941550995629838,-13.729863330830359,-17.41593806025622,0,Si: HSP unreliable
C=CC[C@H]1[C@H]2[C@@H](C[C@@H](OCOC)[C@]1(O)C1=C[C@H](O[Si](C)(C)C(C)(C)C)C[C@]1(C=C)OC)C2(C)C,C=CC[C@H]1[C@H]2[C@@H](C[C@@H](OCOC)[C@]1(OC(=O)[C@@H]1[C@H](C(=O)O[C@]3(C4=C[C@H](O[Si](C)(C)C(C)(C)C)C[C@]4(C=C)OC)[C@H](OCOC)C[C@@H]4[C@H]([C@@H]3CC=C)C4(C)C)[C@@H]3C=C[C@@H]1C3)C1=C[C@H](O[Si](C)(C)C(C)(C)C)C[C@]1(C=C)OC)C2(C)C,ester,Sigma-Aldrich,monoalcohol,492.773,False,,0,20.0031,-3.195,7.7918,8,True,2,True,0,4,4,True,,16.21316116659901,3.279482194034504,3.446830331327852,1163.8536638011828,12.176165541994614,6.177133044965869,7.8102104740873,0.0,16.0,,gc_formula_si,"Si monomer: HSP NOT reliable (Si groups fitted on 51 HSPiP Si compounds, only 7 measured, all much smaller than the monomers)",0.0,16.21316116659901,16.21316116659901,3.279482194034504,3.279482194034504,3.446830331327852,3.446830331327852,2,Si,Sigma-Aldrich,https://www.sigmaaldrich.com/catalog/product/aldrich/t262765,40.90739250982259,2.298168118529359,3.830506228768357,0.5472151755383367,4.760861972993632,0.9521723945987264,8.485567059657733,1.2122238656653903,9.486848641236655,-16.38050930389236,-16.045813029305663,0,Si: HSP unreliable
C[Si](C)(C)C#CCC(O)C1CCCCC1,C[Si](C)(C)C#CCC(OC(=O)[C@@H]1[C@H](C(=O)OC(CC#C[Si](C)(C)C)C2CCCCC2)[C@@H]2C=C[C@@H]1C2)C1CCCCC1,ester,Sigma-Aldrich,monoalcohol,224.42,False,,0,17.2423,-0.5394,3.4008,0,True,2,True,0,0,2,True,,16.110677833477844,3.389906456439786,3.7473870156366833,635.6219090011964,14.92513083497037,5.805668353802338,5.091214528738935,0.0,8.0,,gc_formula_si,"Si monomer: HSP NOT reliable (Si groups fitted on 51 HSPiP Si compounds, only 7 measured, all much smaller than the monomers)",0.0,16.110677833477844,16.110677833477844,3.389906456439786,3.389906456439786,3.7473870156366833,3.7473870156366833,2,Si,Sigma-Aldrich,https://www.sigmaaldrich.com/catalog/product/aldrich/t211923,40.580908525618824,2.279826321663979,3.8401933838484177,0.5485990548354882,5.067321458060572,1.0134642916121144,8.489126478235736,1.2127323540336765,8.973384361401376,-16.46815839267474,-15.753197274280947,0,Si: HSP unreliable
COC1OC(CO)C2OC(C)(C)OC2C1O[Si](C)(C)C(C)(C)C,COC1OC(COC(=O)[C@@H]2[C@H](C(=O)OCC3OC(OC)C(O[Si](C)(C)C(C)(C)C)C4OC(C)(C)OC34)[C@@H]3C=C[C@@H]2C3)C2OC(C)(C)OC2C1O[Si](C)(C)C(C)(C)C,ester,Sigma-Aldrich,monoalcohol,348.512,False,,0,21.1556,17.954,3.4165,0,True,2,True,0,0,0,True,,16.00855459423626,4.180581841693762,3.296835210915806,817.031772262793,12.64196807034715,7.6707621640704,6.213772670549813,0.0,8.0,,gc_formula_si,"Si monomer: HSP NOT reliable (Si groups fitted on 51 HSPiP Si compounds, only 7 measured, all much smaller than the monomers)",0.0,16.00855459423626,16.00855459423626,4.180581841693762,4.180581841693762,3.296835210915806,3.296835210915806,2,Si,Sigma-Aldrich,https://www.sigmaaldrich.com/catalog/product/aldrich/t275859,40.76738917648064,2.2903027627236314,4.215420242997932,0.6022028918568474,5.355945167866923,1.0711890335733847,8.493086656522545,1.213298093788935,8.531137541626691,-15.124807963458302,-16.892301225014215,0,Si: HSP unreliable
C[Si](C)(C)C#CC1(O)CCCCC1,C[Si](C)(C)C#CC1(OC(=O)[C@@H]2[C@H](C(=O)OC3(C#C[Si](C)(C)C)CCCCC3)[C@@H]3C=C[C@@H]2C3)CCCCC1,ester,Sigma-Aldrich,monoalcohol,196.366,False,,0,15.9611,-1.5626,3.3558,0,True,2,True,0,0,2,True,,15.977285385651037,3.617809879789948,4.018470226946844,586.451478075501,14.702993185200643,6.016563519402284,5.292721536609463,0.0,8.0,,gc_formula_si,"Si monomer: HSP NOT reliable (Si groups fitted on 51 HSPiP Si compounds, only 7 measured, all much smaller than the monomers)",0.0,15.977285385651037,15.977285385651037,3.617809879789948,3.617809879789948,4.018470226946844,4.018470226946844,2,Si,Sigma-Aldrich,https://www.sigmaaldrich.com/catalog/product/aldrich/s133531,40.24556322497681,2.260986698032405,3.9450875774603875,0.5635839396371982,5.445477957022835,1.089095591404567,8.49700237066999,1.2138574815242844,8.341005278914245,-16.377945732807934,-15.576625038494141,0,Si: HSP unreliable
C[Si](C)(C)C#CCO,C[Si](C)(C)C#CCOC(=O)[C@@H]1[C@H](C(=O)OCC#C[Si](C)(C)C)[C@@H]2C=C[C@@H]1C2,ester,Sigma-Aldrich,monoalcohol,128.247,False,,0,16.2305,5.7532,4.5168,0,True,2,True,0,0,0,True,,15.594167651052569,4.217771759857642,4.621348241059405,417.0027412009875,14.139951204626284,6.741338183181534,6.06031911547227,0.0,8.0,,gc_formula_si,"Si monomer: HSP NOT reliable (Si groups fitted on 51 HSPiP Si compounds, only 7 measured, all much smaller than the monomers)",0.0,15.594167651052569,15.594167651052569,4.217771759857642,4.217771759857642,4.621348241059405,4.621348241059405,2,Si,Sigma-Aldrich,https://www.sigmaaldrich.com/catalog/product/aldrich/318558?utm_source=pubchem&utm_campaign=pubchem_2017&utm_medium=referral,39.47831266480805,2.2178827339779805,4.509522503714135,0.6442175005305907,6.413989039800277,1.2827978079600553,8.523572241319485,1.217653177331355,6.755047650135523,-15.997744132254333,-15.190591169850805,0,Si: HSP unreliable
COC(=O)[C@@H](O)CCO[Si](C)(C)C(C)(C)C,COC(=O)[C@H](CCO[Si](C)(C)C(C)(C)C)OC(=O)[C@@H]1[C@H](C(=O)O[C@@H](CCO[Si](C)(C)C(C)(C)C)C(=O)OC)[C@@H]2C=C[C@@H]1C2,ester,Sigma-Aldrich,monoalcohol,248.395,False,,0,15.7414,12.8142,6.9268,0,True,2,True,0,0,0,True,,15.723027379023254,4.132843291225478,4.376392782450254,625.3416163998833,13.214867944001362,5.875691205402254,4.685011760600259,0.0,8.0,,gc_formula_si,"Si monomer: HSP NOT reliable (Si groups fitted on 51 HSPiP Si compounds, only 7 measured, all much smaller than the monomers)",0.0,15.723027379023254,15.723027379023254,4.132843291225478,4.132843291225478,4.376392782450254,4.376392782450254,2,Si,Sigma-Aldrich,https://www.sigmaaldrich.com/catalog/product/aldrich/648361?utm_source=pubchem&utm_campaign=pubchem_2017&utm_medium=referral,39.73950625748613,2.232556531319445,4.309520884129309,0.6156458405899013,6.129012732694983,1.2258025465389966,8.531587518944345,1.2187982169920493,7.213791305347522,-15.96657687024803,-15.479477887798478,0,Si: HSP unreliable
CC(C)(C)[Si](C)(C)OCCOCCOCCOCCO,CC(C)(C)[Si](C)(C)OCCOCCOCCOCCOC(=O)[C@@H]1[C@H](C(=O)OCCOCCOCCOCCO[Si](C)(C)C(C)(C)C)[C@@H]2C=C[C@@H]1C2,ester,Sigma-Aldrich,monoalcohol,308.491,False,,0,16.0036,9.7568,5.7184,0,True,2,True,0,0,0,True,,15.638946695512136,4.448449342498582,4.321825791978707,753.8182768041524,12.170209531903929,10.839343113605915,9.70159437935393,0.0,8.0,,gc_formula_si,"Si monomer: HSP NOT reliable (Si groups fitted on 51 HSPiP Si compounds, only 7 measured, all much smaller than the monomers)",0.0,15.638946695512136,15.638946695512136,4.448449342498582,4.448449342498582,4.321825791978707,4.321825791978707,2,Si,Sigma-Aldrich,https://www.sigmaaldrich.com/catalog/product/aldrich/767778?utm_source=pubchem&utm_campaign=pubchem_2017&utm_medium=referral,39.69706870166121,2.2301723989697306,4.513257879302424,0.644751125614632,6.341517611304549,1.2683035222609098,8.544969891417715,1.220709984488245,6.868671561034848,-15.512323144992262,-15.76557024603201,0,Si: HSP unreliable
CC1=CC23CCCCC(CC[C@H]4O[C@]42[C@H]1O)C3O[Si](C)(C)C(C)(C)C,CC1=CC23CCCCC(CC[C@H]4O[C@]42[C@H]1OC(=O)[C@@H]1[C@H](C(=O)O[C@H]2C(C)=CC45CCCCC(CC[C@H]6O[C@@]624)C5O[Si](C)(C)C(C)(C)C)[C@@H]2C=C[C@@H]1C2)C3O[Si](C)(C)C(C)(C)C,ester,Sigma-Aldrich,monoalcohol,364.602,False,,0,21.9756,6.8498,4.5976,0,True,2,True,0,0,0,True,,16.551425767576553,2.933823347199188,2.2983714654729503,840.7984543999203,15.625963492120952,5.865900192459718,4.999792699873267,0.0,8.0,,gc_formula_si,"Si monomer: HSP NOT reliable (Si groups fitted on 51 HSPiP Si compounds, only 7 measured, all much smaller than the monomers)",0.0,16.551425767576553,16.551425767576553,2.933823347199188,2.933823347199188,2.2983714654729503,2.2983714654729503,2,Si,Sigma-Aldrich,https://www.sigmaaldrich.com/catalog/product/aldrich/t234168,42.13403899836071,2.367080842604534,4.173688183489802,0.5962411690699717,3.760676866240592,0.7521353732481184,8.55708785735439,1.2224411224791984,11.319230954904416,-15.915973885850317,-17.18687764930279,0,Si: HSP unreliable
CC(C)(C)[Si](C)(C)O[C@@H]1CC[C@]2(C)CC1(O)CC[C@H]1CC(=O)O[C@H]1[C@@H]2OCOCC[Si](C)(C)C,CC(C)(C)[Si](C)(C)O[C@@H]1CC[C@]2(C)CC1(OC(=O)[C@@H]1[C@H](C(=O)OC34CC[C@H]5CC(=O)O[C@H]5[C@H](OCOCC[Si](C)(C)C)[C@](C)(CC[C@H]3O[Si](C)(C)C(C)(C)C)C4)[C@@H]3C=C[C@@H]1C3)CC[C@H]1CC(=O)O[C@H]1[C@@H]2OCOCC[Si](C)(C)C,ester,Sigma-Aldrich,monoalcohol,514.852,False,,0,19.7178,14.8746,7.432,0,True,4,True,0,0,2,True,,15.86013605569824,4.769422379618449,3.313278716873221,1186.544318087052,12.918544819383932,6.654074919272656,5.932219548667178,0.0,16.0,,gc_formula_si,"Si monomer: HSP NOT reliable (Si groups fitted on 51 HSPiP Si compounds, only 7 measured, all much smaller than the monomers)",0.0,15.86013605569824,15.86013605569824,4.769422379618449,4.769422379618449,3.313278716873221,3.313278716873221,4,Si,Sigma-Aldrich,https://www.sigmaaldrich.com/catalog/product/aldrich/t260045,40.578431487800025,2.2796871622359562,4.537613219950438,0.6482304599929197,5.873595734205511,1.1747191468411022,8.583183864568351,1.2261691235097645,7.77743495920657,-14.403992392953013,-17.316279718443468,0,Si: HSP unreliable
CCOC(C)(C)O/N=C1\[C@H](C)C[C@@](C)(OC)[C@H](O[C@@H]2O[C@H](C)C[C@H](N(C)C)[C@H]2O[Si](C)(C)C)[C@@H](C)[C@H](O[C@H]2C[C@@](C)(OC)[C@@H](O[Si](C)(C)C)[C@H](C)O2)[C@@H](C)C(=O)O[C@H](CC)[C@@](C)(O)[C@H](O)[C@H]1C,CCOC(C)(C)O/N=C1\[C@H](C)C[C@@](C)(OC)[C@H](O[C@@H]2O[C@H](C)C[C@H](N(C)C)[C@H]2O[Si](C)(C)C)[C@@H](C)[C@H](O[C@H]2C[C@@](C)(OC)[C@@H](O[Si](C)(C)C)[C@H](C)O2)[C@@H](C)C(=O)O[C@H](CC)[C@@](C)(O)[C@H](OC(=O)[C@@H]2[C@H](C(=O)O[C@@H]3[C@@H](C)/C(=N/OC(C)(C)OCC)[C@H](C)C[C@@](C)(OC)[C@H](O[C@@H]4O[C@H](C)C[C@H](N(C)C)[C@H]4O[Si](C)(C)C)[C@@H](C)[C@H](O[C@H]4C[C@@](C)(OC)[C@@H](O[Si](C)(C)C)[C@H](C)O4)[C@@H](C)C(=O)O[C@H](CC)[C@@]3(C)O)[C@@H]3C=C[C@@H]2C3)[C@H]1C,ester,Oakwood Products,"diol,monoamine",993.479,False,,0,17.9011,19.3628,11.3584,0,True,4,True,0,2,2,True,,15.832662422021183,4.767864766311276,3.4307244181312178,2212.51384113571,0.0,20.157921787025025,11.225191382073668,0.0,20.0,,gc_formula_si,"Si monomer: HSP NOT reliable (Si groups fitted on 51 HSPiP Si compounds, only 7 measured, all much smaller than the monomers)",0.0,15.832662422021183,15.832662422021183,4.767864766311276,4.767864766311276,3.4307244181312178,3.4307244181312178,4,Si,Oakwood Products,http://www.oakwoodchemical.com/ProductsList.aspx?CategoryID=-2&txtSearch=78536&ExtHyperLink=1,40.4650973471612,2.2733200756832135,4.52954294264147,0.6470775632344957,5.947774551053419,1.1895549102106837,8.588172090984715,1.2268817272835306,7.63407323757869,-14.495522073841123,-17.169802770201244,2,Si: HSP unreliable  basic N x2
CC(C)(C)[Si](C)(C)Oc1ccc(CO)cc1,CC(C)(C)[Si](C)(C)Oc1ccc(COC(=O)[C@@H]2[C@H](C(=O)OCc3ccc(O[Si](C)(C)C(C)(C)C)cc3)[C@@H]3C=C[C@@H]2C3)cc1,ester,Ambeed,monoalcohol,238.403,False,,0,19.964,5.1396,6.8014,2,True,2,True,0,0,0,True,,16.494175247691018,2.8123489174114487,2.8752421620493003,614.9528615365782,14.707057740397762,3.940001384481108,0.828475275862136,0.0,10.0,,gc_formula_si,"Si monomer: HSP NOT reliable (Si groups fitted on 51 HSPiP Si compounds, only 7 measured, all much smaller than the monomers)",0.0,16.494175247691018,16.494175247691018,2.8123489174114487,2.8123489174114487,2.8752421620493003,2.8752421620493003,2,Si,Ambeed,https://www.ambeed.com/products/138585-08-7.html,41.619457100611484,2.3381717472253642,3.8591516840247344,0.551307383432105,4.040685589223041,0.8081371178446082,8.588328543113386,1.2269040775876265,10.80658416823027,-16.55706849232887,-16.431282003053166,0,Si: HSP unreliable
CC(C)(C)[Si](C)(C)OC[C@H](O)c1ccoc1,CC(C)(C)[Si](C)(C)OC[C@H](OC(=O)[C@@H]1[C@H](C(=O)O[C@@H](CO[Si](C)(C)C(C)(C)C)c2ccoc2)[C@@H]2C=C[C@@H]1C2)c1ccoc1,ester,Sigma-Aldrich,monoalcohol,242.391,False,,0,18.0823,4.8318,6.8788,2,True,2,True,0,0,0,True,,16.035625052176375,3.666315175869264,3.989068713225045,633.832114092388,15.489133286635669,5.640750424048883,3.0736423644707638,0.0,10.0,,gc_formula_si,"Si monomer: HSP NOT reliable (Si groups fitted on 51 HSPiP Si compounds, only 7 measured, all much smaller than the monomers)",0.0,16.035625052176375,16.035625052176375,3.666315175869264,3.666315175869264,3.989068713225045,3.989068713225045,2,Si,Sigma-Aldrich,https://www.sigmaaldrich.com/catalog/product/aldrich/t291080,40.26157987693802,2.261886509940338,3.845724610059192,0.5493892300084561,5.4437223128836365,1.0887444625767273,8.594190719460837,1.227741531351548,8.380241163082065,-16.358378589532155,-15.712871514820595,0,Si: HSP unreliable
CC(C)(C)OC(=O)N1C[C@H](O)C[C@H]1CO[Si](C)(C)C(C)(C)C,CC(C)(C)OC(=O)N1C[C@H](OC(=O)[C@@H]2[C@H](C(=O)O[C@@H]3C[C@@H](CO[Si](C)(C)C(C)(C)C)N(C(=O)OC(C)(C)C)C3)[C@@H]3C=C[C@@H]2C3)C[C@H]1CO[Si](C)(C)C(C)(C)C,ester,Ambeed,monoalcohol,331.529,False,,0,16.3143,6.9156,8.7658,0,True,2,True,0,0,0,True,,15.748714679312162,4.279260746534323,4.316320679562208,845.9552363719821,11.297177376789252,5.371415837058519,4.294761616294065,0.0,8.0,,gc_formula_si,"Si monomer: HSP NOT reliable (Si groups fitted on 51 HSPiP Si compounds, only 7 measured, all much smaller than the monomers)",0.0,15.748714679312162,15.748714679312162,4.279260746534323,4.279260746534323,4.316320679562208,4.316320679562208,2,Si,Ambeed,https://www.ambeed.com/products/125653-58-9.html,39.75403198837076,2.233372583616335,4.28672617681273,0.6123894538303899,6.177245240790545,1.235449048158109,8.60937521130655,1.2299107444723643,7.15313325321563,-15.785774612340045,-15.711654746284276,0,Si: HSP unreliable
CC[C@H]1OC(=O)[C@H](C)[C@@H](O[C@H]2C[C@@](C)(OC)[C@@H](O[Si](C)(C)C)[C@H](C)O2)[C@H](C)[C@@H](O[C@@H]2O[C@H](C)C[C@H](N(C)C)[C@H]2O[Si](C)(C)C)[C@](C)(OC)C[C@@H](C)/C(=N\OC(C)(C)OC)[C@H](C)[C@@H](O)[C@]1(C)O,CC[C@H]1OC(=O)[C@H](C)[C@@H](O[C@H]2C[C@@](C)(OC)[C@@H](O[Si](C)(C)C)[C@H](C)O2)[C@H](C)[C@@H](O[C@@H]2O[C@H](C)C[C@H](N(C)C)[C@H]2O[Si](C)(C)C)[C@](C)(OC)C[C@@H](C)/C(=N\OC(C)(C)OC)[C@H](C)[C@@H](OC(=O)[C@@H]2[C@H](C(=O)O[C@@H]3[C@@H](C)/C(=N/OC(C)(C)OC)[C@H](C)C[C@@](C)(OC)[C@H](O[C@@H]4O[C@H](C)C[C@H](N(C)C)[C@H]4O[Si](C)(C)C)[C@@H](C)[C@H](O[C@H]4C[C@@](C)(OC)[C@@H](O[Si](C)(C)C)[C@H](C)O4)[C@@H](C)C(=O)O[C@H](CC)[C@@]3(C)O)[C@@H]3C=C[C@@H]2C3)[C@]1(C)O,ester,Oakwood Products,"diol,monoamine",979.452,False,,0,18.4531,21.043,10.7604,0,True,4,True,0,2,2,True,,15.852034340864734,4.780542319109642,3.4890299134845,2177.0800849177817,0.0,20.012778002553777,11.018561499610197,0.0,20.0,,gc_formula_si,"Si monomer: HSP NOT reliable (Si groups fitted on 51 HSPiP Si compounds, only 7 measured, all much smaller than the monomers)",0.0,15.852034340864734,15.852034340864734,4.780542319109642,4.780542319109642,3.4890299134845,3.4890299134845,4,Si,Oakwood Products,http://www.oakwoodchemical.com/ProductsList.aspx?CategoryID=-2&txtSearch=64710&ExtHyperLink=1,40.40622900517051,2.2700128654590173,4.471871677640619,0.6388388110915171,5.98578378569138,1.197156757138276,8.646860502283483,1.2352657860404974,7.58246210827059,-14.560521935239592,-17.143546746489875,2,Si: HSP unreliable  basic N x2
CC(C)(C)OC(=O)N1CC(CO)CC(O[Si](C)(C)C(C)(C)C)C1,CC(C)(C)OC(=O)N1CC(COC(=O)[C@@H]2[C@H](C(=O)OCC3CC(O[Si](C)(C)C(C)(C)C)CN(C(=O)OC(C)(C)C)C3)[C@@H]3C=C[C@@H]2C3)CC(O[Si](C)(C)C(C)(C)C)C1,ester,Ambeed,monoalcohol,345.556,False,,0,17.7688,7.8612,7.7202,0,True,2,True,0,0,0,True,,15.895979464167054,4.207787541780894,4.05209330254789,871.7428385054395,11.726175062661696,5.005642895641322,3.619198994721323,0.0,8.0,,gc_formula_si,"Si monomer: HSP NOT reliable (Si groups fitted on 51 HSPiP Si compounds, only 7 measured, all much smaller than the monomers)",0.0,15.895979464167054,15.895979464167054,4.207787541780894,4.207787541780894,4.05209330254789,4.05209330254789,2,Si,Ambeed,https://www.ambeed.com/products/1266372-57-9.html,40.03230995509686,2.2490061772526326,4.085626485485002,0.5836609264978574,5.897276193533666,1.1794552387067332,8.659219079734044,1.2370312971048634,7.63609861983827,-15.74028522493405,-16.051673703400056,0,Si: HSP unreliable
CC(C)C(CO[Si](C(C)C)(C(C)C)C(C)C)C1CC2(C)C=CC1CC2(O)/C=C/[C@H](C)COCc1ccccc1,CC(C)C(CO[Si](C(C)C)(C(C)C)C(C)C)C1CC2(C)C=CC1CC2(/C=C/[C@H](C)COCc1ccccc1)OC(=O)[C@@H]1[C@H](C(=O)OC2(/C=C/[C@H](C)COCc3ccccc3)CC3C=CC2(C)CC3C(CO[Si](C(C)C)(C(C)C)C(C)C)C(C)C)[C@@H]2C=C[C@@H]1C2,ester,Sigma-Aldrich,monoalcohol,554.932,False,,0,19.5269,-7.2684,14.046,0,True,2,True,0,4,6,True,,16.571971440641693,2.601243496831104,2.8807776947035797,1333.9618930841184,17.602778920547408,4.092665025218029,5.738994718785237,0.0,4.0,,gc_formula_si,"Si monomer: HSP NOT reliable (Si groups fitted on 51 HSPiP Si compounds, only 7 measured, all much smaller than the monomers)",0.0,16.571971440641693,16.571971440641693,2.601243496831104,2.601243496831104,2.8807776947035797,2.8807776947035797,2,Si,Sigma-Aldrich,https://www.sigmaaldrich.com/catalog/product/aldrich/t252441,41.689306231500126,2.342095855702254,3.8182863315215574,0.5454694759316511,3.9193394487090107,0.7838678897418021,8.662216760430752,1.237459537204393,11.089950249107009,-16.85150563851417,-16.292437242769218,0,Si: HSP unreliable
CCC1NC1CCO[Si](C)(C)C(C)(C)C,CCC1C(CCO[Si](C)(C)C(C)(C)C)N1C(=O)[C@@H]1[C@H](C(=O)N2C(CC)C2CCO[Si](C)(C)C(C)(C)C)[C@@H]2C=C[C@@H]1C2,amide,Combi-Blocks,monoamine,229.44,False,,0,16.8975,-3.453,5.1248,0,True,2,True,0,4,4,True,,15.814660700307556,5.147671878360232,3.169800063574643,629.7522232972383,12.822002444623704,1.3631408918021362,2.032385763504368,0.0,8.0,,gc_formula_si,"Si monomer: HSP NOT reliable (Si groups fitted on 51 HSPiP Si compounds, only 7 measured, all much smaller than the monomers)",0.0,15.814660700307556,15.814660700307556,5.147671878360232,5.147671878360232,3.169800063574643,3.169800063574643,2,Si,Combi-Blocks,https://www.combi-blocks.com/cgi-bin/find.cgi?QI-2776,40.61208709423376,2.281577926642346,4.7699900837822335,0.6814271548260333,6.1227751186535,1.2245550237307001,8.680472528754413,1.2400675041077733,7.49718875837268,-13.836788885521965,-17.792532515093143,0,Si: HSP unreliable
C=C(CO)C(CO[Si](C)(C)C(C)(C)C)c1ccccc1,C=C(COC(=O)[C@@H]1[C@H](C(=O)OCC(=C)C(CO[Si](C)(C)C(C)(C)C)c2ccccc2)[C@@H]2C=C[C@@H]1C2)C(CO[Si](C)(C)C(C)(C)C)c1ccccc1,ester,Sigma-Aldrich,monoalcohol,292.495,False,,0,19.0618,-0.8694,8.7366,0,True,2,True,0,2,0,True,,16.496669307500387,2.909541738048089,3.043293687985974,740.1027410251914,16.429620195769047,4.024018925929175,4.255076036726671,0.0,8.0,,gc_formula_si,"Si monomer: HSP NOT reliable (Si groups fitted on 51 HSPiP Si compounds, only 7 measured, all much smaller than the monomers)",0.0,16.496669307500387,16.496669307500387,2.909541738048089,2.909541738048089,3.043293687985974,3.043293687985974,2,Si,Sigma-Aldrich,https://www.sigmaaldrich.com/catalog/product/aldrich/t262366,41.42972950442327,2.3275128935069254,3.7163284365357767,0.5309040623622538,4.228685949893878,0.8457371899787756,8.682503148219473,1.2403575926027819,10.543833881466323,-16.630421257438275,-16.3629173575625,0,Si: HSP unreliable
CC(C)(C)OC(=O)N1[C@H](CO)C[C@@H]1CO[Si](C)(C)C(C)(C)C,CC(C)(C)OC(=O)N1[C@H](COC(=O)[C@@H]2[C@H](C(=O)OC[C@@H]3C[C@H](CO[Si](C)(C)C(C)(C)C)N3C(=O)OC(C)(C)C)[C@@H]3C=C[C@@H]2C3)C[C@@H]1CO[Si](C)(C)C(C)(C)C,ester,Combi-Blocks,monoalcohol,331.529,False,,0,17.5087,8.754,9.2752,0,True,2,True,0,0,0,True,,15.810981445356267,4.284336979443487,4.289447810959481,828.1461436929255,11.66413603223521,5.366025437982953,4.257506958881115,0.0,8.0,,gc_formula_si,"Si monomer: HSP NOT reliable (Si groups fitted on 51 HSPiP Si compounds, only 7 measured, all much smaller than the monomers)",0.0,15.810981445356267,15.810981445356267,4.284336979443487,4.284336979443487,4.289447810959481,4.289447810959481,2,Si,Combi-Blocks,https://www.combi-blocks.com/cgi-bin/find.cgi?HE-5029,39.779965756199836,2.2348295368651594,4.175874849540719,0.5965535499343885,6.140965922679869,1.2281931845359737,8.687216360248886,1.2410309086069837,7.2371966549533,-15.816092276872261,-15.805870613840273,0,Si: HSP unreliable
CC(C)(C)OC(=O)N1C[C@H](O[Si](C)(C)C(C)(C)C)C[C@H]1CO,CC(C)(C)OC(=O)N1C[C@H](O[Si](C)(C)C(C)(C)C)C[C@H]1COC(=O)[C@@H]1[C@H](C(=O)OC[C@@H]2C[C@@H](O[Si](C)(C)C(C)(C)C)CN2C(=O)OC(C)(C)C)[C@@H]2C=C[C@@H]1C2,ester,Ambeed,monoalcohol,331.529,False,,0,17.7438,8.4894,7.9524,0,True,2,True,0,0,0,True,,15.874620188601764,4.296676115632495,4.133744759161867,838.2530767030635,11.749257029080622,5.108395278903511,3.701325169950112,0.0,8.0,,gc_formula_si,"Si monomer: HSP NOT reliable (Si groups fitted on 51 HSPiP Si compounds, only 7 measured, all much smaller than the monomers)",0.0,15.874620188601764,15.874620188601764,4.296676115632495,4.296676115632495,4.133744759161867,4.133744759161867,2,Si,Ambeed,https://www.ambeed.com/products/114676-67-4.html,39.927336377399925,2.2431087852471867,4.105161993927961,0.5864517134182802,6.022712288689021,1.2045424577378043,8.709886609138868,1.2442695155912669,7.4441993138074025,-15.711688832131136,-16.037551545072393,0,Si: HSP unreliable
C[Si](C)(C)C#CC(O)C1CC1,C[Si](C)(C)C#CC(OC(=O)[C@@H]1[C@H](C(=O)OC(C#C[Si](C)(C)C)C2CC2)[C@@H]2C=C[C@@H]1C2)C1CC1,ester,Ambeed,monoalcohol,168.312,False,,0,17.7229,9.2994,4.3296,0,True,2,True,0,0,0,True,,16.028794780347614,3.826212069307259,4.120158111069836,509.96937795384304,14.699273169982767,5.458461559450843,4.894425388247033,0.0,8.0,,gc_formula_si,"Si monomer: HSP NOT reliable (Si groups fitted on 51 HSPiP Si compounds, only 7 measured, all much smaller than the monomers)",0.0,16.028794780347614,16.028794780347614,3.826212069307259,3.826212069307259,4.120158111069836,4.120158111069836,2,Si,Ambeed,https://www.ambeed.com/products/192315-00-7.html,40.087653148121284,2.252115345400072,3.8023782054995166,0.5431968864999309,5.648876945393119,1.1297753890786237,8.714304356528132,1.2449006223611616,8.082424599970519,-16.32274082211019,-15.734848738585038,0,Si: HSP unreliable
CC(C)(C)[Si](C)(C)OC(CCCO)c1ccccc1,CC(C)(C)[Si](C)(C)OC(CCCOC(=O)[C@@H]1[C@H](C(=O)OCCCC(O[Si](C)(C)C(C)(C)C)c2ccccc2)[C@@H]2C=C[C@@H]1C2)c1ccccc1,ester,Oakwood Products,monoalcohol,280.484,False,,0,20.0834,-3.2468,6.1422,0,True,2,True,0,0,0,True,,16.56994793128842,2.966415655815204,2.715728937385128,724.2398835378056,16.84899055932003,3.1494218161063188,2.545011577473772,0.0,8.0,,gc_formula_si,"Si monomer: HSP NOT reliable (Si groups fitted on 51 HSPiP Si compounds, only 7 measured, all much smaller than the monomers)",0.0,16.56994793128842,16.56994793128842,2.966415655815204,2.966415655815204,2.715728937385128,2.715728937385128,2,Si,Oakwood Products,http://www.oakwoodchemical.com/ProductsList.aspx?CategoryID=-2&txtSearch=109337&ExtHyperLink=1,41.72970154120709,2.3443652551239937,3.8309081749355527,0.5472725964193647,4.0578680420689,0.8115736084137801,8.722430479399113,1.2460614970570163,10.887803338088089,-16.319261212858343,-16.8206346497185,0,Si: HSP unreliable
C[C@@H]1CCC[C@@H](C(C)(C)O)[C@H](CCO[Si](C)(C)C(C)(C)C)[C@@H]1O,C[C@@H]1CCC[C@@H](C(C)(C)O)[C@H](CCO[Si](C)(C)C(C)(C)C)[C@@H]1OC(=O)[C@@H]1[C@H](C(=O)O[C@H]2[C@@H](CCO[Si](C)(C)C(C)(C)C)[C@H](C(C)(C)O)CCC[C@H]2C)[C@@H]2C=C[C@@H]1C2,ester,Sigma-Aldrich,diol,344.612,False,,0,14.8906,4.167,9.7985,0,True,2,True,0,2,2,True,,15.840865001364518,3.090413448351495,5.2036712393474645,871.923498456079,11.855770810137786,4.67336614696154,2.6470605204252955,0.0,8.0,,gc_formula_si,"Si monomer: HSP NOT reliable (Si groups fitted on 51 HSPiP Si compounds, only 7 measured, all much smaller than the monomers)",0.0,15.840865001364518,15.840865001364518,3.090413448351495,3.090413448351495,5.2036712393474645,5.2036712393474645,2,Si,Sigma-Aldrich,https://www.sigmaaldrich.com/catalog/product/aldrich/t254525,39.284345333090904,2.2069856928702754,4.011992134901786,0.573141733557398,6.121443411226782,1.2242886822453563,8.722899831830578,1.2461285474043682,7.546780313665559,-17.95412279236049,-13.72760721036855,0,Si: HSP unreliable
CC(C)(C)[Si](C)(C)c1occc1CO,CC(C)(C)[Si](C)(C)c1occc1COC(=O)[C@@H]1[C@H](C(=O)OCc2ccoc2[Si](C)(C)C(C)(C)C)[C@@H]2C=C[C@@H]1C2,ester,Sigma-Aldrich,monoalcohol,212.365,False,,0,18.8055,5.8918,6.2602,2,True,2,True,0,0,0,True,,16.253246125685767,3.173077706804326,4.0268359162163945,567.3246033773613,15.41278560333004,4.576891843670889,3.196321748260285,0.0,8.0,,gc_formula_si,"Si monomer: HSP NOT reliable (Si groups fitted on 51 HSPiP Si compounds, only 7 measured, all much smaller than the monomers)",0.0,16.253246125685767,16.253246125685767,3.173077706804326,3.173077706804326,4.0268359162163945,4.0268359162163945,2,Si,Sigma-Aldrich,https://www.sigmaaldrich.com/catalog/product/aldrich/t277398,40.39349630080746,2.2692975449891835,3.502630244390524,0.5003757491986464,5.127628431214814,1.0255256862429627,8.762765644952088,1.251823663564584,9.053332502665047,-17.107004335097837,-15.399487916273696,0,Si: HSP unreliable
C=C[C@@H](C)C[C@@H](C)[C@@H](O[Si](C)(C)C(C)(C)C)[C@H](COCc1ccc(OC)cc1)[C@@H](O)CC(=O)OC(C)(C)C,C=C[C@@H](C)C[C@@H](C)[C@@H](O[Si](C)(C)C(C)(C)C)[C@H](COCc1ccc(OC)cc1)[C@H](CC(=O)OC(C)(C)C)OC(=O)[C@@H]1[C@H](C(=O)O[C@@H](CC(=O)OC(C)(C)C)[C@@H](COCc2ccc(OC)cc2)[C@H](O[Si](C)(C)C(C)(C)C)[C@H](C)C[C@H](C)C=C)[C@@H]2C=C[C@@H]1C2,ester,Sigma-Aldrich,monoalcohol,550.853,False,,0,19.3512,9.9708,8.8482,4,True,2,True,0,2,0,True,,16.223900297228763,3.5723389484716472,3.8916339437197744,1293.5520536031677,12.96653208309272,6.272802436441768,7.318423091507486,0.0,12.0,,gc_formula_si,"Si monomer: HSP NOT reliable (Si groups fitted on 51 HSPiP Si compounds, only 7 measured, all much smaller than the monomers)",0.0,16.223900297228763,16.223900297228763,3.5723389484716472,3.5723389484716472,3.8916339437197744,3.8916339437197744,2,Si,Sigma-Aldrich,https://www.sigmaaldrich.com/catalog/product/aldrich/t269298,40.39486933864504,2.2693746819463505,3.5539505100641744,0.5077072157234535,5.284844839134534,1.0569689678269067,8.807832510550783,1.2582617872215405,8.759927405037342,-16.54319529247689,-15.904605301980634,0,Si: HSP unreliable
CC(C)(C)[Si](C)(C)OCC1NC1C1OC(O)C2C(CO[Si](C)(C)C(C)(C)C)N12,CC(C)(C)[Si](C)(C)OCC1NC1C1OC(OC(=O)[C@@H]2[C@H](C(=O)OC3OC(C4NC4CO[Si](C)(C)C(C)(C)C)N4C(CO[Si](C)(C)C(C)(C)C)C34)[C@@H]3C=C[C@@H]2C3)C2C(CO[Si](C)(C)C(C)(C)C)N12,ester,Sigma-Aldrich,monoalcohol,430.738,False,,0,22.8222,8.6052,9.7004,0,True,4,True,2,0,0,True,,15.932434458768576,4.691113420262477,3.723068584684142,987.7249871850136,11.456304621542266,5.748871547789759,2.6170648566792307,0.0,16.0,,gc_formula_si,"Si monomer: HSP NOT reliable (Si groups fitted on 51 HSPiP Si compounds, only 7 measured, all much smaller than the monomers)",0.0,15.932434458768576,15.932434458768576,4.691113420262477,4.691113420262477,3.723068584684142,3.723068584684142,4,Si,Sigma-Aldrich,https://www.sigmaaldrich.com/catalog/product/aldrich/695513?utm_source=pubchem&utm_campaign=pubchem_2017&utm_medium=referral,40.209682308367874,2.2589709162004423,4.211240898076945,0.6016058425824208,6.033920990237749,1.2067841980475498,8.81262247738814,1.2589460681983058,7.518252453821956,-14.964389623190241,-16.90047929434691,4,Si: HSP unreliable  basic N x4
CC(C)(C)OC(=O)NCC(O)CO[Si](C)(C)C(C)(C)C,CC(C)(C)OC(=O)NCC(CO[Si](C)(C)C(C)(C)C)OC(=O)[C@@H]1[C@H](C(=O)OC(CNC(=O)OC(C)(C)C)CO[Si](C)(C)C(C)(C)C)[C@@H]2C=C[C@@H]1C2,ester,Ambeed,monoalcohol,305.491,False,,0,5.3573,5.1172,8.7208,0,True,2,True,2,0,0,True,,15.597681498476838,4.837892632772343,4.566745781508689,796.444866736191,10.323461636205174,5.686768060952485,3.6924943298031954,0.0,8.0,,gc_formula_si,"Si monomer: HSP NOT reliable (Si groups fitted on 51 HSPiP Si compounds, only 7 measured, all much smaller than the monomers)",0.0,15.597681498476838,15.597681498476838,4.837892632772343,4.837892632772343,4.566745781508689,4.566745781508689,2,Si,Ambeed,https://www.ambeed.com/products/195197-94-5.html,39.350086168843255,2.210678998249621,4.599068726986516,0.6570098181409308,6.7995130170834495,1.35990260341669,8.823072278159135,1.2604388968798763,6.193043084195807,-15.326534647213185,-15.868828349740493,0,Si: HSP unreliable
CC(=O)OCC12OC(CC1O[Si](C)(C)C(C)(C)C)C(C)C2O,CC(=O)OCC12OC(CC1O[Si](C)(C)C(C)(C)C)C(C)C2OC(=O)[C@@H]1[C@H](C(=O)OC2C(C)C3CC(O[Si](C)(C)C(C)(C)C)C2(COC(C)=O)O3)[C@@H]2C=C[C@@H]1C2,ester,Sigma-Aldrich,monoalcohol,330.497,False,,0,19.5124,11.036,3.2723,0,True,2,True,0,0,0,True,,16.04537580500939,3.946987326075345,4.184608991026666,777.3317700992814,13.117433608900454,8.477636993442834,6.455796308440898,0.0,8.0,,gc_formula_si,"Si monomer: HSP NOT reliable (Si groups fitted on 51 HSPiP Si compounds, only 7 measured, all much smaller than the monomers)",0.0,16.04537580500939,16.04537580500939,3.946987326075345,3.946987326075345,4.184608991026666,4.184608991026666,2,Si,Sigma-Aldrich,https://www.sigmaaldrich.com/catalog/product/aldrich/t268011,39.99059746189687,2.246662778758251,3.747970861397592,0.5354244087710845,5.774858897209445,1.154971779441889,8.823594418770023,1.2605134883957176,7.913779487907378,-16.282997469960712,-15.807754140058067,0,Si: HSP unreliable
CC(C)(C)[Si](C)(C)OCCOCCOCCOCCOCCO,CC(C)(C)[Si](C)(C)OCCOCCOCCOCCOCCOC(=O)[C@@H]1[C@H](C(=O)OCCOCCOCCOCCOCCO[Si](C)(C)C(C)(C)C)[C@@H]2C=C[C@@H]1C2,ester,Combi-Blocks,monoalcohol,352.544,False,,0,16.2434,10.755,5.4862,0,True,2,True,0,0,0,True,,15.703465782565797,4.637467753867271,4.509929277158794,833.7601429622841,11.975969744316911,13.178770328176968,12.042627290185408,0.0,8.0,,gc_formula_si,"Si monomer: HSP NOT reliable (Si groups fitted on 51 HSPiP Si compounds, only 7 measured, all much smaller than the monomers)",0.0,15.703465782565797,15.703465782565797,4.637467753867271,4.637467753867271,4.509929277158794,4.509929277158794,2,Si,Combi-Blocks,https://www.combi-blocks.com/cgi-bin/find.cgi?QD-4310,39.46342835563639,2.217046536833505,4.371032100512549,0.6244331572160784,6.577916200698527,1.3155832401397054,8.82772881783911,1.2611041168341586,6.556068751539732,-15.57592730585732,-15.831004259274273,0,Si: HSP unreliable
CC(C)[C@@H](CO[Si](C)(C)C(C)(C)C)C1CC2(C)C=CC1CC2(O)/C=C/[C@H](C)COCc1ccccc1,CC(C)[C@@H](CO[Si](C)(C)C(C)(C)C)C1CC2(C)C=CC1CC2(/C=C/[C@H](C)COCc1ccccc1)OC(=O)[C@@H]1[C@H](C(=O)OC2(/C=C/[C@H](C)COCc3ccccc3)CC3C=CC2(C)CC3[C@H](CO[Si](C)(C)C(C)(C)C)C(C)C)[C@@H]2C=C[C@@H]1C2,ester,Sigma-Aldrich,monoalcohol,512.851,False,,0,19.922,-11.0808,12.6164,0,True,2,True,0,4,6,True,,16.642024194340877,2.8229449865712333,2.953527278848062,1228.3955388533846,17.655015572617064,5.24340956337789,5.829200492973906,0.0,8.0,,gc_formula_si,"Si monomer: HSP NOT reliable (Si groups fitted on 51 HSPiP Si compounds, only 7 measured, all much smaller than the monomers)",0.0,16.642024194340877,16.642024194340877,2.8229449865712333,2.8229449865712333,2.953527278848062,2.953527278848062,2,Si,Sigma-Aldrich,https://www.sigmaaldrich.com/catalog/product/aldrich/t252999,41.55714825953678,2.334671250535774,3.606688604175662,0.5152412291679517,4.142494898266672,0.8284989796533344,8.879783825025397,1.2685405464321995,10.865551928921581,-16.772606486617708,-16.51144190206405,0,Si: HSP unreliable
C=C1[C@@H](OCOC)CC[C@]2(C)[C@@H]1CC1C(O[Si](C)(C)C(C)(C)C)=CCC([C@@H](O)[C@@H]2O)C1(C)C,C=C1[C@@H](OCOC)CC[C@]2(C)[C@@H]1CC1C(O[Si](C)(C)C(C)(C)C)=CCC([C@@H](O)[C@@H]2OC(=O)[C@@H]2[C@H](C(=O)O[C@H]3[C@H](O)C4CC=C(O[Si](C)(C)C(C)(C)C)C(C[C@@H]5C(=C)[C@@H](OCOC)CC[C@]53C)C4(C)C)[C@@H]3C=C[C@@H]2C3)C1(C)C,ester,Sigma-Aldrich,diol,480.762,False,,0,20.3354,-3.515,10.1966,0,True,2,True,0,4,4,True,,16.37982699464126,3.4457805214157897,3.624910866631797,1100.657705964112,14.203783592656515,7.959037262847177,6.091173270062068,0.0,8.0,,gc_formula_si,"Si monomer: HSP NOT reliable (Si groups fitted on 51 HSPiP Si compounds, only 7 measured, all much smaller than the monomers)",0.0,16.37982699464126,16.37982699464126,3.4457805214157897,3.4457805214157897,3.624910866631797,3.624910866631797,2,Si,Sigma-Aldrich,https://www.sigmaaldrich.com/catalog/product/aldrich/t250821,40.69972147757815,2.286501206605514,3.4336336515999415,0.4905190930857059,5.003885649081879,1.000777129816376,8.898195830321779,1.2711708329031113,9.309135606593673,-16.558957339857265,-16.20069664942525,0,Si: HSP unreliable
CC(C)(C)[Si](C)(C)OCc1ccccc1CO,CC(C)(C)[Si](C)(C)OCc1ccccc1COC(=O)[C@@H]1[C@H](C(=O)OCc2ccccc2CO[Si](C)(C)C(C)(C)C)[C@@H]2C=C[C@@H]1C2,ester,Matrix Scientific,monoalcohol,252.43,False,,0,19.7009,5.2098,6.8014,0,True,2,True,0,0,0,True,,16.613256409673898,2.9519134425803024,3.0545060167317044,642.5857160891551,16.2516598572314,3.994419041726612,3.3519927188699463,0.0,8.0,,gc_formula_si,"Si monomer: HSP NOT reliable (Si groups fitted on 51 HSPiP Si compounds, only 7 measured, all much smaller than the monomers)",0.0,16.613256409673898,16.613256409673898,2.9519134425803024,2.9519134425803024,3.0545060167317044,3.0545060167317044,2,Si,Matrix Scientific,https://www.matrixscientific.com/215300.html,41.41761364607314,2.32683222730748,3.5373366166201543,0.5053338023743078,4.29375340367185,0.8587506807343701,8.904948225012422,1.2721354607160602,10.606836950361892,-16.7158489838253,-16.510663835522497,0,Si: HSP unreliable
CC(C)(C)OC(=O)N[C@H](CO)CO[Si](C)(C)C(C)(C)C,CC(C)(C)OC(=O)N[C@H](COC(=O)[C@@H]1[C@H](C(=O)OC[C@H](CO[Si](C)(C)C(C)(C)C)NC(=O)OC(C)(C)C)[C@@H]2C=C[C@@H]1C2)CO[Si](C)(C)C(C)(C)C,ester,Sigma-Aldrich,monoalcohol,305.491,False,,0,9.2691,6.9556,9.2302,0,True,2,True,2,0,0,True,,15.661080990267369,4.854681358590437,4.545336121884128,778.6357740571344,10.738413724472917,5.681377661876917,3.6552396723902456,0.0,8.0,,gc_formula_si,"Si monomer: HSP NOT reliable (Si groups fitted on 51 HSPiP Si compounds, only 7 measured, all much smaller than the monomers)",0.0,15.661080990267369,15.661080990267369,4.854681358590437,4.854681358590437,4.545336121884128,4.545336121884128,2,Si,Sigma-Aldrich,https://www.sigmaaldrich.com/catalog/product/aldrich/520071?utm_source=pubchem&utm_campaign=pubchem_2017&utm_medium=referral,39.3666935430163,2.211611996798668,4.485833003735405,0.640833286247915,6.77206626948829,1.354413253897658,8.905055534809497,1.272150790687071,6.261063509792804,-15.351735753561062,-15.970426226973677,0,Si: HSP unreliable
CCO[Si](CCCNC)(OCC)OCC,CCO[Si](CCCN(C)C(=O)[C@@H]1[C@H](C(=O)N(C)CCC[Si](OCC)(OCC)OCC)[C@@H]2C=C[C@@H]1C2)(OCC)OCC,amide,TCI,monoamine,235.4,False,,0,17.9695,6.327,5.4999,0,True,2,True,0,0,0,True,,15.730291333066194,5.707423409204031,3.222968273896231,609.8812891888026,14.200114462217796,3.3736823986313125,3.5539161086544446,0.0,8.0,,gc_formula_si,"Si monomer: HSP NOT reliable (Si groups fitted on 51 HSPiP Si compounds, only 7 measured, all much smaller than the monomers)",0.0,15.730291333066194,15.730291333066194,5.707423409204031,5.707423409204031,3.222968273896231,3.222968273896231,2,Si,TCI,https://www.tcichemicals.com/p/T3242,40.41241984579324,2.270360665494002,5.058302949186168,0.7226147070265955,6.652854900506232,1.3305709801012464,8.927086239053379,1.2752980341504827,6.799899649965933,-13.245836197758395,-18.214746468373992,0,Si: HSP unreliable
C[C@@H]1CC23CCCCC(C[C@H](C#N)[C@@H](O)[C@@]24OC(C)(C)O[C@@H]14)C3O[Si](C)(C)C(C)(C)C,C[C@@H]1CC23CCCCC(C[C@H](C#N)[C@@H](OC(=O)[C@@H]4[C@H](C(=O)O[C@@H]5[C@@H](C#N)CC6CCCCC7(C[C@@H](C)[C@@H]8OC(C)(C)O[C@@]587)C6O[Si](C)(C)C(C)(C)C)[C@@H]5C=C[C@@H]4C5)[C@@]24OC(C)(C)O[C@@H]14)C3O[Si](C)(C)C(C)(C)C,ester,Sigma-Aldrich,monoalcohol,449.708,False,,0,23.3209,29.3952,6.4094,0,True,2,True,0,0,0,True,,16.339555086353073,4.6071978535606855,2.357649785953224,1012.26970793431,14.325543391053586,4.228732357769426,2.732857105483827,0.0,8.0,,gc_formula_si,"Si monomer: HSP NOT reliable (Si groups fitted on 51 HSPiP Si compounds, only 7 measured, all much smaller than the monomers)",0.0,16.339555086353073,16.339555086353073,4.6071978535606855,4.6071978535606855,2.357649785953224,2.357649785953224,2,Si,Sigma-Aldrich,https://www.sigmaaldrich.com/catalog/product/aldrich/t233994,41.569299877933474,2.3353539257265994,4.348113505301971,0.6211590721859958,5.176006471642502,1.0352012943285005,8.931418111445327,1.2759168730636181,9.374707446839164,-14.090007018745613,-18.589103153960533,0,Si: HSP unreliable
CC1C2CC(O[Si](C)(C)C(C)(C)C)C(CO)(O2)C1OC(=O)N(C)C,CC1C2CC(O[Si](C)(C)C(C)(C)C)C(COC(=O)[C@@H]3[C@H](C(=O)OCC45OC(CC4O[Si](C)(C)C(C)(C)C)C(C)C5OC(=O)N(C)C)[C@@H]4C=C[C@@H]3C4)(O2)C1OC(=O)N(C)C,ester,Sigma-Aldrich,monoalcohol,359.539,False,,0,20.6719,17.4242,7.3712,0,True,2,True,0,0,0,True,,16.097267376565156,4.381542273955495,3.8215962525774,826.4937288966539,12.513328528114888,8.697508131914223,5.328548812577582,0.0,8.0,,gc_formula_si,"Si monomer: HSP NOT reliable (Si groups fitted on 51 HSPiP Si compounds, only 7 measured, all much smaller than the monomers)",0.0,16.097267376565156,16.097267376565156,4.381542273955495,4.381542273955495,3.8215962525774,3.8215962525774,2,Si,Sigma-Aldrich,https://www.sigmaaldrich.com/catalog/product/aldrich/t268003,40.21197617822313,2.2590997852934342,3.8270243856821304,0.5467177693831615,5.828113990185145,1.1656227980370288,8.942494793270406,1.2774992561814866,7.894128850032262,-15.53732135518706,-16.657213397943252,0,Si: HSP unreliable
CC(C)(C)[Si](C)(C)OC(CCO)COCc1ccccc1,CC(C)(C)[Si](C)(C)OC(CCOC(=O)[C@@H]1[C@H](C(=O)OCCC(COCc2ccccc2)O[Si](C)(C)C(C)(C)C)[C@@H]2C=C[C@@H]1C2)COCc1ccccc1,ester,Sigma-Aldrich,monoalcohol,310.51,False,,0,20.1042,5.167,4.9608,0,True,2,True,0,0,0,True,,16.48235043961687,3.541986456818316,3.1971656765511747,769.6003157558753,16.565446786107362,5.824645503557501,5.296396649535588,0.0,8.0,,gc_formula_si,"Si monomer: HSP NOT reliable (Si groups fitted on 51 HSPiP Si compounds, only 7 measured, all much smaller than the monomers)",0.0,16.48235043961687,16.48235043961687,3.541986456818316,3.541986456818316,3.1971656765511747,3.1971656765511747,2,Si,Sigma-Aldrich,https://www.sigmaaldrich.com/catalog/product/aldrich/t253855,41.08641871852605,2.3082257707037104,3.5179569460507825,0.5025652780072546,4.7854511965869175,0.9570902393173835,8.943837868380722,1.277691124054389,9.743198306247379,-16.13752965934973,-16.82717121988401,0,Si: HSP unreliable
COC1(OC)C2C=CC1C(O)(C1=CC[C@H](O[Si](C)(C)C(C)(C)C)C1)C2,COC1(OC)C2C=CC1C(OC(=O)[C@@H]1[C@H](C(=O)OC3(C4=CC[C@H](O[Si](C)(C)C(C)(C)C)C4)CC4C=CC3C4(OC)OC)[C@@H]3C=C[C@@H]1C3)(C1=CC[C@H](O[Si](C)(C)C(C)(C)C)C1)C2,ester,Sigma-Aldrich,monoalcohol,366.574,False,,0,18.1331,-4.3298,7.5282,0,True,2,True,0,0,0,True,,16.42393023233168,3.425845792126881,3.748745326764468,878.5111763254276,15.902329304194708,7.048566616368628,7.459398016760609,0.0,8.0,,gc_formula_si,"Si monomer: HSP NOT reliable (Si groups fitted on 51 HSPiP Si compounds, only 7 measured, all much smaller than the monomers)",0.0,16.42393023233168,16.42393023233168,3.425845792126881,3.425845792126881,3.748745326764468,3.748745326764468,2,Si,Sigma-Aldrich,https://www.sigmaaldrich.com/catalog/product/aldrich/t255696,40.592156621949805,2.280458237188191,3.2963596838536966,0.4709085262648138,5.084382531469778,1.0168765062939555,9.01444043840035,1.2877772054857641,9.249339113440332,-16.746829766969267,-16.101030697694096,0,Si: HSP unreliable
CC1(CCC(O)C(C)(C)CC#C[Si](C)(C)C)OCCO1,CC1(CCC(OC(=O)[C@@H]2[C@H](C(=O)OC(CCC3(C)OCCO3)C(C)(C)CC#C[Si](C)(C)C)[C@@H]3C=C[C@@H]2C3)C(C)(C)CC#C[Si](C)(C)C)OCCO1,ester,Sigma-Aldrich,monoalcohol,298.499,False,,0,17.3718,3.2512,5.0524,0,True,2,True,0,2,2,True,,16.04302121643145,4.243105975527401,4.324134186005894,780.5212599573217,14.315084604782273,8.774297342111122,7.594314841647134,0.0,8.0,,gc_formula_si,"Si monomer: HSP NOT reliable (Si groups fitted on 51 HSPiP Si compounds, only 7 measured, all much smaller than the monomers)",0.0,16.04302121643145,16.04302121643145,4.243105975527401,4.243105975527401,4.324134186005894,4.324134186005894,2,Si,Sigma-Aldrich,https://www.sigmaaldrich.com/catalog/product/aldrich/t213926,39.768963144532,2.2342114126141572,3.721327707499402,0.531618243928486,6.079986608452249,1.2159973216904498,9.02248569919534,1.288926528456477,7.475781054898153,-16.12404942690994,-15.961993005952953,0,Si: HSP unreliable
C[Si](C)(C)C1(C(O)C=C2CCC2)CC1,C[Si](C)(C)C1(C(C=C2CCC2)OC(=O)[C@@H]2[C@H](C(=O)OC(C=C3CCC3)C3([Si](C)(C)C)CC3)[C@@H]3C=C[C@@H]2C3)CC1,ester,Sigma-Aldrich,monoalcohol,210.393,False,,0,18.9416,2.0974,4.945,0,True,2,True,0,2,0,True,,16.689241255292803,2.707686594580016,3.274717880433188,564.6769699433318,16.57673811664187,2.9015800648385097,3.655009665779784,0.0,8.0,,gc_formula_si,"Si monomer: HSP NOT reliable (Si groups fitted on 51 HSPiP Si compounds, only 7 measured, all much smaller than the monomers)",0.0,16.689241255292803,16.689241255292803,2.707686594580016,2.707686594580016,3.274717880433188,3.274717880433188,2,Si,Sigma-Aldrich,https://www.sigmaaldrich.com/catalog/product/aldrich/t221791,41.29546487488487,2.319969936791285,3.3628309092462563,0.480404415606608,4.319881816691844,0.8639763633383687,9.039442851338658,1.2913489787626653,10.706836780279598,-17.256272541145975,-16.12220996943963,0,Si: HSP unreliable
C=C(C)C(=O)OCC(O)COCCC[Si]1(C)O[Si](C)(CCCOCC2CO2)O[Si](C)(CCCOCC2CO2)O[Si](C)(CCCOCC2CO2)O1,C=C(C)C(=O)OCC(COCCC[Si]1(C)O[Si](C)(CCCOCC2CO2)O[Si](C)(CCCOCC2CO2)O[Si](C)(CCCOCC2CO2)O1)OC(=O)[C@@H]1[C@H](C(=O)OC(COCCC[Si]2(C)O[Si](C)(CCCOCC3CO3)O[Si](C)(CCCOCC3CO3)O[Si](C)(CCCOCC3CO3)O2)COC(=O)C(=C)C)[C@@H]2C=C[C@@H]1C2,ester,Sigma-Aldrich,monoalcohol,783.178,False,,0,24.518,50.6456,3.0572,0,True,8,True,0,8,8,True,,15.717496536741384,4.694928513384404,4.832326966620271,1544.7823062975008,18.63582842922809,10.986442658017555,23.297998208563765,0.0,24.0,,gc_formula_si,"Si monomer: HSP NOT reliable (Si groups fitted on 51 HSPiP Si compounds, only 7 measured, all much smaller than the monomers)",0.0,15.717496536741384,15.717496536741384,4.694928513384404,4.694928513384404,4.832326966620271,4.832326966620271,8,Si,Sigma-Aldrich,https://www.sigmaaldrich.com/catalog/product/aldrich/755818?utm_source=pubchem&utm_campaign=pubchem_2017&utm_medium=referral,39.13847701211325,2.198790843377149,4.292433030209156,0.613204718601308,6.837468741935753,1.3674937483871505,9.045157768391903,1.2921653954845576,6.190241056736708,-15.85489498997725,-15.580098083505519,0,Si: HSP unreliable
CC(C)[Si](OC[C@H]1OC=C[C@@H](O)[C@H]1O)(C(C)C)C(C)C,CC(C)[Si](OC[C@H]1OC=C[C@@H](OC(=O)[C@@H]2[C@H](C(=O)O[C@@H]3C=CO[C@H](CO[Si](C(C)C)(C(C)C)C(C)C)[C@@H]3O)[C@@H]3C=C[C@@H]2C3)[C@H]1O)(C(C)C)C(C)C,ester,Sigma-Aldrich,diol,302.487,False,,0,18.1704,3.6858,18.6057,0,True,2,True,0,0,0,True,,15.98721674766688,4.471325150191794,4.3180275146761575,767.353762516391,13.35772876776238,8.959861301924843,5.898128409718326,0.0,4.0,,gc_formula_si,"Si monomer: HSP NOT reliable (Si groups fitted on 51 HSPiP Si compounds, only 7 measured, all much smaller than the monomers)",0.0,15.98721674766688,15.98721674766688,4.471325150191794,4.471325150191794,4.3180275146761575,4.3180275146761575,2,Si,Sigma-Aldrich,https://www.sigmaaldrich.com/catalog/product/aldrich/t340073,39.705038701723055,2.230620151782194,3.855930998223657,0.5508472854605224,6.247354933729823,1.2494709867459646,9.047722696944492,1.292531813849213,7.197864082798928,-15.833919112151243,-16.140514383182516,0,Si: HSP unreliable
CC(C)(C)[Si](C)(C)OCCOCCOCCOCCOCCOCCO,CC(C)(C)[Si](C)(C)OCCOCCOCCOCCOCCOCCOC(=O)[C@@H]1[C@H](C(=O)OCCOCCOCCOCCOCCOCCO[Si](C)(C)C(C)(C)C)[C@@H]2C=C[C@@H]1C2,ester,Matrix Scientific,monoalcohol,396.597,False,,0,16.4784,11.7532,5.254,0,True,2,True,0,0,0,True,,15.756496136513594,4.787796292619676,4.659404144441282,913.7020091204158,11.777137988693378,15.51819754274802,14.383660201016884,0.0,8.0,,gc_formula_si,"Si monomer: HSP NOT reliable (Si groups fitted on 51 HSPiP Si compounds, only 7 measured, all much smaller than the monomers)",0.0,15.756496136513594,15.756496136513594,4.787796292619676,4.787796292619676,4.659404144441282,4.659404144441282,2,Si,Matrix Scientific,https://www.matrixscientific.com/215799.html,39.27837992343221,2.2066505574961917,4.265960127557127,0.6094228753653039,6.768650243538805,1.353730048707761,9.055479824446047,1.293639974920864,6.309295699452635,-15.6281039883352,-15.88488828469199,0,Si: HSP unreliable
C=C(C)C(O)CC1CC[C@H](C)[C@@](C)(CC[C@H](O[Si](c2ccccc2)(c2ccccc2)C(C)(C)C)C(=O)OC(C)(C)C)C1=C,C=C(C)C(CC1CC[C@H](C)[C@@](C)(CC[C@H](O[Si](c2ccccc2)(c2ccccc2)C(C)(C)C)C(=O)OC(C)(C)C)C1=C)OC(=O)[C@@H]1[C@H](C(=O)OC(CC2CC[C@H](C)[C@@](C)(CC[C@H](O[Si](c3ccccc3)(c3ccccc3)C(C)(C)C)C(=O)OC(C)(C)C)C2=C)C(=C)C)[C@@H]2C=C[C@@H]1C2,ester,Sigma-Aldrich,monoalcohol,604.948,False,,0,19.1177,-7.6118,11.3938,0,True,2,True,0,10,6,True,,16.737495355798266,2.7138484791044477,3.0724890558261757,1419.524942206699,17.58772378463952,1.288860779110553,4.547306897130948,0.0,4.0,,gc_formula_si,"Si monomer: HSP NOT reliable (Si groups fitted on 51 HSPiP Si compounds, only 7 measured, all much smaller than the monomers)",0.0,16.737495355798266,16.737495355798266,2.7138484791044477,2.7138484791044477,3.0724890558261757,3.0724890558261757,2,Si,Sigma-Aldrich,https://www.sigmaaldrich.com/catalog/product/aldrich/t241318,41.49030026565199,2.3309157452613474,3.437357893849219,0.49105112769274556,4.191750387497967,0.8383500774995933,9.055972479975821,1.29371035428226,10.951157820867643,-17.096135932519992,-16.37885477907654,0,Si: HSP unreliable
CC(CO)(Cc1ccccc1)[Si](C)(C)C,CC(COC(=O)[C@@H]1[C@H](C(=O)OCC(C)(Cc2ccccc2)[Si](C)(C)C)[C@@H]2C=C[C@@H]1C2)(Cc1ccccc1)[Si](C)(C)C,ester,Sigma-Aldrich,monoalcohol,222.404,False,,0,20.0619,4.2574,5.4084,0,True,2,True,0,0,0,True,,16.666122159133117,2.889622148401919,3.3123273870128043,599.6759332152975,17.508989309344052,3.9050418919861807,3.784012769764592,0.0,8.0,,gc_formula_si,"Si monomer: HSP NOT reliable (Si groups fitted on 51 HSPiP Si compounds, only 7 measured, all much smaller than the monomers)",0.0,16.666122159133117,16.666122159133117,2.889622148401919,2.889622148401919,3.3123273870128043,3.3123273870128043,2,Si,Sigma-Aldrich,https://www.sigmaaldrich.com/catalog/product/aldrich/t236454,41.199028953959946,2.3145521884247158,3.309001465193082,0.47271449502758317,4.4561879023357145,0.8912375804671429,9.06873358324948,1.29553336903564,10.464172623718394,-17.088827397744,-16.243416920522233,0,Si: HSP unreliable
CC1(C)C2CC[C@@]13C(Cl)C(=O)C3C[C@H]1[C@@H](O[Si](C)(C)C(C)(C)C)CCC[C@@]1(C)[C@@H](O)C2,CC1(C)C2CC[C@@]13C(Cl)C(=O)C3C[C@H]1[C@@H](O[Si](C)(C)C(C)(C)C)CCC[C@@]1(C)[C@@H](OC(=O)[C@@H]1[C@H](C(=O)O[C@H]3CC4CC[C@@]5(C(Cl)C(=O)C5C[C@H]5[C@@H](O[Si](C)(C)C(C)(C)C)CCC[C@@]35C)C4(C)C)[C@@H]3C=C[C@@H]1C3)C2,ester,Sigma-Aldrich,monoalcohol,469.182,False,,0,21.2504,3.539,7.2506,0,True,2,True,2,2,4,True,,16.574888275151917,4.2799497347722655,1.9693766172625309,1037.1013687052618,16.52768330858451,5.195704618854268,1.6425409653939167,0.0,8.0,,gc_formula_si,"Si monomer: HSP NOT reliable (Si groups fitted on 51 HSPiP Si compounds, only 7 measured, all much smaller than the monomers)",0.0,16.574888275151917,16.574888275151917,4.2799497347722655,4.2799497347722655,1.9693766172625309,1.9693766172625309,2,Si,Sigma-Aldrich,https://www.sigmaaldrich.com/catalog/product/aldrich/t243965,42.054016453555434,2.3625851940199682,4.314308545424987,0.6163297922035696,4.74327610919516,0.9486552218390321,9.069479068416047,1.2956398669165783,10.325561923117121,-14.26431515764218,-18.885461392661654,0,Si: HSP unreliable
CC(C)C(CO[Si](C)(C)C(C)(C)C)C1CCC(=O)CC1O,CC(C)C(CO[Si](C)(C)C(C)(C)C)C1CCC(=O)CC1OC(=O)[C@@H]1[C@H](C(=O)OC2CC(=O)CCC2C(CO[Si](C)(C)C(C)(C)C)C(C)C)[C@@H]2C=C[C@@H]1C2,ester,Sigma-Aldrich,monoalcohol,314.542,False,,0,16.1399,3.5428,8.2104,0,True,2,True,0,0,2,True,,16.179789107636537,4.770480651361288,3.339886738476979,793.1054339911892,15.197304520487554,5.852415165874583,3.6898371773110714,0.0,8.0,,gc_formula_si,"Si monomer: HSP NOT reliable (Si groups fitted on 51 HSPiP Si compounds, only 7 measured, all much smaller than the monomers)",0.0,16.179789107636537,16.179789107636537,4.770480651361288,4.770480651361288,3.339886738476979,3.339886738476979,2,Si,Sigma-Aldrich,https://www.sigmaaldrich.com/catalog/product/aldrich/t252867,40.56896576295233,2.279155379941142,3.9905086405037182,0.5700726629291026,5.828390146982105,1.165678029396421,9.074583076118174,1.296369010874025,8.06942171779827,-14.749195194752227,-17.61038302052085,0,Si: HSP unreliable
CC[C@H](O)CCC[C@@H](C[C@H](O)[C@@H]1C[C@@H]2[C@@H](C=C[C@@H]3C[C@@H](O[Si](C)(C)C(C)(C)C)C[C@@H]23)[C@@H]1CCOCc1ccc(OC)cc1)O[Si](C)(C)C(C)(C)C,CC[C@H](O)CCC[C@@H](C[C@H](OC(=O)[C@@H]1[C@H](C(=O)O[C@@H](C[C@H](CCC[C@@H](O)CC)O[Si](C)(C)C(C)(C)C)[C@@H]2C[C@@H]3[C@@H](C=C[C@@H]4C[C@@H](O[Si](C)(C)C(C)(C)C)C[C@@H]34)[C@@H]2CCOCc2ccc(OC)cc2)[C@@H]2C=C[C@@H]1C2)[C@@H]1C[C@@H]2[C@@H](C=C[C@@H]3C[C@@H](O[Si](C)(C)C(C)(C)C)C[C@@H]23)[C@@H]1CCOCc1ccc(OC)cc1)O[Si](C)(C)C(C)(C)C,ester,Sigma-Aldrich,diol,745.247,False,,0,21.639,-11.6046,8.3792,0,True,4,True,0,2,4,True,,16.406995591429872,3.35868545173605,4.038000701806817,1680.856826316456,14.373905861761116,7.693430055392675,4.387093588905423,0.0,16.0,,gc_formula_si,"Si monomer: HSP NOT reliable (Si groups fitted on 51 HSPiP Si compounds, only 7 measured, all much smaller than the monomers)",0.0,16.406995591429872,16.406995591429872,3.35868545173605,3.35868545173605,4.038000701806817,4.038000701806817,4,Si,Sigma-Aldrich,https://www.sigmaaldrich.com/catalog/product/aldrich/t260479,40.33700519144398,2.266123887159774,3.1925395091154027,0.4560770727307718,5.256615817979991,1.0513231635959983,9.085894721546017,1.2979849602208595,9.010309437887006,-17.08631084150064,-15.727680341359106,0,Si: HSP unreliable
CC(C)(C)[Si](C)(C)OCC1CCCCN1,CC(C)(C)[Si](C)(C)OCC1CCCCN1C(=O)[C@@H]1[C@H](C(=O)N2CCCCC2CO[Si](C)(C)C(C)(C)C)[C@@H]2C=C[C@@H]1C2,amide,Ambeed,monoamine,229.44,False,,0,18.9543,-3.8714,4.9088,0,True,2,True,0,0,0,True,,16.047241368237376,5.240842139537038,3.32886013314075,628.0522963701087,14.732447486986562,2.9111183014196733,3.2343344579753506,0.0,8.0,,gc_formula_si,"Si monomer: HSP NOT reliable (Si groups fitted on 51 HSPiP Si compounds, only 7 measured, all much smaller than the monomers)",0.0,16.047241368237376,16.047241368237376,5.240842139537038,5.240842139537038,3.32886013314075,3.32886013314075,2,Si,Ambeed,https://www.ambeed.com/products/135938-63-5.html,40.44387608586879,2.2721278699926284,4.335937874266352,0.6194196963237646,6.229228188249573,1.2458456376499147,9.13037979640056,1.3043399709143657,7.477539095559589,-14.13525936184109,-17.959223374633662,0,Si: HSP unreliable
CC(C)C(CO[Si](C)(C)C(C)(C)C)C1CC2(C)C(=O)CC1CC2O,CC(C)C(CO[Si](C)(C)C(C)(C)C)C1CC2(C)C(=O)CC1CC2OC(=O)[C@@H]1[C@H](C(=O)OC2CC3CC(=O)C2(C)CC3C(CO[Si](C)(C)C(C)(C)C)C(C)C)[C@@H]2C=C[C@@H]1C2,ester,Sigma-Aldrich,monoalcohol,354.607,False,,0,14.6135,-6.0682,8.8534,0,True,2,True,0,0,6,True,,16.299875737977885,4.561639336822835,3.3036052109383927,903.7902884713336,15.781859802983512,4.828262615893221,2.377328607184632,0.0,8.0,,gc_formula_si,"Si monomer: HSP NOT reliable (Si groups fitted on 51 HSPiP Si compounds, only 7 measured, all much smaller than the monomers)",0.0,16.299875737977885,16.299875737977885,4.561639336822835,4.561639336822835,3.3036052109383927,3.3036052109383927,2,Si,Sigma-Aldrich,https://www.sigmaaldrich.com/catalog/product/aldrich/t252530,40.670801639383654,2.2848764965945874,3.776692718169951,0.5395275311671358,5.632260726453719,1.126452145290744,9.141049291220133,1.305864184460019,8.434631190216658,-15.041841612093442,-17.557909863862328,0,Si: HSP unreliable
CC1(C)O[C@H]2O[C@H](CCO[Si](C)(C)C(C)(C)C)[C@](O)(/C=C/C34CCC(C[C@H]3O)C4(C)C)[C@H]2O1,CC1(C)O[C@H]2O[C@H](CCO[Si](C)(C)C(C)(C)C)[C@](O)(/C=C/C34CCC(C[C@H]3OC(=O)[C@@H]3[C@H](C(=O)O[C@@H]5CC6CCC5(/C=C/[C@@]5(O)[C@@H](CCO[Si](C)(C)C(C)(C)C)O[C@@H]7OC(C)(C)O[C@@H]75)C6(C)C)[C@@H]5C=C[C@@H]3C5)C4(C)C)[C@H]2O1,ester,Sigma-Aldrich,diol,482.734,False,,0,21.5288,3.8354,10.8539,0,True,2,True,0,6,2,True,,16.482020108581857,3.764854157435979,3.5007298162960154,1081.01682881004,15.016451263509047,8.394888352947453,5.924625915905051,0.0,8.0,,gc_formula_si,"Si monomer: HSP NOT reliable (Si groups fitted on 51 HSPiP Si compounds, only 7 measured, all much smaller than the monomers)",0.0,16.482020108581857,16.482020108581857,3.764854157435979,3.764854157435979,3.5007298162960154,3.5007298162960154,2,Si,Sigma-Aldrich,https://www.sigmaaldrich.com/catalog/product/aldrich/t264385,40.73008242750693,2.2882068779498272,3.3111372129436787,0.47301960184909697,5.15381037225658,1.030762074451316,9.14570612256577,1.3065294460808243,9.216436134849863,-16.21789576744189,-16.74614444972182,0,Si: HSP unreliable
C[C@H](CO)[C@H](O)CCCCO[Si](C)(C)C(C)(C)C,C[C@H](COC(=O)[C@@H]1[C@H](C(=O)OC[C@@H](C)[C@H](O)CCCCO[Si](C)(C)C(C)(C)C)[C@@H]2C=C[C@@H]1C2)[C@H](O)CCCCO[Si](C)(C)C(C)(C)C,ester,Sigma-Aldrich,diol,276.493,False,,0,15.8309,6.5998,10.7393,0,True,2,True,0,0,0,True,,15.776549646314711,3.859947456065535,5.588540878528831,719.7393671971843,12.880128064812068,6.19983618139003,3.818423378611421,0.0,8.0,,gc_formula_si,"Si monomer: HSP NOT reliable (Si groups fitted on 51 HSPiP Si compounds, only 7 measured, all much smaller than the monomers)",0.0,15.776549646314711,15.776549646314711,3.859947456065535,3.859947456065535,5.588540878528831,5.588540878528831,2,Si,Sigma-Aldrich,https://www.sigmaaldrich.com/catalog/product/aldrich/t269670,38.67063518258325,2.172507594527149,4.048067320186607,0.5782953314552295,6.872189214920352,1.3744378429840705,9.1646939075744,1.3092419867963427,6.3280613117203455,-17.505143068778008,-14.047956223851415,0,Si: HSP unreliable
C[C@@H](N[C@H](C)C1CCC(CO[Si](C)(C)C(C)(C)C)CC1)c1ccccc1,C[C@H](c1ccccc1)N(C(=O)[C@@H]1[C@H](C(=O)N([C@H](C)c2ccccc2)[C@H](C)C2CCC(CO[Si](C)(C)C(C)(C)C)CC2)[C@@H]2C=C[C@@H]1C2)[C@H](C)C1CCC(CO[Si](C)(C)C(C)(C)C)CC1,amide,Combi-Blocks,monoamine,375.673,False,,0,20.95,-6.332,7.9414,0,True,2,True,0,0,2,True,,16.64091825064868,4.098566561903602,2.316034902146929,930.6571207625864,17.239781282589785,1.9672989503914389,2.099636367825158,0.0,8.0,,gc_formula_si,"Si monomer: HSP NOT reliable (Si groups fitted on 51 HSPiP Si compounds, only 7 measured, all much smaller than the monomers)",0.0,16.64091825064868,16.64091825064868,4.098566561903602,4.098566561903602,2.316034902146929,2.316034902146929,2,Si,Combi-Blocks,https://www.combi-blocks.com/cgi-bin/find.cgi?JQ-8371,41.7799995290381,2.3471909847774213,3.9434685786208554,0.5633526540886936,4.756802134293424,0.9513604268586848,9.180719588545363,1.3115313697921949,10.22631678659815,-14.858386590892007,-18.423449910405356,0,Si: HSP unreliable
C/C(=C\CC[C@@H](C)CC(O)CI)COCOCC[Si](C)(C)C,C/C(=C\CC[C@@H](C)CC(CI)OC(=O)[C@@H]1[C@H](C(=O)OC(CI)C[C@H](C)CC/C=C(\C)COCOCC[Si](C)(C)C)[C@@H]2C=C[C@@H]1C2)COCOCC[Si](C)(C)C,ester,Sigma-Aldrich,monoalcohol,442.454,False,,0,17.5987,1.1572,5.3788,0,True,2,True,0,0,0,True,,16.42264162032241,3.629884385183812,3.9741782793416336,886.8973818489898,16.946154304654545,8.344880409786494,9.50233794475494,0.0,8.0,,gc_formula_si,"Si monomer: HSP NOT reliable (Si groups fitted on 51 HSPiP Si compounds, only 7 measured, all much smaller than the monomers)",0.0,16.42264162032241,16.42264162032241,3.629884385183812,3.629884385183812,3.9741782793416336,3.9741782793416336,2,Si,Sigma-Aldrich,https://www.sigmaaldrich.com/catalog/product/aldrich/t243906,40.31492826641035,2.2648836104724914,3.160626329206398,0.4515180470294854,5.3879789823210436,1.0775957964642087,9.18707767351614,1.3124396676451628,8.818578955796964,-16.76693551448023,-16.078347726164587,0,Si: HSP unreliable
C=CC12CCC(C(OCc3ccc(OC)cc3)C1(O)/C=C\C(=C)CCCO[Si](C)(C)C(C)(C)C)C2(C)C,C=CC12CCC(C(OCc3ccc(OC)cc3)C1(/C=C\C(=C)CCCO[Si](C)(C)C(C)(C)C)OC(=O)[C@@H]1[C@H](C(=O)OC3(/C=C\C(=C)CCCO[Si](C)(C)C(C)(C)C)C(OCc4ccc(OC)cc4)C4CCC3(C=C)C4(C)C)[C@@H]3C=C[C@@H]1C3)C2(C)C,ester,Sigma-Aldrich,monoalcohol,526.834,False,,0,20.3898,-7.2534,11.0882,4,True,2,True,0,4,0,True,,16.636201219865093,3.241745683255289,3.481554132249764,1230.3464373781828,16.520328357627353,6.663327222312896,7.253631856135303,0.0,12.0,,gc_formula_si,"Si monomer: HSP NOT reliable (Si groups fitted on 51 HSPiP Si compounds, only 7 measured, all much smaller than the monomers)",0.0,16.636201219865093,16.636201219865093,3.241745683255289,3.241745683255289,3.481554132249764,3.481554132249764,2,Si,Sigma-Aldrich,https://www.sigmaaldrich.com/catalog/product/aldrich/t272434,40.92442553837845,2.2991250302459805,3.150417888015024,0.4500596982878606,4.804399992886189,0.9608799985772378,9.19808971600949,1.3140128165727842,9.91290140436004,-16.876009668859567,-16.39639277087062,0,Si: HSP unreliable
CCC(N)CO[Si](C)(C)C(C)(C)C,CCC(CO[Si](C)(C)C(C)(C)C)NC(=O)[C@@H]1[C@H](C(=O)NC(CC)CO[Si](C)(C)C(C)(C)C)[C@@H]2C=C[C@@H]1C2,amide,Ambeed,monoamine,203.402,False,,0,11.236,-4.4762,3.6077,0,True,2,True,2,0,0,True,,15.73613020514056,5.9003093546720455,3.610946771409624,584.7576400820674,13.445018596594045,2.932600620055454,2.2798705324821364,0.0,8.0,,gc_formula_si,"Si monomer: HSP NOT reliable (Si groups fitted on 51 HSPiP Si compounds, only 7 measured, all much smaller than the monomers)",0.0,15.73613020514056,15.73613020514056,5.9003093546720455,5.9003093546720455,3.610946771409624,3.610946771409624,2,Si,Ambeed,https://www.ambeed.com/products/811841-81-3.html,39.988368568261734,2.246537560014704,4.960644487903646,0.7086634982719494,7.008878915276204,1.4017757830552409,9.204614796777292,1.3149449709681846,6.224874079058891,-13.446767621878138,-18.025492788402982,0,Si: HSP unreliable
CC1(C)OC[C@@](O)(C#CC23CCC(C[C@H]2O)C3(C)C)[C@@H](CCO[Si](C)(C)C(C)(C)C)O1,CC1(C)OC[C@@](O)(C#CC23CCC(C[C@H]2OC(=O)[C@@H]2[C@H](C(=O)O[C@@H]4CC5CCC4(C#C[C@]4(O)COC(C)(C)O[C@@H]4CCO[Si](C)(C)C(C)(C)C)C5(C)C)[C@@H]4C=C[C@@H]2C4)C3(C)C)[C@@H](CCO[Si](C)(C)C(C)(C)C)O1,ester,Sigma-Aldrich,diol,452.708,False,,0,19.1095,-11.047,11.0637,0,True,2,True,0,2,2,True,,16.311048715533907,4.079032294287577,3.992016325410842,1048.2388554762306,14.00251657659387,10.712516249955405,7.204035945042948,0.0,8.0,,gc_formula_si,"Si monomer: HSP NOT reliable (Si groups fitted on 51 HSPiP Si compounds, only 7 measured, all much smaller than the monomers)",0.0,16.311048715533907,16.311048715533907,4.079032294287577,4.079032294287577,3.992016325410842,3.992016325410842,2,Si,Sigma-Aldrich,https://www.sigmaaldrich.com/catalog/product/aldrich/t264253,40.15273694692685,2.2557717385913962,3.342749023674708,0.47753557481067255,5.707467660587088,1.1414935321174178,9.205074149838447,1.3150105928340639,8.240000095835487,-16.224032746657173,-16.398064684410645,0,Si: HSP unreliable
CCNCC(C)C[Si](OC)(OC)OC,CCN(CC(C)C[Si](OC)(OC)OC)C(=O)[C@@H]1[C@H](C(=O)N(CC)CC(C)C[Si](OC)(OC)OC)[C@@H]2C=C[C@@H]1C2,amide,Oakwood Products,monoamine,221.373,False,,0,19.0636,9.289,10.3935,0,True,2,True,0,0,0,True,,15.880307775465834,5.604504994202948,3.609370380239392,576.77525748752,14.096984709375093,3.525267749138103,2.4175774718041048,0.0,8.0,,gc_formula_si,"Si monomer: HSP NOT reliable (Si groups fitted on 51 HSPiP Si compounds, only 7 measured, all much smaller than the monomers)",0.0,15.880307775465834,15.880307775465834,5.604504994202948,5.604504994202948,3.609370380239392,3.609370380239392,2,Si,Oakwood Products,http://www.oakwoodchemical.com/ProductsList.aspx?CategoryID=-2&txtSearch=132356&ExtHyperLink=1,40.07005955580011,2.2511269413370845,4.6065920789805865,0.6580845827115124,6.718824080531726,1.3437648161063451,9.213873287524038,1.316267612503434,6.666432401023494,-13.88517316150228,-17.875442389429388,0,Si: HSP unreliable
CC(C)(C)[Si](C)(C)OC[C@@H]1CCCN1,CC(C)(C)[Si](C)(C)OC[C@@H]1CCCN1C(=O)[C@@H]1[C@H](C(=O)N2CCC[C@H]2CO[Si](C)(C)C(C)(C)C)[C@@H]2C=C[C@@H]1C2,amide,Sigma-Aldrich,monoamine,215.413,False,,0,18.9315,-3.5992,5.141,0,True,2,True,0,0,0,True,,16.0258972991213,5.392774414194123,3.4238812628916784,594.5625345677327,14.749136105518168,3.0138706846818626,3.316460633204139,0.0,8.0,,gc_formula_si,"Si monomer: HSP NOT reliable (Si groups fitted on 51 HSPiP Si compounds, only 7 measured, all much smaller than the monomers)",0.0,16.0258972991213,16.0258972991213,5.392774414194123,5.392774414194123,3.4238812628916784,3.4238812628916784,2,Si,Sigma-Aldrich,https://www.sigmaaldrich.com/catalog/product/aldrich/t306290,40.310942863778465,2.2646597114482283,4.373603323954431,0.6248004748506331,6.411357730409642,1.2822715460819283,9.222328890360448,1.3174755557657782,7.209241622035499,-14.057004147818859,-17.994790450423743,0,Si: HSP unreliable
C[Si](C)(C)CC(O)Cc1ccccc1,C[Si](C)(C)CC(Cc1ccccc1)OC(=O)[C@@H]1[C@H](C(=O)OC(Cc2ccccc2)C[Si](C)(C)C)[C@@H]2C=C[C@@H]1C2,ester,Sigma-Aldrich,monoalcohol,208.377,False,,0,19.3841,-1.0522,4.5782,0,True,2,True,0,0,0,True,,16.655879438771393,3.1014874794646614,3.597602434992973,584.241175103599,17.637690100063285,3.963690115955047,4.036918814396206,0.0,8.0,,gc_formula_si,"Si monomer: HSP NOT reliable (Si groups fitted on 51 HSPiP Si compounds, only 7 measured, all much smaller than the monomers)",0.0,16.655879438771393,16.655879438771393,3.1014874794646614,3.1014874794646614,3.597602434992973,3.597602434992973,2,Si,Sigma-Aldrich,https://www.sigmaaldrich.com/catalog/product/aldrich/s883662,40.86063425388997,2.2955412502185375,3.081036542350743,0.44014807747867757,4.802974970297512,0.9605949940595024,9.228103618941464,1.3183005169916377,9.95678952431376,-17.151994394299702,-16.159764483243084,0,Si: HSP unreliable
CC(C)(C)[Si](C)(C)OCCCCCCN,CC(C)(C)[Si](C)(C)OCCCCCCNC(=O)[C@@H]1[C@H](C(=O)NCCCCCCO[Si](C)(C)C(C)(C)C)[C@@H]2C=C[C@@H]1C2,amide,Ambeed,monoamine,231.456,False,,0,12.3972,-5.439,4.3994,0,True,2,True,2,0,0,True,,15.92676334338575,5.610379460978869,3.4734613926776787,645.5214503390697,14.049879700470049,3.02096575878926,2.467814821026904,0.0,8.0,,gc_formula_si,"Si monomer: HSP NOT reliable (Si groups fitted on 51 HSPiP Si compounds, only 7 measured, all much smaller than the monomers)",0.0,15.92676334338575,15.92676334338575,5.610379460978869,5.610379460978869,3.4734613926776787,3.4734613926776787,2,Si,Ambeed,https://www.ambeed.com/products/124883-99-4.html,40.20165199311804,2.258519774894272,4.5900238468051135,0.6557176924007305,6.640671212306648,1.3281342424613296,9.229804897150743,1.3185435567358204,6.842922489729201,-13.78984527508456,-18.063681411686943,0,Si: HSP unreliable
CC1C2CC(O[Si](C)(C)C(C)(C)C)C(COCc3ccccc3)(O2)C1O,CC1C2CC(O[Si](C)(C)C(C)(C)C)C(COCc3ccccc3)(O2)C1OC(=O)[C@@H]1[C@H](C(=O)OC2C(C)C3CC(O[Si](C)(C)C(C)(C)C)C2(COCc2ccccc2)O3)[C@@H]2C=C[C@@H]1C2,ester,Sigma-Aldrich,monoalcohol,378.585,False,,0,22.7669,10.3384,5.0226,0,True,2,True,0,0,0,True,,16.666022354291062,3.6624783180023672,2.98769139643327,872.9554494801063,16.773056730346134,7.734261153666925,6.67170623674976,0.0,8.0,,gc_formula_si,"Si monomer: HSP NOT reliable (Si groups fitted on 51 HSPiP Si compounds, only 7 measured, all much smaller than the monomers)",0.0,16.666022354291062,16.666022354291062,3.6624783180023672,3.6624783180023672,2.98769139643327,2.98769139643327,2,Si,Sigma-Aldrich,https://www.sigmaaldrich.com/catalog/product/aldrich/t268038,41.268759146825026,2.31846961499017,3.392894379853983,0.48469919712199755,4.782879547461123,0.9565759094922246,9.23349232788464,1.3190703325549487,10.015852639855424,-15.991235432721965,-17.34080927586016,0,Si: HSP unreliable
C[Si](C)(C)C(SCCN)[Si](C)(C)C,C[Si](C)(C)C(SCCNC(=O)[C@@H]1[C@H](C(=O)NCCSC([Si](C)(C)C)[Si](C)(C)C)[C@@H]2C=C[C@@H]1C2)[Si](C)(C)C,amide,Sigma-Aldrich,monoamine,235.545,False,,0,14.5852,-4.4762,3.2945,0,True,4,True,2,0,0,True,,15.659118313501484,5.844410362222725,4.013197930984585,647.6788350457516,13.803620769184056,5.644695587222385,4.04051753887656,0.0,16.0,,gc_formula_si,"Si monomer: HSP NOT reliable (Si groups fitted on 51 HSPiP Si compounds, only 7 measured, all much smaller than the monomers)",0.0,15.659118313501484,15.659118313501484,5.844410362222725,5.844410362222725,4.013197930984585,4.013197930984585,4,Si,Sigma-Aldrich,https://www.sigmaaldrich.com/catalog/product/aldrich/900815?utm_source=pubchem&utm_campaign=pubchem_2017&utm_medium=referral,39.612075029132946,2.2253974735467947,4.932018819052352,0.704574117007479,7.2045685130805746,1.440913702616115,9.235172704855865,1.3193103864079807,5.801510020294174,-13.827905882263344,-17.490330744739623,0,Si: HSP unreliable
CC(C)(C)[Si](C)(C)OCC1CN(Cc2ccccc2)CCC1O,CC(C)(C)[Si](C)(C)OCC1CN(Cc2ccccc2)CCC1OC(=O)[C@@H]1[C@H](C(=O)OC2CCN(Cc3ccccc3)CC2CO[Si](C)(C)C(C)(C)C)[C@@H]2C=C[C@@H]1C2,ester,Ambeed,"monoalcohol,monoamine",335.564,False,,0,22.0328,4.5268,3.7454,0,True,2,True,0,0,0,True,,16.66855622690456,3.216552740038996,3.487827119111993,817.3463404966564,17.46003412874667,4.563532206376252,5.799646530794177,0.0,8.0,,gc_formula_si,"Si monomer: HSP NOT reliable (Si groups fitted on 51 HSPiP Si compounds, only 7 measured, all much smaller than the monomers)",0.0,16.66855622690456,16.66855622690456,3.216552740038996,3.216552740038996,3.487827119111993,3.487827119111993,2,Si,Ambeed,https://www.ambeed.com/products/934536-18-2.html,40.92998145865562,2.29943716059863,3.1042873427624476,0.4434696203946354,4.801508545428815,0.9603017090857631,9.247102445992327,1.321014635141761,9.96417636775357,-16.93983060597756,-16.39728184783156,2,Si: HSP unreliable  basic N x2
CC(C)(C)[Si](C)(C)O[C@@H]1CCCNC1,CC(C)(C)[Si](C)(C)O[C@@H]1CCCN(C(=O)[C@@H]2[C@H](C(=O)N3CCC[C@@H](O[Si](C)(C)C(C)(C)C)C3)[C@@H]3C=C[C@@H]2C3)C1,amide,Ambeed,monoamine,215.413,False,,0,19.1422,-5.1668,3.8182,0,True,2,True,0,0,0,True,,16.10932637228168,5.389759693483937,3.164870037020839,604.6694675778706,14.810219006740311,2.756240525602421,2.7602788442731363,0.0,8.0,,gc_formula_si,"Si monomer: HSP NOT reliable (Si groups fitted on 51 HSPiP Si compounds, only 7 measured, all much smaller than the monomers)",0.0,16.10932637228168,16.10932637228168,5.389759693483937,5.389759693483937,3.164870037020839,3.164870037020839,2,Si,Ambeed,https://www.ambeed.com/products/1416807-31-2.html,40.5662508878146,2.2790028588659883,4.371009625953864,0.6244299465648376,6.261895690121754,1.252379138024351,9.2498614668371,1.3214087809767285,7.5546966417769035,-13.884436715818582,-18.334216028744777,0,Si: HSP unreliable
CC(C)(C)[Si](C)(C)OCCc1ccc(Cl)c(CO)c1,CC(C)(C)[Si](C)(C)OCCc1ccc(Cl)c(COC(=O)[C@@H]2[C@H](C(=O)OCc3cc(CCO[Si](C)(C)C(C)(C)C)ccc3Cl)[C@@H]3C=C[C@@H]2C3)c1,ester,Combi-Blocks,monoalcohol,300.902,False,,0,20.8593,6.2474,6.002,0,True,2,True,0,0,0,True,,16.824134127234082,3.1141525794374503,2.8045519230619287,698.2519040891204,17.141736602999718,4.389960286666733,3.606785083834669,0.0,8.0,,gc_formula_si,"Si monomer: HSP NOT reliable (Si groups fitted on 51 HSPiP Si compounds, only 7 measured, all much smaller than the monomers)",0.0,16.824134127234082,16.824134127234082,3.1141525794374503,3.1141525794374503,2.8045519230619287,2.8045519230619287,2,Si,Combi-Blocks,https://www.combi-blocks.com/cgi-bin/find.cgi?JQ-7004,41.628701724792634,2.3386911081344177,3.419393705087309,0.4884848150124727,4.319991216483318,0.8639982432966636,9.251885590236975,1.321697941462425,10.905429624734703,-16.51453347085856,-17.133734783609604,0,Si: HSP unreliable
C=C[C@H](C)C[C@@H](O)C(C)(C)CO[Si](c1ccccc1)(c1ccccc1)C(C)(C)C,C=C[C@H](C)C[C@@H](OC(=O)[C@@H]1[C@H](C(=O)O[C@H](C[C@@H](C)C=C)C(C)(C)CO[Si](c2ccccc2)(c2ccccc2)C(C)(C)C)[C@@H]2C=C[C@@H]1C2)C(C)(C)CO[Si](c1ccccc1)(c1ccccc1)C(C)(C)C,ester,Sigma-Aldrich,monoalcohol,410.674,False,,0,23.0504,-5.5736,9.7524,4,True,2,True,0,2,0,True,,16.926812214433276,2.490104059994222,2.8246818480857967,995.7180848439276,19.28911492907098,1.780346868828667,4.56490258943404,0.0,8.0,,gc_formula_si,"Si monomer: HSP NOT reliable (Si groups fitted on 51 HSPiP Si compounds, only 7 measured, all much smaller than the monomers)",0.0,16.926812214433276,16.926812214433276,2.490104059994222,2.490104059994222,2.8246818480857967,2.8246818480857967,2,Si,Sigma-Aldrich,https://www.sigmaaldrich.com/catalog/product/aldrich/t265020,41.820583495279635,2.349470982880878,3.492128492919194,0.4988754989884563,3.968755470063139,0.7937510940126278,9.254361769286657,1.3220516813266652,11.612026306353258,-17.26139000252485,-16.592234426341705,0,Si: HSP unreliable
COC(=O)C1=C(O)[C@](C)(CC[C@H](O[Si](C)(C)C(C)(C)C)C(=O)OC)[C@@H](C)CC1,COC(=O)C1=C(OC(=O)[C@@H]2[C@H](C(=O)OC3=C(C(=O)OC)CC[C@H](C)[C@@]3(C)CC[C@H](O[Si](C)(C)C(C)(C)C)C(=O)OC)[C@@H]3C=C[C@@H]2C3)[C@](C)(CC[C@H](O[Si](C)(C)C(C)(C)C)C(=O)OC)[C@@H](C)CC1,ester,Sigma-Aldrich,monoalcohol,414.615,False,,0,16.828,10.5338,7.0722,2,True,2,True,0,2,4,True,,16.359299075254437,3.939678113308451,4.163799229561926,916.5169032958064,13.56610105721157,7.187836303604462,5.065865150399729,0.0,10.0,,gc_formula_si,"Si monomer: HSP NOT reliable (Si groups fitted on 51 HSPiP Si compounds, only 7 measured, all much smaller than the monomers)",0.0,16.359299075254437,16.359299075254437,3.939678113308451,3.939678113308451,4.163799229561926,4.163799229561926,2,Si,Sigma-Aldrich,https://www.sigmaaldrich.com/catalog/product/aldrich/t241199,40.03466938563007,2.249138729529779,3.1763947282801466,0.45377067546859234,5.733441652435843,1.1466883304871687,9.296244755233914,1.3280349650334162,8.25582173238406,-16.583420191507916,-16.135177959000963,0,Si: HSP unreliable
C[C@H](N)CO[Si](C)(C)C(C)(C)C,C[C@@H](CO[Si](C)(C)C(C)(C)C)NC(=O)[C@@H]1[C@H](C(=O)N[C@@H](C)CO[Si](C)(C)C(C)(C)C)[C@@H]2C=C[C@@H]1C2,amide,Ambeed,monoamine,189.375,False,,0,11.1879,-4.204,4.3831,0,True,2,True,2,0,0,True,,15.693525690800636,6.082965546622472,3.721546664211225,551.2678782796913,13.464023774859458,3.035353003317643,2.361996707710925,0.0,8.0,,gc_formula_si,"Si monomer: HSP NOT reliable (Si groups fitted on 51 HSPiP Si compounds, only 7 measured, all much smaller than the monomers)",0.0,15.693525690800636,15.693525690800636,6.082965546622472,6.082965546622472,3.721546664211225,3.721546664211225,2,Si,Ambeed,https://www.ambeed.com/products/175717-75-6.html,39.83458852433533,2.237898231704232,5.067264637512702,0.7238949482161002,7.2335070170819025,1.4467014034163805,9.311131169800554,1.3301615956857933,5.889013479966938,-13.33210680838939,-18.054944573211884,0,Si: HSP unreliable
CC(C)(C)[Si](C)(C)OCC1CNC1,CC(C)(C)[Si](C)(C)OCC1CN(C(=O)[C@@H]2[C@H](C(=O)N3CC(CO[Si](C)(C)C(C)(C)C)C3)[C@@H]3C=C[C@@H]2C3)C1,amide,Ambeed,monoamine,201.386,False,,0,18.9087,-3.327,5.3732,0,True,2,True,0,0,0,True,,16.001971455821245,5.557919632720623,3.5272106586858785,561.0727727653566,14.76579788418843,3.1166230679440514,3.398586808432928,0.0,8.0,,gc_formula_si,"Si monomer: HSP NOT reliable (Si groups fitted on 51 HSPiP Si compounds, only 7 measured, all much smaller than the monomers)",0.0,16.001971455821245,16.001971455821245,5.557919632720623,5.557919632720623,3.5272106586858785,3.5272106586858785,2,Si,Ambeed,https://www.ambeed.com/products/1681019-72-6.html,40.16682881523609,2.256563416586297,4.42405039262545,0.6320071989464928,6.609611919553965,1.321922383910793,9.324363123278808,1.3320518747541155,6.916841164414745,-13.9712624817865,-18.03268042985599,0,Si: HSP unreliable
CC(C)(C)[Si](C)(C)OCCCCCN,CC(C)(C)[Si](C)(C)OCCCCCNC(=O)[C@@H]1[C@H](C(=O)NCCCCCO[Si](C)(C)C(C)(C)C)[C@@H]2C=C[C@@H]1C2,amide,Ambeed,monoamine,217.429,False,,0,12.3554,-5.1668,3.1859,0,True,2,True,2,0,0,True,,15.899244395241032,5.767603755748533,3.5696071861297134,612.0316885366937,14.067732582629851,3.123718142051449,2.5499409962556925,0.0,8.0,,gc_formula_si,"Si monomer: HSP NOT reliable (Si groups fitted on 51 HSPiP Si compounds, only 7 measured, all much smaller than the monomers)",0.0,15.899244395241032,15.899244395241032,5.767603755748533,5.767603755748533,3.5696071861297134,3.5696071861297134,2,Si,Ambeed,https://www.ambeed.com/products/245660-16-6.html,40.06722906272147,2.2509679248719925,4.654658707189883,0.664951243884269,6.830063598940817,1.3660127197881633,9.32459153789152,1.3320845054130743,6.562033453362785,-13.701247825622213,-18.097240964859854,0,Si: HSP unreliable
C=C(C(=O)OC)[C@@H](C)[C@H](O)[C@H](O[Si](C)(C)C(C)(C)C)c1ccccc1,C=C(C(=O)OC)[C@@H](C)[C@H](OC(=O)[C@@H]1[C@H](C(=O)O[C@@H]([C@H](C)C(=C)C(=O)OC)[C@H](O[Si](C)(C)C(C)(C)C)c2ccccc2)[C@@H]2C=C[C@@H]1C2)[C@H](O[Si](C)(C)C(C)(C)C)c1ccccc1,ester,Sigma-Aldrich,monoalcohol,364.558,False,,0,19.4569,6.8884,9.1332,0,True,2,True,0,2,0,True,,16.554952341505988,3.603575336749664,3.814537885450639,869.5621849560085,16.32706951337113,5.785880133688771,5.495385740744219,0.0,8.0,,gc_formula_si,"Si monomer: HSP NOT reliable (Si groups fitted on 51 HSPiP Si compounds, only 7 measured, all much smaller than the monomers)",0.0,16.554952341505988,16.554952341505988,3.603575336749664,3.603575336749664,3.814537885450639,3.814537885450639,2,Si,Sigma-Aldrich,https://www.sigmaaldrich.com/catalog/product/aldrich/t262374,40.48769981578913,2.274589877291524,3.0214607077124094,0.4316372439589156,5.27223456163762,1.054446912327524,9.326257808376235,1.3323225440537478,9.136839119305685,-16.765914890206965,-16.34398979280501,0,Si: HSP unreliable
C=CC[C@H](O)CC(=O)CC(C[C@H](C[C@H](COCOCC[Si](C)(C)C)OCOCc1ccccc1)O[Si](c1ccccc1)(c1ccccc1)C(C)(C)C)O[Si](C)(C)C,C=CC[C@@H](CC(=O)CC(C[C@H](C[C@H](COCOCC[Si](C)(C)C)OCOCc1ccccc1)O[Si](c1ccccc1)(c1ccccc1)C(C)(C)C)O[Si](C)(C)C)OC(=O)[C@@H]1[C@H](C(=O)O[C@@H](CC=C)CC(=O)CC(C[C@H](C[C@H](COCOCC[Si](C)(C)C)OCOCc2ccccc2)O[Si](c2ccccc2)(c2ccccc2)C(C)(C)C)O[Si](C)(C)C)[C@@H]2C=C[C@@H]1C2,ester,Sigma-Aldrich,monoalcohol,837.332,False,,0,27.1224,6.8762,9.4434,4,True,6,True,0,0,0,True,,16.631862719463317,3.927384664510404,3.1411662040546897,1823.0145301992388,19.307192766810704,12.092161271862771,13.178098888134192,0.0,26.0,,gc_formula_si,"Si monomer: HSP NOT reliable (Si groups fitted on 51 HSPiP Si compounds, only 7 measured, all much smaller than the monomers)",0.0,16.631862719463317,16.631862719463317,3.927384664510404,3.927384664510404,3.1411662040546897,3.1411662040546897,6,Si,Sigma-Aldrich,https://www.sigmaaldrich.com/catalog/product/aldrich/t261149,41.04006284303193,2.3056215080355016,3.3200942187628746,0.4742991741089821,5.072652844696274,1.014530568939255,9.334315893698303,1.3334736990997575,9.563311850898224,-15.845644259007601,-17.418081179919028,0,Si: HSP unreliable
C=C[C@]1(O)CO[C@@H](c2ccccc2)O[C@H]1CCO[Si](C)(C)C(C)(C)C,C=C[C@]1(OC(=O)[C@@H]2[C@H](C(=O)O[C@@]3(C=C)CO[C@@H](c4ccccc4)O[C@H]3CCO[Si](C)(C)C(C)(C)C)[C@@H]3C=C[C@@H]2C3)CO[C@@H](c2ccccc2)O[C@H]1CCO[Si](C)(C)C(C)(C)C,ester,Sigma-Aldrich,monoalcohol,364.558,False,,0,21.3614,7.2096,6.7742,4,True,2,True,0,4,2,True,,16.543742561800155,3.805883666253282,3.683946749871181,888.1552092324149,16.735961208820946,6.032135227789853,6.458181949671327,0.0,12.0,,gc_formula_si,"Si monomer: HSP NOT reliable (Si groups fitted on 51 HSPiP Si compounds, only 7 measured, all much smaller than the monomers)",0.0,16.543742561800155,16.543742561800155,3.805883666253282,3.805883666253282,3.683946749871181,3.683946749871181,2,Si,Sigma-Aldrich,https://www.sigmaaldrich.com/catalog/product/aldrich/t264784,40.54939747911164,2.2780560381523394,3.1015541742344483,0.44307916774777834,5.319196920839796,1.0638393841679592,9.335611477697432,1.3336587825282045,9.053912145675692,-16.42180564541805,-16.665679478182255,0,Si: HSP unreliable
CCCCNCCC[Si](OC)(OC)OC,CCCCN(CCC[Si](OC)(OC)OC)C(=O)[C@@H]1[C@H](C(=O)N(CCCC)CCC[Si](OC)(OC)OC)[C@@H]2C=C[C@@H]1C2,amide,Ambeed,monoamine,235.4,False,,0,19.6174,9.483,9.9717,0,True,2,True,0,0,0,True,,16.0376657924891,5.476794436099974,3.567534814033453,604.0493059421462,14.68109148054266,4.317374224272475,2.687647935577661,0.0,8.0,,gc_formula_si,"Si monomer: HSP NOT reliable (Si groups fitted on 51 HSPiP Si compounds, only 7 measured, all much smaller than the monomers)",0.0,16.0376657924891,16.0376657924891,5.476794436099974,5.476794436099974,3.567534814033453,3.567534814033453,2,Si,Ambeed,https://www.ambeed.com/products/31024-56-3.html,40.15094086992058,2.2556708353887966,4.3178686668935224,0.6168383809847889,6.557275264189983,1.3114550528379967,9.342517525487652,1.3346453607839504,6.993336542355674,-14.128406170422581,-17.94692541455562,0,Si: HSP unreliable
CC(C)(C)[Si](C)(C)O[C@H]1CCNC1,CC(C)(C)[Si](C)(C)O[C@H]1CCN(C(=O)[C@@H]2[C@H](C(=O)N3CC[C@H](O[Si](C)(C)C(C)(C)C)C3)[C@@H]3C=C[C@@H]2C3)C1,amide,Ambeed,monoamine,201.386,False,,0,19.1198,-4.8946,3.7505,0,True,2,True,0,0,0,True,,16.090831445086284,5.551941828552772,3.2591233499104395,571.1797057754945,14.826783170787127,2.85899290886461,2.842405019501925,0.0,8.0,,gc_formula_si,"Si monomer: HSP NOT reliable (Si groups fitted on 51 HSPiP Si compounds, only 7 measured, all much smaller than the monomers)",0.0,16.090831445086284,16.090831445086284,5.551941828552772,5.551941828552772,3.2591233499104395,3.2591233499104395,2,Si,Ambeed,https://www.ambeed.com/products/207113-36-8.html,40.432020680983335,2.2714618360102996,4.408567631585373,0.6297953759407676,6.451429997684554,1.2902859995369107,9.350769734813767,1.3358242478305382,7.2797662666230725,-13.79801296644395,-18.38364992372862,0,Si: HSP unreliable
CC(C)(C)[Si](C)(C)OC1CC(O)CN(Cc2ccccc2)C1,CC(C)(C)[Si](C)(C)OC1CC(OC(=O)[C@@H]2[C@H](C(=O)OC3CC(O[Si](C)(C)C(C)(C)C)CN(Cc4ccccc4)C3)[C@@H]3C=C[C@@H]2C3)CN(Cc2ccccc2)C1,ester,Ambeed,"monoalcohol,monoamine",321.537,False,,0,22.1848,4.8904,2.6548,0,True,2,True,0,0,0,True,,16.732001161466197,3.323801764422216,3.3742904162643184,793.9635117044184,17.521176971841793,4.408654430558999,5.325590917091962,0.0,8.0,,gc_formula_si,"Si monomer: HSP NOT reliable (Si groups fitted on 51 HSPiP Si compounds, only 7 measured, all much smaller than the monomers)",0.0,16.732001161466197,16.732001161466197,3.323801764422216,3.323801764422216,3.3742904162643184,3.3742904162643184,2,Si,Ambeed,https://www.ambeed.com/products/2070014-70-7.html,41.011805321790135,2.304034006842142,3.0680827429368476,0.43829753470526395,4.814560623411241,0.9629121246822482,9.35209214276295,1.3360131632518502,10.033908980779662,-16.7824898133083,-16.681512509624095,2,Si: HSP unreliable  basic N x2
CC(C)(C)[Si](C)(C)OC[C@H]1OCC[C@@H](O)[C@@H]1O,CC(C)(C)[Si](C)(C)OC[C@H]1OCC[C@@H](OC(=O)[C@@H]2[C@H](C(=O)O[C@@H]3CCO[C@H](CO[Si](C)(C)C(C)(C)C)[C@H]3O)[C@@H]3C=C[C@@H]2C3)[C@@H]1O,ester,Sigma-Aldrich,diol,262.422,False,,0,18.1988,4.1774,15.3015,0,True,2,True,0,0,0,True,,15.989420126902996,4.88005577363423,4.52790593221325,668.3332413189762,13.982325667680962,9.363621485239564,5.25090761570705,0.0,8.0,,gc_formula_si,"Si monomer: HSP NOT reliable (Si groups fitted on 51 HSPiP Si compounds, only 7 measured, all much smaller than the monomers)",0.0,15.989420126902996,15.989420126902996,4.88005577363423,4.88005577363423,4.52790593221325,4.52790593221325,2,Si,Sigma-Aldrich,https://www.sigmaaldrich.com/catalog/product/aldrich/901235?utm_source=pubchem&utm_campaign=pubchem_2017&utm_medium=referral,39.38708389949283,2.2127575224434173,3.8753418047335964,0.5536202578190852,6.686008967616222,1.3372017935232443,9.359381153145266,1.3370544504493238,6.581458421055515,-15.637270285482018,-16.341569968323974,0,Si: HSP unreliable
CCO[Si](CCCN)(C(C)C)C(C)C,CCO[Si](CCCNC(=O)[C@@H]1[C@H](C(=O)NCCC[Si](OCC)(C(C)C)C(C)C)[C@@H]2C=C[C@@H]1C2)(C(C)C)C(C)C,amide,Oakwood Products,monoamine,217.429,False,,0,12.2912,-1.4054,4.7507,0,True,2,True,2,0,0,True,,15.91344001182827,5.70036250050755,3.7158429394830113,614.8060059819672,14.702342568133696,5.3408453889335785,2.875788049126053,0.0,4.0,,gc_formula_si,"Si monomer: HSP NOT reliable (Si groups fitted on 51 HSPiP Si compounds, only 7 measured, all much smaller than the monomers)",0.0,15.91344001182827,15.91344001182827,5.70036250050755,5.70036250050755,3.7158429394830113,3.7158429394830113,2,Si,Oakwood Products,http://www.oakwoodchemical.com/ProductsList.aspx?CategoryID=-2&txtSearch=130912&ExtHyperLink=1,39.94375344487691,2.2440310924088154,4.545432422301372,0.6493474889001959,6.848308980027095,1.3696617960054192,9.359829497729857,1.3371184996756937,6.4972345718377085,-13.928920450803732,-17.89795957285281,0,Si: HSP unreliable
CC(C)[Si](C(C)C)(C(C)C)n1ccc2cc(C(C)(C)O)cnc21,CC(C)[Si](C(C)C)(C(C)C)n1ccc2cc(C(C)(C)OC(=O)[C@@H]3[C@H](C(=O)OC(C)(C)c4cnc5c(ccn5[Si](C(C)C)(C(C)C)C(C)C)c4)[C@@H]4C=C[C@@H]3C4)cnc21,ester,Combi-Blocks,monoalcohol,332.564,False,,0,17.9185,-0.6488,9.079,4,True,2,True,0,0,0,True,,16.6791064517514,3.0996306920858614,3.869572759692821,856.2600333097078,17.426065224389657,0.0,4.387792326222644,0.0,8.0,,gc_formula_si,"Si monomer: HSP NOT reliable (Si groups fitted on 51 HSPiP Si compounds, only 7 measured, all much smaller than the monomers)",0.0,16.6791064517514,16.6791064517514,3.0996306920858614,3.0996306920858614,3.869572759692821,3.869572759692821,2,Si,Combi-Blocks,https://www.combi-blocks.com/cgi-bin/find.cgi?JQ-5388,40.606384156328964,2.2812575368724137,2.8852198184900884,0.41217425978429834,5.015594738105895,1.003118947621179,9.376270921179481,1.3394672744542115,9.70990299997272,-17.449048519358364,-15.909164384144441,0,Si: HSP unreliable
C[Si](C)(C)C#CC1(O)CCOCC1,C[Si](C)(C)C#CC1(OC(=O)[C@@H]2[C@H](C(=O)OC3(C#C[Si](C)(C)C)CCOCC3)[C@@H]3C=C[C@@H]2C3)CCOCC1,ester,Ambeed,monoalcohol,198.338,False,,0,17.0557,4.114,3.8202,0,True,2,True,0,0,0,True,,16.011932259060206,4.585021781005357,4.799817788368758,571.4840993822437,14.9481151322882,9.191678743697748,8.032240599496411,0.0,8.0,,gc_formula_si,"Si monomer: HSP NOT reliable (Si groups fitted on 51 HSPiP Si compounds, only 7 measured, all much smaller than the monomers)",0.0,16.011932259060206,16.011932259060206,4.585021781005357,4.585021781005357,4.799817788368758,4.799817788368758,2,Si,Ambeed,https://www.ambeed.com/products/1044277-44-2.html,39.212417576542414,2.202944807670922,3.7078639342207165,0.5296948477458167,6.662777771118838,1.3325555542237677,9.377433374236752,1.3396333391766788,6.627092689686091,-16.22672826642361,-15.797136251696804,0,Si: HSP unreliable
CC(O)c1ccc2c(ccn2[Si](C)(C)C(C)(C)C)c1,CC(OC(=O)[C@@H]1[C@H](C(=O)OC(C)c2ccc3c(ccn3[Si](C)(C)C(C)(C)C)c2)[C@@H]2C=C[C@@H]1C2)c1ccc2c(ccn2[Si](C)(C)C(C)(C)C)c1,ester,Combi-Blocks,monoalcohol,275.468,False,,0,19.6093,-3.4258,7.322,2,True,2,True,0,0,0,True,,17.031846160766086,1.0714412684615406,3.4247641318843427,702.3295139446897,17.349101310174134,2.0337722117846337,5.7256550499297285,0.0,10.0,,gc_formula_si,"Si monomer: HSP NOT reliable (Si groups fitted on 51 HSPiP Si compounds, only 7 measured, all much smaller than the monomers)",0.0,17.031846160766086,17.031846160766086,1.0714412684615406,1.0714412684615406,3.4247641318843427,3.4247641318843427,2,Si,Combi-Blocks,https://www.combi-blocks.com/cgi-bin/find.cgi?HC-4331,41.755622857809634,2.3458215088657095,3.829828937301954,0.5471184196145649,3.8754859002344766,0.7750971800468953,9.37744956760523,1.339635652515033,12.535640760420204,-19.385169024188887,-14.678523297343284,0,Si: HSP unreliable
CCO[Si](CNC1CCCCC1)(OCC)OCC,CCO[Si](CN(C(=O)[C@@H]1[C@H](C(=O)N(C[Si](OCC)(OCC)OCC)C2CCCCC2)[C@@H]2C=C[C@@H]1C2)C1CCCCC1)(OCC)OCC,amide,Ambeed,monoamine,275.465,False,,0,20.2601,-3.496,4.2525,0,True,2,True,0,0,2,True,,16.222031902017193,5.415951590454543,3.005765418690472,670.5166037527011,15.830621731065897,5.59380171397263,3.228258204425659,0.0,8.0,,gc_formula_si,"Si monomer: HSP NOT reliable (Si groups fitted on 51 HSPiP Si compounds, only 7 measured, all much smaller than the monomers)",0.0,16.222031902017193,16.222031902017193,5.415951590454543,5.415951590454543,3.005765418690472,3.005765418690472,2,Si,Ambeed,https://www.ambeed.com/products/26495-91-0.html,40.720317684624035,2.2876582968889907,4.298749660565022,0.6141070943664317,6.1960853350768845,1.2392170670153768,9.380084874757264,1.3400121249653234,7.800314892872178,-13.811845730253122,-18.632218073781264,0,Si: HSP unreliable
COc1ccc(COC[C@@H](C)C#CC2(O)CC3C=CC2(C)CC3C(CO[Si](C)(C)C(C)(C)C)C(C)C)cc1,COc1ccc(COC[C@@H](C)C#CC2(OC(=O)[C@@H]3[C@H](C(=O)OC4(C#C[C@H](C)COCc5ccc(OC)cc5)CC5C=CC4(C)CC5C(CO[Si](C)(C)C(C)(C)C)C(C)C)[C@@H]4C=C[C@@H]3C4)CC3C=CC2(C)CC3C(CO[Si](C)(C)C(C)(C)C)C(C)C)cc1,ester,Sigma-Aldrich,monoalcohol,540.861,False,,0,20.3151,-8.6571,9.5537,0,True,2,True,0,0,6,True,,16.651947661249377,3.497394696839124,3.66887976510182,1265.5658019478435,16.79415679685711,8.10343566555841,8.314731816388806,0.0,8.0,,gc_formula_si,"Si monomer: HSP NOT reliable (Si groups fitted on 51 HSPiP Si compounds, only 7 measured, all much smaller than the monomers)",0.0,16.651947661249377,16.651947661249377,3.497394696839124,3.497394696839124,3.66887976510182,3.66887976510182,2,Si,Sigma-Aldrich,https://www.sigmaaldrich.com/catalog/product/aldrich/t254754,40.6692331330063,2.284788378258781,2.964319320658612,0.42347418866551595,5.1174131180986,1.02348262361972,9.38956919487096,1.3413670278387086,9.485673199308433,-16.823432729512074,-16.48046259298668,0,Si: HSP unreliable
COC1OC(CO)C2OC(C)(C)OC2C1OCOCC[Si](C)(C)C,COC1OC(COC(=O)[C@@H]2[C@H](C(=O)OCC3OC(OC)C(OCOCC[Si](C)(C)C)C4OC(C)(C)OC34)[C@@H]3C=C[C@@H]2C3)C2OC(C)(C)OC2C1OCOCC[Si](C)(C)C,ester,Sigma-Aldrich,monoalcohol,364.511,False,,0,22.145,21.775,4.2865,0,True,2,True,0,0,0,True,,16.146399993401435,4.642273331445676,4.37210194571567,822.1187489574074,14.329192353950756,11.090558148564918,10.858047942434224,0.0,8.0,,gc_formula_si,"Si monomer: HSP NOT reliable (Si groups fitted on 51 HSPiP Si compounds, only 7 measured, all much smaller than the monomers)",0.0,16.146399993401435,16.146399993401435,4.642273331445676,4.642273331445676,4.37210194571567,4.37210194571567,2,Si,Sigma-Aldrich,https://www.sigmaaldrich.com/catalog/product/aldrich/t275883,39.61306271546865,2.2254529615431826,3.572211590419155,0.5103159414884507,6.384383208712553,1.2768766417425106,9.390243275104865,1.3414633250149808,7.132024716240089,-15.876228607671429,-16.41657137913144,0,Si: HSP unreliable
CC1C(=O)C2(CO)OC1CC2O[Si](C)(C)C(C)(C)C,CC1C(=O)C2(COC(=O)[C@@H]3[C@H](C(=O)OCC45OC(CC4O[Si](C)(C)C(C)(C)C)C(C)C5=O)[C@@H]4C=C[C@@H]3C4)OC1CC2O[Si](C)(C)C(C)(C)C,ester,Sigma-Aldrich,monoalcohol,286.444,False,,0,19.5779,13.2736,5.4312,0,True,2,True,2,2,2,True,,16.240600966130813,5.311468345786302,3.1879955594600813,672.6035099441784,15.109624502423744,5.588525914712433,4.61717094959215,0.0,8.0,,gc_formula_si,"Si monomer: HSP NOT reliable (Si groups fitted on 51 HSPiP Si compounds, only 7 measured, all much smaller than the monomers)",0.0,16.240600966130813,16.240600966130813,5.311468345786302,5.311468345786302,3.1879955594600813,3.1879955594600813,2,Si,Sigma-Aldrich,https://www.sigmaaldrich.com/catalog/product/aldrich/t268054,40.57323698503827,2.279395336238105,4.130921060921117,0.5901315801315882,6.195895791273886,1.239179158254777,9.408423485414168,1.3440604979163098,7.74113706088443,-14.117128179804592,-18.364073752457035,0,Si: HSP unreliable
CC(C)[SiH](c1ccc(CO)cc1)C(C)C,CC(C)[SiH](c1ccc(COC(=O)[C@@H]2[C@H](C(=O)OCc3ccc([SiH](C(C)C)C(C)C)cc3)[C@@H]3C=C[C@@H]2C3)cc1)C(C)C,ester,Sigma-Aldrich,monoalcohol,222.404,False,,0,19.8125,4.2386,7.035,0,True,2,True,0,0,0,True,,16.873480184617538,2.7076201537575595,3.397668208856512,604.814243853198,16.40475753203693,3.3731268372240213,3.942982921390592,2.0,2.0,,gc_formula_si,"Si monomer: HSP NOT reliable (Si groups fitted on 51 HSPiP Si compounds, only 7 measured, all much smaller than the monomers)",2.0,16.873480184617538,16.873480184617538,2.7076201537575595,2.7076201537575595,3.397668208856512,3.397668208856512,2,Si,Sigma-Aldrich,https://www.sigmaaldrich.com/catalog/product/aldrich/t159972,41.20223989099565,2.314732578145823,3.0455417467116,0.4350773923873715,4.493425669030722,0.8986851338061443,9.409947054053456,1.344278150579065,10.768191822003466,-17.56352823971649,-16.183432129518586,0,Si: HSP unreliable
CC(C)(C)[Si](C)(C)OCCC[C@@]1(O)C[C@H](COCc2ccccc2)C[C@]2(CCCO2)C1,CC(C)(C)[Si](C)(C)OCCC[C@@]1(OC(=O)[C@@H]2[C@H](C(=O)O[C@]3(CCCO[Si](C)(C)C(C)(C)C)C[C@H](COCc4ccccc4)C[C@]4(CCCO4)C3)[C@@H]3C=C[C@@H]2C3)C[C@H](COCc2ccccc2)C[C@]2(CCCO2)C1,ester,Sigma-Aldrich,monoalcohol,448.72,False,,0,21.7052,-6.7396,4.0964,0,True,2,True,0,2,4,True,,16.71016100588563,3.55802620362165,3.4081812010501813,1039.0857748737133,17.68761304978486,7.513371472670167,6.776188428080176,0.0,8.0,,gc_formula_si,"Si monomer: HSP NOT reliable (Si groups fitted on 51 HSPiP Si compounds, only 7 measured, all much smaller than the monomers)",0.0,16.71016100588563,16.71016100588563,3.55802620362165,3.55802620362165,3.4081812010501813,3.4081812010501813,2,Si,Sigma-Aldrich,https://www.sigmaaldrich.com/catalog/product/aldrich/t266876,40.90518598027365,2.298044156195149,3.040336839466668,0.43433383420952404,4.994815088453885,0.998963017690777,9.412800578858176,1.3446857969797394,9.7439536012138,-16.56031600331416,-16.860006008457102,0,Si: HSP unreliable
CCO[Si](CCCCCCCCCCCN)(OCC)OCC,CCO[Si](CCCCCCCCCCCNC(=O)[C@@H]1[C@H](C(=O)NCCCCCCCCCCC[Si](OCC)(OCC)OCC)[C@@H]2C=C[C@@H]1C2)(OCC)OCC,amide,Thermo Fisher Scientific,monoamine,333.589,False,,0,16.0815,-4.2294,1.8102,0,True,2,True,2,0,0,True,,16.180033681359426,5.392652984240457,3.3285700887930094,832.3809648392263,15.210050143089314,3.753247726777364,2.739857872566469,0.0,8.0,,gc_formula_si,"Si monomer: HSP NOT reliable (Si groups fitted on 51 HSPiP Si compounds, only 7 measured, all much smaller than the monomers)",0.0,16.180033681359426,16.180033681359426,5.392652984240457,5.392652984240457,3.3285700887930094,3.3285700887930094,2,Si,Thermo Fisher Scientific,https://www.thermofisher.com/order/catalog/product/H33835.MD,40.41210144582925,2.270342777855576,4.1761566403531765,0.5965938057647395,6.341738934620196,1.2683477869240392,9.412896617833917,1.3446995168334168,7.458810608325958,-14.115950785911977,-18.244116576806874,0,Si: HSP unreliable
CCOC(=O)C(O)C#C[Si](C)(C)C,CCOC(=O)C(C#C[Si](C)(C)C)OC(=O)[C@@H]1[C@H](C(=O)OC(C#C[Si](C)(C)C)C(=O)OCC)[C@@H]2C=C[C@@H]1C2,ester,Ambeed,monoalcohol,200.31,False,,0,14.6297,9.1446,3.2695,0,True,2,True,0,0,0,True,,15.763282111017604,4.751604015708257,5.344309866483717,552.3764852979195,13.670186390146288,8.507488412508419,7.751893247623635,0.0,8.0,,gc_formula_si,"Si monomer: HSP NOT reliable (Si groups fitted on 51 HSPiP Si compounds, only 7 measured, all much smaller than the monomers)",0.0,15.763282111017604,15.763282111017604,4.751604015708257,4.751604015708257,5.344309866483717,5.344309866483717,2,Si,Ambeed,https://www.ambeed.com/products/66697-09-4.html,38.63323330170322,2.170406365264226,4.164414467178836,0.5949163524541194,7.2312967744730905,1.446259354894618,9.416696758301816,1.3452423940431166,5.66736822882563,-16.355987961793065,-15.170576260242147,0,Si: HSP unreliable
CC1(C)O[C@H]2O[C@H]([C@H](O)CO[Si](C)(C)C(C)(C)C)[C@H](OCc3ccccc3)[C@H]2O1,CC1(C)O[C@H]2O[C@H]([C@@H](CO[Si](C)(C)C(C)(C)C)OC(=O)[C@@H]3[C@H](C(=O)O[C@H](CO[Si](C)(C)C(C)(C)C)[C@H]4O[C@@H]5OC(C)(C)O[C@@H]5[C@H]4OCc4ccccc4)[C@@H]4C=C[C@@H]3C4)[C@H](OCc3ccccc3)[C@H]2O1,ester,Ambeed,monoalcohol,424.61,False,,0,23.4545,13.75,6.453,0,True,2,True,0,0,0,True,,16.615469127802516,3.995710255402208,3.377905512529299,953.622961592672,16.85689179548911,8.267044067034412,8.035111883591226,0.0,8.0,,gc_formula_si,"Si monomer: HSP NOT reliable (Si groups fitted on 51 HSPiP Si compounds, only 7 measured, all much smaller than the monomers)",0.0,16.615469127802516,16.615469127802516,3.995710255402208,3.995710255402208,3.377905512529299,3.377905512529299,2,Si,Ambeed,https://www.ambeed.com/products/106445-04-9.html,40.792272516546255,2.291700703176756,3.181964647116373,0.45456637815948187,5.2701071316518915,1.0540214263303782,9.418043324374795,1.3454347606249706,9.241853359871008,-15.997664384929607,-17.233273870675426,0,Si: HSP unreliable
CC(C)(C)[Si](C)(C)OCCCCN,CC(C)(C)[Si](C)(C)OCCCCNC(=O)[C@@H]1[C@H](C(=O)NCCCCO[Si](C)(C)C(C)(C)C)[C@@H]2C=C[C@@H]1C2,amide,Ambeed,monoamine,203.402,False,,0,12.3134,-4.8946,3.9613,0,True,2,True,2,0,0,True,,15.868483166088591,5.938118744391475,3.673915333277901,578.5419267343176,14.085553267906173,3.4975091699520773,2.632067171484481,0.0,8.0,,gc_formula_si,"Si monomer: HSP NOT reliable (Si groups fitted on 51 HSPiP Si compounds, only 7 measured, all much smaller than the monomers)",0.0,15.868483166088591,15.868483166088591,5.938118744391475,5.938118744391475,3.673915333277901,3.673915333277901,2,Si,Ambeed,https://www.ambeed.com/products/245660-15-5.html,39.92191115737713,2.242803997605457,4.734083052187621,0.6762975788839459,7.035889084570873,1.4071778169141747,9.429530762118283,1.3470758231597546,6.256449088419215,-13.604279754975018,-18.132686577202165,0,Si: HSP unreliable
CC(C)(C)[Si](C)(C)O[C@H]1CN(Cc2ccccc2)C[C@@H]1O,CC(C)(C)[Si](C)(C)O[C@H]1CN(Cc2ccccc2)C[C@@H]1OC(=O)[C@@H]1[C@H](C(=O)O[C@H]2CN(Cc3ccccc3)C[C@@H]2O[Si](C)(C)C(C)(C)C)[C@@H]2C=C[C@@H]1C2,ester,Ambeed,"monoalcohol,monoamine",307.51,False,,0,22.1666,5.5186,2.887,0,True,2,True,0,0,0,True,,16.745540203602815,3.404075099325964,3.4497697498348243,760.4737499020423,17.534219318831354,4.511406813821188,5.407717092320751,0.0,8.0,,gc_formula_si,"Si monomer: HSP NOT reliable (Si groups fitted on 51 HSPiP Si compounds, only 7 measured, all much smaller than the monomers)",0.0,16.745540203602815,16.745540203602815,3.404075099325964,3.404075099325964,3.4497697498348243,3.4497697498348243,2,Si,Ambeed,https://www.ambeed.com/products/201601-50-5.html,40.9170281935215,2.2987094490742415,2.9827717704633203,0.4261102529233315,4.927744200020152,0.9855488400040304,9.431554525346993,1.3473649321924275,9.891695354442026,-16.791234854111675,-16.699845553093954,2,Si: HSP unreliable  basic N x2
CC(C)(C)[Si](C)(C)O[C@H]1CCC2C3CCC(=O)[C@](C)(CO)C3CC[C@@]21C,CC(C)(C)[Si](C)(C)O[C@H]1CCC2C3CCC(=O)[C@](C)(COC(=O)[C@@H]4[C@H](C(=O)OC[C@@]5(C)C(=O)CCC6C5CC[C@@]5(C)C6CC[C@@H]5O[Si](C)(C)C(C)(C)C)[C@@H]5C=C[C@@H]4C5)C3CC[C@@]21C,ester,Oakwood Products,monoalcohol,380.645,False,,0,18.5758,-7.2164,6.857,0,True,2,True,0,0,4,True,,16.610275976382777,4.45431528096241,2.842589466391821,922.943027823603,16.959057685260717,4.967464198582837,2.0778536294194376,0.0,8.0,,gc_formula_si,"Si monomer: HSP NOT reliable (Si groups fitted on 51 HSPiP Si compounds, only 7 measured, all much smaller than the monomers)",0.0,16.610275976382777,16.610275976382777,4.45431528096241,4.45431528096241,2.842589466391821,2.842589466391821,2,Si,Oakwood Products,http://www.oakwoodchemical.com/ProductsList.aspx?CategoryID=-2&txtSearch=105773&ExtHyperLink=1,41.171846359181444,2.313025076358508,3.609829522889962,0.5156899318414231,5.32036880514294,1.064073761028588,9.438340550253637,1.348334364321948,9.313371229028546,-14.998550161812188,-18.222001790953364,0,Si: HSP unreliable
C[C@@H](CO)[C@@H](O)CO[Si](C)(C)C(C)(C)C,C[C@@H](COC(=O)[C@@H]1[C@H](C(=O)OC[C@H](C)[C@@H](O)CO[Si](C)(C)C(C)(C)C)[C@@H]2C=C[C@@H]1C2)[C@@H](O)CO[Si](C)(C)C(C)(C)C,ester,Sigma-Aldrich,diol,234.412,False,,0,15.7422,8.4844,13.0655,0,True,2,True,0,0,0,True,,15.669401795474275,4.1849374915662025,6.029023550396374,619.2700817900561,12.940595129890772,6.508093331176596,5.9359830493841095,0.0,8.0,,gc_formula_si,"Si monomer: HSP NOT reliable (Si groups fitted on 51 HSPiP Si compounds, only 7 measured, all much smaller than the monomers)",0.0,15.669401795474275,15.669401795474275,4.1849374915662025,4.1849374915662025,6.029023550396374,6.029023550396374,2,Si,Sigma-Aldrich,https://www.sigmaaldrich.com/catalog/product/aldrich/t268739,38.14831873830272,2.1431639740619506,4.303353358427239,0.6147647654896057,7.446706866914717,1.4893413733829433,9.440985905688766,1.3487122722412523,5.455440753511699,-17.513487854304447,-13.825315736644104,0,Si: HSP unreliable
CNCCC[Si](C)(OC)OC,CO[Si](C)(CCCN(C)C(=O)[C@@H]1[C@H](C(=O)N(C)CCC[Si](C)(OC)OC)[C@@H]2C=C[C@@H]1C2)OC,amide,Ambeed,monoamine,177.32,False,,0,18.0589,6.7438,9.2603,0,True,2,True,0,0,0,True,,15.874812445132212,5.873914840814482,3.7988859471678977,494.83706353583295,14.647088606230152,4.369170314873047,3.0758045776157106,0.0,8.0,,gc_formula_si,"Si monomer: HSP NOT reliable (Si groups fitted on 51 HSPiP Si compounds, only 7 measured, all much smaller than the monomers)",0.0,15.874812445132212,15.874812445132212,5.873914840814482,5.873914840814482,3.7988859471678977,3.7988859471678977,2,Si,Ambeed,https://www.ambeed.com/products/31024-35-8.html,39.8175253052769,2.2369396238919608,4.6492491119751564,0.6641784445678794,7.046811181235677,1.4093622362471354,9.447335404429966,1.349619343489995,6.202011657149832,-13.799783551485628,-17.949841338778796,0,Si: HSP unreliable
C=CCC[C@@H](O)C(C)(C)CO[Si](c1ccccc1)(c1ccccc1)C(C)(C)C,C=CCC[C@@H](OC(=O)[C@@H]1[C@H](C(=O)O[C@H](CCC=C)C(C)(C)CO[Si](c2ccccc2)(c2ccccc2)C(C)(C)C)[C@@H]2C=C[C@@H]1C2)C(C)(C)CO[Si](c1ccccc1)(c1ccccc1)C(C)(C)C,ester,Sigma-Aldrich,monoalcohol,396.647,False,,0,23.2163,-4.7894,8.0926,4,True,2,True,0,0,0,True,,17.02189207128182,2.5535125309552846,2.845642285693885,955.0471634687506,19.588422062823703,2.1646194996455197,5.118318975179593,0.0,8.0,,gc_formula_si,"Si monomer: HSP NOT reliable (Si groups fitted on 51 HSPiP Si compounds, only 7 measured, all much smaller than the monomers)",0.0,17.02189207128182,17.02189207128182,2.5535125309552846,2.5535125309552846,2.845642285693885,2.845642285693885,2,Si,Sigma-Aldrich,https://www.sigmaaldrich.com/catalog/product/aldrich/t265039,41.793767356031985,2.347964458204044,3.3586382917377726,0.4798054702482532,4.086883765681744,0.8173767531363488,9.451619467959414,1.3502313525656306,11.62273725463265,-17.31402182602042,-16.72976231654322,0,Si: HSP unreliable
CC(C)(C)[Si](C)(C)OC1CNC1,CC(C)(C)[Si](C)(C)OC1CN(C(=O)[C@@H]2[C@H](C(=O)N3CC(O[Si](C)(C)C(C)(C)C)C3)[C@@H]3C=C[C@@H]2C3)C1,amide,Ambeed,monoamine,187.359,False,,0,19.0972,3.0048,4.5259,0,True,2,True,0,0,0,True,,16.070007194234442,5.728844595382424,3.361962531924592,537.6899439731186,14.843321031729152,2.9617452921267997,2.9245311947307133,0.0,8.0,,gc_formula_si,"Si monomer: HSP NOT reliable (Si groups fitted on 51 HSPiP Si compounds, only 7 measured, all much smaller than the monomers)",0.0,16.070007194234442,16.070007194234442,5.728844595382424,5.728844595382424,3.361962531924592,3.361962531924592,2,Si,Ambeed,https://www.ambeed.com/products/875340-81-1.html,40.286064935867905,2.2632620750487584,4.4595265669077655,0.6370752238439665,6.658381126589472,1.3316762253178944,9.463099197455072,1.3518713139221532,6.979200066927426,-13.703125130776613,-18.436889257692272,0,Si: HSP unreliable
CN[C@H](C)[C@H](OB1C2CCCC(CCC2)[C@H]1[Si](C)(C)C)c1ccccc1,C[C@H]([C@H](OB1C2CCCC(CCC2)[C@H]1[Si](C)(C)C)c1ccccc1)N(C)C(=O)[C@@H]1[C@H](C(=O)N(C)[C@H](C)[C@H](OB2C3CCCC(CCC3)[C@H]2[Si](C)(C)C)c2ccccc2)[C@@H]2C=C[C@@H]1C2,amide,Sigma-Aldrich,monoamine,371.45,False,,0,22.9005,-2.1106,5.4676,2,True,2,True,0,0,0,True,,16.845800811710404,3.836595128562931,2.474549085736073,904.9249154795482,18.54420518859466,0.5454039546847573,2.742430920545103,0.0,10.0,,gc_formula_si,"Si monomer: HSP NOT reliable (Si groups fitted on 51 HSPiP Si compounds, only 7 measured, all much smaller than the monomers)",0.0,16.845800811710404,16.845800811710404,3.836595128562931,3.836595128562931,2.474549085736073,2.474549085736073,4,"B,Si",Sigma-Aldrich,https://www.sigmaaldrich.com/catalog/product/aldrich/676683?utm_source=pubchem&utm_campaign=pubchem_2017&utm_medium=referral,41.72840373043457,2.3442923444064365,3.5776190093513986,0.5110884299073427,4.694086648378467,0.9388173296756934,9.465384981063615,1.3521978544376592,10.5346565974114,-15.483754768883546,-18.207846854537262,0,Si: HSP unreliable  no groups: B
CC(C)(C)[Si](C)(C)OC[C@H]1OC=C[C@@H](O)[C@H]1O,CC(C)(C)[Si](C)(C)OC[C@H]1OC=C[C@@H](OC(=O)[C@@H]2[C@H](C(=O)O[C@@H]3C=CO[C@H](CO[Si](C)(C)C(C)(C)C)[C@@H]3O)[C@@H]3C=C[C@@H]2C3)[C@H]1O,ester,Sigma-Aldrich,diol,260.406,False,,0,18.6069,6.6388,19.1169,0,True,2,True,0,0,0,True,,16.02725373760201,4.933022820349321,4.591692927299362,661.7874082856572,13.43494885437894,10.110605840084704,5.988334183906996,0.0,8.0,,gc_formula_si,"Si monomer: HSP NOT reliable (Si groups fitted on 51 HSPiP Si compounds, only 7 measured, all much smaller than the monomers)",0.0,16.02725373760201,16.02725373760201,4.933022820349321,4.933022820349321,4.591692927299362,4.591692927299362,2,Si,Sigma-Aldrich,https://www.sigmaaldrich.com/catalog/product/aldrich/480738?utm_source=pubchem&utm_campaign=pubchem_2017&utm_medium=referral,39.31292907173485,2.20859152088398,3.8029823992578056,0.5432831998939722,6.761354907066072,1.3522709814132143,9.471052096902664,1.3530074424146663,6.502537989953327,-15.68592384455205,-16.36858363065197,0,Si: HSP unreliable
CC(O)C1CC(CO[Si](C)(C)C(C)(C)C)OC1=O,CC(OC(=O)[C@@H]1[C@H](C(=O)OC(C)C2CC(CO[Si](C)(C)C(C)(C)C)OC2=O)[C@@H]2C=C[C@@H]1C2)C1CC(CO[Si](C)(C)C(C)(C)C)OC1=O,ester,Sigma-Aldrich,monoalcohol,274.433,False,,0,14.4844,16.5822,7.802,0,True,2,True,0,0,0,True,,15.843855670281076,5.92589732758213,3.931986245393127,702.8996838292885,14.566246999085877,3.0372959019204124,4.597382063445815,0.0,8.0,,gc_formula_si,"Si monomer: HSP NOT reliable (Si groups fitted on 51 HSPiP Si compounds, only 7 measured, all much smaller than the monomers)",0.0,15.843855670281076,15.843855670281076,5.92589732758213,5.92589732758213,3.931986245393127,3.931986245393127,2,Si,Sigma-Aldrich,https://www.sigmaaldrich.com/catalog/product/aldrich/t223077,39.67448765915014,2.2289038010758504,4.67642274300632,0.6680603918580458,7.170010151258134,1.4340020302516268,9.492738744600512,1.3561055349429303,5.985972097305819,-13.849944588092072,-17.83776675247008,0,Si: HSP unreliable
C=C[C@@H]1[C@@H](O[Si](C)(C)C(C)(C)C)[C@@H](O[Si](C)(C)C(C)(C)C)[C@]1(O)c1ccc2ccc3ccc4ccccc4c3c2c1,C=C[C@@H]1[C@@H](O[Si](C)(C)C(C)(C)C)[C@@H](O[Si](C)(C)C(C)(C)C)[C@]1(OC(=O)[C@@H]1[C@H](C(=O)O[C@@]2(c3ccc4ccc5ccc6ccccc6c5c4c3)[C@H](C=C)[C@@H](O[Si](C)(C)C(C)(C)C)[C@H]2O[Si](C)(C)C(C)(C)C)[C@@H]2C=C[C@@H]1C2)c1ccc2ccc3ccc4ccccc4c3c2c1,ester,Sigma-Aldrich,monoalcohol,584.949,False,,0,25.8578,-9.2266,9.7988,4,True,4,True,0,2,0,True,,17.119029807616155,2.306558150386706,2.662852171564966,1320.164739926716,19.17477675557349,3.436702673460029,7.280918371078324,0.0,20.0,,gc_formula_si,"Si monomer: HSP NOT reliable (Si groups fitted on 51 HSPiP Si compounds, only 7 measured, all much smaller than the monomers)",0.0,17.119029807616155,17.119029807616155,2.306558150386706,2.306558150386706,2.662852171564966,2.662852171564966,4,Si,Sigma-Aldrich,https://www.sigmaaldrich.com/catalog/product/aldrich/t274658,42.06065700549328,2.3629582587355777,3.5275127696655946,0.5039303956665135,3.885129533461994,0.7770259066923988,9.51432025691399,1.35918860813057,12.149619485664482,-17.475323828794416,-16.762735786437894,0,Si: HSP unreliable
CC1(C)OC[C@](O)(/C=C/C23CCC(CC2=O)C3(C)C)C(CCO[Si](C)(C)C(C)(C)C)O1,CC1(C)OC[C@@](/C=C/C23CCC(CC2=O)C3(C)C)(OC(=O)[C@@H]2[C@H](C(=O)O[C@]3(/C=C/C45CCC(CC4=O)C5(C)C)COC(C)(C)OC3CCO[Si](C)(C)C(C)(C)C)[C@@H]3C=C[C@@H]2C3)C(CCO[Si](C)(C)C(C)(C)C)O1,ester,Sigma-Aldrich,monoalcohol,452.708,False,,0,15.6049,-12.8594,10.1226,0,True,2,True,0,6,2,True,,16.396304687134986,4.777066411046787,3.649559598230179,1090.434961855594,16.07897486058588,8.52270292322775,6.5577178098901525,0.0,8.0,,gc_formula_si,"Si monomer: HSP NOT reliable (Si groups fitted on 51 HSPiP Si compounds, only 7 measured, all much smaller than the monomers)",0.0,16.396304687134986,16.396304687134986,4.777066411046787,4.777066411046787,3.649559598230179,3.649559598230179,2,Si,Sigma-Aldrich,https://www.sigmaaldrich.com/catalog/product/aldrich/t264245,40.28677487664576,2.263301959362121,3.4748837815566427,0.4964119687938061,6.014710893105514,1.2029421786211028,9.52839556888408,1.36119936698344,7.96967867785802,-15.268797874318379,-17.523811499951595,0,Si: HSP unreliable
C=CC12CCC([C@@H](OCc3ccc(OC)cc3)[C@]1(O)/C=C\C(=C)CCO[Si](CC)(CC)CC)C2(C)C,C=CC12CCC([C@@H](OCc3ccc(OC)cc3)[C@@]1(/C=C\C(=C)CCO[Si](CC)(CC)CC)OC(=O)[C@@H]1[C@H](C(=O)O[C@]3(/C=C\C(=C)CCO[Si](CC)(CC)CC)[C@H](OCc4ccc(OC)cc4)C4CCC3(C=C)C4(C)C)[C@@H]3C=C[C@@H]1C3)C2(C)C,ester,Sigma-Aldrich,monoalcohol,512.807,False,,0,21.1327,-4.955,9.4278,4,True,2,True,0,4,0,True,,16.776750488525582,3.311768089119253,3.684550945893177,1194.985490264416,18.02818816094309,6.099162568246362,8.000953686979782,0.0,8.0,,gc_formula_si,"Si monomer: HSP NOT reliable (Si groups fitted on 51 HSPiP Si compounds, only 7 measured, all much smaller than the monomers)",0.0,16.776750488525582,16.776750488525582,3.311768089119253,3.311768089119253,3.684550945893177,3.684550945893177,2,Si,Sigma-Aldrich,https://www.sigmaaldrich.com/catalog/product/aldrich/t265683,40.72670502157538,2.2880171360435604,2.7982191300836887,0.39974559001195553,5.045085496027636,1.0090170992055272,9.540613278598249,1.3629447540854642,9.780431453513152,-17.149533345299503,-16.403967631751655,0,Si: HSP unreliable
CC(C)(C)[Si](C)(C)OCCCN,CC(C)(C)[Si](C)(C)OCCCNC(=O)[C@@H]1[C@H](C(=O)NCCCO[Si](C)(C)C(C)(C)C)[C@@H]2C=C[C@@H]1C2,amide,Ambeed,monoamine,189.375,False,,0,12.2712,-4.6224,4.7367,0,True,2,True,2,0,0,True,,15.83387057061095,6.123931486267235,3.787619328450992,545.0521649319415,14.103341912736514,4.094462289741503,2.714193346713269,0.0,8.0,,gc_formula_si,"Si monomer: HSP NOT reliable (Si groups fitted on 51 HSPiP Si compounds, only 7 measured, all much smaller than the monomers)",0.0,15.83387057061095,15.83387057061095,6.123931486267235,6.123931486267235,3.787619328450992,3.787619328450992,2,Si,Ambeed,https://www.ambeed.com/products/115306-75-7.html,39.76413047596949,2.2339399143803083,4.831229507314291,0.6901756439020416,7.260695807257113,1.4521391614514225,9.546369783279735,1.3637671118971049,5.9223197558927225,-13.497558412794707,-18.170182728427193,0,Si: HSP unreliable
CC(C)(C)[Si](C)(C)OC[C@@H]1CC2(CC2)CN1,CC(C)(C)[Si](C)(C)OC[C@@H]1CC2(CC2)CN1C(=O)[C@@H]1[C@H](C(=O)N2CC3(CC3)C[C@H]2CO[Si](C)(C)C(C)(C)C)[C@@H]2C=C[C@@H]1C2,amide,Combi-Blocks,monoamine,241.451,False,,0,21.2289,9.027,4.9088,0,True,2,True,0,0,0,True,,16.411629735014134,5.172602891859839,3.0722081927578064,629.7686924797849,15.695920415938954,2.171720508764867,2.414109850807211,0.0,8.0,,gc_formula_si,"Si monomer: HSP NOT reliable (Si groups fitted on 51 HSPiP Si compounds, only 7 measured, all much smaller than the monomers)",0.0,16.411629735014134,16.411629735014134,5.172602891859839,5.172602891859839,3.0722081927578064,3.0722081927578064,2,Si,Combi-Blocks,https://www.combi-blocks.com/cgi-bin/find.cgi?JQ-7815,40.7354446803364,2.2885081281087865,3.901791787175482,0.5573988267393546,6.020309680363814,1.204061936072763,9.555054422445188,1.3650077746350269,8.16681865039649,-14.311235035912102,-18.512024434116167,0,Si: HSP unreliable
CC(C)(C)[Si](C)(C)OC[C@H]1C[C@@H](CO)N1Cc1ccccc1,CC(C)(C)[Si](C)(C)OC[C@H]1C[C@@H](COC(=O)[C@@H]2[C@H](C(=O)OC[C@@H]3C[C@H](CO[Si](C)(C)C(C)(C)C)N3Cc3ccccc3)[C@@H]3C=C[C@@H]2C3)N1Cc1ccccc1,ester,Combi-Blocks,"monoalcohol,monoamine",321.537,False,,0,22.9253,6.2936,5.6684,0,True,2,True,0,0,0,True,,16.82848248651726,3.225157064825562,3.5729668767319467,767.1391581529095,17.83399631878356,4.427850100944935,5.516292062608465,0.0,8.0,,gc_formula_si,"Si monomer: HSP NOT reliable (Si groups fitted on 51 HSPiP Si compounds, only 7 measured, all much smaller than the monomers)",0.0,16.82848248651726,16.82848248651726,3.225157064825562,3.225157064825562,3.5729668767319467,3.5729668767319467,2,Si,Combi-Blocks,https://www.combi-blocks.com/cgi-bin/find.cgi?HD-1654,40.86611272701392,2.2958490296075236,2.818555438756143,0.40265077696516327,4.927971727723256,0.9855943455446512,9.557468334288995,1.365352619184142,10.03035854495975,-17.176292298423643,-16.480672674610876,2,Si: HSP unreliable  basic N x2
CC1(C)C2CCC1(O)[C@@H](O)C[C@H]1[C@@H](O[Si](C)(C)C(C)(C)C)CCC[C@@]1(C)[C@H](OC(=O)c1ccccc1)C2,CC1(C)C2CCC1(OC(=O)[C@@H]1[C@H](C(=O)OC34CCC(C[C@@H](OC(=O)c5ccccc5)[C@]5(C)CCC[C@H](O[Si](C)(C)C(C)(C)C)[C@@H]5C[C@@H]3O)C4(C)C)[C@@H]3C=C[C@@H]1C3)[C@@H](O)C[C@H]1[C@@H](O[Si](C)(C)C(C)(C)C)CCC[C@@]1(C)[C@H](OC(=O)c1ccccc1)C2,ester,Sigma-Aldrich,diol,530.822,False,,0,21.3455,-5.8836,5.1619,0,True,2,True,0,0,2,True,,16.742692293305897,4.308786138920961,2.765681994655865,1215.624753059274,17.086977324596276,7.933416003087223,2.1544209354185364,0.0,8.0,,gc_formula_si,"Si monomer: HSP NOT reliable (Si groups fitted on 51 HSPiP Si compounds, only 7 measured, all much smaller than the monomers)",0.0,16.742692293305897,16.742692293305897,4.308786138920961,4.308786138920961,2.765681994655865,2.765681994655865,2,Si,Sigma-Aldrich,https://www.sigmaaldrich.com/catalog/product/aldrich/t253707,41.30162125433494,2.3203158008053335,3.4806895018461526,0.4972413574065932,5.196012004675392,1.0392024009350784,9.570166080060504,1.3671665828657864,9.668224159729071,-15.1995881490408,-18.285796437570994,0,Si: HSP unreliable
CC(C)(C)[Si](C)(C)CCN,CC(C)(C)[Si](C)(C)CCNC(=O)[C@@H]1[C@H](C(=O)NCC[Si](C)(C)C(C)(C)C)[C@@H]2C=C[C@@H]1C2,amide,Sigma-Aldrich,monoamine,159.349,False,,0,11.9539,-4.6224,4.9759,0,True,2,True,2,0,0,True,,15.831033677971602,6.077820640409386,3.929924039238162,500.921457729732,14.456693125674857,4.486363084771781,2.7875803859081474,0.0,6.0,,gc_formula_si,"Si monomer: HSP NOT reliable (Si groups fitted on 51 HSPiP Si compounds, only 7 measured, all much smaller than the monomers)",0.0,15.831033677971602,15.831033677971602,6.077820640409386,6.077820640409386,3.929924039238162,3.929924039238162,2,Si,Sigma-Aldrich,https://www.sigmaaldrich.com/catalog/product/aldrich/ph001864,39.6377434481622,2.226839519559674,4.766062816779015,0.6808661166827165,7.298213777079685,1.459642755415937,9.57066843337172,1.3672383476245316,5.823288998324054,-13.683137076800378,-17.978930279142826,0,Si: HSP unreliable
CC(C)(C)[Si](C)(C)OCCC(O)C(=O)OCc1ccccc1,CC(C)(C)[Si](C)(C)OCCC(OC(=O)[C@@H]1[C@H](C(=O)OC(CCO[Si](C)(C)C(C)(C)C)C(=O)OCc2ccccc2)[C@@H]2C=C[C@@H]1C2)C(=O)OCc1ccccc1,ester,Ambeed,monoalcohol,324.493,False,,0,19.2237,8.5754,7.9318,0,True,2,True,0,0,0,True,,16.5759329131209,3.811160397398261,4.1439179163982,776.311457672098,16.948454931394853,5.672576876295207,5.309216488016062,0.0,8.0,,gc_formula_si,"Si monomer: HSP NOT reliable (Si groups fitted on 51 HSPiP Si compounds, only 7 measured, all much smaller than the monomers)",0.0,16.5759329131209,16.5759329131209,3.811160397398261,3.811160397398261,4.1439179163982,4.1439179163982,2,Si,Ambeed,https://www.ambeed.com/products/P000739358.html,40.113400969783875,2.253561852235049,2.8000378613831227,0.4000054087690175,5.656991706085171,1.1313983412170343,9.580627487831807,1.3686610696902581,8.62085459932444,-16.908690432120842,-16.24317539412096,0,Si: HSP unreliable
CC(C)(C)[Si](C)(C)OCC[C@@H]1O[C@H](c2ccccc2)OC[C@H]1O,CC(C)(C)[Si](C)(C)OCC[C@@H]1O[C@H](c2ccccc2)OC[C@H]1OC(=O)[C@@H]1[C@H](C(=O)O[C@@H]2CO[C@@H](c3ccccc3)O[C@H]2CCO[Si](C)(C)C(C)(C)C)[C@@H]2C=C[C@@H]1C2,ester,Sigma-Aldrich,monoalcohol,338.52,False,,0,21.4181,7.2096,6.0898,0,True,2,True,0,2,2,True,,16.68968616514718,3.901315342578457,3.657902853119145,806.5564481322513,17.42990705929621,5.882862717184286,5.560122844810798,0.0,8.0,,gc_formula_si,"Si monomer: HSP NOT reliable (Si groups fitted on 51 HSPiP Si compounds, only 7 measured, all much smaller than the monomers)",0.0,16.68968616514718,16.68968616514718,3.901315342578457,3.901315342578457,3.657902853119145,3.657902853119145,2,Si,Sigma-Aldrich,https://www.sigmaaldrich.com/catalog/product/aldrich/t264334,40.56169689540707,2.2787470165959025,2.8852228468759558,0.4121746924108508,5.404436687974401,1.0808873375948802,9.605774173410621,1.3722534533443744,9.130467969449578,-16.44627367568787,-16.93309865460649,0,Si: HSP unreliable
C[Si](C)(C)CC12OC3(O)C4C5CC(C6C5C3C61)C42,C[Si](C)(C)CC12OC3(OC(=O)[C@@H]4[C@H](C(=O)OC56OC7(C[Si](C)(C)C)C8C9CC(C%10C9C7C%105)C86)[C@@H]5C=C[C@@H]4C5)C4C5CC(C6C5C3C61)C42,ester,Sigma-Aldrich,monoalcohol,262.425,False,,0,22.4002,8.9084,7.9656,0,True,2,True,0,2,2,True,,17.097889645087065,2.681358461875931,2.8696028908138524,594.3072205668606,18.20151145950191,3.231947385818569,1.8304145833319332,0.0,8.0,,gc_formula_si,"Si monomer: HSP NOT reliable (Si groups fitted on 51 HSPiP Si compounds, only 7 measured, all much smaller than the monomers)",0.0,17.097889645087065,17.097889645087065,2.681358461875931,2.681358461875931,2.8696028908138524,2.8696028908138524,2,Si,Sigma-Aldrich,https://www.sigmaaldrich.com/catalog/product/aldrich/s18415,41.7415312833713,2.34502984738041,3.2211662410313617,0.4601666058616231,4.239199864949696,0.8478399729899392,9.632758549527598,1.3761083642182281,11.546928292397281,-17.286134074024986,-16.909645216149144,0,Si: HSP unreliable
CC(C)OC1=C(OC(C)C)[C@@]2(O)C(C)([Si](C)(C)C)CC[C@@]2(C)C1=O,CC(C)OC1=C(OC(C)C)[C@@]2(OC(=O)[C@@H]3[C@H](C(=O)O[C@@]45C(OC(C)C)=C(OC(C)C)C(=O)[C@]4(C)CCC5(C)[Si](C)(C)C)[C@@H]4C=C[C@@H]3C4)C(C)([Si](C)(C)C)CC[C@@]2(C)C1=O,ester,Sigma-Aldrich,monoalcohol,354.563,False,,0,11.2786,-10.3158,7.251,0,True,2,True,2,2,2,True,,16.14592253285665,5.191755697317613,4.288751423669275,885.5133401758371,13.875062499153472,7.895924121447832,5.0551495837403015,0.0,8.0,,gc_formula_si,"Si monomer: HSP NOT reliable (Si groups fitted on 51 HSPiP Si compounds, only 7 measured, all much smaller than the monomers)",0.0,16.14592253285665,16.14592253285665,5.191755697317613,5.191755697317613,4.288751423669275,4.288751423669275,2,Si,Sigma-Aldrich,https://www.sigmaaldrich.com/catalog/product/aldrich/t259918,39.53912020912805,2.221298888153261,3.7522852989160076,0.5360407569880011,6.74111826466354,1.348223652932708,9.635623716420845,1.3765176737744065,6.665415411869759,-15.24291825920831,-17.048926806504987,0,Si: HSP unreliable
CC(C)(C)[Si](C)(C)c1occ(C=O)c1CO,CC(C)(C)[Si](C)(C)c1occ(C=O)c1COC(=O)[C@@H]1[C@H](C(=O)OCc2c(C=O)coc2[Si](C)(C)C(C)(C)C)[C@@H]2C=C[C@@H]1C2,ester,Sigma-Aldrich,monoalcohol,240.375,False,,0,18.661,6.4924,5.531,2,True,2,True,0,0,0,True,,16.575325064672366,2.895474265885591,4.966502539432832,594.4367169531304,17.40215838072881,3.7937430177014018,5.432523198468204,0.0,8.0,,gc_formula_si,"Si monomer: HSP NOT reliable (Si groups fitted on 51 HSPiP Si compounds, only 7 measured, all much smaller than the monomers)",0.0,16.575325064672366,16.575325064672366,2.895474265885591,2.895474265885591,4.966502539432832,4.966502539432832,2,Si,Sigma-Aldrich,https://www.sigmaaldrich.com/catalog/product/aldrich/t290467,39.625041619323156,2.2261259336698402,2.7005566610994647,0.38579380872849495,5.775217248168751,1.1550434496337503,9.64999979928031,1.3785713998971871,8.713348259353943,-18.646353338219605,-14.504296791125128,0,Si: HSP unreliable
CC(C)(C)[Si](C)(C)OC1CCC(CN)CC1,CC(C)(C)[Si](C)(C)OC1CCC(CNC(=O)[C@@H]2[C@H](C(=O)NCC3CCC(O[Si](C)(C)C(C)(C)C)CC3)[C@@H]3C=C[C@@H]2C3)CC1,amide,Combi-Blocks,monoamine,243.467,False,,0,15.4074,-6.0666,3.2115,0,True,2,True,2,0,2,True,,16.31857905082367,5.583167255565548,3.132932470927902,655.4998876561037,15.248304768806651,2.4387896708281898,1.398030839322348,0.0,8.0,,gc_formula_si,"Si monomer: HSP NOT reliable (Si groups fitted on 51 HSPiP Si compounds, only 7 measured, all much smaller than the monomers)",0.0,16.31857905082367,16.31857905082367,5.583167255565548,5.583167255565548,3.132932470927902,3.132932470927902,2,Si,Combi-Blocks,https://www.combi-blocks.com/cgi-bin/find.cgi?OT-5420,40.56167982101093,2.278746057360164,4.149035166400686,0.5927193094858122,6.402218615099907,1.2804437230199814,9.662477935770589,1.3803539908243698,7.6024793243302184,-13.868344266186021,-18.768813835461316,0,Si: HSP unreliable
CC(C)OC1=C(OC(C)C)[C@]2(O)C3CCCC(O[Si](C)(C)C(C)(C)C)C3[C@H]3CCC[C@]32C1=O,CC(C)OC1=C(OC(C)C)[C@]2(OC(=O)[C@@H]3[C@H](C(=O)O[C@]45C(OC(C)C)=C(OC(C)C)C(=O)[C@]46CCC[C@@H]6C4C(O[Si](C)(C)C(C)(C)C)CCCC45)[C@@H]4C=C[C@@H]3C4)C3CCCC(O[Si](C)(C)C(C)(C)C)C3[C@H]3CCC[C@]32C1=O,ester,Sigma-Aldrich,monoalcohol,478.746,False,,0,16.3558,-11.3728,6.7292,0,True,2,True,2,2,4,True,,16.511075643416778,4.773069353721855,3.5577974127312606,1107.260135546082,15.405833481180029,6.926488824439143,3.367365510697007,0.0,8.0,,gc_formula_si,"Si monomer: HSP NOT reliable (Si groups fitted on 51 HSPiP Si compounds, only 7 measured, all much smaller than the monomers)",0.0,16.511075643416778,16.511075643416778,4.773069353721855,4.773069353721855,3.5577974127312606,3.5577974127312606,2,Si,Sigma-Aldrich,https://www.sigmaaldrich.com/catalog/product/aldrich/t262889,40.38677170653968,2.268919758794364,3.3436065818776566,0.4776580831253795,5.968109013284798,1.1936218026569596,9.671468540240125,1.3816383628914466,8.180208876963661,-15.295803702426184,-17.72634758440737,0,Si: HSP unreliable
C[Si](C)(C)C(CO)c1ccccc1,C[Si](C)(C)C(COC(=O)[C@@H]1[C@H](C(=O)OCC(c2ccccc2)[Si](C)(C)C)[C@@H]2C=C[C@@H]1C2)c1ccccc1,ester,Combi-Blocks,monoalcohol,194.35,False,,0,20.4445,4.635,6.5012,0,True,2,True,0,0,0,True,,16.884134799165942,3.103304227454811,3.725510164803735,534.0339927598523,18.006434259617883,3.8280080105237295,3.753564346210493,0.0,8.0,,gc_formula_si,"Si monomer: HSP NOT reliable (Si groups fitted on 51 HSPiP Si compounds, only 7 measured, all much smaller than the monomers)",0.0,16.884134799165942,16.884134799165942,3.103304227454811,3.103304227454811,3.725510164803735,3.725510164803735,2,Si,Combi-Blocks,https://www.combi-blocks.com/cgi-bin/find.cgi?HD-9685,40.76738088796352,2.290302297076602,2.6718485349288583,0.38169264784697976,4.987461976855703,0.9974923953711405,9.671497256710593,1.3816424652443704,10.055320406907395,-17.50634073651487,-16.26192886181702,0,Si: HSP unreliable
CC(C)(C)[Si](C)(C)O[C@@H]1CC2C=CC3C(CCO)C(C=O)CC3C2C1,CC(C)(C)[Si](C)(C)O[C@@H]1CC2C=CC3C(CCOC(=O)[C@@H]4[C@H](C(=O)OCCC5C(C=O)CC6C5C=CC5C[C@@H](O[Si](C)(C)C(C)(C)C)CC56)[C@@H]5C=C[C@@H]4C5)C(C=O)CC3C2C1,ester,Sigma-Aldrich,monoalcohol,364.602,False,,0,19.0114,-0.5242,7.405,0,True,2,True,0,2,4,True,,16.672817558118957,4.5319616223924415,3.142088837827028,844.6392002063528,16.6177387452322,3.0698085855781283,3.7979289723379344,0.0,8.0,,gc_formula_si,"Si monomer: HSP NOT reliable (Si groups fitted on 51 HSPiP Si compounds, only 7 measured, all much smaller than the monomers)",0.0,16.672817558118957,16.672817558118957,4.5319616223924415,4.5319616223924415,3.142088837827028,3.142088837827028,2,Si,Sigma-Aldrich,https://www.sigmaaldrich.com/catalog/product/aldrich/t290297,40.870036884170275,2.2960694878747345,3.322842393195384,0.4746917704564834,5.564833343254967,1.1129666686509934,9.671841386831582,1.3816916266902262,8.998767097899488,-15.282944773553545,-18.06269034268437,0,Si: HSP unreliable
CC(C)(C)[Si](C)(C)OCCN,CC(C)(C)[Si](C)(C)OCCNC(=O)[C@@H]1[C@H](C(=O)NCCO[Si](C)(C)C(C)(C)C)[C@@H]2C=C[C@@H]1C2,amide,Ambeed,monoamine,175.348,False,,0,12.2288,-4.3502,5.5121,0,True,2,True,2,0,0,True,,15.79463470621922,6.327501362488665,3.912230745618835,511.5624031295655,14.121098672323251,4.691415409530928,2.796319521942058,0.0,8.0,,gc_formula_si,"Si monomer: HSP NOT reliable (Si groups fitted on 51 HSPiP Si compounds, only 7 measured, all much smaller than the monomers)",0.0,15.79463470621922,15.79463470621922,6.327501362488665,6.327501362488665,3.912230745618835,3.912230745618835,2,Si,Ambeed,https://www.ambeed.com/products/101711-55-1.html,39.59198525788655,2.2242688347127273,4.949720589694366,0.7071029413849095,7.5076227409143135,1.5015245481828627,9.677286745726166,1.382469535103738,5.55490259811172,-13.37936408934939,-18.20990532308905,0,Si: HSP unreliable
C[Si](C)(C)C#CC(O)Cc1ccccc1,C[Si](C)(C)C#CC(Cc1ccccc1)OC(=O)[C@@H]1[C@H](C(=O)OC(C#C[Si](C)(C)C)Cc2ccccc2)[C@@H]2C=C[C@@H]1C2,ester,Ambeed,monoalcohol,218.372,False,,0,19.4776,-0.78,4.1082,0,True,2,True,0,0,0,True,,16.686354748526156,3.6956868729436247,4.057885876020403,600.3706721378921,17.434930493842398,6.668515560430237,6.930623653660835,0.0,8.0,,gc_formula_si,"Si monomer: HSP NOT reliable (Si groups fitted on 51 HSPiP Si compounds, only 7 measured, all much smaller than the monomers)",0.0,16.686354748526156,16.686354748526156,3.6956868729436247,3.6956868729436247,4.057885876020403,4.057885876020403,2,Si,Ambeed,https://www.ambeed.com/products/61077-69-8.html,40.24282749208278,2.2608330051731897,2.6612515824307112,0.3801787974901016,5.542708653040365,1.108541730608073,9.67928902192934,1.3827555745613345,8.93278199956213,-17.048553751602935,-16.324155745449378,0,Si: HSP unreliable
COCO[C@H]1C(=O)[C@@H](C)[C@@H]([C@@]2([C@H](OCc3ccc(OC)cc3)C(O)CO[Si](C)(C)C(C)(C)C)COC(C)(C)O2)C[C@H](O[Si](C)(C)C(C)(C)C)[C@]2(O)CCC1C2(C)C,COCO[C@H]1C(=O)[C@@H](C)[C@@H]([C@@]2([C@H](OCc3ccc(OC)cc3)C(O)CO[Si](C)(C)C(C)(C)C)COC(C)(C)O2)C[C@H](O[Si](C)(C)C(C)(C)C)[C@]2(OC(=O)[C@@H]3[C@H](C(=O)O[C@]45CCC([C@@H](OCOC)C(=O)[C@@H](C)[C@@H]([C@@]6([C@H](OCc7ccc(OC)cc7)C(O)CO[Si](C)(C)C(C)(C)C)COC(C)(C)O6)C[C@@H]4O[Si](C)(C)C(C)(C)C)C5(C)C)[C@@H]4C=C[C@@H]3C4)CCC1C2(C)C,ester,Sigma-Aldrich,diol,839.269,False,,0,21.9965,15.1734,13.3234,0,True,4,True,2,2,2,True,,16.2864300898838,4.552026729443082,4.655604320261554,1797.5370303891536,13.84321023593531,12.901841467748,10.18598936372562,0.0,16.0,,gc_formula_si,"Si monomer: HSP NOT reliable (Si groups fitted on 51 HSPiP Si compounds, only 7 measured, all much smaller than the monomers)",0.0,16.2864300898838,16.2864300898838,4.552026729443082,4.552026729443082,4.655604320261554,4.655604320261554,4,Si,Sigma-Aldrich,https://www.sigmaaldrich.com/catalog/product/aldrich/t256072,39.37804600587991,2.2122497756112307,3.2096290145600688,0.4585184306514384,6.511246846975206,1.3022493693950412,9.687389849226573,1.3839128356037962,7.078799040179167,-16.390007680702272,-16.18285249906533,0,Si: HSP unreliable
CC(C)[C@@H]1CSC(=S)N1C(=O)C[C@H](O)[C@@H](C)[C@@H](CCCCO[Si](C)(C)C(C)(C)C)O[Si](C)(C)C(C)(C)C,CC(C)[C@@H]1CSC(=S)N1C(=O)C[C@H](OC(=O)[C@@H]1[C@H](C(=O)O[C@@H](CC(=O)N2C(=S)SC[C@H]2C(C)C)[C@@H](C)[C@@H](CCCCO[Si](C)(C)C(C)(C)C)O[Si](C)(C)C(C)(C)C)[C@@H]2C=C[C@@H]1C2)[C@@H](C)[C@@H](CCCCO[Si](C)(C)C(C)(C)C)O[Si](C)(C)C(C)(C)C,ester,Sigma-Aldrich,monoalcohol,592.073,False,,0,18.3441,-9.246,10.47,0,True,4,True,0,0,0,True,,15.961703592349448,5.483072576894187,4.622136524283995,1378.968451286522,14.677990443305454,5.100081709343394,4.4237915555929135,0.0,16.0,,gc_formula_si,"Si monomer: HSP NOT reliable (Si groups fitted on 51 HSPiP Si compounds, only 7 measured, all much smaller than the monomers)",0.0,15.961703592349448,15.961703592349448,5.483072576894187,5.483072576894187,4.622136524283995,4.622136524283995,4,Si,Sigma-Aldrich,https://www.sigmaaldrich.com/catalog/product/aldrich/t270091,39.12901531276148,2.198259287233791,4.098060247877561,0.5854371782682231,7.203194344894928,1.4406388689789855,9.694486692444855,1.3849266703492649,5.856494491171265,-15.100767539739255,-16.82263964495964,0,Si: HSP unreliable
CNCCC[Si](OC)(OC)OC,CO[Si](CCCN(C)C(=O)[C@@H]1[C@H](C(=O)N(C)CCC[Si](OC)(OC)OC)[C@@H]2C=C[C@@H]1C2)(OC)OC,amide,Sigma-Aldrich,monoamine,193.319,False,,0,19.5522,11.3676,12.2979,0,True,2,True,0,0,0,True,,15.959970772199144,6.018492313231692,3.915155383364563,503.5800205350181,14.731325022362244,6.108233583640752,2.934026461264027,0.0,8.0,,gc_formula_si,"Si monomer: HSP NOT reliable (Si groups fitted on 51 HSPiP Si compounds, only 7 measured, all much smaller than the monomers)",0.0,15.959970772199144,15.959970772199144,6.018492313231692,6.018492313231692,3.915155383364563,3.915155383364563,2,Si,Sigma-Aldrich,https://www.sigmaaldrich.com/catalog/product/aldrich/551635?utm_source=pubchem&utm_campaign=pubchem_2017&utm_medium=referral,39.67206932325778,2.228767939508864,4.532391463316663,0.6474844947595233,7.212015730941862,1.4424031461883724,9.698470453771987,1.385495779110284,6.026323075602889,-13.856633842332013,-18.063307702066272,0,Si: HSP unreliable
CC(C)(C)[Si](C)(C)OC1C2OC3OC(C2O)C2(CCCO2)C1O3,CC(C)(C)[Si](C)(C)OC1C2OC3OC(C2OC(=O)[C@@H]2[C@H](C(=O)OC4C5OC6OC4C4(CCCO4)C(O6)C5O[Si](C)(C)C(C)(C)C)[C@@H]4C=C[C@@H]2C4)C2(CCCO2)C1O3,ester,Sigma-Aldrich,monoalcohol,344.48,False,,0,24.7081,16.8292,5.1717,0,True,2,True,0,0,2,True,,16.687165614490503,4.436178575864749,3.3378176215685875,758.3806182328606,16.906595926864533,7.054609959550103,5.72131175065516,0.0,8.0,,gc_formula_si,"Si monomer: HSP NOT reliable (Si groups fitted on 51 HSPiP Si compounds, only 7 measured, all much smaller than the monomers)",0.0,16.687165614490503,16.687165614490503,4.436178575864749,4.436178575864749,3.3378176215685875,3.3378176215685875,2,Si,Sigma-Aldrich,https://www.sigmaaldrich.com/catalog/product/aldrich/t266884,40.71131378872899,2.287152460040954,3.148987389797691,0.44985534139967015,5.605380957971582,1.1210761915943164,9.716515084191293,1.388073583455899,8.913169417057167,-15.588804660194342,-17.785526568786665,0,Si: HSP unreliable
CC(C)(C)[Si](C)(C)O[C@H]1C[C@@H]2[C@@H]3C=CC(=O)[C@@H]3C[C@H](O)[C@H]2C1,CC(C)(C)[Si](C)(C)O[C@H]1C[C@@H]2[C@@H]3C=CC(=O)[C@@H]3C[C@H](OC(=O)[C@@H]3[C@H](C(=O)O[C@H]4C[C@H]5C(=O)C=C[C@H]5[C@H]5C[C@H](O[Si](C)(C)C(C)(C)C)C[C@@H]54)[C@@H]4C=C[C@@H]3C4)[C@H]2C1,ester,Sigma-Aldrich,monoalcohol,322.521,False,,0,18.5928,-2.8428,7.7552,0,True,2,True,2,2,4,True,,16.631210956442153,4.764090440071433,3.190949453541823,772.1411017028903,17.395212129055547,3.853416518135005,3.595712072062465,0.0,8.0,,gc_formula_si,"Si monomer: HSP NOT reliable (Si groups fitted on 51 HSPiP Si compounds, only 7 measured, all much smaller than the monomers)",0.0,16.631210956442153,16.631210956442153,4.764090440071433,4.764090440071433,3.190949453541823,3.190949453541823,2,Si,Sigma-Aldrich,https://www.sigmaaldrich.com/catalog/product/aldrich/t255904,40.75392068496249,2.2895461058967688,3.397445809440545,0.4853494013486493,5.7721329616449575,1.1544265923289916,9.731207246402793,1.3901724637718276,8.676171062828898,-15.058069969912543,-18.204351942971766,0,Si: HSP unreliable
CSCOCCC(O)C#C[Si](C)(C)C,CSCOCCC(C#C[Si](C)(C)C)OC(=O)[C@@H]1[C@H](C(=O)OC(C#C[Si](C)(C)C)CCOCSC)[C@@H]2C=C[C@@H]1C2,ester,Sigma-Aldrich,monoalcohol,232.421,False,,0,16.4935,6.6134,4.0524,0,True,2,True,2,0,0,True,,16.232391516634298,4.6406914447963725,4.822451100550507,616.471903694845,16.169615510075776,11.74709000590224,11.127735313865983,0.0,8.0,,gc_formula_si,"Si monomer: HSP NOT reliable (Si groups fitted on 51 HSPiP Si compounds, only 7 measured, all much smaller than the monomers)",0.0,16.232391516634298,16.232391516634298,4.6406914447963725,4.6406914447963725,4.822451100550507,4.822451100550507,2,Si,Sigma-Aldrich,https://www.sigmaaldrich.com/catalog/product/aldrich/t262560,39.1885972152296,2.2016065851252584,3.292002696842795,0.4702860995489707,6.694052235462395,1.3388104470924789,9.731557481213727,1.3902224973162467,6.769248971287418,-16.41415117238843,-16.050631860880163,0,Si: HSP unreliable
C[Si](C)(C)C1CCCC/C=C(/c2ccccc2)C1O,C[Si](C)(C)C1CCCC/C=C(/c2ccccc2)C1OC(=O)[C@@H]1[C@H](C(=O)OC2/C(c3ccccc3)=C\CCCCC2[Si](C)(C)C)[C@@H]2C=C[C@@H]1C2,ester,Sigma-Aldrich,monoalcohol,274.48,False,,0,21.2082,2.8992,5.511,0,True,2,True,0,0,0,True,,17.05560111743841,2.613032615142727,3.5013168574429594,700.5194547101731,18.841940540639044,4.196318081370342,5.607793969095601,0.0,8.0,,gc_formula_si,"Si monomer: HSP NOT reliable (Si groups fitted on 51 HSPiP Si compounds, only 7 measured, all much smaller than the monomers)",0.0,17.05560111743841,17.05560111743841,2.613032615142727,2.613032615142727,3.5013168574429594,3.5013168574429594,2,Si,Sigma-Aldrich,https://www.sigmaaldrich.com/catalog/product/aldrich/t202770,41.16100446668029,2.3124159812741736,2.80491321424814,0.4007018877497343,4.62286614328282,0.9245732286565641,9.745368313252035,1.3921954733217192,10.941251644852724,-17.94388535973864,-16.16731687513818,0,Si: HSP unreliable
CC(C)(C)[Si](C)(C)OC1CCC(N)CC1,CC(C)(C)[Si](C)(C)OC1CCC(NC(=O)[C@@H]2[C@H](C(=O)NC3CCC(O[Si](C)(C)C(C)(C)C)CC3)[C@@H]3C=C[C@@H]2C3)CC1,amide,Ambeed,monoamine,229.44,False,,0,15.3768,-5.7944,3.9869,0,True,2,True,2,0,2,True,,16.313016154720977,5.737207858662034,3.218763628719591,622.0101258537277,15.2641964370827,2.541542054090379,1.4801570145511365,0.0,8.0,,gc_formula_si,"Si monomer: HSP NOT reliable (Si groups fitted on 51 HSPiP Si compounds, only 7 measured, all much smaller than the monomers)",0.0,16.313016154720977,16.313016154720977,5.737207858662034,5.737207858662034,3.218763628719591,3.218763628719591,2,Si,Ambeed,https://www.ambeed.com/products/121936-51-4.html,40.43899009514886,2.271853376131958,4.174189253264077,0.5963127504662967,6.578500664452075,1.315700132890415,9.771977090034571,1.395996727147796,7.357044667339352,-13.794571924778536,-18.831460384663416,0,Si: HSP unreliable
C=CC[C@]1(O)[C@H](O[Si](C)(C)C(C)(C)C)C[C@]2(CCCO2)[C@@]2(CCCO2)[C@]12CCCO2,C=CC[C@]1(OC(=O)[C@@H]2[C@H](C(=O)O[C@@]3(CC=C)[C@H](O[Si](C)(C)C(C)(C)C)C[C@]4(CCCO4)[C@@]4(CCCO4)[C@]34CCCO4)[C@@H]3C=C[C@@H]2C3)[C@H](O[Si](C)(C)C(C)(C)C)C[C@]2(CCCO2)[C@@]2(CCCO2)[C@]12CCCO2,ester,Sigma-Aldrich,monoalcohol,438.681,False,,0,23.6296,4.226,3.3142,4,True,2,True,0,2,4,True,,16.677387915616062,4.246323895478095,3.7700759422570314,990.850037184344,16.535725945120255,11.000165176443886,8.504367584611868,0.0,12.0,,gc_formula_si,"Si monomer: HSP NOT reliable (Si groups fitted on 51 HSPiP Si compounds, only 7 measured, all much smaller than the monomers)",0.0,16.677387915616062,16.677387915616062,4.246323895478095,4.246323895478095,3.7700759422570314,3.7700759422570314,2,Si,Sigma-Aldrich,https://www.sigmaaldrich.com/catalog/product/aldrich/t262846,40.35156650095266,2.266941938255767,2.8554525130277377,0.4079217875753911,5.728387713057283,1.1456775426114567,9.773596971476175,1.3962281387823108,8.660988077880937,-16.201139962394997,-17.153635868837128,0,Si: HSP unreliable
CC(C)(C)[Si](C)(C)OC1C2OC3OC(C2O)C(O)C1O3,CC(C)(C)[Si](C)(C)OC1C2OC3OC(C2O)C(OC(=O)[C@@H]2[C@H](C(=O)OC4C5OC6OC(C5O)C(O[Si](C)(C)C(C)(C)C)C4O6)[C@@H]4C=C[C@@H]2C4)C1O3,ester,Sigma-Aldrich,diol,304.415,False,,0,23.1639,10.3782,21.3781,0,True,2,True,0,0,2,True,,16.484702894199565,4.915315740646578,3.7892402105297673,697.1371290584831,15.63933699927973,7.266543204201927,4.16084712145202,0.0,8.0,,gc_formula_si,"Si monomer: HSP NOT reliable (Si groups fitted on 51 HSPiP Si compounds, only 7 measured, all much smaller than the monomers)",0.0,16.484702894199565,16.484702894199565,4.915315740646578,4.915315740646578,3.7892402105297673,3.7892402105297673,2,Si,Sigma-Aldrich,https://www.sigmaaldrich.com/catalog/product/aldrich/t267767,40.122654496571066,2.254081713290509,3.2981193150917023,0.4711599021559575,6.217325055025391,1.2434650110050782,9.788491926379363,1.3983559894827662,7.780146943023219,-15.358627364082755,-17.610778424316372,0,Si: HSP unreliable
CC(C)(C)[Si](C)(C)OCC(CO)N(Cc1ccccc1)Cc1ccccc1,CC(C)(C)[Si](C)(C)OCC(COC(=O)[C@@H]1[C@H](C(=O)OCC(CO[Si](C)(C)C(C)(C)C)N(Cc2ccccc2)Cc2ccccc2)[C@@H]2C=C[C@@H]1C2)N(Cc1ccccc1)Cc1ccccc1,ester,Combi-Blocks,"monoalcohol,monoamine",385.624,False,,0,23.8566,4.9196,5.2148,0,True,2,True,0,0,0,True,,17.144141556888215,2.813973250049332,3.060118971315134,888.9005703934254,19.76154730633291,5.14312249524358,6.338446305382011,0.0,8.0,,gc_formula_si,"Si monomer: HSP NOT reliable (Si groups fitted on 51 HSPiP Si compounds, only 7 measured, all much smaller than the monomers)",0.0,17.144141556888215,17.144141556888215,2.813973250049332,2.813973250049332,3.060118971315134,3.060118971315134,2,Si,Combi-Blocks,https://www.combi-blocks.com/cgi-bin/find.cgi?HD-9030,41.52652610599765,2.3329509048313284,2.9754116900605183,0.42505881286578834,4.486989351765684,0.8973978703531367,9.812458931442173,1.4017798473488818,11.270049335523748,-17.390287278154016,-16.897995835622414,2,Si: HSP unreliable  basic N x2
COc1ccc(O/C=C/C23CCC(CC2(O)C2=C[C@H](O[Si](C)(C)C(C)(C)C)CCC2)C3(C)C)cc1,COc1ccc(O/C=C/C23CCC(CC2(OC(=O)[C@@H]2[C@H](C(=O)OC4(C5=C[C@H](O[Si](C)(C)C(C)(C)C)CCC5)CC5CCC4(/C=C/Oc4ccc(OC)cc4)C5(C)C)[C@@H]4C=C[C@@H]2C4)C2=C[C@H](O[Si](C)(C)C(C)(C)C)CCC2)C3(C)C)cc1,ester,Sigma-Aldrich,monoalcohol,498.78,False,,0,21.623,-10.2942,8.4324,2,True,2,True,0,2,2,True,,16.975434518757346,3.297516510764515,3.52707762366354,1139.4376267558855,17.874658839772387,6.9348422379946655,5.337104532875394,0.0,10.0,,gc_formula_si,"Si monomer: HSP NOT reliable (Si groups fitted on 51 HSPiP Si compounds, only 7 measured, all much smaller than the monomers)",0.0,16.975434518757346,16.975434518757346,3.297516510764515,3.297516510764515,3.52707762366354,3.52707762366354,2,Si,Sigma-Aldrich,https://www.sigmaaldrich.com/catalog/product/aldrich/t246751,40.90721482174356,2.298158136053009,2.6410304786727075,0.37729006838181534,5.013854690617639,1.0027709381235277,9.819941598545283,1.4028487997921832,10.15084038432929,-17.204995631656374,-16.745873405858323,0,Si: HSP unreliable
C[Si](C)(C)C#CCC(O)c1ccccc1,C[Si](C)(C)C#CCC(OC(=O)[C@@H]1[C@H](C(=O)OC(CC#C[Si](C)(C)C)c2ccccc2)[C@@H]2C=C[C@@H]1C2)c1ccccc1,ester,Sigma-Aldrich,monoalcohol,218.372,False,,0,19.6165,-0.1318,5.2896,0,True,2,True,0,0,0,True,,16.769683569799952,3.6407421862447302,4.128028043318542,601.4623442755781,17.598709751242325,6.435471470812298,6.602397667659285,0.0,8.0,,gc_formula_si,"Si monomer: HSP NOT reliable (Si groups fitted on 51 HSPiP Si compounds, only 7 measured, all much smaller than the monomers)",0.0,16.769683569799952,16.769683569799952,3.6407421862447302,3.6407421862447302,4.128028043318542,4.128028043318542,2,Si,Sigma-Aldrich,https://www.sigmaaldrich.com/catalog/product/aldrich/t211931,40.2032222867549,2.2586079936379155,2.489122224655551,0.3555888892365073,5.583729024235191,1.1167458048470382,9.825727282309696,1.4036753260442423,9.000913340236679,-17.256969426873766,-16.282397712726137,0,Si: HSP unreliable
C=CC[C@@H](CO[Si](c1ccccc1)(c1ccccc1)C(C)(C)C)[C@@H]1OC(C)(C)O[C@@H](/C=C/C=C/CCO)[C@@H]1C,C=CC[C@@H](CO[Si](c1ccccc1)(c1ccccc1)C(C)(C)C)[C@@H]1OC(C)(C)O[C@@H](/C=C/C=C/CCOC(=O)[C@@H]2[C@H](C(=O)OCC/C=C/C=C/[C@@H]3OC(C)(C)O[C@@H]([C@@H](CC=C)CO[Si](c4ccccc4)(c4ccccc4)C(C)(C)C)[C@H]3C)[C@@H]3C=C[C@@H]2C3)[C@@H]1C,ester,Sigma-Aldrich,monoalcohol,548.84,False,,0,25.9305,-3.7822,10.3622,4,True,2,True,0,2,0,True,,17.17717537439343,2.955237602879684,2.81519775617762,1237.5200638445049,20.60421955032809,4.572298755239249,8.479211404607728,0.0,8.0,,gc_formula_si,"Si monomer: HSP NOT reliable (Si groups fitted on 51 HSPiP Si compounds, only 7 measured, all much smaller than the monomers)",0.0,17.17717537439343,17.17717537439343,2.955237602879684,2.955237602879684,2.81519775617762,2.81519775617762,2,Si,Sigma-Aldrich,https://www.sigmaaldrich.com/catalog/product/aldrich/t290866,41.71890582430191,2.3437587541742646,3.106828146598083,0.44383259237115474,4.442579683655721,0.8885159367311442,9.840689255746334,1.4058127508209048,11.406740015336124,-17.037135527691365,-17.31721522109549,0,Si: HSP unreliable
CC1(C)C2CCC1(O)C(=O)C[C@H]1[C@@H](O[Si](C)(C)C(C)(C)C)CCC[C@@]1(C)[C@H](OC(=O)c1ccccc1)C2,CC1(C)C2CCC1(OC(=O)[C@@H]1[C@H](C(=O)OC34CCC(C[C@@H](OC(=O)c5ccccc5)[C@]5(C)CCC[C@H](O[Si](C)(C)C(C)(C)C)[C@@H]5CC3=O)C4(C)C)[C@@H]3C=C[C@@H]1C3)C(=O)C[C@H]1[C@@H](O[Si](C)(C)C(C)(C)C)CCC[C@@]1(C)[C@H](OC(=O)c1ccccc1)C2,ester,Sigma-Aldrich,monoalcohol,528.806,False,,0,20.1379,-7.179,8.4624,0,True,2,True,2,2,4,True,,16.79406382745251,4.840654852187579,2.539687074237659,1193.9347895266117,18.33720142972328,5.162180268570703,2.837730305502185,0.0,8.0,,gc_formula_si,"Si monomer: HSP NOT reliable (Si groups fitted on 51 HSPiP Si compounds, only 7 measured, all much smaller than the monomers)",0.0,16.79406382745251,16.79406382745251,4.840654852187579,4.840654852187579,2.539687074237659,2.539687074237659,2,Si,Sigma-Aldrich,https://www.sigmaaldrich.com/catalog/product/aldrich/t253723,41.37767360353446,2.324588404692947,3.7007991707653627,0.5286855958236233,5.555028901405023,1.1110057802810045,9.84517060929253,1.4064529441846472,9.413721901027273,-14.49309604950259,-19.095031605402433,0,Si: HSP unreliable
CC(C)OC1=C(OC(C)C)[C@@]2(O)[C@H]([Si](C)(C)C)CC[C@@]2(C)C1=O,CC(C)OC1=C(OC(C)C)[C@@]2(OC(=O)[C@@H]3[C@H](C(=O)O[C@@]45C(OC(C)C)=C(OC(C)C)C(=O)[C@]4(C)CC[C@H]5[Si](C)(C)C)[C@@H]4C=C[C@@H]3C4)[C@H]([Si](C)(C)C)CC[C@@]2(C)C1=O,ester,Sigma-Aldrich,monoalcohol,340.536,False,,0,11.88,-7.599,6.9302,0,True,2,True,2,2,2,True,,16.19635608377618,5.327683611169805,4.432767743297892,852.269489385082,14.32502066311287,7.949181946341131,5.270800970958965,0.0,8.0,,gc_formula_si,"Si monomer: HSP NOT reliable (Si groups fitted on 51 HSPiP Si compounds, only 7 measured, all much smaller than the monomers)",0.0,16.19635608377618,16.19635608377618,5.327683611169805,5.327683611169805,4.432767743297892,4.432767743297892,2,Si,Sigma-Aldrich,https://www.sigmaaldrich.com/catalog/product/aldrich/t266647,39.3670580951633,2.2116324772563654,3.669326971464251,0.5241895673520359,6.933729932167135,1.386745986433427,9.845388056597082,1.4064840080852974,6.435904729308483,-15.301440215904266,-17.091271951648093,0,Si: HSP unreliable
CC(C)(C)OC(=O)N1CCC[C@@H](O[Si](C)(C)C(C)(C)C)[C@@H]1CCCN,CC(C)(C)OC(=O)N1CCC[C@@H](O[Si](C)(C)C(C)(C)C)[C@@H]1CCCNC(=O)[C@@H]1[C@H](C(=O)NCCC[C@H]2[C@H](O[Si](C)(C)C(C)(C)C)CCCN2C(=O)OC(C)(C)C)[C@@H]2C=C[C@@H]1C2,amide,Ambeed,monoamine,372.626,False,,0,14.5823,-5.7234,5.6072,0,True,2,True,2,2,2,True,,16.150398434570736,5.638842575537994,4.197085518247053,934.0341936996894,12.529935519836569,3.7839981988825295,3.1478944916119875,0.0,8.0,,gc_formula_si,"Si monomer: HSP NOT reliable (Si groups fitted on 51 HSPiP Si compounds, only 7 measured, all much smaller than the monomers)",0.0,16.150398434570736,16.150398434570736,5.638842575537994,5.638842575537994,4.197085518247053,4.197085518247053,2,Si,Ambeed,https://www.ambeed.com/products/2173637-00-6.html,39.50794537397548,2.2195474929199706,3.9504304762812725,0.5643472108973246,7.0357369871744515,1.4071473974348903,9.850536526927447,1.4072195038467783,6.3144703407856895,-14.708641377279797,-17.592155491861675,0,Si: HSP unreliable
C=CC1(O)C2OC3OC(C2OCc2ccccc2)C(O[Si](C)(C)C(C)(C)C)C1O3,C=CC1(OC(=O)[C@@H]2[C@H](C(=O)OC3(C=C)C4OC5OC(C4OCc4ccccc4)C(O[Si](C)(C)C(C)(C)C)C3O5)[C@@H]3C=C[C@@H]2C3)C2OC3OC(C2OCc2ccccc2)C(O[Si](C)(C)C(C)(C)C)C1O3,ester,Sigma-Aldrich,monoalcohol,420.578,False,,0,25.5793,12.3882,5.4052,4,True,2,True,0,2,2,True,,16.882069995796204,4.000650977123345,3.336255889450627,940.6804456205416,18.18274228957595,6.551880730551957,7.431270240139308,0.0,12.0,,gc_formula_si,"Si monomer: HSP NOT reliable (Si groups fitted on 51 HSPiP Si compounds, only 7 measured, all much smaller than the monomers)",0.0,16.882069995796204,16.882069995796204,4.000650977123345,4.000650977123345,3.336255889450627,3.336255889450627,2,Si,Sigma-Aldrich,https://www.sigmaaldrich.com/catalog/product/aldrich/t267643,40.863164365701074,2.295683391331521,2.839419159899311,0.40563130855704443,5.337699272221763,1.0675398544443526,9.853661725450465,1.407665960778638,9.545163129222232,-16.217674908123485,-17.546465083468924,0,Si: HSP unreliable
Cn1nc(CO)cc1CO[Si](C)(C)C(C)(C)C,Cn1nc(COC(=O)[C@@H]2[C@H](C(=O)OCc3cc(CO[Si](C)(C)C(C)(C)C)n(C)n3)[C@@H]3C=C[C@@H]2C3)cc1CO[Si](C)(C)C(C)(C)C,ester,Ambeed,monoalcohol,256.422,False,,0,16.905,5.3836,6.5876,4,True,2,True,0,0,0,True,,16.502282757690164,4.764362853418425,4.138341623506392,637.7414143297849,15.143098074134064,3.0648557850479463,4.068928389900645,0.0,12.0,,gc_formula_si,"Si monomer: HSP NOT reliable (Si groups fitted on 51 HSPiP Si compounds, only 7 measured, all much smaller than the monomers)",0.0,16.502282757690164,16.502282757690164,4.764362853418425,4.764362853418425,4.138341623506392,4.138341623506392,2,Si,Ambeed,https://www.ambeed.com/products/2450998-49-7.html,39.831771176277115,2.2377399537234335,3.055735073693045,0.4365335819561493,6.323661759464513,1.2647323518929026,9.882026182397544,1.411718026056792,7.599578280765346,-15.87626152777813,-17.128303987602198,0,Si: HSP unreliable
CC(C)(C)[Si](C)(C)OCCOCCN,CC(C)(C)[Si](C)(C)OCCOCCNC(=O)[C@@H]1[C@H](C(=O)NCCOCCO[Si](C)(C)C(C)(C)C)[C@@H]2C=C[C@@H]1C2,amide,Sigma-Aldrich,monoamine,219.401,False,,0,12.5773,-4.6224,4.4975,0,True,2,True,2,0,0,True,,15.863778583939672,6.302496431748734,4.254766523623347,591.5042692876972,13.964460151201145,4.645153938376189,5.137352432773534,0.0,8.0,,gc_formula_si,"Si monomer: HSP NOT reliable (Si groups fitted on 51 HSPiP Si compounds, only 7 measured, all much smaller than the monomers)",0.0,15.863778583939672,15.863778583939672,6.302496431748734,6.302496431748734,4.254766523623347,4.254766523623347,2,Si,Sigma-Aldrich,https://www.sigmaaldrich.com/catalog/product/aldrich/764485?utm_source=pubchem&utm_campaign=pubchem_2017&utm_medium=referral,39.2684441398025,2.2060923674046347,4.724236340753619,0.6748909058219457,7.654126726026304,1.5308253452052607,9.892546646618994,1.4132209495169992,5.30651562856759,-13.816048675814285,-17.91150849206506,0,Si: HSP unreliable
COCCOCOCCCCCC1=C(CO[Si](C)(C)C(C)(C)C)[C@@H](CO)C[C@H]1OCc1ccc(OC)cc1,COCCOCOCCCCCC1=C(CO[Si](C)(C)C(C)(C)C)[C@@H](COC(=O)[C@@H]2[C@H](C(=O)OC[C@H]3C[C@@H](OCc4ccc(OC)cc4)C(CCCCCOCOCCOC)=C3CO[Si](C)(C)C(C)(C)C)[C@@H]3C=C[C@@H]2C3)C[C@H]1OCc1ccc(OC)cc1,ester,Sigma-Aldrich,monoalcohol,552.825,False,,0,20.4409,7.6192,5.315,0,True,2,True,0,2,2,True,,16.654499546880263,4.003484053706339,4.392158794072643,1201.5774931302044,16.729529180099412,10.93224240601016,11.966925847560184,0.0,8.0,,gc_formula_si,"Si monomer: HSP NOT reliable (Si groups fitted on 51 HSPiP Si compounds, only 7 measured, all much smaller than the monomers)",0.0,16.654499546880263,16.654499546880263,4.003484053706339,4.003484053706339,4.392158794072643,4.392158794072643,2,Si,Sigma-Aldrich,https://www.sigmaaldrich.com/catalog/product/aldrich/t286265,39.82778297317677,2.237515897369481,2.5469013014469506,0.36384304306385007,5.985116803837988,1.1970233607675975,9.892987926088633,1.4132839894412332,8.25885669910128,-17.043174287246565,-16.26582480651396,0,Si: HSP unreliable
CC(C)(C)[Si](C)(C)O[C@@H]1CCC=C2CC3(CC[C@]21CCO)OCCO3,CC(C)(C)[Si](C)(C)O[C@@H]1CCC=C2CC3(CC[C@]21CCOC(=O)[C@@H]1[C@H](C(=O)OCC[C@@]24CCC5(CC2=CCC[C@H]4O[Si](C)(C)C(C)(C)C)OCCO5)[C@@H]2C=C[C@@H]1C2)OCCO3,ester,Sigma-Aldrich,monoalcohol,368.59,False,,0,22.3201,-5.216,3.5852,0,True,2,True,0,2,6,True,,16.873914033084137,3.8671723384637584,3.6524774732523344,834.2608898028377,17.89705449654909,6.813732698173942,6.03268178982113,0.0,8.0,,gc_formula_si,"Si monomer: HSP NOT reliable (Si groups fitted on 51 HSPiP Si compounds, only 7 measured, all much smaller than the monomers)",0.0,16.873914033084137,16.873914033084137,3.8671723384637584,3.8671723384637584,3.6524774732523344,3.6524774732523344,2,Si,Sigma-Aldrich,https://www.sigmaaldrich.com/catalog/product/aldrich/t254479,40.6003332942136,2.280917600798517,2.6162870665651305,0.3737552952235901,5.4417940844429795,1.0883588168885958,9.898578029712239,1.414082575673177,9.354264221368044,-16.659219167872713,-17.08860889829556,0,Si: HSP unreliable
C=CC12CCC(C(OCOC)C1(O)C1=CCCCC1[Si](C)(C)c1ccccc1)C2(C)C,C=CC12CCC(C(OCOC)C1(OC(=O)[C@@H]1[C@H](C(=O)OC3(C4=CCCCC4[Si](C)(C)c4ccccc4)C(OCOC)C4CCC3(C=C)C4(C)C)[C@@H]3C=C[C@@H]1C3)C1=CCCCC1[Si](C)(C)c1ccccc1)C2(C)C,ester,Sigma-Aldrich,monoalcohol,440.7,False,,0,23.1161,-3.6014,7.8932,4,True,2,True,0,2,2,True,,17.05049579844671,2.9875345232189634,3.712293346757874,1018.8098441623198,19.62608344552566,5.702544585341075,8.34646544819792,0.0,10.0,,gc_formula_si,"Si monomer: HSP NOT reliable (Si groups fitted on 51 HSPiP Si compounds, only 7 measured, all much smaller than the monomers)",0.0,17.05049579844671,17.05049579844671,2.9875345232189634,2.9875345232189634,3.712293346757874,3.712293346757874,2,Si,Sigma-Aldrich,https://www.sigmaaldrich.com/catalog/product/aldrich/t256153,40.84056208507773,2.2944136002852655,2.5050977060680775,0.3578711008668682,4.995944374565493,0.9991888749130986,9.92036991190439,1.4171957017006271,10.350667928469875,-17.775254621985624,-16.325736974907798,0,Si: HSP unreliable
C[C@H]1CNC[C@@H](NC(=O)OC(C)(C)C)[C@@H]1O[Si](C)(C)C(C)(C)C,C[C@H]1CN(C(=O)[C@@H]2[C@H](C(=O)N3C[C@H](C)[C@@H](O[Si](C)(C)C(C)(C)C)[C@H](NC(=O)OC(C)(C)C)C3)[C@@H]3C=C[C@@H]2C3)C[C@@H](NC(=O)OC(C)(C)C)[C@@H]1O[Si](C)(C)C(C)(C)C,amide,Combi-Blocks,monoamine,344.572,False,,0,14.7034,-4.7606,3.8781,0,True,2,True,2,0,0,True,,16.079218042160537,5.853446844856598,4.34299113494188,875.5282766529972,12.5673595857397,4.322686812328402,3.3848262308015387,0.0,8.0,,gc_formula_si,"Si monomer: HSP NOT reliable (Si groups fitted on 51 HSPiP Si compounds, only 7 measured, all much smaller than the monomers)",0.0,16.079218042160537,16.079218042160537,5.853446844856598,5.853446844856598,4.34299113494188,4.34299113494188,2,Si,Combi-Blocks,https://www.combi-blocks.com/cgi-bin/find.cgi?JQ-4413,39.306857379771635,2.208250414593912,4.1229826915967696,0.5889975273709671,7.302012781101874,1.4604025562203748,9.939862688669226,1.4199803840956038,5.882780062362059,-14.568762332245818,-17.589673752075257,0,Si: HSP unreliable
C[Si](C)(C)c1ccc(CO)cc1,C[Si](C)(C)c1ccc(COC(=O)[C@@H]2[C@H](C(=O)OCc3ccc([Si](C)(C)C)cc3)[C@@H]3C=C[C@@H]2C3)cc1,ester,Ambeed,monoalcohol,180.323,False,,0,20.2866,6.1112,5.6054,0,True,2,True,0,0,0,True,,17.038751717616034,3.0463827024534837,3.794769355914252,495.97652012371566,17.500125203423323,4.312622693802393,3.922237523446876,0.0,8.0,,gc_formula_si,"Si monomer: HSP NOT reliable (Si groups fitted on 51 HSPiP Si compounds, only 7 measured, all much smaller than the monomers)",0.0,17.038751717616034,17.038751717616034,3.0463827024534837,3.0463827024534837,3.794769355914252,3.794769355914252,2,Si,Ambeed,https://www.ambeed.com/products/17903-57-0.html,40.74211599118781,2.2888829208532475,2.440178237328141,0.3485968910468773,5.085640415475342,1.0171280830950684,9.948858623121449,1.4212655175887785,10.197599659248297,-17.7871383710768,-16.290365064155267,0,Si: HSP unreliable
CC(C)(CO)CO[Si](c1ccccc1)(c1ccccc1)C(C)(C)C,CC(C)(COC(=O)[C@@H]1[C@H](C(=O)OCC(C)(C)CO[Si](c2ccccc2)(c2ccccc2)C(C)(C)C)[C@@H]2C=C[C@@H]1C2)CO[Si](c1ccccc1)(c1ccccc1)C(C)(C)C,ester,Ambeed,monoalcohol,342.555,False,,0,23.4587,-4.2834,8.425,0,True,2,True,0,0,0,True,,17.26414734866481,2.6686041803402127,2.922975230534742,807.4343249888861,20.267685164802813,2.233201413267852,4.265418649262222,0.0,4.0,,gc_formula_si,"Si monomer: HSP NOT reliable (Si groups fitted on 51 HSPiP Si compounds, only 7 measured, all much smaller than the monomers)",0.0,17.26414734866481,17.26414734866481,2.6686041803402127,2.6686041803402127,2.922975230534742,2.922975230534742,2,Si,Ambeed,https://www.ambeed.com/products/147509-22-6.html,41.721997287602704,2.3439324318877923,3.050564633454744,0.435794947636392,4.4026756534405775,0.8805351306881155,9.949421920440654,1.421345988634379,11.672567937789855,-17.51851839885934,-17.009776298470282,0,Si: HSP unreliable
C[Si](C)(C)C#CC(O)c1ccccc1,C[Si](C)(C)C#CC(OC(=O)[C@@H]1[C@H](C(=O)OC(C#C[Si](C)(C)C)c2ccccc2)[C@@H]2C=C[C@@H]1C2)c1ccccc1,ester,Sigma-Aldrich,monoalcohol,204.345,False,,0,19.5948,0.1404,5.5218,0,True,2,True,0,0,0,True,,16.789985049775172,3.756097703291129,4.250140076841026,567.972582473202,17.611670445471415,6.538223854074487,6.6845238428880736,0.0,8.0,,gc_formula_si,"Si monomer: HSP NOT reliable (Si groups fitted on 51 HSPiP Si compounds, only 7 measured, all much smaller than the monomers)",0.0,16.789985049775172,16.789985049775172,3.756097703291129,3.756097703291129,4.250140076841026,4.250140076841026,2,Si,Sigma-Aldrich,https://www.sigmaaldrich.com/catalog/product/aldrich/666998?utm_source=pubchem&utm_campaign=pubchem_2017&utm_medium=referral,40.05447826820299,2.2502515881012917,2.3797853889012126,0.3399693412716018,5.756066541089656,1.1512133082179312,9.954088178179699,1.4220125968828141,8.783747269643017,-17.284027423325067,-16.295942676225273,0,Si: HSP unreliable
CC(C)(C)[Si](C)(C)OC[C@H]1OC=CC(=O)[C@@H]1O,CC(C)(C)[Si](C)(C)OC[C@H]1OC=CC(=O)[C@@H]1OC(=O)[C@@H]1[C@H](C(=O)O[C@H]2C(=O)C=CO[C@@H]2CO[Si](C)(C)C(C)(C)C)[C@@H]2C=C[C@@H]1C2,ester,Sigma-Aldrich,monoalcohol,258.39,False,,0,17.1128,10.4454,3.2321,0,True,2,True,2,2,2,True,,16.10254394292987,5.797155972142152,4.393459457368336,640.0974447529949,15.132769884035335,7.339370105568185,6.671643553990645,0.0,8.0,,gc_formula_si,"Si monomer: HSP NOT reliable (Si groups fitted on 51 HSPiP Si compounds, only 7 measured, all much smaller than the monomers)",0.0,16.10254394292987,16.10254394292987,5.797155972142152,5.797155972142152,4.393459457368336,4.393459457368336,2,Si,Sigma-Aldrich,https://www.sigmaaldrich.com/catalog/product/aldrich/ph016632?utm_source=pubchem&utm_campaign=pubchem_2017&utm_medium=referral,39.27411461738658,2.2064109335610436,4.043397212475978,0.577628173210854,7.284604240916416,1.4569208481832832,9.960859626716848,1.4229799466738355,5.911928513419383,-14.698847428156055,-17.506240457703683,0,Si: HSP unreliable
C=C1C2C3C2(C)CCC1C3(O)C(=C)C(CCCC1(CC/C=C(\C)COCOC)SCCCS1)CO[Si](C)(C)C(C)(C)C,C=C1C2C3C2(C)CCC1C3(OC(=O)[C@@H]1[C@H](C(=O)OC2(C(=C)C(CCCC3(CC/C=C(\C)COCOC)SCCCS3)CO[Si](C)(C)C(C)(C)C)C3CCC4(C)C(C3=C)C42)[C@@H]2C=C[C@@H]1C2)C(=C)C(CCCC1(CC/C=C(\C)COCOC)SCCCS1)CO[Si](C)(C)C(C)(C)C,ester,Sigma-Aldrich,monoalcohol,637.081,False,,0,23.6972,-5.899,10.3048,0,True,2,True,0,10,6,True,,16.931495452853277,3.733435031268863,3.7160846933947855,1412.6518774307542,20.051057404437284,7.52104757456635,10.303515386572972,0.0,8.0,,gc_formula_si,"Si monomer: HSP NOT reliable (Si groups fitted on 51 HSPiP Si compounds, only 7 measured, all much smaller than the monomers)",0.0,16.931495452853277,16.931495452853277,3.733435031268863,3.733435031268863,3.7160846933947855,3.7160846933947855,2,Si,Sigma-Aldrich,https://www.sigmaaldrich.com/catalog/product/aldrich/t235555,40.58797671041936,2.280223410697717,2.4954555302803785,0.3564936471829112,5.416915045400473,1.0833830090800947,9.96845211912363,1.4240645884462328,9.481975728189628,-16.9141451149792,-16.948845790727354,0,Si: HSP unreliable
CCOC(=O)C1CC2(CCC(O[Si](C)(C)C(C)(C)C)CC2)CN1,CCOC(=O)C1CC2(CCC(O[Si](C)(C)C(C)(C)C)CC2)CN1C(=O)[C@@H]1[C@H](C(=O)N2CC3(CCC(O[Si](C)(C)C(C)(C)C)CC3)CC2C(=O)OCC)[C@@H]2C=C[C@@H]1C2,amide,Ambeed,monoamine,341.568,False,,0,20.8486,-4.8036,4.973,0,True,2,True,0,0,2,True,,16.52248457349993,5.169194109003381,3.781126556333624,816.1132843503997,15.829429251213218,4.227561740812617,3.873289027564103,0.0,8.0,,gc_formula_si,"Si monomer: HSP NOT reliable (Si groups fitted on 51 HSPiP Si compounds, only 7 measured, all much smaller than the monomers)",0.0,16.52248457349993,16.52248457349993,5.169194109003381,5.169194109003381,3.781126556333624,3.781126556333624,2,Si,Ambeed,https://www.ambeed.com/products/1272655-91-0.html,40.06484576820202,2.2508340319214617,3.330699965690848,0.4758142808129783,6.419928606561634,1.283985721312327,9.973115813533223,1.4247308305047461,7.572163908162926,-15.134417020830174,-17.910552126169687,0,Si: HSP unreliable
CC(C)OC1=C(OC(C)C)[C@@]2(O)C3=CC[C@H](O[Si](C)(C)C(C)(C)C)C3[C@@H]3CCC[C@@]32C1=O,CC(C)OC1=C(OC(C)C)[C@@]2(OC(=O)[C@@H]3[C@H](C(=O)O[C@]45C6=CC[C@H](O[Si](C)(C)C(C)(C)C)C6[C@@H]6CCC[C@@]64C(=O)C(OC(C)C)=C5OC(C)C)[C@@H]4C=C[C@@H]3C4)C3=CC[C@H](O[Si](C)(C)C(C)(C)C)C3[C@@H]3CCC[C@@]32C1=O,ester,Sigma-Aldrich,monoalcohol,462.703,False,,0,15.0488,-9.58,7.2438,0,True,2,True,2,2,2,True,,16.60076904719665,4.911538934771576,3.863748878284381,1061.4042940710792,16.105800044066484,8.236075768741516,5.978110423073687,0.0,8.0,,gc_formula_si,"Si monomer: HSP NOT reliable (Si groups fitted on 51 HSPiP Si compounds, only 7 measured, all much smaller than the monomers)",0.0,16.60076904719665,16.60076904719665,4.911538934771576,4.911538934771576,3.863748878284381,3.863748878284381,2,Si,Sigma-Aldrich,https://www.sigmaaldrich.com/catalog/product/aldrich/t262900,40.06427509724513,2.2508019717553442,3.0745972520837532,0.4392281788691076,6.278026615205389,1.255605323041078,9.995787449745556,1.4279696356779366,7.8254812341406925,-15.552978990709454,-17.648559103683848,0,Si: HSP unreliable
CC(C)(C)[Si](OCCCCCCCCO)(c1ccccc1)c1ccccc1,CC(C)(C)[Si](OCCCCCCCCOC(=O)[C@@H]1[C@H](C(=O)OCCCCCCCCO[Si](c2ccccc2)(c2ccccc2)C(C)(C)C)[C@@H]2C=C[C@@H]1C2)(c1ccccc1)c1ccccc1,ester,Combi-Blocks,monoalcohol,384.636,False,,0,24.136,-3.0738,5.8358,0,True,2,True,0,0,0,True,,17.31427683900202,2.568957358816492,2.8837192043120843,901.9338080598856,20.850985682600147,2.169319610370578,4.504761974568075,0.0,4.0,,gc_formula_si,"Si monomer: HSP NOT reliable (Si groups fitted on 51 HSPiP Si compounds, only 7 measured, all much smaller than the monomers)",0.0,17.31427683900202,17.31427683900202,2.568957358816492,2.568957358816492,2.8837192043120843,2.8837192043120843,2,Si,Combi-Blocks,https://www.combi-blocks.com/cgi-bin/find.cgi?HE-1653,41.79955143285586,2.3482894063402164,3.091974720312837,0.4417106743304053,4.362385630051455,0.872477126010291,10.004078235826508,1.4291540336895012,11.861600275873442,-17.629038684497612,-16.999514993506427,0,Si: HSP unreliable
CC(C)(C)[Si](C)(C)OC1C2OC3OC(C2O)C(O)(CCCCl)C1O3,CC(C)(C)[Si](C)(C)OC1C2OC3OC(C2O)C(CCCCl)(OC(=O)[C@@H]2[C@H](C(=O)OC4(CCCCl)C5OC6OC(C5O)C(O[Si](C)(C)C(C)(C)C)C4O6)[C@@H]4C=C[C@@H]2C4)C1O3,ester,Sigma-Aldrich,diol,380.941,False,,0,23.1334,10.1244,18.9277,0,True,2,True,0,2,4,True,,16.56626463546198,5.278288905361802,3.560327964408265,837.5187518497272,16.140316692345287,9.618657335589322,4.398823861267338,0.0,8.0,,gc_formula_si,"Si monomer: HSP NOT reliable (Si groups fitted on 51 HSPiP Si compounds, only 7 measured, all much smaller than the monomers)",0.0,16.56626463546198,16.56626463546198,5.278288905361802,5.278288905361802,3.560327964408265,3.560327964408265,2,Si,Sigma-Aldrich,https://www.sigmaaldrich.com/catalog/product/aldrich/t267120,40.25251494395653,2.2613772440425013,3.4278885208167242,0.4896983601166749,6.389041900551584,1.2778083801103168,10.016400446682873,1.4309143495261247,7.727647765691913,-14.848303694508445,-18.284225576415515,0,Si: HSP unreliable
CO[Si](CCCCCCCCCCCN)(OC)OC,CO[Si](CCCCCCCCCCCNC(=O)[C@@H]1[C@H](C(=O)NCCCCCCCCCCC[Si](OC)(OC)OC)[C@@H]2C=C[C@@H]1C2)(OC)OC,amide,Combi-Blocks,monoamine,291.508,False,,0,17.9036,5.0392,8.9845,0,True,2,True,2,0,0,True,,16.399474094102143,5.576646015261785,3.8219750327418094,726.0796961854419,15.693661396994331,6.487798911786802,2.119968225176051,0.0,8.0,,gc_formula_si,"Si monomer: HSP NOT reliable (Si groups fitted on 51 HSPiP Si compounds, only 7 measured, all much smaller than the monomers)",0.0,16.399474094102143,16.399474094102143,5.576646015261785,5.576646015261785,3.8219750327418094,3.8219750327418094,2,Si,Combi-Blocks,https://www.combi-blocks.com/cgi-bin/find.cgi?QG-1211,39.90539973807988,2.2418763897797684,3.6705314197809473,0.5243616313972782,6.763582949297411,1.3527165898594822,10.022520053468009,1.4317885790668583,7.000853046098548,-14.644803111582165,-18.154145076622115,0,Si: HSP unreliable
COc1ccc(CO[C@@H]2C3CCC(O)([C@@H](O)CCC[C@@H]2O[Si](C)(C)C(C)(C)C)C3(C)C)cc1,COc1ccc(CO[C@@H]2C3CCC(O)([C@@H](OC(=O)[C@@H]4[C@H](C(=O)O[C@H]5CCC[C@H](O[Si](C)(C)C(C)(C)C)[C@H](OCc6ccc(OC)cc6)C6CCC5(O)C6(C)C)[C@@H]5C=C[C@@H]4C5)CCC[C@@H]2O[Si](C)(C)C(C)(C)C)C3(C)C)cc1,ester,Sigma-Aldrich,diol,478.746,False,,0,22.3774,-6.2318,11.9725,0,True,2,True,0,0,0,True,,16.844305054602565,3.877779713926957,4.126854091427743,1084.954622122642,17.3782718542933,8.611068298831327,6.161908059667373,0.0,8.0,,gc_formula_si,"Si monomer: HSP NOT reliable (Si groups fitted on 51 HSPiP Si compounds, only 7 measured, all much smaller than the monomers)",0.0,16.844305054602565,16.844305054602565,3.877779713926957,3.877779713926957,4.126854091427743,4.126854091427743,2,Si,Sigma-Aldrich,https://www.sigmaaldrich.com/catalog/product/aldrich/t265772,40.141822548814936,2.2551585701581423,2.353600378563602,0.336228625509086,5.766556352932046,1.1533112705864093,10.038384219788304,1.4340548885411863,8.839671249247864,-17.093379432103355,-16.595230677101775,0,Si: HSP unreliable
C[Si](C)(CCCCO)O[Si](C)(C)CCCCO,C[Si](C)(CCCCO)O[Si](C)(C)CCCCOC(=O)[C@@H]1[C@H](C(=O)OCCCC[Si](C)(C)O[Si](C)(C)CCCCO)[C@@H]2C=C[C@@H]1C2,ester,Ambeed,diol,278.541,False,,0,16.9925,10.8756,12.7377,0,True,4,True,0,0,0,True,,15.33679209487797,3.988188060688069,7.558283864656665,720.785218128599,14.64192275153109,6.421435410228408,9.531919494733804,0.0,14.0,,gc_formula_si,"Si monomer: HSP NOT reliable (Si groups fitted on 51 HSPiP Si compounds, only 7 measured, all much smaller than the monomers)",0.0,15.33679209487797,15.33679209487797,3.988188060688069,3.988188060688069,7.558283864656665,7.558283864656665,4,Si,Ambeed,https://www.ambeed.com/products/5931-17-9.html,36.76108014429594,2.0652292215896595,5.339839167706885,0.7628341668152693,8.76038679854391,1.7520773597087822,10.042110793682172,1.4345872562403101,3.7903201695332367,-18.906887898846563,-11.766696290909373,0,Si: HSP unreliable
CC1(C)O[C@@H]2[C@H](O1)[C@@H](OCCO[Si](C)(C)C(C)(C)C)C[C@H]2N,CC1(C)O[C@@H]2[C@H](O1)[C@@H](OCCO[Si](C)(C)C(C)(C)C)C[C@H]2NC(=O)[C@@H]1[C@H](C(=O)N[C@@H]2C[C@H](OCCO[Si](C)(C)C(C)(C)C)[C@H]3OC(C)(C)O[C@H]32)[C@@H]2C=C[C@@H]1C2,amide,Combi-Blocks,monoamine,331.529,False,,0,17.3454,4.6862,4.4133,0,True,2,True,2,0,0,True,,16.265911808172124,5.965369958249988,3.849755193366706,781.5120605777047,14.54819463471448,7.634269695950109,6.531255404944646,0.0,8.0,,gc_formula_si,"Si monomer: HSP NOT reliable (Si groups fitted on 51 HSPiP Si compounds, only 7 measured, all much smaller than the monomers)",0.0,16.265911808172124,16.265911808172124,5.965369958249988,5.965369958249988,3.849755193366706,3.849755193366706,2,Si,Combi-Blocks,https://www.combi-blocks.com/cgi-bin/find.cgi?JQ-8331,39.767594965705584,2.234134548635145,4.0500330007895755,0.5785761429699393,7.10006350724652,1.420012701449304,10.063258015289628,1.4376082878985184,6.4507866565554295,-14.150297043288845,-18.381526573055403,0,Si: HSP unreliable
CC[Si](CC)(CC)O[C@@H](CO)CC(=O)N(C)OC,CC[Si](CC)(CC)O[C@@H](COC(=O)[C@@H]1[C@H](C(=O)OC[C@@H](CC(=O)N(C)OC)O[Si](CC)(CC)CC)[C@@H]2C=C[C@@H]1C2)CC(=O)N(C)OC,ester,Sigma-Aldrich,monoalcohol,277.437,False,,0,17.1028,8.742,7.8355,0,True,2,True,0,0,0,True,,16.091971742442123,5.820183003608479,4.640895438348338,693.7995691526004,14.801736470808304,4.02390712368557,6.933230901219617,0.0,4.0,,gc_formula_si,"Si monomer: HSP NOT reliable (Si groups fitted on 51 HSPiP Si compounds, only 7 measured, all much smaller than the monomers)",0.0,16.091971742442123,16.091971742442123,5.820183003608479,5.820183003608479,4.640895438348338,4.640895438348338,2,Si,Sigma-Aldrich,https://www.sigmaaldrich.com/catalog/product/aldrich/t261327,39.028688840913354,2.192622968590638,4.011808261826876,0.573115465975268,7.45557131874853,1.491114263749706,10.071461158703777,1.438780165529111,5.630893300485306,-14.912684177181982,-17.271259307702266,0,Si: HSP unreliable
CC(C)(C)[Si](C)(C)OCCOCC(O)CO,CC(C)(C)[Si](C)(C)OCCOCC(O)COC(=O)[C@@H]1[C@H](C(=O)OCC(O)COCCO[Si](C)(C)C(C)(C)C)[C@@H]2C=C[C@@H]1C2,ester,Combi-Blocks,diol,250.411,False,,0,16.6095,11.5612,13.9553,0,True,2,True,0,0,0,True,,15.791264582459636,4.726244464538652,6.393967926492702,626.016710995686,13.487702268601168,9.346895217530212,7.83230027778345,0.0,8.0,,gc_formula_si,"Si monomer: HSP NOT reliable (Si groups fitted on 51 HSPiP Si compounds, only 7 measured, all much smaller than the monomers)",0.0,15.791264582459636,15.791264582459636,4.726244464538652,4.726244464538652,6.393967926492702,6.393967926492702,2,Si,Combi-Blocks,https://www.combi-blocks.com/cgi-bin/find.cgi?HD-2708,37.63881033408285,2.114539906409149,4.197848315447174,0.5996926164924534,8.015950316951791,1.6031900633903582,10.071935239003329,1.43884789128619,4.671052191428281,-17.458988044413687,-14.123541120505585,0,Si: HSP unreliable
CC(C)(C)[Si](C)(C)O[C@H]1CCCC12OC(=O)C[C@@H]2O,CC(C)(C)[Si](C)(C)O[C@H]1CCCC12OC(=O)C[C@@H]2OC(=O)[C@@H]1[C@H](C(=O)O[C@H]2CC(=O)OC23CCC[C@@H]3O[Si](C)(C)C(C)(C)C)[C@@H]2C=C[C@@H]1C2,ester,Sigma-Aldrich,monoalcohol,286.444,False,,0,19.0081,18.6016,5.2938,0,True,2,True,0,0,0,True,,16.34749064555398,5.835464770570592,3.7656308164360737,685.1500237399938,16.515333136496693,4.44791232705705,4.332051322188399,0.0,8.0,,gc_formula_si,"Si monomer: HSP NOT reliable (Si groups fitted on 51 HSPiP Si compounds, only 7 measured, all much smaller than the monomers)",0.0,16.34749064555398,16.34749064555398,5.835464770570592,5.835464770570592,3.7656308164360737,3.7656308164360737,2,Si,Sigma-Aldrich,https://www.sigmaaldrich.com/catalog/product/aldrich/t273627,39.88844878386121,2.2409240889809667,3.8978447945023253,0.5568349706431893,6.9456206331705195,1.389124126634104,10.072208127907139,1.4388868754153055,6.7463950585473125,-14.277656691419459,-18.4173245996885,0,Si: HSP unreliable
CC(C)(C)[Si](C)(C)OC1C2CCC(=O)C3=C(O)CCC31CC1OC1C2,CC(C)(C)[Si](C)(C)OC1C2CCC(=O)C3=C(OC(=O)[C@@H]4[C@H](C(=O)OC5=C6C(=O)CCC7CC8OC8CC6(CC5)C7O[Si](C)(C)C(C)(C)C)[C@@H]5C=C[C@@H]4C5)CCC31CC1OC1C2,ester,Sigma-Aldrich,monoalcohol,364.558,False,,0,22.2539,17.7458,4.5704,0,True,2,True,0,0,0,True,,16.81646907736044,4.960075609559766,3.0222797800390167,826.9833120034892,17.282108135176937,8.45925529442505,5.535026820851584,0.0,8.0,,gc_formula_si,"Si monomer: HSP NOT reliable (Si groups fitted on 51 HSPiP Si compounds, only 7 measured, all much smaller than the monomers)",0.0,16.81646907736044,16.81646907736044,4.960075609559766,4.960075609559766,3.0222797800390167,3.0222797800390167,2,Si,Sigma-Aldrich,https://www.sigmaaldrich.com/catalog/product/aldrich/t222178,40.88461323714282,2.296888384109147,3.3364936819271676,0.47664195456102393,5.899447970179968,1.1798895940359935,10.075603990870288,1.4393719986957554,8.834113687761658,-14.878673247839693,-18.75426490688119,0,Si: HSP unreliable
C[C@@H]1CC23CC(=O)CCC(CCC2=C[C@H]1O)C3O[Si](C)(C)C(C)(C)C,C[C@@H]1CC23CC(=O)CCC(CCC2=C[C@H]1OC(=O)[C@@H]1[C@H](C(=O)O[C@@H]2C=C4CCC5CCC(=O)CC4(C[C@H]2C)C5O[Si](C)(C)C(C)(C)C)[C@@H]2C=C[C@@H]1C2)C3O[Si](C)(C)C(C)(C)C,ester,Sigma-Aldrich,monoalcohol,364.602,False,,0,20.7456,-2.3346,5.7638,0,True,2,True,0,0,4,True,,16.91850344857704,4.577734923382216,3.122890660794606,842.5065794346566,18.095644604828426,6.34330381344639,5.071752415150174,0.0,8.0,,gc_formula_si,"Si monomer: HSP NOT reliable (Si groups fitted on 51 HSPiP Si compounds, only 7 measured, all much smaller than the monomers)",0.0,16.91850344857704,16.91850344857704,4.577734923382216,4.577734923382216,3.122890660794606,3.122890660794606,2,Si,Sigma-Aldrich,https://www.sigmaaldrich.com/catalog/product/aldrich/t221945,40.906755478662404,2.2981323302619328,3.0361353918413587,0.4337336274059084,5.677877171235578,1.1355754342471156,10.094116528486134,1.4420166469265907,9.217877864400219,-15.463659185989432,-18.37334771116465,0,Si: HSP unreliable
CC(C)(C)[Si](OCCCCCCCO)(c1ccccc1)c1ccccc1,CC(C)(C)[Si](OCCCCCCCOC(=O)[C@@H]1[C@H](C(=O)OCCCCCCCO[Si](c2ccccc2)(c2ccccc2)C(C)(C)C)[C@@H]2C=C[C@@H]1C2)(c1ccccc1)c1ccccc1,ester,Combi-Blocks,monoalcohol,370.609,False,,0,24.1199,-2.8016,6.068,0,True,2,True,0,0,0,True,,17.347782832028695,2.6269628554530144,2.940830901173746,868.4440462575096,20.86116828527243,2.2720719936327667,4.586888149796864,0.0,4.0,,gc_formula_si,"Si monomer: HSP NOT reliable (Si groups fitted on 51 HSPiP Si compounds, only 7 measured, all much smaller than the monomers)",0.0,17.347782832028695,17.347782832028695,2.6269628554530144,2.6269628554530144,2.940830901173746,2.940830901173746,2,Si,Combi-Blocks,https://www.combi-blocks.com/cgi-bin/find.cgi?HE-0853,41.73295484622186,2.3445480250686437,2.997994582352589,0.42828494033608416,4.4655140449453885,0.8931028089890777,10.097373977823688,1.4424819968319553,11.779989075401936,-17.661650877749427,-17.033914786307964,0,Si: HSP unreliable
C[C@@H](CCO)CO[Si](c1ccccc1)(c1ccccc1)C(C)(C)C,C[C@@H](CCOC(=O)[C@@H]1[C@H](C(=O)OCC[C@H](C)CO[Si](c2ccccc2)(c2ccccc2)C(C)(C)C)[C@@H]2C=C[C@@H]1C2)CO[Si](c1ccccc1)(c1ccccc1)C(C)(C)C,ester,Sigma-Aldrich,monoalcohol,342.555,False,,0,23.6939,-1.8388,7.872,0,True,2,True,0,0,0,True,,17.324341433725166,2.7328101389891577,3.016062476562216,807.6802360005072,20.523216300581662,2.1837068548989613,4.398943861252096,0.0,4.0,,gc_formula_si,"Si monomer: HSP NOT reliable (Si groups fitted on 51 HSPiP Si compounds, only 7 measured, all much smaller than the monomers)",0.0,17.324341433725166,17.324341433725166,2.7328101389891577,2.7328101389891577,3.016062476562216,3.016062476562216,2,Si,Sigma-Aldrich,https://www.sigmaaldrich.com/catalog/product/aldrich/t286184,41.62401903733825,2.3384280358055194,2.9046999980499297,0.41495714257856137,4.556532191225369,0.9113064382450737,10.104603846809527,1.4435148352585039,11.575468818173793,-17.607593771298223,-17.04108909615211,0,Si: HSP unreliable
C/C(=C\C[C@@H]1C=CC(=O)C[C@H]1CCCCO)[Si](C)(C)C,C/C(=C\C[C@@H]1C=CC(=O)C[C@H]1CCCCOC(=O)[C@@H]1[C@H](C(=O)OCCCC[C@@H]2CC(=O)C=C[C@H]2C/C=C(\C)[Si](C)(C)C)[C@@H]2C=C[C@@H]1C2)[Si](C)(C)C,ester,Sigma-Aldrich,monoalcohol,294.511,False,,0,16.1912,1.565,4.9512,2,True,2,True,0,6,6,True,,16.762395589972883,4.709839987501368,3.7567014255543514,735.6317354737544,17.64386786580912,5.787084253592278,5.828392168680842,0.0,10.0,,gc_formula_si,"Si monomer: HSP NOT reliable (Si groups fitted on 51 HSPiP Si compounds, only 7 measured, all much smaller than the monomers)",0.0,16.762395589972883,16.762395589972883,4.709839987501368,4.709839987501368,3.7567014255543514,3.7567014255543514,2,Si,Sigma-Aldrich,https://www.sigmaaldrich.com/catalog/product/aldrich/t220663,40.242119086959356,2.260793207132548,2.8286785557661625,0.4040969365380232,6.095132240988252,1.2190264481976505,10.114723428070267,1.4449604897243238,8.295854176917164,-15.809257028025865,-17.7155341519199,0,Si: HSP unreliable
CC(C)(C)[Si](C)(C)OC1C2OC3OC(C2O)C(OCc2ccccc2)C1O3,CC(C)(C)[Si](C)(C)OC1C2OC3OC(C2OCc2ccccc2)C(OC(=O)[C@@H]2[C@H](C(=O)OC4C5OC6OC(C5OCc5ccccc5)C(O[Si](C)(C)C(C)(C)C)C4O6)[C@@H]4C=C[C@@H]2C4)C1O3,ester,Sigma-Aldrich,monoalcohol,394.54,False,,0,25.6232,12.3882,4.7208,0,True,2,True,0,0,2,True,,17.047935500631418,4.1036773623513785,3.274025328847149,859.0816845203778,18.80261765262527,6.40260821994639,6.533211135278779,0.0,8.0,,gc_formula_si,"Si monomer: HSP NOT reliable (Si groups fitted on 51 HSPiP Si compounds, only 7 measured, all much smaller than the monomers)",0.0,17.047935500631418,17.047935500631418,4.1036773623513785,4.1036773623513785,3.274025328847149,3.274025328847149,2,Si,Sigma-Aldrich,https://www.sigmaaldrich.com/catalog/product/aldrich/t267732,40.916177834555306,2.2986616760986127,2.694225630750054,0.3848893758214363,5.458666485564668,1.0917332971129334,10.157636645342842,1.4510909493346917,9.67023280943289,-16.218283467127186,-17.877587534135646,0,Si: HSP unreliable
CC(C)(C)[Si](C)(C)O[C@@H]1C[C@@H]2OC(=O)C[C@@H]2[C@H]1CO,CC(C)(C)[Si](C)(C)O[C@@H]1C[C@@H]2OC(=O)C[C@@H]2[C@H]1COC(=O)[C@@H]1[C@H](C(=O)OC[C@@H]2[C@H]3CC(=O)O[C@H]3C[C@H]2O[Si](C)(C)C(C)(C)C)[C@@H]2C=C[C@@H]1C2,ester,Ambeed,monoalcohol,286.444,False,,0,19.7722,19.4388,3.1851,0,True,2,True,0,0,0,True,,16.398112101473764,5.877983524251905,3.746245121314509,673.802555420308,16.584625567944123,3.959741813067435,4.0761252377629775,0.0,8.0,,gc_formula_si,"Si monomer: HSP NOT reliable (Si groups fitted on 51 HSPiP Si compounds, only 7 measured, all much smaller than the monomers)",0.0,16.398112101473764,16.398112101473764,5.877983524251905,5.877983524251905,3.746245121314509,3.746245121314509,2,Si,Ambeed,https://www.ambeed.com/products/39968-95-1.html,39.900797663309135,2.2416178462533223,3.8534703472146226,0.5504957638878032,6.973058637224557,1.3946117274449112,10.163128223171073,1.4518754604530104,6.773883455907349,-14.266373698536366,-18.52985050441116,0,Si: HSP unreliable
CC1=CC23CCCCC(C[C@@](CO)([Se]c4ccccc4)C(=O)[C@@]24OC(C)(C)O[C@@H]14)C3O[Si](C)(C)C(C)(C)C,CC1=CC23CCCCC(C[C@@](COC(=O)[C@@H]4[C@H](C(=O)OC[C@@]5([Se]c6ccccc6)CC6CCCCC7(C=C(C)[C@@H]8OC(C)(C)O[C@@]87C5=O)C6O[Si](C)(C)C(C)(C)C)[C@@H]5C=C[C@@H]4C5)([Se]c4ccccc4)C(=O)[C@@]24OC(C)(C)O[C@@H]14)C3O[Si](C)(C)C(C)(C)C,ester,Sigma-Aldrich,monoalcohol,605.75,False,,0,25.3316,12.8638,7.0308,2,True,2,True,2,2,2,True,,17.1630604081584,4.055646979166257,2.684060753631785,1103.573121481442,19.78099043990884,5.5774285988366525,6.7642818953845385,2.0,10.0,,gc_formula_si,"Si monomer: HSP NOT reliable (Si groups fitted on 51 HSPiP Si compounds, only 7 measured, all much smaller than the monomers)",2.0,17.1630604081584,17.1630604081584,4.055646979166257,4.055646979166257,2.684060753631785,2.684060753631785,4,"Se,Si",Sigma-Aldrich,https://www.sigmaaldrich.com/catalog/product/aldrich/t234036,41.51088159920208,2.332071999955173,3.094593349049556,0.4420847641499366,5.160615042931316,1.0321230085862632,10.165042418814147,1.4521489169734496,10.42335267536036,-15.791474182623928,-18.534646633692873,0,Si: HSP unreliable  no groups: Se
CC(C)(C)[Si](OCC(O)CO[Si](c1ccccc1)(c1ccccc1)C(C)(C)C)(c1ccccc1)c1ccccc1,CC(C)(C)[Si](OCC(CO[Si](c1ccccc1)(c1ccccc1)C(C)(C)C)OC(=O)[C@@H]1[C@H](C(=O)OC(CO[Si](c2ccccc2)(c2ccccc2)C(C)(C)C)CO[Si](c2ccccc2)(c2ccccc2)C(C)(C)C)[C@@H]2C=C[C@@H]1C2)(c1ccccc1)c1ccccc1,ester,Ambeed,monoalcohol,568.906,False,,0,28.0568,-8.8668,11.033,0,True,4,True,0,0,0,True,,17.474964467364423,2.451576479025335,2.603839376475415,1240.4297803145423,23.53340488600317,1.4784920425289187,5.81033138399678,0.0,8.0,,gc_formula_si,"Si monomer: HSP NOT reliable (Si groups fitted on 51 HSPiP Si compounds, only 7 measured, all much smaller than the monomers)",0.0,17.474964467364423,17.474964467364423,2.451576479025335,2.451576479025335,2.603839376475415,2.603839376475415,4,Si,Ambeed,https://www.ambeed.com/products/1096143-75-7.html,42.130118522759595,2.3668605911662692,3.3027669374737503,0.47182384821053575,4.27929582165921,0.8558591643318421,10.197614887284447,1.456802126754921,12.419548611863672,-17.6272273648145,-17.322701569914344,0,Si: HSP unreliable
C=C1CC[C@H](O[Si](C)(C)C(C)(C)C)[C@]2(C)[C@@H]1CC(=O)C1(O)CCC([C@H]3OC(c4ccc(OC)cc4)O[C@@H]32)C1(C)C,C=C1CC[C@H](O[Si](C)(C)C(C)(C)C)[C@]2(C)[C@@H]1CC(=O)C1(OC(=O)[C@@H]3[C@H](C(=O)OC45CCC([C@H]6OC(c7ccc(OC)cc7)O[C@@H]6[C@]6(C)[C@@H](O[Si](C)(C)C(C)(C)C)CCC(=C)[C@H]6CC4=O)C5(C)C)[C@@H]4C=C[C@@H]3C4)CCC([C@H]3OC(c4ccc(OC)cc4)O[C@@H]32)C1(C)C,ester,Sigma-Aldrich,monoalcohol,570.843,False,,0,23.3728,-7.7432,7.254,0,True,2,True,2,4,4,True,,16.979012719379693,4.465037432838858,3.3276530924111167,1247.734697399928,18.63205507334728,5.752651775900828,6.203021086535185,0.0,8.0,,gc_formula_si,"Si monomer: HSP NOT reliable (Si groups fitted on 51 HSPiP Si compounds, only 7 measured, all much smaller than the monomers)",0.0,16.979012719379693,16.979012719379693,4.465037432838858,4.465037432838858,3.3276530924111167,3.3276530924111167,2,Si,Sigma-Aldrich,https://www.sigmaaldrich.com/catalog/product/aldrich/t275816,40.751062555565454,2.2893855368295197,2.781085911506767,0.39729798735810956,5.731846776773006,1.1463693553546013,10.210270994960823,1.4586101421372604,9.186322194129719,-15.841628378951949,-18.116397059807433,0,Si: HSP unreliable
C[C@@H](CO)CO[Si](c1ccccc1)(c1ccccc1)C(C)(C)C,C[C@@H](COC(=O)[C@@H]1[C@H](C(=O)OC[C@H](C)CO[Si](c2ccccc2)(c2ccccc2)C(C)(C)C)[C@@H]2C=C[C@@H]1C2)CO[Si](c1ccccc1)(c1ccccc1)C(C)(C)C,ester,Sigma-Aldrich,monoalcohol,328.528,False,,0,23.6773,-1.5666,8.1042,0,True,2,True,0,0,0,True,,17.362334698538422,2.8006989290568165,3.0827839177095147,774.1904741981311,20.53363106136159,2.28645923816115,4.481070036480885,0.0,4.0,,gc_formula_si,"Si monomer: HSP NOT reliable (Si groups fitted on 51 HSPiP Si compounds, only 7 measured, all much smaller than the monomers)",0.0,17.362334698538422,17.362334698538422,2.8006989290568165,2.8006989290568165,3.0827839177095147,3.0827839177095147,2,Si,Sigma-Aldrich,https://www.sigmaaldrich.com/catalog/product/aldrich/t252727,41.54617609508709,2.3340548368026455,2.7959971561992707,0.3994281651713244,4.675648748717476,0.9351297497434953,10.212586868139233,1.4589409811627476,11.478851851772092,-17.64441968719112,-17.080249709885727,0,Si: HSP unreliable
CC1(C)C2CC=C(O[Si](C)(C)C(C)(C)C)C1C[C@@H]1C(=O)[C@@H](O)CC[C@@]1(C)C(=O)C2,CC1(C)C2CC=C(O[Si](C)(C)C(C)(C)C)C1C[C@@H]1C(=O)[C@@H](OC(=O)[C@@H]3[C@H](C(=O)O[C@H]4CC[C@@]5(C)C(=O)CC6CC=C(O[Si](C)(C)C(C)(C)C)C(C[C@@H]5C4=O)C6(C)C)[C@@H]4C=C[C@@H]3C4)CC[C@@]1(C)C(=O)C2,ester,Sigma-Aldrich,monoalcohol,420.666,False,,0,17.2872,-4.993,8.0504,0,True,2,True,2,2,6,True,,16.709573179764547,5.307383360718049,3.49933048411228,979.9926139591096,18.020222377781785,5.243122035027502,5.220952505029716,0.0,8.0,,gc_formula_si,"Si monomer: HSP NOT reliable (Si groups fitted on 51 HSPiP Si compounds, only 7 measured, all much smaller than the monomers)",0.0,16.709573179764547,16.709573179764547,5.307383360718049,5.307383360718049,3.49933048411228,3.49933048411228,2,Si,Sigma-Aldrich,https://www.sigmaaldrich.com/catalog/product/aldrich/t257680,40.31967602281311,2.265150338360287,3.27712206623184,0.4681602951759771,6.4097295366492695,1.2819459073298538,10.233295671982367,1.4618993817117667,7.902859334934218,-14.90152030315878,-18.517626056370315,0,Si: HSP unreliable
CCCCCCCCCCCCCCCC(O)(CC)[Si](c1ccccc1)(c1ccccc1)c1ccccc1,CCCCCCCCCCCCCCCC(CC)(OC(=O)[C@@H]1[C@H](C(=O)OC(CC)(CCCCCCCCCCCCCCC)[Si](c2ccccc2)(c2ccccc2)c2ccccc2)[C@@H]2C=C[C@@H]1C2)[Si](c1ccccc1)(c1ccccc1)c1ccccc1,ester,Sigma-Aldrich,monoalcohol,528.897,False,,0,25.7618,-5.6832,4.153,0,True,2,True,0,0,0,True,,17.510591628584354,2.0201594921487427,2.848962856253332,1265.2628834321313,23.43888363220792,0.2626742542225262,4.701246577990196,0.0,2.0,,gc_formula_si,"Si monomer: HSP NOT reliable (Si groups fitted on 51 HSPiP Si compounds, only 7 measured, all much smaller than the monomers)",0.0,17.510591628584354,17.510591628584354,2.0201594921487427,2.0201594921487427,2.848962856253332,2.848962856253332,2,Si,Sigma-Aldrich,https://www.sigmaaldrich.com/catalog/product/aldrich/s828467,42.04747539543809,2.3622177188448363,3.301034246151468,0.47157632087878115,4.249677881301579,0.8499355762603159,10.235467795760647,1.462209685108664,12.64146928018228,-18.339394992688945,-16.681788264479763,0,Si: HSP unreliable
C=C[C@@]1(O)[C@H](OCOC)C2CCC1(/C=C/[C@]1(OCc3ccccc3)CO[C@@H](c3ccccc3)O[C@H]1CCO[Si](C)(C)C(C)(C)C)C2(C)C,C=C[C@@]1(OC(=O)[C@@H]2[C@H](C(=O)O[C@]3(C=C)[C@H](OCOC)C4CCC3(/C=C/[C@]3(OCc5ccccc5)CO[C@@H](c5ccccc5)O[C@H]3CCO[Si](C)(C)C(C)(C)C)C4(C)C)[C@@H]3C=C[C@@H]2C3)[C@H](OCOC)C2CCC1(/C=C/[C@]1(OCc3ccccc3)CO[C@@H](c3ccccc3)O[C@H]1CCO[Si](C)(C)C(C)(C)C)C2(C)C,ester,Sigma-Aldrich,monoalcohol,678.983,False,,0,26.4193,3.1592,12.1754,4,True,2,True,0,8,2,True,,17.103505602456142,3.6726353073533473,3.707250879859358,1459.6271732682858,20.66010537877439,10.80036263812273,12.402968148174494,0.0,12.0,,gc_formula_si,"Si monomer: HSP NOT reliable (Si groups fitted on 51 HSPiP Si compounds, only 7 measured, all much smaller than the monomers)",0.0,17.103505602456142,17.103505602456142,3.6726353073533473,3.6726353073533473,3.707250879859358,3.707250879859358,2,Si,Sigma-Aldrich,https://www.sigmaaldrich.com/catalog/product/aldrich/t264369,40.64048628872519,2.283173387007033,2.2816796213463633,0.32595423162090903,5.460260451640565,1.092052090328113,10.2369627111994,1.462423244457057,9.723619415243437,-17.138121174962155,-17.06889002995013,0,Si: HSP unreliable
CC(C)OC1=C(OC(C)C)[C@@]2(O)C=C([Si](C)(C)C)C[C@@]2(C)C1=O,CC(C)OC1=C(OC(C)C)[C@@]2(OC(=O)[C@@H]3[C@H](C(=O)O[C@]45C=C([Si](C)(C)C)C[C@@]4(C)C(=O)C(OC(C)C)=C5OC(C)C)[C@@H]4C=C[C@@H]3C4)C=C([Si](C)(C)C)C[C@@]2(C)C1=O,ester,Sigma-Aldrich,monoalcohol,338.52,False,,0,11.3188,-6.07,6.8238,0,True,2,True,2,2,2,True,,16.36199567870008,5.399858396738945,4.706240047329956,835.6254732002033,15.308557505859971,8.939396715836446,7.655042302629755,0.0,8.0,,gc_formula_si,"Si monomer: HSP NOT reliable (Si groups fitted on 51 HSPiP Si compounds, only 7 measured, all much smaller than the monomers)",0.0,16.36199567870008,16.36199567870008,5.399858396738945,5.399858396738945,4.706240047329956,4.706240047329956,2,Si,Sigma-Aldrich,https://www.sigmaaldrich.com/catalog/product/aldrich/t259810,39.097646164296826,2.1964969755222934,3.339319659008412,0.4770456655726303,7.163975149638243,1.4327950299276486,10.244413867625449,1.4634876953750642,6.255897234631178,-15.66837732929109,-17.05561402810907,0,Si: HSP unreliable
C[Si](C)(C)C#Cc1ccc(CO)cc1,C[Si](C)(C)C#Cc1ccc(COC(=O)[C@@H]2[C@H](C(=O)OCc3ccc(C#C[Si](C)(C)C)cc3)[C@@H]3C=C[C@@H]2C3)cc1,ester,Sigma-Aldrich,monoalcohol,204.345,False,,0,20.3949,4.2008,4.9032,0,True,2,True,0,0,0,True,,17.023165678212138,3.618083168399116,4.163132745343402,545.595778960385,17.28176005479352,6.9146957550153925,6.733816187482717,0.0,8.0,,gc_formula_si,"Si monomer: HSP NOT reliable (Si groups fitted on 51 HSPiP Si compounds, only 7 measured, all much smaller than the monomers)",0.0,17.023165678212138,17.023165678212138,3.618083168399116,3.618083168399116,4.163132745343402,4.163132745343402,2,Si,Sigma-Aldrich,https://www.sigmaaldrich.com/catalog/product/aldrich/668273?utm_source=pubchem&utm_campaign=pubchem_2017&utm_medium=referral,40.21209573196992,2.2591065017960625,2.06895563281173,0.2955650904016757,5.702111403802942,1.1404222807605884,10.255790851703692,1.4651129788148132,9.24194976446962,-17.568215255156424,-16.47811610126785,0,Si: HSP unreliable
CCO[Si](CCCN)(OCC)OCC,CCO[Si](CCCNC(=O)[C@@H]1[C@H](C(=O)NCCC[Si](OCC)(OCC)OCC)[C@@H]2C=C[C@@H]1C2)(OCC)OCC,amide,Sigma-Aldrich,monoamine,221.373,False,,0,15.8488,5.0242,8.3897,0,True,2,True,2,0,0,True,,16.064125675132164,6.592482972197394,4.060223341106472,564.462870420218,15.33697874172416,8.528872685092763,3.3968672743967794,0.0,8.0,,gc_formula_si,"Si monomer: HSP NOT reliable (Si groups fitted on 51 HSPiP Si compounds, only 7 measured, all much smaller than the monomers)",0.0,16.064125675132164,16.064125675132164,6.592482972197394,6.592482972197394,4.060223341106472,4.060223341106472,2,Si,Sigma-Aldrich,https://www.sigmaaldrich.com/catalog/product/aldrich/741442?utm_source=pubchem&utm_campaign=pubchem_2017&utm_medium=referral,39.39612730535614,2.213265578952592,4.62336025743279,0.6604800367761128,7.756854524026205,1.551370904805241,10.257466136951765,1.4653523052788235,5.4114193618282975,-13.53186604404124,-18.596385306223087,0,Si: HSP unreliable
CC[C@@H]1CC/C=C(\C)C(O)(c2ccccc2)[C@@H]2C[C@H]3[C@@H]4C[C@H](O[Si](C)(C)C(C)(C)C)C[C@H]4C=C[C@H]3C2CC(=O)O1,CC[C@@H]1CC/C=C(\C)C(OC(=O)[C@@H]2[C@H](C(=O)OC3(c4ccccc4)/C(C)=C/CC[C@@H](CC)OC(=O)CC4[C@H]3C[C@H]3[C@@H]5C[C@H](O[Si](C)(C)C(C)(C)C)C[C@H]5C=C[C@@H]43)[C@@H]3C=C[C@@H]2C3)(c2ccccc2)[C@@H]2C[C@H]3[C@@H]4C[C@H](O[Si](C)(C)C(C)(C)C)C[C@H]4C=C[C@H]3C2CC(=O)O1,ester,Sigma-Aldrich,monoalcohol,564.883,False,,0,22.6703,2.7744,9.468,0,True,2,True,0,2,4,True,,17.075762122208225,4.323739445222131,3.1667347209113483,1267.1542003965794,20.36818646001155,3.4776307532737216,5.984113428848243,0.0,8.0,,gc_formula_si,"Si monomer: HSP NOT reliable (Si groups fitted on 51 HSPiP Si compounds, only 7 measured, all much smaller than the monomers)",0.0,17.075762122208225,17.075762122208225,4.323739445222131,4.323739445222131,3.1667347209113483,3.1667347209113483,2,Si,Sigma-Aldrich,https://www.sigmaaldrich.com/catalog/product/aldrich/t260495,40.95948750911968,2.301094803883128,2.7788062175241985,0.3969723167891712,5.579440748301508,1.1158881496603015,10.262168785564004,1.4660241122234292,9.585287956074746,-15.918757397897444,-18.232766846519006,0,Si: HSP unreliable
CO[Si](CCC(C)(C)CN)(OC)OC,CO[Si](CCC(C)(C)CNC(=O)[C@@H]1[C@H](C(=O)NCC(C)(C)CC[Si](OC)(OC)OC)[C@@H]2C=C[C@@H]1C2)(OC)OC,amide,Oakwood Products,monoamine,221.373,False,,0,16.7895,7.537,12.1819,0,True,2,True,2,0,0,True,,16.162171387085852,6.307100169341946,4.213818397281314,564.6006895096905,14.8341546007924,7.437165315604461,2.0448772503277763,0.0,8.0,,gc_formula_si,"Si monomer: HSP NOT reliable (Si groups fitted on 51 HSPiP Si compounds, only 7 measured, all much smaller than the monomers)",0.0,16.162171387085852,16.162171387085852,6.307100169341946,6.307100169341946,4.213818397281314,4.213818397281314,2,Si,Oakwood Products,http://www.oakwoodchemical.com/ProductsList.aspx?CategoryID=-2&txtSearch=132335&ExtHyperLink=1,39.32255612223014,2.2091323664174234,4.263604648831687,0.6090863784045267,7.5902414281451565,1.5180482856290314,10.270457676540202,1.467208239505743,5.641252820462592,-14.06888961502522,-18.255453159146484,0,Si: HSP unreliable
C/C=C/[C@@]1(O)[C@H](OCOC)C2CCC1(/C=C/[C@]1(OCc3ccccc3)CO[C@@H](c3ccccc3)O[C@H]1CCO[Si](C)(C)C(C)(C)C)C2(C)C,C/C=C/[C@@]1(OC(=O)[C@@H]2[C@H](C(=O)O[C@]3(/C=C/C)[C@H](OCOC)C4CCC3(/C=C/[C@]3(OCc5ccccc5)CO[C@@H](c5ccccc5)O[C@H]3CCO[Si](C)(C)C(C)(C)C)C4(C)C)[C@@H]3C=C[C@@H]2C3)[C@H](OCOC)C2CCC1(/C=C/[C@]1(OCc3ccccc3)CO[C@@H](c3ccccc3)O[C@H]1CCO[Si](C)(C)C(C)(C)C)C2(C)C,ester,Sigma-Aldrich,monoalcohol,693.01,False,,0,25.6317,-13.9344,13.6144,0,True,2,True,0,8,2,True,,17.144484205707233,3.6264784624829103,3.661829230302339,1491.270670761057,21.159640488009973,11.147910230882935,12.591818073941626,0.0,8.0,,gc_formula_si,"Si monomer: HSP NOT reliable (Si groups fitted on 51 HSPiP Si compounds, only 7 measured, all much smaller than the monomers)",0.0,17.144484205707233,17.144484205707233,3.6264784624829103,3.6264784624829103,3.661829230302339,3.661829230302339,2,Si,Sigma-Aldrich,https://www.sigmaaldrich.com/catalog/product/aldrich/t264458,40.70417163975948,2.2867512157168246,2.27431080468913,0.32490154352701855,5.423371059175735,1.084674211835147,10.274925730625661,1.467846532946523,9.856176512921984,-17.17983497352666,-17.109133437887806,0,Si: HSP unreliable
C[Si](C)(CO)c1ccccc1,C[Si](C)(COC(=O)[C@@H]1[C@H](C(=O)OC[Si](C)(C)c2ccccc2)[C@@H]2C=C[C@@H]1C2)c1ccccc1,ester,Sigma-Aldrich,monoalcohol,166.296,False,,0,20.8884,4.395,5.626,0,True,2,True,0,0,0,True,,17.118768819752304,3.3067676712559466,4.074331362619173,460.88476182225406,18.6400113977154,3.6216513419940135,4.4082521409770825,0.0,6.0,,gc_formula_si,"Si monomer: HSP NOT reliable (Si groups fitted on 51 HSPiP Si compounds, only 7 measured, all much smaller than the monomers)",0.0,17.118768819752304,17.118768819752304,3.3067676712559466,3.3067676712559466,4.074331362619173,4.074331362619173,2,Si,Sigma-Aldrich,https://www.sigmaaldrich.com/catalog/product/aldrich/s832316,40.40793906763276,2.270108936383863,2.0593104047824053,0.29418720068320076,5.496946243586525,1.099389248717305,10.277984238835279,1.4682834626907542,9.737669785877184,-17.88633251111553,-16.35120512838908,0,Si: HSP unreliable
C=C[C@H](CO)CO[Si](c1ccccc1)(c1ccccc1)C(C)(C)C,C=C[C@H](COC(=O)[C@@H]1[C@H](C(=O)OC[C@@H](C=C)CO[Si](c2ccccc2)(c2ccccc2)C(C)(C)C)[C@@H]2C=C[C@@H]1C2)CO[Si](c1ccccc1)(c1ccccc1)C(C)(C)C,ester,Sigma-Aldrich,monoalcohol,340.539,False,,0,24.7174,6.0724,8.1906,4,True,2,True,0,2,0,True,,17.3703110242868,2.8435256518208223,3.2226810964528263,798.2746674691125,20.532863534614588,2.826963638211523,5.776197298159598,0.0,8.0,,gc_formula_si,"Si monomer: HSP NOT reliable (Si groups fitted on 51 HSPiP Si compounds, only 7 measured, all much smaller than the monomers)",0.0,17.3703110242868,17.3703110242868,2.8435256518208223,2.8435256518208223,3.2226810964528263,3.2226810964528263,2,Si,Sigma-Aldrich,https://www.sigmaaldrich.com/catalog/product/aldrich/t274321,41.40195554891214,2.325952558927648,2.6534599865480843,0.37906571236401204,4.801413785213356,0.9602827570426712,10.281951752284034,1.4688502503262906,11.30410427601315,-17.749466468918804,-16.991155579654794,0,Si: HSP unreliable
CC1(C)C2CCC1(/C=C/[C@]1(O)CO[C@@H](c3ccccc3)O[C@H]1CCO[Si](C)(C)C(C)(C)C)C(O)C2,CC1(C)C2CCC1(/C=C/[C@]1(O)CO[C@@H](c3ccccc3)O[C@H]1CCO[Si](C)(C)C(C)(C)C)C(OC(=O)[C@@H]1[C@H](C(=O)OC3CC4CCC3(/C=C/[C@]3(O)CO[C@@H](c5ccccc5)O[C@H]3CCO[Si](C)(C)C(C)(C)C)C4(C)C)[C@@H]3C=C[C@@H]1C3)C2,ester,Sigma-Aldrich,diol,502.768,False,,0,23.3952,-10.5744,7.4803,0,True,2,True,0,6,2,True,,17.062744482331638,3.785840560793706,3.914938147195708,1115.8210615088428,19.267838340303783,8.871435624927633,6.88462206092206,0.0,8.0,,gc_formula_si,"Si monomer: HSP NOT reliable (Si groups fitted on 51 HSPiP Si compounds, only 7 measured, all much smaller than the monomers)",0.0,17.062744482331638,17.062744482331638,3.785840560793706,3.785840560793706,3.914938147195708,3.914938147195708,2,Si,Sigma-Aldrich,https://www.sigmaaldrich.com/catalog/product/aldrich/t264490,40.402566075909036,2.269807082916238,2.1678644441258434,0.30969492058940623,5.655656109544532,1.1311312219089065,10.28559609942854,1.4693708713469342,9.361965774342224,-17.191842068733642,-16.933646895929634,0,Si: HSP unreliable
CC1(C)C2CCC1(C#C[C@]1(O)CO[C@@H](c3ccccc3)OC1CCO[Si](C)(C)C(C)(C)C)[C@H](O)C2,CC1(C)C2CCC1(C#C[C@]1(O)CO[C@@H](c3ccccc3)OC1CCO[Si](C)(C)C(C)(C)C)[C@H](OC(=O)[C@@H]1[C@H](C(=O)O[C@@H]3CC4CCC3(C#C[C@]3(O)CO[C@@H](c5ccccc5)OC3CCO[Si](C)(C)C(C)(C)C)C4(C)C)[C@@H]3C=C[C@@H]1C3)C2,ester,Sigma-Aldrich,diol,500.752,False,,0,23.3178,-8.4898,9.7921,0,True,2,True,0,2,2,True,,16.974339257047237,4.046693179914797,4.050872362215235,1108.4502781285078,18.47303623349412,10.953891635186462,8.440960216495599,0.0,8.0,,gc_formula_si,"Si monomer: HSP NOT reliable (Si groups fitted on 51 HSPiP Si compounds, only 7 measured, all much smaller than the monomers)",0.0,16.974339257047237,16.974339257047237,4.046693179914797,4.046693179914797,4.050872362215235,4.050872362215235,2,Si,Sigma-Aldrich,https://www.sigmaaldrich.com/catalog/product/aldrich/t264342,40.18173731891303,2.257400972972642,2.201897465695986,0.3145567808137123,5.88253570509421,1.1765071410188421,10.28908144222159,1.4698687774602273,8.876773714917206,-16.978518439347674,-16.9701600747468,0,Si: HSP unreliable
CC[C@@H](CCC[C@H](O)[C@H](C)C(=O)N1C(=O)OC[C@H]1C(C)C)O[Si](C)(C)C(C)(C)C,CC[C@@H](CCC[C@H](OC(=O)[C@@H]1[C@H](C(=O)O[C@@H](CCC[C@H](CC)O[Si](C)(C)C(C)(C)C)[C@H](C)C(=O)N2C(=O)OC[C@H]2C(C)C)[C@@H]2C=C[C@@H]1C2)[C@H](C)C(=O)N1C(=O)OC[C@H]1C(C)C)O[Si](C)(C)C(C)(C)C,ester,Sigma-Aldrich,monoalcohol,429.674,False,,0,16.1958,11.5038,8.5298,0,True,2,True,0,0,0,True,,16.212901156104962,6.285142055454104,4.144584276932037,1037.9579673075436,14.764610493852016,4.775109943632149,5.602489926949444,0.0,8.0,,gc_formula_si,"Si monomer: HSP NOT reliable (Si groups fitted on 51 HSPiP Si compounds, only 7 measured, all much smaller than the monomers)",0.0,16.212901156104962,16.212901156104962,6.285142055454104,6.285142055454104,4.144584276932037,4.144584276932037,2,Si,Sigma-Aldrich,https://www.sigmaaldrich.com/catalog/product/aldrich/t289620,39.39856756427004,2.213402672150002,4.1954243370852895,0.5993463338693271,7.530666260050402,1.5061332520100803,10.297693315305347,1.471099045043621,5.78317482371882,-14.072343377582895,-18.353458934627028,0,Si: HSP unreliable
CC(C)(C)[Si](C)(C)OC[C@H]1OC=C[C@@H](OC(=O)c2ccccc2)[C@@H]1O,CC(C)(C)[Si](C)(C)OC[C@H]1OC=C[C@@H](OC(=O)c2ccccc2)[C@@H]1OC(=O)[C@@H]1[C@H](C(=O)O[C@H]2[C@H](OC(=O)c3ccccc3)C=CO[C@@H]2CO[Si](C)(C)C(C)(C)C)[C@@H]2C=C[C@@H]1C2,ester,Sigma-Aldrich,monoalcohol,364.514,False,,0,20.6796,13.2264,8.3144,0,True,2,True,0,0,0,True,,16.743862557324373,5.1642562417627484,3.738284748111667,839.3744533471814,17.139988417914473,10.351257044955728,7.396791473179456,0.0,8.0,,gc_formula_si,"Si monomer: HSP NOT reliable (Si groups fitted on 51 HSPiP Si compounds, only 7 measured, all much smaller than the monomers)",0.0,16.743862557324373,16.743862557324373,5.1642562417627484,5.1642562417627484,3.738284748111667,3.738284748111667,2,Si,Sigma-Aldrich,https://www.sigmaaldrich.com/catalog/product/aldrich/t233110,40.1323809685888,2.254628144302741,3.027158678506579,0.4324512397866541,6.436798215551575,1.2873596431103151,10.298330588919251,1.4711900841313217,7.841321567449958,-15.317891063673292,-18.169834050975453,0,Si: HSP unreliable
CC(C)(C)[Si](OC/C=C/[C@@H](O)CO[Si](c1ccccc1)(c1ccccc1)C(C)(C)C)(c1ccccc1)c1ccccc1,CC(C)(C)[Si](OC/C=C/[C@H](CO[Si](c1ccccc1)(c1ccccc1)C(C)(C)C)OC(=O)[C@@H]1[C@H](C(=O)O[C@H](/C=C/CO[Si](c2ccccc2)(c2ccccc2)C(C)(C)C)CO[Si](c2ccccc2)(c2ccccc2)C(C)(C)C)[C@@H]2C=C[C@@H]1C2)(c1ccccc1)c1ccccc1,ester,Sigma-Aldrich,monoalcohol,594.944,False,,0,28.0109,-10.021,12.8132,0,True,4,True,0,2,0,True,,17.52055986397907,2.453685743940828,2.6683624111574664,1296.4543763064955,23.88892510656165,1.9857594357795716,7.184665463973501,0.0,8.0,,gc_formula_si,"Si monomer: HSP NOT reliable (Si groups fitted on 51 HSPiP Si compounds, only 7 measured, all much smaller than the monomers)",0.0,17.52055986397907,17.52055986397907,2.453685743940828,2.453685743940828,2.6683624111574664,2.6683624111574664,4,Si,Sigma-Aldrich,https://www.sigmaaldrich.com/catalog/product/aldrich/t287369,42.077309521319926,2.36389379333258,3.228365456435119,0.461195065205017,4.370331476389744,0.8740662952779488,10.300093266379688,1.4714418951970984,12.398511708880775,-17.73523653119571,-17.30588319676243,0,Si: HSP unreliable
C[Si](C)(CCCO)O[Si](C)(C)CCCO,C[Si](C)(CCCO)O[Si](C)(C)CCCOC(=O)[C@@H]1[C@H](C(=O)OCCC[Si](C)(C)O[Si](C)(C)CCCO)[C@@H]2C=C[C@@H]1C2,ester,Combi-Blocks,diol,250.487,False,,0,16.9391,12.132,14.2885,0,True,4,True,0,0,0,True,,15.22129775800978,4.202342863455832,7.938004988654424,653.8056945238469,14.675566264039388,6.626940176752786,10.943625941915592,0.0,14.0,,gc_formula_si,"Si monomer: HSP NOT reliable (Si groups fitted on 51 HSPiP Si compounds, only 7 measured, all much smaller than the monomers)",0.0,15.22129775800978,15.22129775800978,4.202342863455832,4.202342863455832,7.938004988654424,7.938004988654424,4,Si,Combi-Blocks,https://www.combi-blocks.com/cgi-bin/find.cgi?QM-5672,36.33513609207967,2.041299780453914,5.712626413758221,0.8160894876797459,9.237207524432892,1.8474415048865782,10.300455246255927,1.4714936066079896,3.080949905899523,-18.95695988320837,-11.485635632811189,0,Si: HSP unreliable
C=C(C[C@]1(O)CN(Cc2ccccc2)C1=O)C(O[Si](C)(C)C(C)(C)C)C1CCCCC1,C=C(C[C@]1(OC(=O)[C@@H]2[C@H](C(=O)O[C@@]3(CC(=C)C(O[Si](C)(C)C(C)(C)C)C4CCCCC4)CN(Cc4ccccc4)C3=O)[C@@H]3C=C[C@@H]2C3)CN(Cc2ccccc2)C1=O)C(O[Si](C)(C)C(C)(C)C)C1CCCCC1,ester,Sigma-Aldrich,monoalcohol,443.704,False,,0,22.3155,-5.6182,4.3224,0,True,2,True,2,6,6,True,,16.964564674905834,4.648058875717572,3.4417985814256538,1031.3432246004377,18.70955427874941,3.9380643897712337,4.695399309221017,0.0,8.0,,gc_formula_si,"Si monomer: HSP NOT reliable (Si groups fitted on 51 HSPiP Si compounds, only 7 measured, all much smaller than the monomers)",0.0,16.964564674905834,16.964564674905834,4.648058875717572,4.648058875717572,3.4417985814256538,3.4417985814256538,2,Si,Sigma-Aldrich,https://www.sigmaaldrich.com/catalog/product/aldrich/t262323,40.58825179191137,2.280238864714122,2.754558746990537,0.3935083924272195,5.9343924386386275,1.1868784877277254,10.30516745390677,1.4721667791295387,8.874707217762609,-15.758304380613916,-18.17082496919775,0,Si: HSP unreliable
COC(=O)C12C3CC(O)(C/C=C/[Si](C)(C)C)C4C3C3C(CC(O)(C/C=C/[Si](C)(C)C)C31)C42C(=O)OC,COC(=O)C12C3CC(C/C=C/[Si](C)(C)C)(OC(=O)[C@@H]4[C@H](C(=O)OC5(C/C=C/[Si](C)(C)C)CC6C7C8C9CC(O)(C/C=C/[Si](C)(C)C)C8C6(C(=O)OC)C9(C(=O)OC)C75)[C@@H]5C=C[C@@H]4C5)C4C3C3C(CC(O)(C/C=C/[Si](C)(C)C)C31)C42C(=O)OC,ester,Sigma-Aldrich,diol,532.826,False,,0,19.6775,-3.8428,13.5797,0,True,4,True,0,8,4,True,,16.7992616531511,4.060154527752799,4.750912101209115,1112.3528556259469,17.285521401863452,11.383691261066373,8.245513590741826,0.0,16.0,,gc_formula_si,"Si monomer: HSP NOT reliable (Si groups fitted on 51 HSPiP Si compounds, only 7 measured, all much smaller than the monomers)",0.0,16.7992616531511,16.7992616531511,4.060154527752799,4.060154527752799,4.750912101209115,4.750912101209115,4,Si,Sigma-Aldrich,https://www.sigmaaldrich.com/catalog/product/aldrich/t210978,39.48729207359833,2.2183871951459735,2.1430564874240146,0.3061509267748592,6.3287494322239874,1.2657498864447976,10.308821706995767,1.4726888152851096,7.988195024189185,-17.490019226607416,-16.108504079694782,0,Si: HSP unreliable
CC1(C)C2CCC1(/C=C/[C@](CO)(CCO[Si](C)(C)C(C)(C)C)OCc1ccccc1)C(=O)C2,CC1(C)C2CCC1(/C=C/[C@@](CCO[Si](C)(C)C(C)(C)C)(COC(=O)[C@@H]1[C@H](C(=O)OC[C@@](/C=C/C34CCC(CC3=O)C4(C)C)(CCO[Si](C)(C)C(C)(C)C)OCc3ccccc3)[C@@H]3C=C[C@@H]1C3)OCc1ccccc1)C(=O)C2,ester,Sigma-Aldrich,monoalcohol,472.742,False,,0,20.5432,-11.0138,11.3068,0,True,2,True,0,4,0,True,,16.99779444148006,4.506619371228725,3.544290702430431,1080.404274220616,19.624955869829897,9.068421228845033,7.940288458596563,0.0,8.0,,gc_formula_si,"Si monomer: HSP NOT reliable (Si groups fitted on 51 HSPiP Si compounds, only 7 measured, all much smaller than the monomers)",0.0,16.99779444148006,16.99779444148006,4.506619371228725,4.506619371228725,3.544290702430431,3.544290702430431,2,Si,Sigma-Aldrich,https://www.sigmaaldrich.com/catalog/product/aldrich/t287938,40.53487824320247,2.2772403507417116,2.6013306115584673,0.37161865879406675,5.900786648465665,1.1801573296931331,10.332268046529592,1.4760382923613702,8.946884367820905,-16.035465772681768,-17.960123110278353,0,Si: HSP unreliable
C=C[C@@H]1C[C@H](O[Si](c2ccccc2)(c2ccccc2)C(C)(C)C)[C@@H]1O,C=C[C@@H]1C[C@H](O[Si](c2ccccc2)(c2ccccc2)C(C)(C)C)[C@@H]1OC(=O)[C@@H]1[C@H](C(=O)O[C@@H]2[C@H](C=C)C[C@@H]2O[Si](c2ccccc2)(c2ccccc2)C(C)(C)C)[C@@H]2C=C[C@@H]1C2,ester,Sigma-Aldrich,monoalcohol,352.55,False,,0,25.5539,7.018,7.145,4,True,2,True,0,2,0,True,,17.463586847988964,2.786388744898224,2.8817671671403917,824.06226960257,20.71987998837324,2.4611906967943247,5.100634676586856,0.0,8.0,,gc_formula_si,"Si monomer: HSP NOT reliable (Si groups fitted on 51 HSPiP Si compounds, only 7 measured, all much smaller than the monomers)",0.0,17.463586847988964,17.463586847988964,2.786388744898224,2.786388744898224,2.8817671671403917,2.8817671671403917,2,Si,Sigma-Aldrich,https://www.sigmaaldrich.com/catalog/product/aldrich/t271519,41.7590624332595,2.346014743441545,2.92369089165346,0.4176701273790657,4.635113985066108,0.9270227970132217,10.336129975800304,1.4765899965429006,11.795430935950348,-17.55896527023113,-17.368208425746797,0,Si: HSP unreliable
COCO[C@@H]1C2CCC(/C=C\OCC[Si](C)(C)C)(C2(C)C)[C@@]1(O)/C=C\[C@@](COCc1ccc(OC)cc1)(OCc1ccccc1)[C@@H](CCO[Si](C)(C)C(C)(C)C)OCc1ccc(OC)cc1,COCO[C@@H]1C2CCC(/C=C\OCC[Si](C)(C)C)(C2(C)C)[C@]1(/C=C\[C@@](COCc1ccc(OC)cc1)(OCc1ccccc1)[C@@H](CCO[Si](C)(C)C(C)(C)C)OCc1ccc(OC)cc1)OC(=O)[C@@H]1[C@H](C(=O)O[C@]2(/C=C\[C@@](COCc3ccc(OC)cc3)(OCc3ccccc3)[C@@H](CCO[Si](C)(C)C(C)(C)C)OCc3ccc(OC)cc3)[C@H](OCOC)C3CCC2(/C=C\OCC[Si](C)(C)C)C3(C)C)[C@@H]2C=C[C@@H]1C2,ester,Sigma-Aldrich,monoalcohol,947.412,False,,0,27.0528,4.2502,14.4304,0,True,4,True,0,6,0,True,,16.966379907793087,3.981890865078138,4.277688695914501,1992.6964420715065,20.68161510898599,18.029662772061773,19.017512631883434,0.0,16.0,,gc_formula_si,"Si monomer: HSP NOT reliable (Si groups fitted on 51 HSPiP Si compounds, only 7 measured, all much smaller than the monomers)",0.0,16.966379907793087,16.966379907793087,3.981890865078138,3.981890865078138,4.277688695914501,4.277688695914501,4,Si,Sigma-Aldrich,https://www.sigmaaldrich.com/catalog/product/aldrich/t265985,39.9841491621317,2.2463005147265,2.0689226351902805,0.29556037645575434,5.994190868381546,1.1988381736763092,10.342246637507232,1.4774638053581761,8.70680034680045,-17.26217773862945,-16.670582076956727,0,Si: HSP unreliable
CCO[Si](C)(CCCN)OCC,CCO[Si](C)(CCCNC(=O)[C@@H]1[C@H](C(=O)NCCC[Si](C)(OCC)OCC)[C@@H]2C=C[C@@H]1C2)OCC,amide,Sigma-Aldrich,monoamine,191.347,False,,0,14.538,-2.0518,7.6181,0,True,2,True,2,0,0,True,,16.081198709831614,6.623096418008141,4.202523170915754,520.2861572031047,15.420368141857525,7.701326477994871,3.3320155082849903,0.0,8.0,,gc_formula_si,"Si monomer: HSP NOT reliable (Si groups fitted on 51 HSPiP Si compounds, only 7 measured, all much smaller than the monomers)",0.0,16.081198709831614,16.081198709831614,6.623096418008141,6.623096418008141,4.202523170915754,4.202523170915754,2,Si,Sigma-Aldrich,https://www.sigmaaldrich.com/catalog/product/aldrich/371890?utm_source=pubchem&utm_campaign=pubchem_2017&utm_medium=referral,39.25169078256148,2.2051511675596336,4.5733807762001755,0.6533401108857394,7.856087014706079,1.5712174029412158,10.356477491202497,1.4794967844574995,5.2555791209077185,-13.660625462739226,-18.501771956924003,0,Si: HSP unreliable
CC[C@H](O)CCC/C=C(C)/C(=C1/C[C@@H]2[C@@H](C=C[C@@H]3C[C@@H](O[Si](C)(C)C(C)(C)C)C[C@@H]23)[C@@H]1CCO)c1ccccc1,CC[C@H](O)CCC/C=C(C)/C(=C1/C[C@@H]2[C@@H](C=C[C@@H]3C[C@@H](O[Si](C)(C)C(C)(C)C)C[C@@H]23)[C@@H]1CCOC(=O)[C@@H]1[C@H](C(=O)OCC[C@@H]2/C(=C(C(\C)=C\CCC[C@@H](O)CC)/c3ccccc3)C[C@@H]3[C@H]2C=C[C@@H]2C[C@@H](O[Si](C)(C)C(C)(C)C)C[C@@H]32)[C@@H]2C=C[C@@H]1C2)c1ccccc1,ester,Sigma-Aldrich,diol,564.927,False,,0,20.8839,-3.0198,9.3096,0,True,2,True,0,4,4,True,,17.19003138239655,2.866125381428966,4.29262732348112,1260.1890375499745,19.758088552756444,4.271066777737653,3.579907351692741,0.0,8.0,,gc_formula_si,"Si monomer: HSP NOT reliable (Si groups fitted on 51 HSPiP Si compounds, only 7 measured, all much smaller than the monomers)",0.0,17.19003138239655,17.19003138239655,2.866125381428966,2.866125381428966,4.29262732348112,4.29262732348112,2,Si,Sigma-Aldrich,https://www.sigmaaldrich.com/catalog/product/aldrich/t260460,40.3544776271739,2.267105484672691,2.0037196322774347,0.28624566175391924,5.459848668870857,1.0919697337741714,10.357743542876102,1.4796776489823003,10.031278677486466,-18.616533324448707,-15.763529440344396,0,Si: HSP unreliable
CC(C)(C)[Si](C)(C)OC1C2CCC(=O)CC13CC[C@H](O)C=C3CC2,CC(C)(C)[Si](C)(C)OC1C2CCC(=O)CC13CC[C@H](OC(=O)[C@@H]1[C@H](C(=O)O[C@@H]4C=C5CCC6CCC(=O)CC5(CC4)C6O[Si](C)(C)C(C)(C)C)[C@@H]4C=C[C@@H]1C4)C=C3CC2,ester,Sigma-Aldrich,monoalcohol,350.575,False,,0,21.1997,-2.4808,4.6564,0,True,2,True,0,0,4,True,,17.036441253340367,4.700621894435214,3.236874493609021,802.8011042845309,18.53446951181254,6.739926101966763,5.506075229381308,0.0,8.0,,gc_formula_si,"Si monomer: HSP NOT reliable (Si groups fitted on 51 HSPiP Si compounds, only 7 measured, all much smaller than the monomers)",0.0,17.036441253340367,17.036441253340367,4.700621894435214,4.700621894435214,3.236874493609021,3.236874493609021,2,Si,Sigma-Aldrich,https://www.sigmaaldrich.com/catalog/product/aldrich/t222100,40.78046501451932,2.291037360366254,2.845139770543475,0.4064485386490678,5.894284143159921,1.1788568286319843,10.382297128117123,1.483185304016732,9.098944865296133,-15.572693852514176,-18.500188654166557,0,Si: HSP unreliable
CC#CC(O)C[C@H]1C=CC[C@H]1O[Si](c1ccccc1)(c1ccccc1)C(C)(C)C,CC#CC(C[C@H]1C=CC[C@H]1O[Si](c1ccccc1)(c1ccccc1)C(C)(C)C)OC(=O)[C@@H]1[C@H](C(=O)OC(C#CC)C[C@H]2C=CC[C@H]2O[Si](c2ccccc2)(c2ccccc2)C(C)(C)C)[C@@H]2C=C[C@@H]1C2,ester,Sigma-Aldrich,monoalcohol,404.626,False,,0,23.7131,-4.343,6.915,0,True,2,True,0,2,2,True,,17.390318237446355,3.1151851927983034,3.2202202182365864,945.741936907718,20.75497528567313,4.810941075314226,7.675266266650525,0.0,4.0,,gc_formula_si,"Si monomer: HSP NOT reliable (Si groups fitted on 51 HSPiP Si compounds, only 7 measured, all much smaller than the monomers)",0.0,17.390318237446355,17.390318237446355,3.1151851927983034,3.1151851927983034,3.2202202182365864,3.2202202182365864,2,Si,Sigma-Aldrich,https://www.sigmaaldrich.com/catalog/product/aldrich/t256714,41.32240134070499,2.3214832213879206,2.5465048048681393,0.3637864006954485,4.982908033969921,0.9965816067939842,10.395698038778207,1.485099719825458,11.054912826411465,-17.495353262884638,-17.28528321200807,0,Si: HSP unreliable
COCCOCOC1C2CCC(/C=C\OCC[Si](C)(C)C)(C2(C)C)C1(O)/C=C\[C@@](COCc1ccc(OC)cc1)(OCc1ccccc1)[C@@H](CO[Si](C)(C)C(C)(C)C)OCc1ccc(OC)cc1,COCCOCOC1C2CCC(/C=C\OCC[Si](C)(C)C)(C2(C)C)C1(/C=C\[C@@](COCc1ccc(OC)cc1)(OCc1ccccc1)[C@@H](CO[Si](C)(C)C(C)(C)C)OCc1ccc(OC)cc1)OC(=O)[C@@H]1[C@H](C(=O)OC2(/C=C\[C@@](COCc3ccc(OC)cc3)(OCc3ccccc3)[C@@H](CO[Si](C)(C)C(C)(C)C)OCc3ccc(OC)cc3)C(OCOCCOC)C3CCC2(/C=C\OCC[Si](C)(C)C)C3(C)C)[C@@H]2C=C[C@@H]1C2,ester,Sigma-Aldrich,monoalcohol,977.438,False,,0,27.1536,5.8766,14.4304,0,True,4,True,0,6,0,True,,16.949537947978175,4.1221634103673965,4.392992470580657,2039.148546427262,20.60142998863252,20.47184236989502,21.440671717943697,0.0,16.0,,gc_formula_si,"Si monomer: HSP NOT reliable (Si groups fitted on 51 HSPiP Si compounds, only 7 measured, all much smaller than the monomers)",0.0,16.949537947978175,16.949537947978175,4.1221634103673965,4.1221634103673965,4.392992470580657,4.392992470580657,4,Si,Sigma-Aldrich,https://www.sigmaaldrich.com/catalog/product/aldrich/t286400,39.829999534722376,2.23764042329901,2.0415594673714224,0.29165135248163176,6.162646526599177,1.2325293053198354,10.41752874311256,1.488218391873223,8.434382067030121,-17.220367008191435,-16.678708887764913,0,Si: HSP unreliable
CC(C)(C)[Si](OCCCCO)(c1ccccc1)c1ccccc1,CC(C)(C)[Si](OCCCCOC(=O)[C@@H]1[C@H](C(=O)OCCCCO[Si](c2ccccc2)(c2ccccc2)C(C)(C)C)[C@@H]2C=C[C@@H]1C2)(c1ccccc1)c1ccccc1,ester,Matrix Scientific,monoalcohol,328.528,False,,0,24.0713,3.6058,6.7646,0,True,2,True,0,0,0,True,,17.46532212488307,2.8218480558036587,3.133769322756548,767.9747608503815,20.89167372014404,2.580329143419334,4.83326667548323,0.0,4.0,,gc_formula_si,"Si monomer: HSP NOT reliable (Si groups fitted on 51 HSPiP Si compounds, only 7 measured, all much smaller than the monomers)",0.0,17.46532212488307,17.46532212488307,2.8218480558036587,2.8218480558036587,3.133769322756548,3.133769322756548,2,Si,Matrix Scientific,https://www.matrixscientific.com/211458.html,41.51032736977138,2.332040863470302,2.6850505308231147,0.38357864726044494,4.8182195090366,0.96364390180732,10.421924795060331,1.488846399294333,11.509704746322862,-17.77724339183596,-17.15340085793018,0,Si: HSP unreliable
C[Si](C)(C)NCc1ccccc1,C[Si](C)(C)N(Cc1ccccc1)C(=O)[C@@H]1[C@H](C(=O)N(Cc2ccccc2)[Si](C)(C)C)[C@@H]2C=C[C@@H]1C2,amide,TCI,monoamine,179.339,False,,0,20.6634,-3.7366,4.1207,0,True,2,True,0,0,0,True,,16.907757087848317,5.037207945258568,3.5324267456301524,508.8832529358758,18.49212280776425,3.620089896453977,6.6270953003288255,0.0,10.0,,gc_formula_si,"Si monomer: HSP NOT reliable (Si groups fitted on 51 HSPiP Si compounds, only 7 measured, all much smaller than the monomers)",0.0,16.907757087848317,16.907757087848317,5.037207945258568,5.037207945258568,3.5324267456301524,3.5324267456301524,2,Si,TCI,http://www.tcichemicals.com/eshop/en/us/commodity/B1728/index.html,40.38607019433783,2.2688803479965074,2.889459478727887,0.4127799255325553,6.271281950952193,1.2542563901904384,10.424604617843801,1.489229231120543,8.338122396959598,-15.402975888219903,-18.412538287476735,0,Si: HSP unreliable
C/C(=C\CO)CCCO[Si](c1ccccc1)(c1ccccc1)C(C)(C)C,C/C(=C\COC(=O)[C@@H]1[C@H](C(=O)OC/C=C(\C)CCCO[Si](c2ccccc2)(c2ccccc2)C(C)(C)C)[C@@H]2C=C[C@@H]1C2)CCCO[Si](c1ccccc1)(c1ccccc1)C(C)(C)C,ester,Sigma-Aldrich,monoalcohol,368.593,False,,0,22.9253,-0.79,7.4424,0,True,2,True,0,0,0,True,,17.51154787556593,2.678057271857365,3.071980922640857,852.3552596837693,21.19079603368704,2.5730068476666634,6.302059895304028,0.0,4.0,,gc_formula_si,"Si monomer: HSP NOT reliable (Si groups fitted on 51 HSPiP Si compounds, only 7 measured, all much smaller than the monomers)",0.0,17.51154787556593,17.51154787556593,2.678057271857365,2.678057271857365,3.071980922640857,3.071980922640857,2,Si,Sigma-Aldrich,https://www.sigmaaldrich.com/catalog/product/aldrich/t267791,41.623273996747784,2.3383861795925722,2.7787117848461222,0.3969588264065889,4.741355350484792,0.9482710700969583,10.450503785744955,1.4929291122492792,11.761509681067709,-17.905471526349423,-17.11762422478244,0,Si: HSP unreliable
C[Si](C)(C)C[C@]1(Cl)C(=O)[C@@H]2CCC[C@@]21O,C[Si](C)(C)C[C@]1(Cl)C(=O)[C@@H]2CCC[C@@]21OC(=O)[C@@H]1[C@H](C(=O)O[C@]23CCC[C@H]2C(=O)[C@@]3(Cl)C[Si](C)(C)C)[C@@H]2C=C[C@@H]1C2,ester,Sigma-Aldrich,monoalcohol,246.81,False,,0,20.0101,5.66,4.3944,0,True,2,True,2,4,4,True,,16.746926537910582,5.380764515354613,3.889595306312868,583.71481064825,17.580972773567925,4.542528710369945,3.4057031996732388,0.0,8.0,,gc_formula_si,"Si monomer: HSP NOT reliable (Si groups fitted on 51 HSPiP Si compounds, only 7 measured, all much smaller than the monomers)",0.0,16.746926537910582,16.746926537910582,5.380764515354613,5.380764515354613,3.889595306312868,3.889595306312868,2,Si,Sigma-Aldrich,https://www.sigmaaldrich.com/catalog/product/aldrich/t219320,39.929270644164745,2.2432174519193677,3.0367617116940386,0.43382310167057697,6.699294868696661,1.3398589737393323,10.468621496146003,1.4955173565922861,7.4765667162431,-15.255757328868835,-18.23809574695233,0,Si: HSP unreliable
CC(C)(C)[Si](OCC1CCC(CO)CC1)(c1ccccc1)c1ccccc1,CC(C)(C)[Si](OCC1CCC(COC(=O)[C@@H]2[C@H](C(=O)OCC3CCC(CO[Si](c4ccccc4)(c4ccccc4)C(C)(C)C)CC3)[C@@H]3C=C[C@@H]2C3)CC1)(c1ccccc1)c1ccccc1,ester,Matrix Scientific,monoalcohol,382.62,False,,0,25.3032,-1.8616,6.8546,0,True,2,True,0,0,2,True,,17.56662811500823,2.591882837291277,2.8534301231211114,868.3155505644058,21.532928384889964,1.947526064751139,4.073285957023311,0.0,4.0,,gc_formula_si,"Si monomer: HSP NOT reliable (Si groups fitted on 51 HSPiP Si compounds, only 7 measured, all much smaller than the monomers)",0.0,17.56662811500823,17.56662811500823,2.591882837291277,2.591882837291277,2.8534301231211114,2.8534301231211114,2,Si,Matrix Scientific,https://www.matrixscientific.com/211365.html,41.867568450572605,2.3521105871108205,2.9888714210207015,0.4269816315743859,4.612733163396429,0.9225466326792858,10.468820227176234,1.495545746739462,12.12131515459584,-17.828175400838063,-17.305080829178394,0,Si: HSP unreliable
CCO[Si](C)(C)CCCN,CCO[Si](C)(C)CCCNC(=O)[C@@H]1[C@H](C(=O)NCCC[Si](C)(C)OCC)[C@@H]2C=C[C@@H]1C2,amide,Sigma-Aldrich,monoamine,161.321,False,,0,13.6821,-2.0518,7.3519,0,True,2,True,2,0,0,True,,16.101416597790838,6.659208585744524,4.365224362400067,476.1094439859915,15.503120439064324,6.873780270896979,3.2671637421732003,0.0,8.0,,gc_formula_si,"Si monomer: HSP NOT reliable (Si groups fitted on 51 HSPiP Si compounds, only 7 measured, all much smaller than the monomers)",0.0,16.101416597790838,16.101416597790838,6.659208585744524,6.659208585744524,4.365224362400067,4.365224362400067,2,Si,Sigma-Aldrich,https://www.sigmaaldrich.com/catalog/product/aldrich/588857?utm_source=pubchem&utm_campaign=pubchem_2017&utm_medium=referral,39.08637095735631,2.19586353693013,4.521248728435371,0.6458926754907672,7.972326146933311,1.5944652293866621,10.472763828591413,1.4961091183702018,5.076983649646248,-13.807432374446382,-18.395400821135294,0,Si: HSP unreliable
C/C1=C/CC[C@@](C)(O)[C@@H]2O[C@H](C1)[C@H]1C[C@@H](O[Si](c3ccccc3)(c3ccccc3)C(C)(C)C)C=C[C@H]12,C/C1=C/CC[C@@](C)(OC(=O)[C@@H]2[C@H](C(=O)O[C@]3(C)CC/C=C(/C)C[C@H]4O[C@@H]3[C@@H]3C=C[C@H](O[Si](c5ccccc5)(c5ccccc5)C(C)(C)C)C[C@@H]34)[C@@H]3C=C[C@@H]2C3)[C@@H]2O[C@H](C1)[C@H]1C[C@@H](O[Si](c3ccccc3)(c3ccccc3)C(C)(C)C)C=C[C@H]12,ester,Sigma-Aldrich,monoalcohol,502.771,False,,0,26.41,-1.1574,7.6034,0,True,2,True,0,0,2,True,,17.53016079738209,2.839579457339416,2.9213566462024354,1121.234423877334,21.985337088830292,4.764758397664939,8.356561015829238,0.0,4.0,,gc_formula_si,"Si monomer: HSP NOT reliable (Si groups fitted on 51 HSPiP Si compounds, only 7 measured, all much smaller than the monomers)",0.0,17.53016079738209,17.53016079738209,2.839579457339416,2.839579457339416,2.9213566462024354,2.9213566462024354,2,Si,Sigma-Aldrich,https://www.sigmaaldrich.com/catalog/product/aldrich/t263842,41.717627361802066,2.3436869304383183,2.839920078885812,0.40570286841225883,4.759277098312108,0.9518554196624216,10.484242913206579,1.4977489876009398,11.76922469384024,-17.611937986245113,-17.44838360851907,0,Si: HSP unreliable
C=C[C@@]1(CO[Si](c2ccccc2)(c2ccccc2)C(C)(C)C)C[C@@H](O)C(OC)O1,C=C[C@@]1(CO[Si](c2ccccc2)(c2ccccc2)C(C)(C)C)C[C@@H](OC(=O)[C@@H]2[C@H](C(=O)O[C@@H]3C[C@@](C=C)(CO[Si](c4ccccc4)(c4ccccc4)C(C)(C)C)OC3OC)[C@@H]3C=C[C@@H]2C3)C(OC)O1,ester,Sigma-Aldrich,monoalcohol,412.602,False,,0,26.1656,12.1604,6.8678,4,True,2,True,0,2,0,True,,17.336436445078192,3.355820208621907,3.563530137460676,916.6959462408364,20.607304144142024,5.312256027293456,8.360454435738774,0.0,8.0,,gc_formula_si,"Si monomer: HSP NOT reliable (Si groups fitted on 51 HSPiP Si compounds, only 7 measured, all much smaller than the monomers)",0.0,17.336436445078192,17.336436445078192,3.355820208621907,3.355820208621907,3.563530137460676,3.563530137460676,2,Si,Sigma-Aldrich,https://www.sigmaaldrich.com/catalog/product/aldrich/t271861,40.91307095874566,2.298487132513801,2.2148615874754687,0.3164087982107812,5.315738738118245,1.063147747623649,10.485535177099113,1.4979335967284446,10.41708609899561,-17.54414637391696,-17.128726516239425,0,Si: HSP unreliable
C#C[C@@H](O)CO[Si](c1ccccc1)(c1ccccc1)C(C)(C)C,C#C[C@H](CO[Si](c1ccccc1)(c1ccccc1)C(C)(C)C)OC(=O)[C@@H]1[C@H](C(=O)O[C@H](C#C)CO[Si](c2ccccc2)(c2ccccc2)C(C)(C)C)[C@@H]2C=C[C@@H]1C2,ester,Sigma-Aldrich,monoalcohol,324.496,False,,0,24.4433,-2.8504,8.106,0,True,2,True,0,0,0,True,,17.424801373872093,3.1356355615792406,3.3201304393720257,768.4043151481839,20.465946062446463,4.76474971891034,6.408147724942903,0.0,4.0,,gc_formula_si,"Si monomer: HSP NOT reliable (Si groups fitted on 51 HSPiP Si compounds, only 7 measured, all much smaller than the monomers)",0.0,17.424801373872093,17.424801373872093,3.1356355615792406,3.1356355615792406,3.3201304393720257,3.3201304393720257,2,Si,Sigma-Aldrich,https://www.sigmaaldrich.com/catalog/product/aldrich/cvt00125?utm_source=pubchem&utm_campaign=pubchem_2017&utm_medium=referral,41.2279219059549,2.3161753879749942,2.42882282850515,0.34697468978645,5.0907945383941025,1.0181589076788204,10.495259339323614,1.4993227627605161,10.969035372920827,-17.60929625166488,-17.24030649607931,0,Si: HSP unreliable
C#CC(O)C[C@H]1CC=C[C@H]1O[Si](c1ccccc1)(c1ccccc1)C(C)(C)C,C#CC(C[C@H]1CC=C[C@H]1O[Si](c1ccccc1)(c1ccccc1)C(C)(C)C)OC(=O)[C@@H]1[C@H](C(=O)OC(C#C)C[C@H]2CC=C[C@H]2O[Si](c2ccccc2)(c2ccccc2)C(C)(C)C)[C@@H]2C=C[C@@H]1C2,ester,Sigma-Aldrich,monoalcohol,390.599,False,,0,25.1043,-4.3314,7.8962,0,True,2,True,0,2,2,True,,17.51883953671413,2.932278591937385,2.984911524020125,906.017188144421,21.003809938946414,4.579015712512659,6.671384458434963,0.0,4.0,,gc_formula_si,"Si monomer: HSP NOT reliable (Si groups fitted on 51 HSPiP Si compounds, only 7 measured, all much smaller than the monomers)",0.0,17.51883953671413,17.51883953671413,2.932278591937385,2.932278591937385,2.984911524020125,2.984911524020125,2,Si,Sigma-Aldrich,https://www.sigmaaldrich.com/catalog/product/aldrich/t256749,41.626246251287945,2.338553160184716,2.7528820516124486,0.3932688645160641,4.84254414662298,0.9685088293245959,10.506798392914915,1.500971198987845,11.601649420756619,-17.571472468796866,-17.46620660463139,0,Si: HSP unreliable
C=C[C@]1(C)[C@H]2C=CC[C@H]2[C@]1(O)C1=C[C@@H](O[Si](c2ccccc2)(c2ccccc2)C(C)(C)C)CC1,C=C[C@]1(C)[C@H]2C=CC[C@H]2[C@]1(OC(=O)[C@@H]1[C@H](C(=O)O[C@]2(C3=C[C@@H](O[Si](c4ccccc4)(c4ccccc4)C(C)(C)C)CC3)[C@@H]3CC=C[C@@H]3[C@@]2(C)C=C)[C@@H]2C=C[C@@H]1C2)C1=C[C@@H](O[Si](c2ccccc2)(c2ccccc2)C(C)(C)C)CC1,ester,Sigma-Aldrich,monoalcohol,470.729,False,,0,26.1413,-3.591,9.2358,4,True,2,True,0,2,0,True,,17.594492812586036,2.511690311666817,2.915494687434775,1059.363994507812,22.216994781828124,3.789057041472209,8.017296690855286,0.0,8.0,,gc_formula_si,"Si monomer: HSP NOT reliable (Si groups fitted on 51 HSPiP Si compounds, only 7 measured, all much smaller than the monomers)",0.0,17.594492812586036,17.594492812586036,2.511690311666817,2.511690311666817,2.915494687434775,2.915494687434775,2,Si,Sigma-Aldrich,https://www.sigmaaldrich.com/catalog/product/aldrich/t234486,41.84042731057797,2.3505858039650547,2.9624321625503667,0.4232045946500524,4.638053908864037,0.9276107817728073,10.518219291496392,1.502602755928056,12.167307813484445,-17.998297188353995,-17.19068843681808,0,Si: HSP unreliable
C=CC[C@H]1OC(O)[C@@H]2C=C[C@H](O[Si](c3ccccc3)(c3ccccc3)C(C)(C)C)C[C@H]12,C=CC[C@H]1OC(OC(=O)[C@@H]2[C@H](C(=O)OC3O[C@H](CC=C)[C@H]4C[C@@H](O[Si](c5ccccc5)(c5ccccc5)C(C)(C)C)C=C[C@@H]34)[C@@H]3C=C[C@@H]2C3)[C@@H]2C=C[C@H](O[Si](c3ccccc3)(c3ccccc3)C(C)(C)C)C[C@H]12,ester,Sigma-Aldrich,monoalcohol,434.652,False,,0,26.7562,-1.5794,6.2262,4,True,2,True,0,2,4,True,,17.55520802736936,2.908326326884542,2.8516758220535863,971.313475768812,21.424724940861054,2.756526966440872,6.67965569411881,0.0,8.0,,gc_formula_si,"Si monomer: HSP NOT reliable (Si groups fitted on 51 HSPiP Si compounds, only 7 measured, all much smaller than the monomers)",0.0,17.55520802736936,17.55520802736936,2.908326326884542,2.908326326884542,2.8516758220535863,2.8516758220535863,2,Si,Sigma-Aldrich,https://www.sigmaaldrich.com/catalog/product/aldrich/t267511,41.766705881057334,2.3464441506211986,2.8699703944297847,0.4099957706328264,4.784621801733617,0.9569243603467233,10.530080577747839,1.5042972253925484,11.795205878431233,-17.498557522538405,-17.611858532200316,0,Si: HSP unreliable
CC(C)[C@@H]1CSC(=S)N1C(=O)C[C@@H](O)C[C@H](COCOCC[Si](C)(C)C)O[Si](C)(C)C(C)(C)C,CC(C)[C@@H]1CSC(=S)N1C(=O)C[C@H](C[C@H](COCOCC[Si](C)(C)C)O[Si](C)(C)C(C)(C)C)OC(=O)[C@@H]1[C@H](C(=O)O[C@H](CC(=O)N2C(=S)SC[C@H]2C(C)C)C[C@H](COCOCC[Si](C)(C)C)O[Si](C)(C)C(C)(C)C)[C@@H]2C=C[C@@H]1C2,ester,Sigma-Aldrich,monoalcohol,551.964,False,,0,20.1661,7.4496,3.7835,0,True,4,True,0,0,0,True,,16.105023436445887,6.0153557332473335,5.328740975463021,1253.9876004340204,16.687914505904867,8.967126973065412,9.19258637846382,0.0,16.0,,gc_formula_si,"Si monomer: HSP NOT reliable (Si groups fitted on 51 HSPiP Si compounds, only 7 measured, all much smaller than the monomers)",0.0,16.105023436445887,16.105023436445887,6.0153557332473335,6.0153557332473335,5.328740975463021,5.328740975463021,4,Si,Sigma-Aldrich,https://www.sigmaaldrich.com/catalog/product/aldrich/t261262,38.31489695180713,2.1525223006633216,3.9994801831811313,0.5713543118830188,8.045622935635974,1.6091245871271949,10.533599735706364,1.5047999622437662,4.760926727735532,-15.418408678661574,-16.7916381942302,0,Si: HSP unreliable
CC1(C)C2CCC1(/C=C/[C@]1(O)CO[C@@H](c3ccccc3)O[C@H]1CCO[Si](C)(C)C(C)(C)C)C(=O)C2,CC1(C)C2CCC1(/C=C/[C@]1(OC(=O)[C@@H]3[C@H](C(=O)O[C@@]4(/C=C/C56CCC(CC5=O)C6(C)C)CO[C@@H](c5ccccc5)O[C@H]4CCO[Si](C)(C)C(C)(C)C)[C@@H]4C=C[C@@H]3C4)CO[C@@H](c3ccccc3)O[C@H]1CCO[Si](C)(C)C(C)(C)C)C(=O)C2,ester,Sigma-Aldrich,monoalcohol,500.752,False,,0,20.8269,-10.3022,10.2088,0,True,2,True,0,6,2,True,,17.028245372513357,4.716326409470495,3.7299111228157926,1150.6463845078713,19.93963341999842,8.764078308458807,7.794642081342801,0.0,8.0,,gc_formula_si,"Si monomer: HSP NOT reliable (Si groups fitted on 51 HSPiP Si compounds, only 7 measured, all much smaller than the monomers)",0.0,17.028245372513357,17.028245372513357,4.716326409470495,4.716326409470495,3.7299111228157926,3.7299111228157926,2,Si,Sigma-Aldrich,https://www.sigmaaldrich.com/catalog/product/aldrich/t264547,40.302793716638746,2.264201894193188,2.486367684015868,0.3551953834308383,6.18686811521971,1.237373623043942,10.53996222970021,1.505708889957173,8.58200784022707,-16.041830085858656,-18.014660659168058,0,Si: HSP unreliable
CC(C)(C)[Si](OCCCO)(c1ccccc1)c1ccccc1,CC(C)(C)[Si](OCCCOC(=O)[C@@H]1[C@H](C(=O)OCCCO[Si](c2ccccc2)(c2ccccc2)C(C)(C)C)[C@@H]2C=C[C@@H]1C2)(c1ccccc1)c1ccccc1,ester,Ambeed,monoalcohol,314.501,False,,0,24.0551,4.234,6.9968,0,True,2,True,0,0,0,True,,17.51143094393945,2.895055856695407,3.2066240732623053,734.4849990480054,20.90182811809796,2.683081526681523,4.915392850712019,0.0,4.0,,gc_formula_si,"Si monomer: HSP NOT reliable (Si groups fitted on 51 HSPiP Si compounds, only 7 measured, all much smaller than the monomers)",0.0,17.51143094393945,17.51143094393945,2.895055856695407,2.895055856695407,3.2066240732623053,3.2066240732623053,2,Si,Ambeed,https://www.ambeed.com/products/127047-71-6.html,41.42722559039304,2.3273722241793844,2.569547484084481,0.3670782120120687,4.953185448612623,0.9906370897225246,10.548139991192953,1.5068771415989932,11.40975101398174,-17.82299916050635,-17.199862727372555,0,Si: HSP unreliable
CC[C@H](O)CCC/C=C(\C)C1(c2ccccc2)OC12C[C@@H]1[C@@H](C=C[C@@H]3C[C@@H](O[Si](C)(C)C(C)(C)C)C[C@@H]13)[C@@H]2CCO,CC[C@H](O)CCC/C=C(\C)C1(c2ccccc2)OC12C[C@@H]1[C@@H](C=C[C@@H]3C[C@@H](O[Si](C)(C)C(C)(C)C)C[C@@H]13)[C@@H]2CCOC(=O)[C@@H]1[C@H](C(=O)OCC[C@H]2[C@@H]3C=C[C@@H]4C[C@@H](O[Si](C)(C)C(C)(C)C)C[C@H]4[C@@H]3CC23OC3(/C(C)=C/CCC[C@@H](O)CC)c2ccccc2)[C@@H]2C=C[C@@H]1C2,ester,Sigma-Aldrich,diol,580.926,False,,0,24.449,-5.4618,9.42,0,True,2,True,0,4,4,True,,17.263328027484796,3.052955952922138,4.34407452795246,1248.3350943813375,19.986839577451036,7.183548658431339,6.052966067474763,0.0,8.0,,gc_formula_si,"Si monomer: HSP NOT reliable (Si groups fitted on 51 HSPiP Si compounds, only 7 measured, all much smaller than the monomers)",0.0,17.263328027484796,17.263328027484796,3.052955952922138,3.052955952922138,4.34407452795246,4.34407452795246,2,Si,Sigma-Aldrich,https://www.sigmaaldrich.com/catalog/product/aldrich/t260517,40.25811136810388,2.2616916498934763,1.7904509317353023,0.2557787045336146,5.648320733548963,1.1296641467097925,10.558758179852461,1.5083940256932087,9.866297546610198,-18.55444660251512,-15.972209452454472,0,Si: HSP unreliable
C[Si]1(C)C2CCC1C1C(O)=CC(=O)C12,C[Si]1(C)C2CCC1C1C(OC(=O)[C@@H]3[C@H](C(=O)OC4=CC(=O)C5C4C4CCC5[Si]4(C)C)[C@@H]4C=C[C@@H]3C4)=CC(=O)C12,ester,Sigma-Aldrich,monoalcohol,208.333,False,,0,18.4533,1.9858,3.7233,2,True,2,True,2,2,2,True,,16.81526280422366,5.346198288532039,3.8968101150254175,509.1935637172588,18.37948304729487,3.688079298065088,4.4910914936546895,0.0,8.0,,gc_formula_si,"Si monomer: HSP NOT reliable (Si groups fitted on 51 HSPiP Si compounds, only 7 measured, all much smaller than the monomers)",0.0,16.81526280422366,16.81526280422366,5.346198288532039,5.346198288532039,3.8968101150254175,3.8968101150254175,2,Si,Sigma-Aldrich,https://www.sigmaaldrich.com/catalog/product/aldrich/t222593,39.94030732512444,2.24383749017553,2.922419661174557,0.4174885230249367,6.695442348533294,1.3390884697066587,10.559759325106539,1.5085370464437913,7.572254400666203,-15.365874630717038,-18.264650977730284,0,Si: HSP unreliable
CCOC(=O)C(CC(C)[C@H](O)CO[Si](C)(C)C(C)(C)C)P(=O)(OCC)OCC,CCOC(=O)C(CC(C)[C@@H](CO[Si](C)(C)C(C)(C)C)OC(=O)[C@@H]1[C@H](C(=O)O[C@H](CO[Si](C)(C)C(C)(C)C)C(C)CC(C(=O)OCC)P(=O)(OCC)OCC)[C@@H]2C=C[C@@H]1C2)P(=O)(OCC)OCC,ester,Sigma-Aldrich,monoalcohol,440.59,False,,0,8.8605,5.3322,9.8732,4,True,2,True,0,0,0,True,,15.933858277136286,6.549945283903806,5.185553378976645,1006.1989638881424,12.66402820435102,8.320792914781697,5.662821656645071,0.0,12.0,,gc_formula_si,"Si monomer: HSP NOT reliable (Si groups fitted on 51 HSPiP Si compounds, only 7 measured, all much smaller than the monomers)",0.0,15.933858277136286,15.933858277136286,6.549945283903806,6.549945283903806,5.185553378976645,5.185553378976645,4,"P,Si",Sigma-Aldrich,http://www.sigmaaldrich.com/catalog/product/aldrich/t269115,38.30846661171082,2.1521610456017313,4.58813975423679,0.6554485363195415,8.38617827816916,1.677235655633832,10.565183599671201,1.5093119428101716,4.198359614255834,-14.569466372209124,-17.298250182063445,0,Si: HSP unreliable  no groups: P
CC(C)(C)O[Si](OC/C=C/[C@@H](CO[Si](OC(C)(C)C)(c1ccccc1)c1ccccc1)CC(O)C#CCCCOCc1ccccc1)(c1ccccc1)c1ccccc1,CC(C)(C)O[Si](OC/C=C/[C@@H](CO[Si](OC(C)(C)C)(c1ccccc1)c1ccccc1)CC(C#CCCCOCc1ccccc1)OC(=O)[C@@H]1[C@H](C(=O)OC(C#CCCCOCc2ccccc2)C[C@@H](/C=C/CO[Si](OC(C)(C)C)(c2ccccc2)c2ccccc2)CO[Si](OC(C)(C)C)(c2ccccc2)c2ccccc2)[C@@H]2C=C[C@@H]1C2)(c1ccccc1)c1ccccc1,ester,Sigma-Aldrich,monoalcohol,827.223,False,,0,31.0033,3.2084,11.283,0,True,4,True,0,2,0,True,,17.57878821660029,2.9633050269783587,2.816168223998072,1719.5169880049268,25.253846162913145,8.02901547964003,11.237879220985262,0.0,12.0,,gc_formula_si,"Si monomer: HSP NOT reliable (Si groups fitted on 51 HSPiP Si compounds, only 7 measured, all much smaller than the monomers)",0.0,17.57878821660029,17.57878821660029,2.9633050269783587,2.9633050269783587,2.816168223998072,2.816168223998072,4,Si,Sigma-Aldrich,https://www.sigmaaldrich.com/catalog/product/aldrich/t282448,41.78772342845602,2.347624911711012,2.8768192655815548,0.410974180797365,4.822154846169362,0.9644309692338725,10.579332587574847,1.5113332267964066,11.79931496562386,-17.431651413620006,-17.725925019580576,0,Si: HSP unreliable
C=C1CC2CC[C@]1(C)C(OCOCC[Si](C)(C)C)C2(O)CS(=O)(=NC)c1ccccc1,C=C1CC2CC[C@]1(C)C(OCOCC[Si](C)(C)C)C2(CS(=O)(=NC)c1ccccc1)OC(=O)[C@@H]1[C@H](C(=O)OC2(CS(=O)(=NC)c3ccccc3)C3CC[C@@](C)(C(=C)C3)C2OCOCC[Si](C)(C)C)[C@@H]2C=C[C@@H]1C2,ester,Sigma-Aldrich,monoalcohol,465.732,False,,0,19.7695,-6.704,7.8528,6,True,2,True,0,2,6,True,,16.858708849346435,5.023162185887003,4.190655730943106,1017.9440304511772,19.11256640910257,4.926069716306845,4.132935692997289,2.0,14.0,,gc_formula_si,"Si monomer: HSP NOT reliable (Si groups fitted on 51 HSPiP Si compounds, only 7 measured, all much smaller than the monomers)",2.0,16.858708849346435,16.858708849346435,5.023162185887003,5.023162185887003,4.190655730943106,4.190655730943106,2,Si,Sigma-Aldrich,https://www.sigmaaldrich.com/catalog/product/aldrich/t260096,39.75169742242473,2.2332414282261084,2.553427467525455,0.3647753525036364,6.636443031802763,1.3272886063605527,10.581738561103313,1.5116769373004733,7.644890932516326,-16.02620239440254,-17.69121530429033,0,Si: HSP unreliable
CC(C)(C)[Si](OC[C@@H]1CCC(O)O1)(c1ccccc1)c1ccccc1,CC(C)(C)[Si](OC[C@@H]1CCC(OC(=O)[C@@H]2[C@H](C(=O)OC3CC[C@@H](CO[Si](c4ccccc4)(c4ccccc4)C(C)(C)C)O3)[C@@H]3C=C[C@@H]2C3)O1)(c1ccccc1)c1ccccc1,ester,Sigma-Aldrich,monoalcohol,356.538,False,,0,25.3,7.4646,5.9512,0,True,2,True,0,0,0,True,,17.51055993648826,3.1126820885953213,3.147609694127627,808.6440788911468,21.20233620039722,2.9245959272947566,5.498772171913065,0.0,4.0,,gc_formula_si,"Si monomer: HSP NOT reliable (Si groups fitted on 51 HSPiP Si compounds, only 7 measured, all much smaller than the monomers)",0.0,17.51055993648826,17.51055993648826,3.1126820885953213,3.1126820885953213,3.147609694127627,3.147609694127627,2,Si,Sigma-Aldrich,https://www.sigmaaldrich.com/catalog/product/aldrich/t263311,41.41451478220924,2.3266581338319794,2.5472950057352337,0.3638992865336048,5.045597884349304,1.0091195768698609,10.590664954638688,1.5129521363769556,11.250268153765312,-17.545487542020567,-17.475632330955953,0,Si: HSP unreliable
CCN(CC)C(=O)c1ccc(C(O)c2cccc(O[Si](C)(C)C(C)(C)C)c2)cc1,CCN(CC)C(=O)c1ccc(C(OC(=O)[C@@H]2[C@H](C(=O)OC(c3ccc(C(=O)N(CC)CC)cc3)c3cccc(O[Si](C)(C)C(C)(C)C)c3)[C@@H]3C=C[C@@H]2C3)c2cccc(O[Si](C)(C)C(C)(C)C)c2)cc1,ester,Combi-Blocks,monoalcohol,413.634,False,,0,22.2677,-6.2006,7.8088,2,True,2,True,0,0,0,True,,17.15289015578169,4.522499068306684,3.530569259615362,955.3975487636764,17.42482543040901,5.469181528036098,3.3862930141353864,0.0,10.0,,gc_formula_si,"Si monomer: HSP NOT reliable (Si groups fitted on 51 HSPiP Si compounds, only 7 measured, all much smaller than the monomers)",0.0,17.15289015578169,17.15289015578169,4.522499068306684,4.522499068306684,3.530569259615362,3.530569259615362,2,Si,Combi-Blocks,https://www.combi-blocks.com/cgi-bin/find.cgi?HE-5899,40.567597550740196,2.2790785140865277,2.4374509498965624,0.3482072785566518,5.985616391909278,1.1971232783818555,10.593905798977342,1.5134151141396204,9.099821827859646,-16.16096034709037,-18.14481996447301,0,Si: HSP unreliable
CC(C)(C)[Si](OCC1(O)CC1)(c1ccccc1)c1ccccc1,CC(C)(C)[Si](OCC1(OC(=O)[C@@H]2[C@H](C(=O)OC3(CO[Si](c4ccccc4)(c4ccccc4)C(C)(C)C)CC3)[C@@H]3C=C[C@@H]2C3)CC1)(c1ccccc1)c1ccccc1,ester,Combi-Blocks,monoalcohol,326.512,False,,0,24.2075,7.1982,6.7646,0,True,2,True,0,0,0,True,,17.54492669205744,2.906591828708195,3.1754153932566047,778.2812048751655,21.094209546852007,1.611100068550778,3.9510061313573086,0.0,4.0,,gc_formula_si,"Si monomer: HSP NOT reliable (Si groups fitted on 51 HSPiP Si compounds, only 7 measured, all much smaller than the monomers)",0.0,17.54492669205744,17.54492669205744,2.906591828708195,2.906591828708195,3.1754153932566047,3.1754153932566047,2,Si,Combi-Blocks,https://www.combi-blocks.com/cgi-bin/find.cgi?QV-3429,41.45958705647982,2.3291902840719,2.5789150739015647,0.36841643912879496,4.973018082898208,0.9946036165796416,10.60305604927593,1.5147222927537043,11.462919470092642,-17.81375025660585,-17.27610312750903,0,Si: HSP unreliable
CC1(C)O[C@@H]2O[C@H](CO[Si](c3ccccc3)(c3ccccc3)C(C)(C)C)[C@H](O)[C@@H]2O1,CC1(C)O[C@@H]2O[C@H](CO[Si](c3ccccc3)(c3ccccc3)C(C)(C)C)[C@H](OC(=O)[C@@H]3[C@H](C(=O)O[C@@H]4[C@@H]5OC(C)(C)O[C@@H]5O[C@@H]4CO[Si](c4ccccc4)(c4ccccc4)C(C)(C)C)[C@@H]4C=C[C@@H]3C4)[C@@H]2O1,ester,Ambeed,monoalcohol,428.601,False,,0,26.7882,13.2522,5.9848,0,True,2,True,0,0,0,True,,17.42612617362066,3.630893725581605,3.1647727502846124,927.5229057572542,21.023201967435423,5.100894020696932,7.426152281838205,0.0,4.0,,gc_formula_si,"Si monomer: HSP NOT reliable (Si groups fitted on 51 HSPiP Si compounds, only 7 measured, all much smaller than the monomers)",0.0,17.42612617362066,17.42612617362066,3.630893725581605,3.630893725581605,3.1647727502846124,3.1647727502846124,2,Si,Ambeed,https://www.ambeed.com/products/133048-89-2.html,41.223787429851086,2.315943114036578,2.4667450307947845,0.3523921472563978,5.317124828614231,1.0634249657228463,10.608687489192098,1.5155267841702997,10.630459697754443,-16.960005198323667,-17.89224714891765,0,Si: HSP unreliable
C[Si](C)(C)CCCN,C[Si](C)(C)CCCNC(=O)[C@@H]1[C@H](C(=O)NCCC[Si](C)(C)C)[C@@H]2C=C[C@@H]1C2,amide,Ambeed,monoamine,131.295,False,,0,13.4109,-2.0518,7.2063,0,True,2,True,2,0,0,True,,16.12573647252912,6.702449295734736,4.553494345400932,431.9327307688783,15.585248618792164,6.046234063799087,3.202311976061411,0.0,8.0,,gc_formula_si,"Si monomer: HSP NOT reliable (Si groups fitted on 51 HSPiP Si compounds, only 7 measured, all much smaller than the monomers)",0.0,16.12573647252912,16.12573647252912,6.702449295734736,6.702449295734736,4.553494345400932,4.553494345400932,2,Si,Ambeed,https://www.ambeed.com/products/18187-14-9.html,38.894849566019346,2.185103908203334,4.467910971251451,0.6382729958930644,8.110401249230502,1.6220802498461004,10.611306179371056,1.5159008827672937,4.869792831393452,-13.976781522195315,-18.274691422862926,0,Si: HSP unreliable
C#C[C@H](C/C=C/C=C/CO)O[Si](c1ccccc1)(c1ccccc1)C(C)(C)C,C#C[C@H](C/C=C/C=C/COC(=O)[C@@H]1[C@H](C(=O)OC/C=C/C=C/C[C@@H](C#C)O[Si](c2ccccc2)(c2ccccc2)C(C)(C)C)[C@@H]2C=C[C@@H]1C2)O[Si](c1ccccc1)(c1ccccc1)C(C)(C)C,ester,Sigma-Aldrich,monoalcohol,390.599,False,,0,25.2284,-2.3544,9.252,0,True,2,True,0,0,0,True,,17.598171780347,2.921638703914006,2.876629191726777,907.4042026289206,21.31586249453276,4.878398005950014,7.353172790268228,0.0,4.0,,gc_formula_si,"Si monomer: HSP NOT reliable (Si groups fitted on 51 HSPiP Si compounds, only 7 measured, all much smaller than the monomers)",0.0,17.598171780347,17.598171780347,2.921638703914006,2.921638703914006,2.876629191726777,2.876629191726777,2,Si,Sigma-Aldrich,https://www.sigmaaldrich.com/catalog/product/aldrich/t291331,41.74751488839721,2.3453660049661353,2.8288166685687446,0.4041166669383921,4.853036998422755,0.9706073996845509,10.619760608509672,1.5171086583585247,11.799903884706215,-17.55316226815977,-17.643181292534226,0,Si: HSP unreliable
C[C@@H]1CCC[C@@H](C(C)(C)O)C2CCO[Si](c3ccccc3)(c3ccccc3)O[C@@H]21,C[C@@H]1CCC[C@@H](C(C)(C)OC(=O)[C@@H]2[C@H](C(=O)OC(C)(C)[C@@H]3CCC[C@@H](C)[C@H]4O[Si](c5ccccc5)(c5ccccc5)OCCC34)[C@@H]3C=C[C@@H]2C3)C2CCO[Si](c3ccccc3)(c3ccccc3)O[C@@H]21,ester,Sigma-Aldrich,monoalcohol,410.63,False,,0,26.161,0.773,6.3184,0,True,2,True,0,0,0,True,,17.54825835637924,3.223405145206754,2.89925571774623,938.581460686794,21.695214060916136,3.814463079707906,3.2801495222642,0.0,6.0,,gc_formula_si,"Si monomer: HSP NOT reliable (Si groups fitted on 51 HSPiP Si compounds, only 7 measured, all much smaller than the monomers)",0.0,17.54825835637924,17.54825835637924,3.223405145206754,3.223405145206754,2.89925571774623,2.89925571774623,2,Si,Sigma-Aldrich,https://www.sigmaaldrich.com/catalog/product/aldrich/t254517,41.62260774215128,2.3383487495590605,2.7340714767064704,0.39058163952949576,5.0028611957670766,1.0005722391534153,10.621603495133591,1.5173719278762274,11.425597493426256,-17.224108928918714,-17.872407783839765,0,Si: HSP unreliable
CC(O)CS(C)(=O)=N[Si](c1ccccc1)(c1ccccc1)C(C)(C)C,CC(CS(C)(=O)=N[Si](c1ccccc1)(c1ccccc1)C(C)(C)C)OC(=O)[C@@H]1[C@H](C(=O)OC(C)CS(C)(=O)=N[Si](c2ccccc2)(c2ccccc2)C(C)(C)C)[C@@H]2C=C[C@@H]1C2,ester,Combi-Blocks,monoalcohol,375.61,False,,0,21.5605,-4.5556,8.1928,6,True,2,True,0,0,0,True,,17.115239502131786,4.5275556883633135,3.812310270353691,845.5900070616082,20.72751604718083,0.0,3.907152862067657,2.0,10.0,,gc_formula_si,"Si monomer: HSP NOT reliable (Si groups fitted on 51 HSPiP Si compounds, only 7 measured, all much smaller than the monomers)",2.0,17.115239502131786,17.115239502131786,4.5275556883633135,4.5275556883633135,3.812310270353691,3.812310270353691,2,Si,Combi-Blocks,https://www.combi-blocks.com/cgi-bin/find.cgi?HD-1994,40.29088276280522,2.263532739483439,2.2622357355752487,0.32317653365360693,6.139294087435424,1.2278588174870848,10.63060814598182,1.5186583065688313,8.775373543414782,-16.399994084122163,-17.83048492014141,0,Si: HSP unreliable
C=CC[C@@H](CC(=O)CC(O)C[C@H](C[C@H](COCOCC[Si](C)(C)C)OCOCc1ccccc1)O[Si](c1ccccc1)(c1ccccc1)C(C)(C)C)OCOCc1ccccc1,C=CC[C@@H](CC(=O)CC(C[C@H](C[C@H](COCOCC[Si](C)(C)C)OCOCc1ccccc1)O[Si](c1ccccc1)(c1ccccc1)C(C)(C)C)OC(=O)[C@@H]1[C@H](C(=O)OC(CC(=O)C[C@H](CC=C)OCOCc2ccccc2)C[C@H](C[C@H](COCOCC[Si](C)(C)C)OCOCc2ccccc2)O[Si](c2ccccc2)(c2ccccc2)C(C)(C)C)[C@@H]2C=C[C@@H]1C2)OCOCc1ccccc1,ester,Sigma-Aldrich,monoalcohol,885.3,False,,0,30.3405,8.0568,9.745,4,True,4,True,0,0,0,True,,17.238810340388426,4.12262910034487,3.68968714565384,1842.23728693932,23.89167107301669,13.606971832507725,18.967813513729546,0.0,16.0,,gc_formula_si,"Si monomer: HSP NOT reliable (Si groups fitted on 51 HSPiP Si compounds, only 7 measured, all much smaller than the monomers)",0.0,17.238810340388426,17.238810340388426,4.12262910034487,4.12262910034487,3.68968714565384,3.68968714565384,4,Si,Sigma-Aldrich,https://www.sigmaaldrich.com/catalog/product/aldrich/t261173,40.5453085300609,2.2778263219135337,2.141618939762891,0.3059455628232701,5.8425440822209,1.16850881644418,10.630760046011817,1.5186800065731167,9.426494094389716,-16.805868385697394,-17.671752295079457,0,Si: HSP unreliable
COc1ccc(CC[C@@H](O)c2cccc(O[Si](C)(C)C(C)(C)C)c2)cc1OC,COc1ccc(CC[C@@H](OC(=O)[C@@H]2[C@H](C(=O)O[C@H](CCc3ccc(OC)c(OC)c3)c3cccc(O[Si](C)(C)C(C)(C)C)c3)[C@@H]3C=C[C@@H]2C3)c2cccc(O[Si](C)(C)C(C)(C)C)c2)cc1OC,ester,Ambeed,monoalcohol,402.607,False,,0,23.2237,8.865,4.9234,2,True,2,True,0,0,0,True,,17.212166707176753,3.744405266619823,4.190892391972095,919.800975087762,17.7720998752667,5.552610651928946,3.80326596050618,0.0,10.0,,gc_formula_si,"Si monomer: HSP NOT reliable (Si groups fitted on 51 HSPiP Si compounds, only 7 measured, all much smaller than the monomers)",0.0,17.212166707176753,17.212166707176753,3.744405266619823,3.744405266619823,4.190892391972095,4.190892391972095,2,Si,Ambeed,https://www.ambeed.com/products/1013621-67-4.html,40.17747807269347,2.257161689477161,1.766398701046251,0.25234267157803586,5.908666706500424,1.1817333413000848,10.631215519177339,1.5187450741681912,9.276869048584835,-17.658653832529026,-16.76567958182448,0,Si: HSP unreliable
COCCOCO[C@H](CC(=O)N(C)OC)C[C@H](C[C@@H]1C=C[C@@H]2[C@@H](C[C@@H](C)[C@H]2OCc2ccc(OC)cc2)[C@@H]1CO)O[Si](C)(C)C(C)(C)C,COCCOCO[C@H](CC(=O)N(C)OC)C[C@H](C[C@@H]1C=C[C@@H]2[C@@H](C[C@@H](C)[C@H]2OCc2ccc(OC)cc2)[C@@H]1COC(=O)[C@@H]1[C@H](C(=O)OC[C@H]2[C@@H]3C[C@@H](C)[C@@H](OCc4ccc(OC)cc4)[C@@H]3C=C[C@H]2C[C@@H](C[C@@H](CC(=O)N(C)OC)OCOCCOC)O[Si](C)(C)C(C)(C)C)[C@@H]2C=C[C@@H]1C2)O[Si](C)(C)C(C)(C)C,ester,Sigma-Aldrich,monoalcohol,693.995,False,,0,23.3671,5.5902,8.6436,0,True,2,True,0,2,4,True,,16.801137512991698,5.024792711978428,4.536052883777852,1466.3374752320024,17.287091830984533,14.02276040361409,15.13236826952575,0.0,8.0,,gc_formula_si,"Si monomer: HSP NOT reliable (Si groups fitted on 51 HSPiP Si compounds, only 7 measured, all much smaller than the monomers)",0.0,16.801137512991698,16.801137512991698,5.024792711978428,5.024792711978428,4.536052883777852,4.536052883777852,2,Si,Sigma-Aldrich,https://www.sigmaaldrich.com/catalog/product/aldrich/t274909,39.41246899298141,2.21418365129109,2.4870178446489746,0.35528826352128207,6.843162484589337,1.3686324969178674,10.634925160275076,1.5192750228964393,7.240291917235417,-16.312397684791122,-17.289877341192273,0,Si: HSP unreliable
CCO[Si](CCCN(CCO)CCO)(OCC)OCC,CCO[Si](CCCN(CCO)CCOC(=O)[C@@H]1[C@H](C(=O)OCCN(CCO)CCC[Si](OCC)(OCC)OCC)[C@@H]2C=C[C@@H]1C2)(OCC)OCC,ester,Sigma-Aldrich,"diol,monoamine",309.479,False,,0,19.6148,18.2796,18.0717,0,True,2,True,0,0,0,True,,16.032687329852205,4.888547802288844,6.701637224774381,714.3134479986089,14.876032447583489,11.098883697107464,6.356264467324134,0.0,8.0,,gc_formula_si,"Si monomer: HSP NOT reliable (Si groups fitted on 51 HSPiP Si compounds, only 7 measured, all much smaller than the monomers)",0.0,16.032687329852205,16.032687329852205,4.888547802288844,4.888547802288844,6.701637224774381,6.701637224774381,2,Si,Sigma-Aldrich,https://www.sigmaaldrich.com/catalog/product/aldrich/14865?utm_source=pubchem&utm_campaign=pubchem_2017&utm_medium=referral,37.30740979194521,2.0959218984238883,3.8619600041472855,0.5517085720210407,8.312380246489626,1.6624760492979251,10.641290356999685,1.5201843367142407,4.442502302788981,-17.84577675233774,-14.21959790736667,2,Si: HSP unreliable  basic N x2
CC(C)(C)[Si](C)(C)O[C@H]1CCCC12OC(=O)[C@H](O)[C@@H]2O,CC(C)(C)[Si](C)(C)O[C@H]1CCCC12OC(=O)[C@H](OC(=O)[C@@H]1[C@H](C(=O)O[C@H]3C(=O)OC4(CCC[C@@H]4O[Si](C)(C)C(C)(C)C)[C@H]3O)[C@@H]3C=C[C@@H]1C3)[C@@H]2O,ester,Sigma-Aldrich,diol,302.443,False,,0,16.5316,10.8314,17.4795,0,True,2,True,0,0,0,True,,16.302007055479564,6.447516275747858,4.452658207674826,746.4177344769003,15.824579215868043,4.591409432002416,4.699171925870016,0.0,8.0,,gc_formula_si,"Si monomer: HSP NOT reliable (Si groups fitted on 51 HSPiP Si compounds, only 7 measured, all much smaller than the monomers)",0.0,16.302007055479564,16.302007055479564,6.447516275747858,6.447516275747858,4.452658207674826,4.452658207674826,2,Si,Sigma-Aldrich,https://www.sigmaaldrich.com/catalog/product/aldrich/t273619,39.06717403799949,2.194785058314578,4.069729162055281,0.5813898802936116,7.8356012758112135,1.5671202551622427,10.643986591090096,1.520569513012871,5.401832572056879,-14.307148987406531,-18.296865123552596,0,Si: HSP unreliable
COCO[C@H]1C(=O)[C@@]2(C)[C@H](C[C@H](O[Si](C)(C)C(C)(C)C)[C@]3(O)CCC1C3(C)C)[C@]1(COC(C)(C)O1)[C@H](OCc1ccc(OC)cc1)C[C@@H]2O,COCO[C@H]1C(=O)[C@@]2(C)[C@H](C[C@H](O[Si](C)(C)C(C)(C)C)[C@]3(OC(=O)[C@@H]4[C@H](C(=O)O[C@]56CCC([C@@H](OCOC)C(=O)[C@@]7(C)[C@H](C[C@@H]5O[Si](C)(C)C(C)(C)C)[C@]5(COC(C)(C)O5)[C@H](OCc5ccc(OC)cc5)C[C@@H]7O)C6(C)C)[C@@H]5C=C[C@@H]4C5)CCC1C3(C)C)[C@]1(COC(C)(C)O1)[C@H](OCc1ccc(OC)cc1)C[C@@H]2O,ester,Sigma-Aldrich,diol,706.99,False,,0,24.8299,7.239,4.6731,0,True,2,True,2,2,4,True,,16.891425801205212,4.994273821444146,4.30071495678245,1475.3999116442928,18.633123884997325,13.00661564661234,10.69349280598918,0.0,8.0,,gc_formula_si,"Si monomer: HSP NOT reliable (Si groups fitted on 51 HSPiP Si compounds, only 7 measured, all much smaller than the monomers)",0.0,16.891425801205212,16.891425801205212,4.994273821444146,4.994273821444146,4.30071495678245,4.30071495678245,2,Si,Sigma-Aldrich,https://www.sigmaaldrich.com/catalog/product/aldrich/t256064,39.65874349439332,2.228019297437827,2.436749496777554,0.348107070968222,6.6961226136010605,1.3392245227202122,10.663541678592983,1.5233630969418548,7.596437022978616,-16.197866936543516,-17.58498466586691,0,Si: HSP unreliable
C[Si](C)(C)CNCc1ccccc1,C[Si](C)(C)CN(Cc1ccccc1)C(=O)[C@@H]1[C@H](C(=O)N(Cc2ccccc2)C[Si](C)(C)C)[C@@H]2C=C[C@@H]1C2,amide,Sigma-Aldrich,monoamine,193.366,False,,0,20.6835,-4.0088,3.3453,0,True,2,True,0,0,0,True,,16.964504265888696,5.358086852132307,3.523664558921228,536.2249890404331,18.35366526404841,4.150099114318477,4.790985855783404,0.0,8.0,,gc_formula_si,"Si monomer: HSP NOT reliable (Si groups fitted on 51 HSPiP Si compounds, only 7 measured, all much smaller than the monomers)",0.0,16.964504265888696,16.964504265888696,5.358086852132307,5.358086852132307,3.523664558921228,3.523664558921228,2,Si,Sigma-Aldrich,https://www.sigmaaldrich.com/catalog/product/aldrich/303615?utm_source=pubchem&utm_campaign=pubchem_2017&utm_medium=referral,40.316666487509174,2.264981263343212,2.970543978953666,0.4243634255648094,6.549165619857824,1.3098331239715648,10.670955588602277,1.5244222269431824,8.08275285483516,-15.130081972677619,-18.798926559099773,0,Si: HSP unreliable
CC(C)(C)[Si](C)(C)O[C@]12CC[C@@]1(C)C[C@@H]1C[C@](C)(CO)CC1=C2CO,CC(C)(C)[Si](C)(C)O[C@]12CC[C@@]1(C)C[C@@H]1C[C@](C)(COC(=O)[C@@H]3[C@H](C(=O)OC[C@]4(C)CC5=C(CO)[C@@]6(O[Si](C)(C)C(C)(C)C)CC[C@@]6(C)C[C@@H]5C4)[C@@H]4C=C[C@@H]3C4)CC1=C2CO,ester,Sigma-Aldrich,diol,366.618,False,,0,19.6273,7.2402,4.7355,0,True,2,True,0,0,2,True,,16.4922949706935,3.328581082638642,6.728239070444285,831.9548428562579,15.688145982662572,6.245005172244498,2.424863381708074,0.0,8.0,,gc_formula_si,"Si monomer: HSP NOT reliable (Si groups fitted on 51 HSPiP Si compounds, only 7 measured, all much smaller than the monomers)",0.0,16.4922949706935,16.4922949706935,3.328581082638642,3.328581082638642,6.728239070444285,6.728239070444285,2,Si,Sigma-Aldrich,https://www.sigmaaldrich.com/catalog/product/aldrich/t230502,37.81340543040502,2.124348619685675,2.9454134799681917,0.42077335428117024,7.5164195223370065,1.5032839044674013,10.671206941660428,1.5244581345229182,6.435474817610572,-19.891952958499143,-13.092636982887857,0,Si: HSP unreliable
CC(C)(C)[Si](OC[C@H]1OC=C[C@@H](O[Si](c2ccccc2)(c2ccccc2)C(C)(C)C)[C@@H]1O)(c1ccccc1)c1ccccc1,CC(C)(C)[Si](OC[C@H]1OC=C[C@@H](O[Si](c2ccccc2)(c2ccccc2)C(C)(C)C)[C@@H]1OC(=O)[C@@H]1[C@H](C(=O)O[C@H]2[C@H](O[Si](c3ccccc3)(c3ccccc3)C(C)(C)C)C=CO[C@@H]2CO[Si](c2ccccc2)(c2ccccc2)C(C)(C)C)[C@@H]2C=C[C@@H]1C2)(c1ccccc1)c1ccccc1,ester,Ambeed,monoalcohol,622.954,False,,0,29.8601,3.4254,10.37,0,True,4,True,0,0,0,True,,17.618337161154287,3.0011910201035223,2.872814242303945,1329.3642913121284,23.985204856406305,4.510158383921889,7.971114507692753,0.0,8.0,,gc_formula_si,"Si monomer: HSP NOT reliable (Si groups fitted on 51 HSPiP Si compounds, only 7 measured, all much smaller than the monomers)",0.0,17.618337161154287,17.618337161154287,3.0011910201035223,3.0011910201035223,2.872814242303945,2.872814242303945,4,Si,Ambeed,https://www.ambeed.com/products/308103-43-7.html,41.73034173093981,2.3444012208393152,2.8003514307767654,0.40005020439668076,4.920595562719596,0.9841191125439192,10.678032165764405,1.525433166537772,11.74433189874682,-17.48996038335471,-17.746713938953864,0,Si: HSP unreliable
C[Si](C)(C)C1(CN)CCC1,C[Si](C)(C)C1(CNC(=O)[C@@H]2[C@H](C(=O)NCC3([Si](C)(C)C)CCC3)[C@@H]3C=C[C@@H]2C3)CCC1,amide,Sigma-Aldrich,monoamine,157.333,False,,0,16.6161,3.9094,6.4083,0,True,2,True,2,0,0,True,,16.4705055201375,6.364122957721833,4.085231936635388,456.8324446561464,16.17541115215487,6.104146780395404,3.182221737790404,0.0,8.0,,gc_formula_si,"Si monomer: HSP NOT reliable (Si groups fitted on 51 HSPiP Si compounds, only 7 measured, all much smaller than the monomers)",0.0,16.4705055201375,16.4705055201375,6.364122957721833,6.364122957721833,4.085231936635388,4.085231936635388,2,Si,Sigma-Aldrich,https://www.sigmaaldrich.com/catalog/product/aldrich/t219088,39.45866379350832,2.216778864803838,3.8914898062088876,0.5559271151726982,7.570169715845032,1.5140339431690064,10.679795340111031,1.5256850485872901,6.02115062578028,-14.191614499051056,-18.749396541223945,0,Si: HSP unreliable
CC(C)(C)[Si](OCCO)(c1ccccc1)c1ccccc1,CC(C)(C)[Si](OCCOC(=O)[C@@H]1[C@H](C(=O)OCCO[Si](c2ccccc2)(c2ccccc2)C(C)(C)C)[C@@H]2C=C[C@@H]1C2)(c1ccccc1)c1ccccc1,ester,Ambeed,monoalcohol,300.474,False,,0,24.0388,4.8622,7.229,0,True,2,True,0,0,0,True,,17.561806460828052,2.973190173741024,3.284585597759427,700.9952372456294,20.91197549780552,2.785833909943712,4.997519025940807,0.0,4.0,,gc_formula_si,"Si monomer: HSP NOT reliable (Si groups fitted on 51 HSPiP Si compounds, only 7 measured, all much smaller than the monomers)",0.0,17.561806460828052,17.561806460828052,2.973190173741024,2.973190173741024,3.284585597759427,3.284585597759427,2,Si,Ambeed,https://www.ambeed.com/products/138499-16-8.html,41.33889837375602,2.322410020997529,2.4482610310418664,0.3497515758631238,5.09872381450383,1.019744762900766,10.685364318002284,1.5264806168574692,11.3040306893276,-17.873201884846456,-17.25041103680965,0,Si: HSP unreliable
CC(C)(C)[Si](C)(C)OC1CCC2C3(CC4CC(O)C=CC412)SCCCS3,CC(C)(C)[Si](C)(C)OC1CCC2C3(CC4CC(OC(=O)[C@@H]5[C@H](C(=O)OC6C=CC78C(C6)CC6(SCCCS6)C7CCC8O[Si](C)(C)C(C)(C)C)[C@@H]6C=C[C@@H]5C6)C=CC412)SCCCS3,ester,Sigma-Aldrich,monoalcohol,412.737,False,,0,26.1683,-5.978,7.3208,0,True,2,True,0,0,2,True,,17.28524539129704,4.154533968403101,3.605637275568381,914.8441293868134,21.29660823661277,7.542940010331646,7.451177071964011,0.0,8.0,,gc_formula_si,"Si monomer: HSP NOT reliable (Si groups fitted on 51 HSPiP Si compounds, only 7 measured, all much smaller than the monomers)",0.0,17.28524539129704,17.28524539129704,4.154533968403101,4.154533968403101,3.605637275568381,3.605637275568381,2,Si,Sigma-Aldrich,https://www.sigmaaldrich.com/catalog/product/aldrich/t234761,40.62409600943987,2.2822525847999926,2.171010571487567,0.3101443673553667,5.843253082134267,1.1686506164268535,10.693861503274968,1.5276945004678526,9.525074147325558,-16.73634869846232,-17.83414208413176,0,Si: HSP unreliable
COCO[C@H]1C(=O)[C@@H](C)[C@@H]([C@@]2([C@@H](CC=O)OCc3ccc(OC)cc3)COC(C)(C)O2)C[C@H](O[Si](C)(C)C(C)(C)C)C2(O)CCC1C2(C)C,COCO[C@H]1C(=O)[C@@H](C)[C@@H]([C@@]2([C@@H](CC=O)OCc3ccc(OC)cc3)COC(C)(C)O2)C[C@H](O[Si](C)(C)C(C)(C)C)C2(OC(=O)[C@@H]3[C@H](C(=O)OC45CCC([C@@H](OCOC)C(=O)[C@@H](C)[C@@H]([C@@]6([C@@H](CC=O)OCc7ccc(OC)cc7)COC(C)(C)O6)C[C@@H]4O[Si](C)(C)C(C)(C)C)C5(C)C)[C@@H]4C=C[C@@H]3C4)CCC1C2(C)C,ester,Sigma-Aldrich,monoalcohol,706.99,False,,0,22.4218,16.682,9.7134,0,True,2,True,2,2,2,True,,16.78927520796233,5.383347497523159,4.313105001601725,1485.885628952182,18.43286842555581,10.270902362573114,12.500332877714229,0.0,8.0,,gc_formula_si,"Si monomer: HSP NOT reliable (Si groups fitted on 51 HSPiP Si compounds, only 7 measured, all much smaller than the monomers)",0.0,16.78927520796233,16.78927520796233,5.383347497523159,5.383347497523159,4.313105001601725,4.313105001601725,2,Si,Sigma-Aldrich,https://www.sigmaaldrich.com/catalog/product/aldrich/t289949,39.52678110123753,2.2206056798448053,2.7740400063065835,0.39629142947236906,6.967127525059161,1.3934255050118323,10.699158468765296,1.5284512098236136,7.092822708837446,-15.719032712040894,-17.85951770388376,0,Si: HSP unreliable
CC(C)(C)[Si](OCCNCCO[Si](c1ccccc1)(c1ccccc1)C(C)(C)C)(c1ccccc1)c1ccccc1,CC(C)(C)[Si](OCCN(CCO[Si](c1ccccc1)(c1ccccc1)C(C)(C)C)C(=O)[C@@H]1[C@H](C(=O)N(CCO[Si](c2ccccc2)(c2ccccc2)C(C)(C)C)CCO[Si](c2ccccc2)(c2ccccc2)C(C)(C)C)[C@@H]2C=C[C@@H]1C2)(c1ccccc1)c1ccccc1,amide,Ambeed,monoamine,581.949,False,,0,28.8705,-12.3678,9.714,0,True,4,True,0,0,0,True,,17.577233881856316,3.690040804445324,2.437978318088002,1259.3931178561288,23.998391447184883,1.459396274367971,6.4001460749264,0.0,8.0,,gc_formula_si,"Si monomer: HSP NOT reliable (Si groups fitted on 51 HSPiP Si compounds, only 7 measured, all much smaller than the monomers)",0.0,17.577233881856316,17.577233881856316,3.690040804445324,3.690040804445324,2.437978318088002,2.437978318088002,4,Si,Ambeed,https://www.ambeed.com/products/189279-33-2.html,41.925832971631834,2.355383874810777,3.1013801150243374,0.4430543021463339,5.1073912101762575,1.0214782420352515,10.710265205458155,1.530037886494022,11.44921475932299,-16.325171395498995,-18.829296368213637,0,Si: HSP unreliable
C[Si](C)(C)CCOC(=O)NCCCCO,C[Si](C)(C)CCOC(=O)NCCCCOC(=O)[C@@H]1[C@H](C(=O)OCCCCNC(=O)OCC[Si](C)(C)C)[C@@H]2C=C[C@@H]1C2,ester,Combi-Blocks,monoalcohol,233.384,False,,0,16.6187,11.6818,7.8239,0,True,2,True,2,0,0,True,,16.421672544563922,5.43234787735468,5.45933294803319,581.7678576852634,15.604337627058232,7.370580527982657,3.963108086451376,0.0,8.0,,gc_formula_si,"Si monomer: HSP NOT reliable (Si groups fitted on 51 HSPiP Si compounds, only 7 measured, all much smaller than the monomers)",0.0,16.421672544563922,16.421672544563922,5.43234787735468,5.43234787735468,5.45933294803319,5.45933294803319,2,Si,Combi-Blocks,https://www.combi-blocks.com/cgi-bin/find.cgi?HD-5579,38.37066511459938,2.1556553435168193,3.154186127035728,0.45059801814796113,7.705448496387688,1.5410896992775376,10.710653846237598,1.530093406605371,5.529991719176053,-16.448657615242432,-16.394687473885412,0,Si: HSP unreliable
CC(C)(C)[Si](OCCOCCO)(c1ccccc1)c1ccccc1,CC(C)(C)[Si](OCCOCCOC(=O)[C@@H]1[C@H](C(=O)OCCOCCO[Si](c2ccccc2)(c2ccccc2)C(C)(C)C)[C@@H]2C=C[C@@H]1C2)(c1ccccc1)c1ccccc1,ester,Combi-Blocks,monoalcohol,344.527,False,,0,24.1741,5.8604,6.9968,0,True,2,True,0,0,0,True,,17.436768295581828,3.4342724560800657,3.656473141653281,780.9371034037611,20.822848556258386,5.125261124514768,7.3385519367722845,0.0,4.0,,gc_formula_si,"Si monomer: HSP NOT reliable (Si groups fitted on 51 HSPiP Si compounds, only 7 measured, all much smaller than the monomers)",0.0,17.436768295581828,17.436768295581828,3.4342724560800657,3.4342724560800657,3.656473141653281,3.656473141653281,2,Si,Combi-Blocks,https://www.combi-blocks.com/cgi-bin/find.cgi?HD-8242,40.81940668950096,2.293225094915784,2.0354956416041623,0.29078509165773747,5.507539538630846,1.1015079077261691,10.719697695473448,1.5313853850676353,10.34602269784848,-17.65896898115504,-17.214567610008615,0,Si: HSP unreliable
CC(C)(C)[Si](C)(C)OC1C2OC3OC(C2O)C(OC(=O)OCc2ccccc2)C1O3,CC(C)(C)[Si](C)(C)OC1C2OC3OC(C2OC(=O)OCc2ccccc2)C(OC(=O)[C@@H]2[C@H](C(=O)OC4C5OC6OC(C5OC(=O)OCc5ccccc5)C(O[Si](C)(C)C(C)(C)C)C4O6)[C@@H]4C=C[C@@H]2C4)C1O3,ester,Sigma-Aldrich,monoalcohol,438.549,False,,0,25.1661,17.8582,4.6885,0,True,2,True,0,0,2,True,,17.066923024212205,4.617702930981151,4.204354371292956,921.2601916648082,18.93079330467678,8.668133121055837,8.741234256890067,0.0,8.0,,gc_formula_si,"Si monomer: HSP NOT reliable (Si groups fitted on 51 HSPiP Si compounds, only 7 measured, all much smaller than the monomers)",0.0,17.066923024212205,17.066923024212205,4.617702930981151,4.617702930981151,4.204354371292956,4.204354371292956,2,Si,Sigma-Aldrich,https://www.sigmaaldrich.com/catalog/product/aldrich/t270903,39.88302763696164,2.2406195301663843,2.0840831322304134,0.2977261617472019,6.43058782215664,1.2861175644313279,10.736845106258206,1.5338350151797437,8.244865721938098,-16.653574464524006,-17.480271583900397,0,Si: HSP unreliable
CC(C)(C)[Si](OCCOCCOCCO)(c1ccccc1)c1ccccc1,CC(C)(C)[Si](OCCOCCOCCOC(=O)[C@@H]1[C@H](C(=O)OCCOCCOCCO[Si](c2ccccc2)(c2ccccc2)C(C)(C)C)[C@@H]2C=C[C@@H]1C2)(c1ccccc1)c1ccccc1,ester,Ambeed,monoalcohol,388.58,False,,0,24.3084,6.8586,6.7646,0,True,2,True,0,0,0,True,,17.334286185552102,3.768276162617416,3.933406597951597,860.8789695618927,20.73317517448116,7.464688339085821,9.679584847603762,0.0,4.0,,gc_formula_si,"Si monomer: HSP NOT reliable (Si groups fitted on 51 HSPiP Si compounds, only 7 measured, all much smaller than the monomers)",0.0,17.334286185552102,17.334286185552102,3.768276162617416,3.768276162617416,3.933406597951597,3.933406597951597,2,Si,Ambeed,https://www.ambeed.com/products/147526-49-6.html,40.43598620726501,2.2716846183856747,1.827326868556042,0.261046695508006,5.82671299765618,1.1653425995312359,10.750722138580088,1.535817448368584,9.632603424983088,-17.499416620886283,-17.16915575021792,0,Si: HSP unreliable
CC(C)(C)[Si](C)(C)OCc1cc2ncc(CO)cc2o1,CC(C)(C)[Si](C)(C)OCc1cc2ncc(COC(=O)[C@@H]3[C@H](C(=O)OCc4cnc5cc(CO[Si](C)(C)C(C)(C)C)oc5c4)[C@@H]4C=C[C@@H]3C4)cc2o1,ester,Sigma-Aldrich,monoalcohol,293.439,False,,0,22.1059,8.4134,5.8348,4,True,2,True,0,0,0,True,,17.01346526020473,4.698659319229084,4.397013220389903,673.1157307157264,17.698666763321057,5.331847878566293,2.7542055274352384,0.0,12.0,,gc_formula_si,"Si monomer: HSP NOT reliable (Si groups fitted on 51 HSPiP Si compounds, only 7 measured, all much smaller than the monomers)",0.0,17.01346526020473,17.01346526020473,4.698659319229084,4.698659319229084,4.397013220389903,4.397013220389903,2,Si,Sigma-Aldrich,https://www.sigmaaldrich.com/catalog/product/aldrich/ade001176?utm_source=pubchem&utm_campaign=pubchem_2017&utm_medium=referral,39.66760663782895,2.228517226844323,2.0806210928002677,0.29723158468575256,6.59145320612518,1.318290641225036,10.762669504469331,1.5375242149241901,7.917792720585741,-16.71181916136555,-17.31511135904391,0,Si: HSP unreliable
CC[C@H](O)CCC/C=C(\C)C1(c2ccccc2)OC12C[C@H]1[C@@H]3C[C@H](O[Si](C)(C)C(C)(C)C)C[C@H]3C3OC3[C@H]1[C@@H]2CCO,CC[C@H](O)CCC/C=C(\C)C1(c2ccccc2)OC12C[C@H]1[C@@H]3C[C@H](O[Si](C)(C)C(C)(C)C)C[C@H]3C3OC3[C@H]1[C@@H]2CCOC(=O)[C@@H]1[C@H](C(=O)OCC[C@H]2[C@@H]3C4OC4[C@@H]4C[C@@H](O[Si](C)(C)C(C)(C)C)C[C@H]4[C@@H]3CC23OC3(/C(C)=C/CCC[C@@H](O)CC)c2ccccc2)[C@@H]2C=C[C@@H]1C2,ester,Sigma-Aldrich,diol,596.925,False,,0,25.8367,-3.8658,7.92,0,True,2,True,0,4,4,True,,17.335617361606936,3.359815355611723,4.330586989344191,1244.1308394189848,19.918142999833048,8.242184107049244,5.985536186637925,0.0,8.0,,gc_formula_si,"Si monomer: HSP NOT reliable (Si groups fitted on 51 HSPiP Si compounds, only 7 measured, all much smaller than the monomers)",0.0,17.335617361606936,17.335617361606936,3.359815355611723,3.359815355611723,4.330586989344191,4.330586989344191,2,Si,Sigma-Aldrich,https://www.sigmaaldrich.com/catalog/product/aldrich/t260487,40.186173699556406,2.2576502078402476,1.5880589343244131,0.22686556204634473,5.859381893572763,1.1718763787145527,10.77024308866834,1.5386061555240484,9.645215016651022,-18.306388995339404,-16.364845727874467,0,Si: HSP unreliable
CC(C)(C)OC(=O)N1C[C@H](O[Si](c2ccccc2)(c2ccccc2)C(C)(C)C)C[C@H]1CO,CC(C)(C)OC(=O)N1C[C@H](O[Si](c2ccccc2)(c2ccccc2)C(C)(C)C)C[C@H]1COC(=O)[C@@H]1[C@H](C(=O)OC[C@@H]2C[C@@H](O[Si](c3ccccc3)(c3ccccc3)C(C)(C)C)CN2C(=O)OC(C)(C)C)[C@@H]2C=C[C@@H]1C2,ester,Combi-Blocks,monoalcohol,455.671,False,,0,25.4395,6.5894,8.7664,0,True,2,True,0,0,0,True,,17.298317705863273,3.925224633574981,4.004560663831982,1025.2556356189357,20.448099592276485,4.073167718954471,6.0203485490314215,0.0,4.0,,gc_formula_si,"Si monomer: HSP NOT reliable (Si groups fitted on 51 HSPiP Si compounds, only 7 measured, all much smaller than the monomers)",0.0,17.298317705863273,17.298317705863273,3.925224633574981,3.925224633574981,4.004560663831982,4.004560663831982,2,Si,Combi-Blocks,https://www.combi-blocks.com/cgi-bin/find.cgi?HE-6203,40.31472014518561,2.2648719182688546,1.8010318118508615,0.25729025883583734,5.952348066241987,1.1904696132483974,10.771350770936623,1.538764395848089,9.36853240845631,-17.377653736120273,-17.218981675606273,0,Si: HSP unreliable
COCO[C@H]1C(=O)[C@]2(C)[C@@H](OCOCc3ccccc3)C[C@@H](OCc3ccc(OC)cc3)[C@@]3(COC(C)(C)O3)[C@H]2C[C@H](O[Si](C)(C)C(C)(C)C)C2(O)CCC1C2(C)C,COCO[C@H]1C(=O)[C@]2(C)[C@@H](OCOCc3ccccc3)C[C@@H](OCc3ccc(OC)cc3)[C@@]3(COC(C)(C)O3)[C@H]2C[C@H](O[Si](C)(C)C(C)(C)C)C2(OC(=O)[C@@H]3[C@H](C(=O)OC45CCC([C@@H](OCOC)C(=O)[C@]6(C)[C@@H](OCOCc7ccccc7)C[C@@H](OCc7ccc(OC)cc7)[C@@]7(COC(C)(C)O7)[C@H]6C[C@@H]4O[Si](C)(C)C(C)(C)C)C5(C)C)[C@@H]4C=C[C@@H]3C4)CCC1C2(C)C,ester,Sigma-Aldrich,monoalcohol,827.141,False,,0,27.4167,11.534,10.829,0,True,2,True,2,2,4,True,,17.10922660050388,4.63150106904157,4.104174454344128,1685.7159448158716,21.32262145894773,12.749968004387236,14.324798762589728,0.0,8.0,,gc_formula_si,"Si monomer: HSP NOT reliable (Si groups fitted on 51 HSPiP Si compounds, only 7 measured, all much smaller than the monomers)",0.0,17.10922660050388,17.10922660050388,4.63150106904157,4.63150106904157,4.104174454344128,4.104174454344128,2,Si,Sigma-Aldrich,https://www.sigmaaldrich.com/catalog/product/aldrich/t286028,39.981524458985525,2.246153059493569,2.0957324079472017,0.2993903439924574,6.396439702527992,1.2792879405055984,10.77312243328684,1.5390174904695486,8.373551077118183,-16.58189998580644,-17.63655321520132,0,Si: HSP unreliable
Cc1cn([C@@H]2O[C@@H]3CO[Si](C(C)C)(C(C)C)O[Si](C(C)C)(C(C)C)O[C@H]3[C@H]2O)c(=O)[nH]c1=O,Cc1cn([C@@H]2O[C@@H]3CO[Si](C(C)C)(C(C)C)O[Si](C(C)C)(C(C)C)O[C@H]3[C@H]2OC(=O)[C@@H]2[C@H](C(=O)O[C@@H]3[C@@H]4O[Si](C(C)C)(C(C)C)O[Si](C(C)C)(C(C)C)OC[C@H]4O[C@H]3n3cc(C)c(=O)[nH]c3=O)[C@@H]3C=C[C@@H]2C3)c(=O)[nH]c1=O,ester,Ambeed,monoalcohol,500.741,False,,0,23.3929,14.9742,6.9682,8,True,4,True,0,0,0,True,,16.40659221234501,5.950909783443295,5.076452584720696,1062.3343636909538,19.251096106887427,11.16286925276158,0.9014002818054364,0.0,18.0,,gc_formula_si,"Si monomer: HSP NOT reliable (Si groups fitted on 51 HSPiP Si compounds, only 7 measured, all much smaller than the monomers)",0.0,16.40659221234501,16.40659221234501,5.950909783443295,5.950909783443295,5.076452584720696,5.076452584720696,4,Si,Ambeed,https://www.ambeed.com/products/130983-87-8.html,38.598760784719246,2.168469707006699,3.485966781769944,0.4979952545385634,7.824905475117829,1.5649810950235659,10.776780660756964,1.539540094393852,5.379229844181019,-15.53213501362241,-17.28104941106761,0,Si: HSP unreliable
CC(C)(C)[Si](OCCOCCOCCOCCO)(c1ccccc1)c1ccccc1,CC(C)(C)[Si](OCCOCCOCCOCCOC(=O)[C@@H]1[C@H](C(=O)OCCOCCOCCOCCO[Si](c2ccccc2)(c2ccccc2)C(C)(C)C)[C@@H]2C=C[C@@H]1C2)(c1ccccc1)c1ccccc1,ester,Combi-Blocks,monoalcohol,432.633,False,,0,24.4415,7.8568,6.5324,0,True,2,True,0,0,0,True,,17.24875749218464,4.024519925335738,4.149262850414271,940.8208357200244,20.642946203102543,9.804115553656873,12.020617758435238,0.0,4.0,,gc_formula_si,"Si monomer: HSP NOT reliable (Si groups fitted on 51 HSPiP Si compounds, only 7 measured, all much smaller than the monomers)",0.0,17.24875749218464,17.24875749218464,4.024519925335738,4.024519925335738,4.149262850414271,4.149262850414271,2,Si,Combi-Blocks,https://www.combi-blocks.com/cgi-bin/find.cgi?QD-7926,40.138802662029526,2.254988913597164,1.7479900654085154,0.24971286648693078,6.083889047900059,1.216777809580012,10.778586258043118,1.5397980368633026,9.074974716434632,-17.373500417263173,-17.12401456710611,0,Si: HSP unreliable
CC(C)(C)[Si](OC[C@@H]1C[C@H]1CO)(c1ccccc1)c1ccccc1,CC(C)(C)[Si](OC[C@@H]1C[C@H]1COC(=O)[C@@H]1[C@H](C(=O)OC[C@@H]2C[C@H]2CO[Si](c2ccccc2)(c2ccccc2)C(C)(C)C)[C@@H]2C=C[C@@H]1C2)(c1ccccc1)c1ccccc1,ester,Sigma-Aldrich,monoalcohol,340.539,False,,0,25.5998,10.2468,7.5512,0,True,2,True,0,0,0,True,,17.695082332565203,2.7697265922833285,2.957878452343876,776.1527813194284,21.3899311703432,1.4975668871374548,3.79437064130262,0.0,4.0,,gc_formula_si,"Si monomer: HSP NOT reliable (Si groups fitted on 51 HSPiP Si compounds, only 7 measured, all much smaller than the monomers)",0.0,17.695082332565203,17.695082332565203,2.7697265922833285,2.7697265922833285,2.957878452343876,2.957878452343876,2,Si,Sigma-Aldrich,https://www.sigmaaldrich.com/catalog/product/aldrich/ph016554?utm_source=pubchem&utm_campaign=pubchem_2017&utm_medium=referral,41.738665624339774,2.3448688552999872,2.789969678510657,0.3985670969300939,4.919903372362499,0.9839806744724997,10.780715206852548,1.5401021724075068,11.967477287938,-17.88323419262575,-17.506930472504656,0,Si: HSP unreliable
COCO[C@H]1C(=O)[C@@H](C)[C@@H]([C@@]2(C(OCc3ccc(OC)cc3)C(C)O)COC(C)(C)O2)C[C@H](O[Si](C)(C)C(C)(C)C)C2(O)CCC1C2(C)C,COCO[C@H]1C(=O)[C@@H](C)[C@@H]([C@@]2(C(OCc3ccc(OC)cc3)C(C)O)COC(C)(C)O2)C[C@H](O[Si](C)(C)C(C)(C)C)C2(OC(=O)[C@@H]3[C@H](C(=O)OC45CCC([C@@H](OCOC)C(=O)[C@@H](C)[C@@H]([C@@]6(C(OCc7ccc(OC)cc7)C(C)O)COC(C)(C)O6)C[C@@H]4O[Si](C)(C)C(C)(C)C)C5(C)C)[C@@H]4C=C[C@@H]3C4)CCC1C2(C)C,ester,Sigma-Aldrich,diol,709.006,False,,0,23.1145,16.284,10.9314,0,True,2,True,2,2,2,True,,16.732183820074912,4.929667969038678,5.195449127708216,1502.619614065295,17.79385295643734,12.78272388576895,11.295132227932774,0.0,8.0,,gc_formula_si,"Si monomer: HSP NOT reliable (Si groups fitted on 51 HSPiP Si compounds, only 7 measured, all much smaller than the monomers)",0.0,16.732183820074912,16.732183820074912,4.929667969038678,4.929667969038678,5.195449127708216,5.195449127708216,2,Si,Sigma-Aldrich,https://www.sigmaaldrich.com/catalog/product/aldrich/t286931,38.79913729164651,2.179726814137444,2.390375061934248,0.3414821517048926,7.213975973130779,1.442795194626156,10.785561800808786,1.5407945429726837,6.607066723328018,-16.99796497874445,-16.466402661405375,0,Si: HSP unreliable
CC(C)(C)[Si](Oc1cc(CO)cc(O[Si](c2ccccc2)(c2ccccc2)C(C)(C)C)c1)(c1ccccc1)c1ccccc1,CC(C)(C)[Si](Oc1cc(COC(=O)[C@@H]2[C@H](C(=O)OCc3cc(O[Si](c4ccccc4)(c4ccccc4)C(C)(C)C)cc(O[Si](c4ccccc4)(c4ccccc4)C(C)(C)C)c3)[C@@H]3C=C[C@@H]2C3)cc(O[Si](c2ccccc2)(c2ccccc2)C(C)(C)C)c1)(c1ccccc1)c1ccccc1,ester,TCI,monoalcohol,616.95,False,,0,30.9309,-8.9778,10.8008,4,True,4,True,0,0,0,True,,17.89171509391987,1.935375985082417,2.214634009306768,1291.3803054559692,23.38456204944297,1.9194862008126792,1.4860859145862515,0.0,12.0,,gc_formula_si,"Si monomer: HSP NOT reliable (Si groups fitted on 51 HSPiP Si compounds, only 7 measured, all much smaller than the monomers)",0.0,17.89171509391987,17.89171509391987,1.935375985082417,1.935375985082417,2.214634009306768,2.214634009306768,4,Si,TCI,http://www.tcichemicals.com/eshop/en/us/commodity/B2052/index.html,42.74963648559784,2.401664971101002,3.8323653070402264,0.5474807581486038,4.334110261594791,0.8668220523189583,10.791937104364239,1.5417053006234627,13.741705099530686,-18.17097311814422,-17.61245706969552,0,Si: HSP unreliable
COC(=O)C[C@H](O)CO[Si](c1ccccc1)(c1ccccc1)C(C)(C)C,COC(=O)C[C@@H](CO[Si](c1ccccc1)(c1ccccc1)C(C)(C)C)OC(=O)[C@@H]1[C@H](C(=O)O[C@H](CO[Si](c2ccccc2)(c2ccccc2)C(C)(C)C)CC(=O)OC)[C@@H]2C=C[C@@H]1C2,ester,Sigma-Aldrich,monoalcohol,372.537,False,,0,23.7335,8.5618,7.827,0,True,2,True,0,0,0,True,,17.34378781993077,3.4793891131873456,4.264357610082139,834.8493778101576,20.73234607109861,4.350321114477033,6.815555584460347,0.0,4.0,,gc_formula_si,"Si monomer: HSP NOT reliable (Si groups fitted on 51 HSPiP Si compounds, only 7 measured, all much smaller than the monomers)",0.0,17.34378781993077,17.34378781993077,3.4793891131873456,3.4793891131873456,4.264357610082139,4.264357610082139,2,Si,Sigma-Aldrich,https://www.sigmaaldrich.com/catalog/product/aldrich/t265101,40.2128586784425,2.2591493639574436,1.5925588990179695,0.22750841414542422,5.886328777750644,1.177265755550129,10.795830477262118,1.5422614967517312,9.600041096661286,-18.128756316825566,-16.558819323035976,0,Si: HSP unreliable
C[Si](C)(C)CCOC(=O)NC1CCC(CO)CC1,C[Si](C)(C)CCOC(=O)NC1CCC(COC(=O)[C@@H]2[C@H](C(=O)OCC3CCC(NC(=O)OCC[Si](C)(C)C)CC3)[C@@H]3C=C[C@@H]2C3)CC1,ester,Combi-Blocks,monoalcohol,273.449,False,,0,18.5868,6.1418,6.2229,0,True,2,True,2,0,2,True,,16.730022843476362,5.108505954367013,5.101055655217917,648.6188855969116,16.56967728118102,6.84052983257665,4.432706729927314,0.0,8.0,,gc_formula_si,"Si monomer: HSP NOT reliable (Si groups fitted on 51 HSPiP Si compounds, only 7 measured, all much smaller than the monomers)",0.0,16.730022843476362,16.730022843476362,5.108505954367013,5.108505954367013,5.101055655217917,5.101055655217917,2,Si,Combi-Blocks,https://www.combi-blocks.com/cgi-bin/find.cgi?HE-6396,38.838613874521165,2.1819445996922,2.489788684588267,0.35568409779832383,7.270301263845942,1.4540602527691884,10.820440765477125,1.5457772522110178,6.520461233891432,-16.722572544327264,-16.737473142625458,0,Si: HSP unreliable
C[Si](CCO)c1ccccc1,C[Si](CCOC(=O)[C@@H]1[C@H](C(=O)OCC[Si](C)c2ccccc2)[C@@H]2C=C[C@@H]1C2)c1ccccc1,ester,Sigma-Aldrich,monoalcohol,165.288,False,,0,20.2499,3.0058,3.1471,2,True,2,True,0,0,0,True,,17.363312157068897,3.583650138087948,4.166449942200739,464.5156853581367,18.25901141875723,4.518922216523149,4.738247056739159,2.0,4.0,,gc_formula_si,"Si monomer: HSP NOT reliable (Si groups fitted on 51 HSPiP Si compounds, only 7 measured, all much smaller than the monomers)",2.0,17.363312157068897,17.363312157068897,3.583650138087948,3.583650138087948,4.166449942200739,4.166449942200739,2,Si,Sigma-Aldrich,https://www.sigmaaldrich.com/catalog/product/aldrich/655465?utm_source=pubchem&utm_campaign=pubchem_2017&utm_medium=referral,40.27680613805926,2.2627419178684973,1.6251824760449112,0.23216892514927304,5.892739974457073,1.1785479948914146,10.825330227302473,1.546475746757496,9.61321207678021,-17.94611196118169,-16.780512352956105,0,Si: HSP unreliable
CC(C)(C)[Si](OCCOCCOCCOCCOCCOCCO)(c1ccccc1)c1ccccc1,CC(C)(C)[Si](OCCOCCOCCOCCOCCOCCOC(=O)[C@@H]1[C@H](C(=O)OCCOCCOCCOCCOCCOCCO[Si](c2ccccc2)(c2ccccc2)C(C)(C)C)[C@@H]2C=C[C@@H]1C2)(c1ccccc1)c1ccccc1,ester,Matrix Scientific,monoalcohol,520.739,False,,0,24.7048,9.8532,6.068,0,True,2,True,0,0,0,True,,17.114113514240287,4.3954871035701695,4.46603745397289,1100.7045680362876,20.46078362247861,14.482969982798982,16.702683580098192,0.0,4.0,,gc_formula_si,"Si monomer: HSP NOT reliable (Si groups fitted on 51 HSPiP Si compounds, only 7 measured, all much smaller than the monomers)",0.0,17.114113514240287,17.114113514240287,4.3954871035701695,4.3954871035701695,4.46603745397289,4.46603745397289,2,Si,Matrix Scientific,https://www.matrixscientific.com/215800.html,39.705099058496266,2.23062354261215,1.7878330743619373,0.2554047249088482,6.474327816400326,1.2948655632800652,10.826051444748234,1.5465787778211764,8.252588956697227,-17.18466386464301,-17.043563163837565,0,Si: HSP unreliable
CC(C)(C)[Si](C)(C)O[C@@H]1C[C@@]2(CCCO2)[C@@]2(CCCO2)[C@@]2(CCCO2)[C@@]1(O)CCCO,CC(C)(C)[Si](C)(C)O[C@@H]1C[C@@]2(CCCO2)[C@@]2(CCCO2)[C@@]2(CCCO2)[C@@]1(O)CCCOC(=O)[C@@H]1[C@H](C(=O)OCCC[C@@]2(O)[C@H](O[Si](C)(C)C(C)(C)C)C[C@@]3(CCCO3)[C@@]3(CCCO3)[C@@]23CCCO3)[C@@H]2C=C[C@@H]1C2,ester,Sigma-Aldrich,diol,456.696,False,,0,25.1279,7.176,15.0057,0,True,2,True,0,2,4,True,,17.03972156646779,4.666915739622395,4.485299147035491,969.4263321628276,18.15502154582511,13.957432855502129,8.935349833189525,0.0,8.0,,gc_formula_si,"Si monomer: HSP NOT reliable (Si groups fitted on 51 HSPiP Si compounds, only 7 measured, all much smaller than the monomers)",0.0,17.03972156646779,17.03972156646779,4.666915739622395,4.666915739622395,4.485299147035491,4.485299147035491,2,Si,Sigma-Aldrich,https://www.sigmaaldrich.com/catalog/product/aldrich/t260894,39.59638076214791,2.2245157731543768,1.9823901630769447,0.2831985947252778,6.639786362732071,1.3279572725464142,10.827314720511046,1.5467592457872923,7.8875066798099045,-16.858104973880884,-17.221338159054696,0,Si: HSP unreliable
CC(C)(C)[Si](OCC1(CO)CC1)(c1ccccc1)c1ccccc1,CC(C)(C)[Si](OCC1(COC(=O)[C@@H]2[C@H](C(=O)OCC3(CO[Si](c4ccccc4)(c4ccccc4)C(C)(C)C)CC3)[C@@H]3C=C[C@@H]2C3)CC1)(c1ccccc1)c1ccccc1,ester,Combi-Blocks,monoalcohol,340.539,False,,0,25.7466,11.248,6.7646,0,True,2,True,0,0,0,True,,17.737220326690455,2.7248660014748145,2.9118943772758348,769.6911569600577,21.492806508360815,1.8409313507645289,4.01304206831509,0.0,4.0,,gc_formula_si,"Si monomer: HSP NOT reliable (Si groups fitted on 51 HSPiP Si compounds, only 7 measured, all much smaller than the monomers)",0.0,17.737220326690455,17.737220326690455,2.7248660014748145,2.7248660014748145,2.9118943772758348,2.9118943772758348,2,Si,Combi-Blocks,https://www.combi-blocks.com/cgi-bin/find.cgi?QD-4755,41.80517511488622,2.3486053435329337,2.845170606200908,0.40645294374298685,4.915936600507865,0.9831873201015731,10.835053210247652,1.5478647443210931,12.100459947939806,-17.924248702491475,-17.550191950889435,0,Si: HSP unreliable
COc1ccc(COCC[C@@H]2[C@@H]3C[C@H](O)[C@H]4C[C@@H](O[Si](C)(C)C(C)(C)C)C[C@H]4[C@@H]3C[C@H]2OC(=O)c2ccccc2)cc1,COc1ccc(COCC[C@@H]2[C@@H]3C[C@H](OC(=O)[C@@H]4[C@H](C(=O)O[C@H]5C[C@@H]6[C@@H](C[C@@H](OC(=O)c7ccccc7)[C@@H]6CCOCc6ccc(OC)cc6)[C@@H]6C[C@H](O[Si](C)(C)C(C)(C)C)C[C@@H]65)[C@@H]5C=C[C@@H]4C5)[C@H]4C[C@@H](O[Si](C)(C)C(C)(C)C)C[C@H]4[C@@H]3C[C@H]2OC(=O)c2ccccc2)cc1,ester,Sigma-Aldrich,monoalcohol,594.865,False,,0,24.6275,-2.5779,7.3549,0,True,2,True,0,2,4,True,,17.35309067159138,4.422895115718855,3.372446293183395,1267.546622809784,20.80898603325564,8.059148414761804,6.0572358845964205,0.0,8.0,,gc_formula_si,"Si monomer: HSP NOT reliable (Si groups fitted on 51 HSPiP Si compounds, only 7 measured, all much smaller than the monomers)",0.0,17.35309067159138,17.35309067159138,4.422895115718855,4.422895115718855,3.372446293183395,3.372446293183395,2,Si,Sigma-Aldrich,https://www.sigmaaldrich.com/catalog/product/aldrich/t255866,40.78136308716634,2.2910878138857496,2.366181706612213,0.338025958087459,5.947385564718944,1.1894771129437889,10.841605342257164,1.5488007631795948,9.557749262689132,-16.30264184905592,-18.403539494126843,0,Si: HSP unreliable
CO[Si](C)(C)CCCN,CO[Si](C)(C)CCCNC(=O)[C@@H]1[C@H](C(=O)NCCC[Si](C)(C)OC)[C@@H]2C=C[C@@H]1C2,amide,Thermo Fisher Scientific,monoamine,147.294,False,,0,14.4761,-1.3504,9.6179,0,True,2,True,2,0,0,True,,16.216597883727324,6.832342382803068,4.65125797966022,440.6756877680633,15.662403182381068,7.785297332566792,3.060533859709728,0.0,8.0,,gc_formula_si,"Si monomer: HSP NOT reliable (Si groups fitted on 51 HSPiP Si compounds, only 7 measured, all much smaller than the monomers)",0.0,16.216597883727324,16.216597883727324,6.832342382803068,6.832342382803068,4.65125797966022,4.65125797966022,2,Si,Thermo Fisher Scientific,https://www.thermofisher.com/order/catalog/product/336600050,38.775350056551346,2.178390452615244,4.398595675251453,0.6283708107502076,8.266978098507037,1.6533956197014075,10.852693026734975,1.5503847181049966,4.732997521264036,-14.035513480584475,-18.397682286870175,0,Si: HSP unreliable
CC(C)[Si]1(C(C)C)OC[C@H]2O[C@@H](n3ccc(=O)[nH]c3=O)[C@H](O)[C@@H]2O[Si](C(C)C)(C(C)C)O1,CC(C)[Si]1(C(C)C)OC[C@H]2O[C@@H](n3ccc(=O)[nH]c3=O)[C@H](OC(=O)[C@@H]3[C@H](C(=O)O[C@@H]4[C@@H]5O[Si](C(C)C)(C(C)C)O[Si](C(C)C)(C(C)C)OC[C@H]5O[C@H]4n4ccc(=O)[nH]c4=O)[C@@H]4C=C[C@@H]3C4)[C@@H]2O[Si](C(C)C)(C(C)C)O1,ester,Ambeed,monoalcohol,486.714,False,,0,23.4133,15.0624,7.8134,8,True,4,True,0,0,0,True,,16.384212387491775,6.068353082238417,5.191900373957641,1031.2137819601414,19.285468570948293,12.939816309772738,1.2035300730701812,0.0,18.0,,gc_formula_si,"Si monomer: HSP NOT reliable (Si groups fitted on 51 HSPiP Si compounds, only 7 measured, all much smaller than the monomers)",0.0,16.384212387491775,16.384212387491775,6.068353082238417,6.068353082238417,5.191900373957641,5.191900373957641,4,Si,Ambeed,https://www.ambeed.com/products/69304-38-7.html,38.45485657937296,2.1603852010883684,3.579734448775111,0.5113906355393015,7.9880601855921345,1.5976120371184268,10.866205514732611,1.55231507353323,5.123958931295718,-15.507759679210999,-17.260665095772552,0,Si: HSP unreliable
C=CC[C@@H](CC(=O)CC(O)C[C@H](C[C@H](COCOCC[Si](C)(C)C)OCOCc1ccccc1)O[Si](c1ccccc1)(c1ccccc1)C(C)(C)C)OCc1ccc(OC)cc1,C=CC[C@@H](CC(=O)CC(C[C@H](C[C@H](COCOCC[Si](C)(C)C)OCOCc1ccccc1)O[Si](c1ccccc1)(c1ccccc1)C(C)(C)C)OC(=O)[C@@H]1[C@H](C(=O)OC(CC(=O)C[C@H](CC=C)OCc2ccc(OC)cc2)C[C@H](C[C@H](COCOCC[Si](C)(C)C)OCOCc2ccccc2)O[Si](c2ccccc2)(c2ccccc2)C(C)(C)C)[C@@H]2C=C[C@@H]1C2)OCc1ccc(OC)cc1,ester,Sigma-Aldrich,monoalcohol,885.3,False,,0,30.2879,10.0322,9.1264,4,True,4,True,0,0,0,True,,17.305693204519905,4.2515839871059,3.918808207761493,1837.861019635587,23.767045714100096,13.893776627207956,18.802177731797897,0.0,16.0,,gc_formula_si,"Si monomer: HSP NOT reliable (Si groups fitted on 51 HSPiP Si compounds, only 7 measured, all much smaller than the monomers)",0.0,17.305693204519905,17.305693204519905,4.2515839871059,4.2515839871059,3.918808207761493,3.918808207761493,4,Si,Sigma-Aldrich,https://www.sigmaaldrich.com/catalog/product/aldrich/t261181,40.301157229042694,2.2641099566877916,1.8976658336132073,0.27109511908760103,6.121984927709656,1.2243969855419312,10.875783362373374,1.5536833374819106,9.135301009652512,-16.9729174251755,-17.63846898386431,0,Si: HSP unreliable
C=CC12CCC(C[C@]1(O)/C=C\[C@@](COCc1ccc(OC)cc1)(OCc1ccccc1)[C@@H](CCO[Si](C)(C)C(C)(C)C)OCc1ccc(OC)cc1)C2(C)C,C=CC12CCC(C[C@@]1(/C=C\[C@@](COCc1ccc(OC)cc1)(OCc1ccccc1)[C@@H](CCO[Si](C)(C)C(C)(C)C)OCc1ccc(OC)cc1)OC(=O)[C@@H]1[C@H](C(=O)O[C@]3(/C=C\[C@@](COCc4ccc(OC)cc4)(OCc4ccccc4)[C@@H](CCO[Si](C)(C)C(C)(C)C)OCc4ccc(OC)cc4)CC4CCC3(C=C)C4(C)C)[C@@H]3C=C[C@@H]1C3)C2(C)C,ester,Sigma-Aldrich,monoalcohol,771.124,False,,0,27.4991,-14.935,11.3954,4,True,2,True,0,6,0,True,,17.369127876450978,3.796500139427232,4.09107447422317,1632.370935126384,22.32869748926572,12.41657187562866,14.806125369622388,0.0,12.0,,gc_formula_si,"Si monomer: HSP NOT reliable (Si groups fitted on 51 HSPiP Si compounds, only 7 measured, all much smaller than the monomers)",0.0,17.369127876450978,17.369127876450978,3.796500139427232,3.796500139427232,4.09107447422317,4.09107447422317,2,Si,Sigma-Aldrich,https://www.sigmaaldrich.com/catalog/product/aldrich/t265926,40.28426435663762,2.263160918912226,1.6548070901862475,0.23640101288374965,5.976825355247524,1.1953650710495047,10.879031398471001,1.5541473426387145,9.481553262800576,-17.663702211246918,-17.07455354165504,0,Si: HSP unreliable
CON(C)C(=O)C[C@@H](O)C[C@H](CCOCC[Si](C)(C)C)OCOCc1ccccc1,CON(C)C(=O)C[C@H](C[C@H](CCOCC[Si](C)(C)C)OCOCc1ccccc1)OC(=O)[C@@H]1[C@H](C(=O)O[C@H](CC(=O)N(C)OC)C[C@H](CCOCC[Si](C)(C)C)OCOCc2ccccc2)[C@@H]2C=C[C@@H]1C2,ester,Sigma-Aldrich,monoalcohol,441.641,False,,0,20.7739,9.7414,5.8276,0,True,2,True,0,0,0,True,,16.677387742199944,5.511087279381046,4.972220786599461,998.6489621937036,17.672530540019057,12.66425578351721,13.713295805278042,0.0,8.0,,gc_formula_si,"Si monomer: HSP NOT reliable (Si groups fitted on 51 HSPiP Si compounds, only 7 measured, all much smaller than the monomers)",0.0,16.677387742199944,16.677387742199944,5.511087279381046,5.511087279381046,4.972220786599461,4.972220786599461,2,Si,Sigma-Aldrich,https://www.sigmaaldrich.com/catalog/product/aldrich/t261416,38.84488844940953,2.182297103899412,2.81339407928091,0.40191343989727285,7.4608812203049055,1.4921762440609811,10.879959354650955,1.5542799078072793,6.194079676219436,-16.13852124941836,-17.21625423498153,0,Si: HSP unreliable
COCO[C@H]1C(=O)C(O)C[C@@H]([C@]2(OCc3ccccc3)CO[C@@H](c3ccccc3)OC2CCO[Si](C)(C)C(C)(C)C)/C=C2\CCC1C2(C)C,COCO[C@H]1C(=O)C(OC(=O)[C@@H]2[C@H](C(=O)OC3C[C@@H]([C@]4(OCc5ccccc5)CO[C@@H](c5ccccc5)OC4CCO[Si](C)(C)C(C)(C)C)/C=C4\CCC([C@@H](OCOC)C3=O)C4(C)C)[C@@H]3C=C[C@@H]2C3)C[C@@H]([C@]2(OCc3ccccc3)CO[C@@H](c3ccccc3)OC2CCO[Si](C)(C)C(C)(C)C)/C=C2\CCC1C2(C)C,ester,Sigma-Aldrich,monoalcohol,694.982,False,,0,26.3252,3.6242,8.7532,0,True,2,True,2,4,4,True,,17.258681227312202,4.533878880384212,3.89878254720807,1434.5154949145854,21.861730678465,10.688080924695548,13.6203775481566,0.0,8.0,,gc_formula_si,"Si monomer: HSP NOT reliable (Si groups fitted on 51 HSPiP Si compounds, only 7 measured, all much smaller than the monomers)",0.0,17.258681227312202,17.258681227312202,4.533878880384212,4.533878880384212,3.89878254720807,3.89878254720807,2,Si,Sigma-Aldrich,https://www.sigmaaldrich.com/catalog/product/aldrich/t264423,40.23055150036489,2.2601433427171287,2.034159241745719,0.2905941773922455,6.279557455331671,1.255911491066334,10.903341743768422,1.5576202491097746,8.82601979971992,-16.623584894136062,-17.893777560488342,0,Si: HSP unreliable
C[C@H]1CCC[C@]2(O)C(O)[C@H](O[Si](c3ccccc3)(c3ccccc3)C(C)(C)C)CC[C@]12C,C[C@H]1CCC[C@]2(O)C(OC(=O)[C@@H]3[C@H](C(=O)OC4[C@H](O[Si](c5ccccc5)(c5ccccc5)C(C)(C)C)CC[C@]5(C)[C@@H](C)CCC[C@]45O)[C@@H]4C=C[C@@H]3C4)[C@H](O[Si](c3ccccc3)(c3ccccc3)C(C)(C)C)CC[C@]12C,ester,Sigma-Aldrich,diol,452.711,False,,0,25.8482,-8.195,8.9527,0,True,2,True,0,0,4,True,,17.627100197029257,3.1377460207492835,3.498599395625343,1012.581347231654,21.93689697411723,4.123193576750008,3.958298188876252,0.0,4.0,,gc_formula_si,"Si monomer: HSP NOT reliable (Si groups fitted on 51 HSPiP Si compounds, only 7 measured, all much smaller than the monomers)",0.0,17.627100197029257,17.627100197029257,3.1377460207492835,3.1377460207492835,3.498599395625343,3.498599395625343,2,Si,Sigma-Aldrich,https://www.sigmaaldrich.com/catalog/product/aldrich/t241407,41.09847305290945,2.3089029805005308,2.169380758544724,0.30991153693496054,5.397261115938189,1.0794522231876378,10.91745910127723,1.5596370144681757,10.99075478065463,-17.98795357190532,-17.266246822153196,0,Si: HSP unreliable
CO[C@H]1O[C@H](CO[Si](c2ccccc2)(c2ccccc2)C(C)(C)C)[C@@H](O)[C@@H](O)[C@@H]1C,CO[C@H]1O[C@H](CO[Si](c2ccccc2)(c2ccccc2)C(C)(C)C)[C@@H](OC(=O)[C@@H]2[C@H](C(=O)O[C@H]3[C@@H](O)[C@H](C)[C@@H](OC)O[C@@H]3CO[Si](c3ccccc3)(c3ccccc3)C(C)(C)C)[C@@H]3C=C[C@@H]2C3)[C@@H](O)[C@@H]1C,ester,Sigma-Aldrich,diol,430.617,False,,0,25.5821,4.4582,11.0891,0,True,2,True,0,0,0,True,,17.343614303177628,4.0873949030418,4.036433497857069,950.231436618621,20.513444752998257,7.423244634259985,7.402274714055163,0.0,4.0,,gc_formula_si,"Si monomer: HSP NOT reliable (Si groups fitted on 51 HSPiP Si compounds, only 7 measured, all much smaller than the monomers)",0.0,17.343614303177628,17.343614303177628,4.0873949030418,4.0873949030418,4.036433497857069,4.036433497857069,2,Si,Sigma-Aldrich,https://www.sigmaaldrich.com/catalog/product/aldrich/t270016,40.24433297317168,2.260917582762454,1.7350202802668078,0.2478600400381154,6.111964964822887,1.2223929929645774,10.920265915385858,1.5600379879122654,9.219785902278758,-17.292652897992895,-17.39457570836236,0,Si: HSP unreliable
CC(C)(C)[Si](C)(C)OCc1cc2ncc(C#CCO)cc2o1,CC(C)(C)[Si](C)(C)OCc1cc2ncc(C#CCOC(=O)[C@@H]3[C@H](C(=O)OCC#Cc4cnc5cc(CO[Si](C)(C)C(C)(C)C)oc5c4)[C@@H]4C=C[C@@H]3C4)cc2o1,ester,Sigma-Aldrich,monoalcohol,317.461,False,,0,22.2017,6.503,5.1326,4,True,2,True,0,0,0,True,,17.003421556871718,4.906635430324666,4.605208614004939,722.7349895523957,17.48383288646857,7.933920939779294,5.565784191471081,0.0,12.0,,gc_formula_si,"Si monomer: HSP NOT reliable (Si groups fitted on 51 HSPiP Si compounds, only 7 measured, all much smaller than the monomers)",0.0,17.003421556871718,17.003421556871718,4.906635430324666,4.906635430324666,4.605208614004939,4.605208614004939,2,Si,Sigma-Aldrich,https://www.sigmaaldrich.com/catalog/product/aldrich/ade001174?utm_source=pubchem&utm_campaign=pubchem_2017&utm_medium=referral,39.40813546236464,2.2139401945148673,2.086172422946532,0.29802463184950456,6.874752735285098,1.3749505470570196,10.925235283929377,1.5607478977041966,7.491577512542113,-16.701994740551992,-17.304848373191447,0,Si: HSP unreliable
C[Si](C)(C)OCCN,C[Si](C)(C)OCCNC(=O)[C@@H]1[C@H](C(=O)NCCO[Si](C)(C)C)[C@@H]2C=C[C@@H]1C2,amide,Ambeed,monoamine,133.267,False,,0,13.6088,3.3706,8.5179,0,True,2,True,2,0,0,True,,16.04888416211978,7.236410124409693,4.705955873511307,409.0839143663357,15.30039829186532,6.848239508347659,3.293177287324111,0.0,10.0,,gc_formula_si,"Si monomer: HSP NOT reliable (Si groups fitted on 51 HSPiP Si compounds, only 7 measured, all much smaller than the monomers)",0.0,16.04888416211978,16.04888416211978,7.236410124409693,7.236410124409693,4.705955873511307,4.705955873511307,2,Si,Ambeed,https://www.ambeed.com/products/5804-92-2.html,38.61758351561671,2.1695271637986915,4.901812450897574,0.7002589215567963,8.646611407264224,1.7293222814528448,10.925738084783173,1.5608197263975963,4.10651816419878,-13.518429911221395,-18.579338413018164,0,Si: HSP unreliable
CC1(C)C2CCC1(/C=C/[C@]1(OCc3ccccc3)C(O)C(O)O[C@@H]1CCO[Si](C)(C)C(C)(C)C)C(=O)C2,CC1(C)C2CCC1(/C=C/[C@]1(OCc3ccccc3)C(OC(=O)[C@@H]3[C@H](C(=O)OC4C(O)O[C@H](CCO[Si](C)(C)C(C)(C)C)[C@@]4(/C=C/C45CCC(CC4=O)C5(C)C)OCc4ccccc4)[C@@H]4C=C[C@@H]3C4)C(O)O[C@@H]1CCO[Si](C)(C)C(C)(C)C)C(=O)C2,ester,Sigma-Aldrich,diol,530.778,False,,0,21.8306,-9.7184,10.2088,0,True,2,True,0,6,2,True,,17.087179142231435,5.102903453048267,4.065915716371936,1168.0543849865378,19.37983436955105,13.615383986987569,9.900754037586127,0.0,8.0,,gc_formula_si,"Si monomer: HSP NOT reliable (Si groups fitted on 51 HSPiP Si compounds, only 7 measured, all much smaller than the monomers)",0.0,17.087179142231435,17.087179142231435,5.102903453048267,5.102903453048267,4.065915716371936,4.065915716371936,2,Si,Sigma-Aldrich,https://www.sigmaaldrich.com/catalog/product/aldrich/t264466,39.88318523738168,2.2406283841225663,2.352876696935927,0.33612524241941816,6.711922099639499,1.3423844199278998,10.934379615135668,1.562054230733667,7.918359972811231,-16.050191405555104,-18.124166878907765,0,Si: HSP unreliable
CC(C)(C)[Si](C)(C)OCC(CO)NC(=O)OCc1ccccc1,CC(C)(C)[Si](C)(C)OCC(COC(=O)[C@@H]1[C@H](C(=O)OCC(CO[Si](C)(C)C(C)(C)C)NC(=O)OCc2ccccc2)[C@@H]2C=C[C@@H]1C2)NC(=O)OCc1ccccc1,ester,Matrix Scientific,monoalcohol,339.508,False,,0,20.1846,10.2646,3.4031,0,True,2,True,2,0,0,True,,16.966127073067437,4.942488961238281,4.733705796925294,761.0685168367327,17.824619854796914,7.152129297510829,5.373645064270734,0.0,8.0,,gc_formula_si,"Si monomer: HSP NOT reliable (Si groups fitted on 51 HSPiP Si compounds, only 7 measured, all much smaller than the monomers)",0.0,16.966127073067437,16.966127073067437,4.942488961238281,4.942488961238281,4.733705796925294,4.733705796925294,2,Si,Matrix Scientific,https://www.matrixscientific.com/212118.html,39.26949356563981,2.206151323912349,2.1107738564455203,0.30153912234936003,6.972163854478748,1.3944327708957496,10.937802728063904,1.5625432468662719,7.2899323149038615,-16.75734390875445,-17.174910237380423,0,Si: HSP unreliable
C=C1CC[C@H](O[Si](C)(C)C(C)(C)C)[C@]2(C)[C@@H]1/C=C(/OCc1ccccc1)C1(O)CCC([C@@H](OCc3ccc(OC)cc3)[C@H]2O)C1(C)C,C=C1CC[C@H](O[Si](C)(C)C(C)(C)C)[C@]2(C)[C@@H]1/C=C(/OCc1ccccc1)C1(O)CCC([C@@H](OCc3ccc(OC)cc3)[C@H]2OC(=O)[C@@H]2[C@H](C(=O)O[C@@H]3[C@H](OCc4ccc(OC)cc4)C4CCC(O)(/C(OCc5ccccc5)=C\[C@@H]5C(=C)CC[C@H](O[Si](C)(C)C(C)(C)C)[C@]53C)C4(C)C)[C@@H]3C=C[C@@H]2C3)C1(C)C,ester,Sigma-Aldrich,diol,662.984,False,,0,25.8959,-6.4998,10.0566,0,True,2,True,0,2,2,True,,17.37366534901411,3.827400286818238,4.218175835906522,1406.729747096139,20.861094365883456,11.869011036306356,10.8812343544568,0.0,8.0,,gc_formula_si,"Si monomer: HSP NOT reliable (Si groups fitted on 51 HSPiP Si compounds, only 7 measured, all much smaller than the monomers)",0.0,17.37366534901411,17.37366534901411,3.827400286818238,3.827400286818238,4.218175835906522,4.218175835906522,2,Si,Sigma-Aldrich,https://www.sigmaaldrich.com/catalog/product/aldrich/t273171,40.155198951103095,2.255910053432758,1.5412296534044039,0.2201756647720577,6.087119964717007,1.2174239929434014,10.94598517797566,1.563712168282237,9.32808922628935,-17.764440898102393,-16.98288979992583,0,Si: HSP unreliable
C[Si]1(C)C2C=CC1C1C(O)=CC(=O)C12,C[Si]1(C)C2C=CC1C1C(OC(=O)[C@@H]3[C@H](C(=O)OC4=CC(=O)C5C4C4C=CC5[Si]4(C)C)[C@@H]4C=C[C@@H]3C4)=CC(=O)C12,ester,Sigma-Aldrich,monoalcohol,206.317,False,,0,18.7746,2.2296,5.0235,2,True,2,True,2,2,2,True,,16.952087786018105,5.460525278938094,4.214501400619867,500.8489088850158,18.78818087295957,4.905964873312039,6.4331155320236775,0.0,8.0,,gc_formula_si,"Si monomer: HSP NOT reliable (Si groups fitted on 51 HSPiP Si compounds, only 7 measured, all much smaller than the monomers)",0.0,16.952087786018105,16.952087786018105,5.460525278938094,5.460525278938094,4.214501400619867,4.214501400619867,2,Si,Sigma-Aldrich,https://www.sigmaaldrich.com/catalog/product/aldrich/t222283,39.62347746869904,2.226038060039272,2.6388570036460526,0.3769795719494361,7.019988055577071,1.4039976111154142,10.949902307224761,1.5642717581749659,7.277061106460144,-15.706063907699878,-18.19811166433633,0,Si: HSP unreliable
C[Si](C)(C)CC(O)CO,C[Si](C)(C)CC(O)COC(=O)[C@@H]1[C@H](C(=O)OCC(O)C[Si](C)(C)C)[C@@H]2C=C[C@@H]1C2,ester,Sigma-Aldrich,diol,148.278,False,,0,17.1569,10.8362,17.4395,0,True,2,True,0,0,0,True,,15.978348768648672,4.789699899648404,7.42226601115248,432.955410674491,15.195866203644718,7.222919271772749,12.164853286536244,0.0,8.0,,gc_formula_si,"Si monomer: HSP NOT reliable (Si groups fitted on 51 HSPiP Si compounds, only 7 measured, all much smaller than the monomers)",0.0,15.978348768648672,15.978348768648672,4.789699899648404,4.789699899648404,7.42226601115248,7.42226601115248,2,Si,Sigma-Aldrich,https://www.sigmaaldrich.com/catalog/product/aldrich/455075?utm_source=pubchem&utm_campaign=pubchem_2017&utm_medium=referral,36.647543256194176,2.0588507447300097,4.214300103671035,0.602042871953005,8.856923615314779,1.7713847230629558,11.000979068455788,1.5715684383508268,3.7663828578477876,-18.610914880152748,-13.345782657144596,0,Si: HSP unreliable
C[Si](C)(C)c1ccc(C(O)c2ccccc2)cc1,C[Si](C)(C)c1ccc(C(OC(=O)[C@@H]2[C@H](C(=O)OC(c3ccccc3)c3ccc([Si](C)(C)C)cc3)[C@@H]3C=C[C@@H]2C3)c2ccccc2)cc1,ester,Sigma-Aldrich,monoalcohol,256.421,False,,0,22.869,-0.7056,6.6104,0,True,2,True,0,0,0,True,,17.700751299235055,2.834462831898036,3.6238763613671834,646.9463613959302,20.21881388826428,4.109508364695346,4.54644225086268,0.0,8.0,,gc_formula_si,"Si monomer: HSP NOT reliable (Si groups fitted on 51 HSPiP Si compounds, only 7 measured, all much smaller than the monomers)",0.0,17.700751299235055,17.700751299235055,2.834462831898036,2.834462831898036,3.6238763613671834,3.6238763613671834,2,Si,Sigma-Aldrich,https://www.sigmaaldrich.com/catalog/product/aldrich/s813257,41.091935142553524,2.308535682165928,2.1667050058689834,0.3095292865527119,5.386564418729443,1.0773128837458885,11.008937898593656,1.572705414084808,11.242412105969835,-18.490164828704202,-16.911337769765908,0,Si: HSP unreliable
C=C[C@H](OCc1ccc(OC)cc1)C(OCc1ccc(OC)cc1)C(OCc1ccccc1)[C@H]1C[C@H](O)C2(OCOCC[Si](C)(C)C)CCC([C@@H](OCOC)[C@@H](OCOCCOC)[C@@H]1C)C2(C)C,C=C[C@H](OCc1ccc(OC)cc1)C(OCc1ccc(OC)cc1)C(OCc1ccccc1)[C@H]1C[C@H](OC(=O)[C@@H]2[C@H](C(=O)O[C@H]3C[C@H](C(OCc4ccccc4)C(OCc4ccc(OC)cc4)[C@H](C=C)OCc4ccc(OC)cc4)[C@@H](C)[C@H](OCOCCOC)[C@H](OCOC)C4CCC3(OCOCC[Si](C)(C)C)C4(C)C)[C@@H]3C=C[C@@H]2C3)C2(OCOCC[Si](C)(C)C)CCC([C@@H](OCOC)[C@@H](OCOCCOC)[C@@H]1C)C2(C)C,ester,Sigma-Aldrich,monoalcohol,967.323,False,,0,29.8855,18.5298,10.9206,4,True,2,True,0,2,0,True,,17.16271765822001,4.354048933084519,4.751884550842757,1958.8586089655316,21.823647984373352,21.22441654696284,25.092169981349944,0.0,12.0,,gc_formula_si,"Si monomer: HSP NOT reliable (Si groups fitted on 51 HSPiP Si compounds, only 7 measured, all much smaller than the monomers)",0.0,17.16271765822001,17.16271765822001,4.354048933084519,4.354048933084519,4.751884550842757,4.751884550842757,2,Si,Sigma-Aldrich,https://www.sigmaaldrich.com/catalog/product/aldrich/t266108,39.45310722972345,2.21646669829907,1.5460764183834141,0.22086805976905916,6.671976912988456,1.3343953825976913,11.009157301273667,1.5727367573248097,8.056784174292735,-17.56055327597825,-16.764882040461774,0,Si: HSP unreliable
CC(C)(C)[Si](C)(C)OC1CCC(CO)(CO)CC1,CC(C)(C)[Si](C)(C)OC1CCC(CO)(COC(=O)[C@@H]2[C@H](C(=O)OCC3(CO)CCC(O[Si](C)(C)C(C)(C)C)CC3)[C@@H]3C=C[C@@H]2C3)CC1,ester,Oakwood Products,diol,274.477,False,,0,18.6674,4.03,13.1875,0,True,2,True,0,0,2,True,,16.17583992511015,4.234987755343541,7.440899806793771,688.3478550352627,14.872257042170029,6.62653983905533,4.295572366044746,0.0,8.0,,gc_formula_si,"Si monomer: HSP NOT reliable (Si groups fitted on 51 HSPiP Si compounds, only 7 measured, all much smaller than the monomers)",0.0,16.17583992511015,16.17583992511015,4.234987755343541,4.234987755343541,7.440899806793771,7.440899806793771,2,Si,Oakwood Products,http://www.oakwoodchemical.com/ProductsList.aspx?CategoryID=-2&txtSearch=167048&ExtHyperLink=1,36.81574958919617,2.068300538718886,3.798801475690329,0.5426859250986185,8.56526556035713,1.7130531120714259,11.028506878204876,1.5755009826006965,4.499952362972838,-19.38175197656038,-12.969927873659922,0,Si: HSP unreliable
COC1(OC)C2C=CC1C(O)(C1=CC[C@H](O[Si](c3ccccc3)(c3ccccc3)C(C)(C)C)C1)C2,COC1(OC)C2C=CC1C(OC(=O)[C@@H]1[C@H](C(=O)OC3(C4=CC[C@H](O[Si](c5ccccc5)(c5ccccc5)C(C)(C)C)C4)CC4C=CC3C4(OC)OC)[C@@H]3C=C[C@@H]1C3)(C1=CC[C@H](O[Si](c3ccccc3)(c3ccccc3)C(C)(C)C)C1)C2,ester,Sigma-Aldrich,monoalcohol,490.716,False,,0,25.6747,-4.649,8.3422,0,True,2,True,0,0,0,True,,17.665659068792127,3.15880385341615,3.6843028890549614,1065.5137352412996,22.659704687000158,6.013339056419589,9.77842139584192,0.0,4.0,,gc_formula_si,"Si monomer: HSP NOT reliable (Si groups fitted on 51 HSPiP Si compounds, only 7 measured, all much smaller than the monomers)",0.0,17.665659068792127,17.665659068792127,3.15880385341615,3.15880385341615,3.6843028890549614,3.6843028890549614,2,Si,Sigma-Aldrich,https://www.sigmaaldrich.com/catalog/product/aldrich/t287563,40.92467102675665,2.2991388217279014,1.9794740891449178,0.28278201273498826,5.568862391130899,1.11377247822618,11.053651410849062,1.5790930586927232,10.822552326321016,-18.19115810443094,-17.140160033153315,0,Si: HSP unreliable
CC(C)(C)[Si](OCC1(CO)CCOCC1)(c1ccccc1)c1ccccc1,CC(C)(C)[Si](OCC1(COC(=O)[C@@H]2[C@H](C(=O)OCC3(CO[Si](c4ccccc4)(c4ccccc4)C(C)(C)C)CCOCC3)[C@@H]3C=C[C@@H]2C3)CCOCC1)(c1ccccc1)c1ccccc1,ester,Matrix Scientific,monoalcohol,384.592,False,,0,26.034,7.2728,6.5324,0,True,2,True,0,0,0,True,,17.652165304663963,3.42458670276061,3.5213830280477767,846.886547511778,21.777290500481104,5.466005752673676,7.03147644692273,0.0,4.0,,gc_formula_si,"Si monomer: HSP NOT reliable (Si groups fitted on 51 HSPiP Si compounds, only 7 measured, all much smaller than the monomers)",0.0,17.652165304663963,17.652165304663963,3.42458670276061,3.42458670276061,3.5213830280477767,3.5213830280477767,2,Si,Matrix Scientific,https://www.matrixscientific.com/212179.html,40.993285009232466,2.3029935398445205,2.0562984495130587,0.2937569213590084,5.607257490029833,1.1214514980059667,11.055482682082127,1.5793546688688753,10.706195573855577,-17.74896162995113,-17.555368979376798,0,Si: HSP unreliable
CCOC(=O)[C@@H](O)[C@H](O)[C@@H](C)[C@H](CO[Si](C)(C)C(C)(C)C)OCc1ccc(OC)cc1,CCOC(=O)[C@@H](O)[C@H](OC(=O)[C@@H]1[C@H](C(=O)O[C@H]([C@@H](C)[C@H](CO[Si](C)(C)C(C)(C)C)OCc2ccc(OC)cc2)[C@H](O)C(=O)OCC)[C@@H]2C=C[C@@H]1C2)[C@@H](C)[C@H](CO[Si](C)(C)C(C)(C)C)OCc1ccc(OC)cc1,ester,Sigma-Aldrich,diol,456.652,False,,0,19.6782,14.734,11.7303,0,True,2,True,0,0,0,True,,16.643486904951413,4.753704375441877,6.139846803095746,1011.7416510442296,16.444094090488175,11.299258183622584,9.17156036864862,0.0,8.0,,gc_formula_si,"Si monomer: HSP NOT reliable (Si groups fitted on 51 HSPiP Si compounds, only 7 measured, all much smaller than the monomers)",0.0,16.643486904951413,16.643486904951413,4.753704375441877,4.753704375441877,6.139846803095746,6.139846803095746,2,Si,Sigma-Aldrich,https://www.sigmaaldrich.com/catalog/product/aldrich/t265292,37.93766062510605,2.1313292486014634,2.547215194708902,0.36388788495841456,7.795342011103342,1.5590684022206684,11.067961868956425,1.5811374098509179,5.74993572641379,-18.029629332605282,-15.257344477297544,0,Si: HSP unreliable
CC(C)(C)[Si](C)(C)OC1C2OC3(CO)OC(C2OCc2ccccc2)C(OCc2ccccc2)C1O3,CC(C)(C)[Si](C)(C)OC1C2OC3(COC(=O)[C@@H]4[C@H](C(=O)OCC56OC7C(OCc8ccccc8)C(O5)C(O[Si](C)(C)C(C)(C)C)C(O6)C7OCc5ccccc5)[C@@H]5C=C[C@@H]4C5)OC(C2OCc2ccccc2)C(OCc2ccccc2)C1O3,ester,Sigma-Aldrich,monoalcohol,514.691,False,,0,28.9302,13.8256,5.7258,0,True,2,True,0,0,2,True,,17.561113583988213,4.057978941753798,3.4022453316175927,1047.91358223324,21.61341704418455,8.871504770886338,9.64261088571263,0.0,8.0,,gc_formula_si,"Si monomer: HSP NOT reliable (Si groups fitted on 51 HSPiP Si compounds, only 7 measured, all much smaller than the monomers)",0.0,17.561113583988213,17.561113583988213,4.057978941753798,4.057978941753798,3.4022453316175927,3.4022453316175927,2,Si,Sigma-Aldrich,https://www.sigmaaldrich.com/catalog/product/aldrich/t267465,40.89792099877039,2.2976360111668757,2.1572665282198353,0.30818093260283363,5.865500513605753,1.1731001027211507,11.070870222975696,1.581552888996528,10.100889310616822,-16.905379973852007,-18.21684719412442,0,Si: HSP unreliable
CO[Si](C)(CCCN)OC,CO[Si](C)(CCCNC(=O)[C@@H]1[C@H](C(=O)NCCC[Si](C)(OC)OC)[C@@H]2C=C[C@@H]1C2)OC,amide,Ambeed,monoamine,163.293,False,,0,15.9555,5.441,12.1501,0,True,2,True,2,0,0,True,,16.30344686627376,6.954895783141063,4.743319306652384,449.41864476724845,15.739020415290168,9.524360601334497,2.9187557433580444,0.0,8.0,,gc_formula_si,"Si monomer: HSP NOT reliable (Si groups fitted on 51 HSPiP Si compounds, only 7 measured, all much smaller than the monomers)",0.0,16.30344686627376,16.30344686627376,6.954895783141063,6.954895783141063,4.743319306652384,4.743319306652384,2,Si,Ambeed,https://www.ambeed.com/products/3663-44-3.html,38.6639403380412,2.172131479665236,4.343229103535918,0.620461300505131,8.418414394811117,1.6836828789622236,11.081920892672322,1.583131556096046,4.605231776480313,-14.091870389785083,-18.515023342762436,0,Si: HSP unreliable
C[Si](C)(C)C#CCCN,C[Si](C)(C)C#CCCNC(=O)[C@@H]1[C@H](C(=O)NCCC#C[Si](C)(C)C)[C@@H]2C=C[C@@H]1C2,amide,Sigma-Aldrich,monoamine,141.29,False,,0,13.5682,-1.7796,5.9465,0,True,2,True,2,0,0,True,,16.18723292310542,7.004552489832239,5.017501431544856,448.06222780317154,15.342735403553826,5.743335450706914,6.096016815326041,0.0,8.0,,gc_formula_si,"Si monomer: HSP NOT reliable (Si groups fitted on 51 HSPiP Si compounds, only 7 measured, all much smaller than the monomers)",0.0,16.18723292310542,16.18723292310542,7.004552489832239,7.004552489832239,5.017501431544856,5.017501431544856,2,Si,Sigma-Aldrich,https://www.sigmaaldrich.com/catalog/product/aldrich/syx00414?utm_source=pubchem&utm_campaign=pubchem_2017&utm_medium=referral,38.37697137317434,2.156009627706424,4.502790424608411,0.6432557749440587,8.619161319577161,1.7238322639154322,11.085226657057184,1.5836038081510264,4.165179001728324,-14.200181864818038,-18.174283981392804,0,Si: HSP unreliable
CC1C2CC(O[Si](C)(C)C(C)(C)C)C(CO)(O2)C1O,CC1C2CC(O[Si](C)(C)C(C)(C)C)C(CO)(O2)C1OC(=O)[C@@H]1[C@H](C(=O)OC2C(C)C3CC(O[Si](C)(C)C(C)(C)C)C2(CO)O3)[C@@H]2C=C[C@@H]1C2,ester,Sigma-Aldrich,diol,288.46,False,,0,19.7964,14.3684,14.5839,0,True,2,True,0,0,0,True,,16.091391094662146,4.62414630399671,7.454095953404323,697.8238234048399,13.828556694768228,8.825594104205875,4.504545738505461,0.0,8.0,,gc_formula_si,"Si monomer: HSP NOT reliable (Si groups fitted on 51 HSPiP Si compounds, only 7 measured, all much smaller than the monomers)",0.0,16.091391094662146,16.091391094662146,4.62414630399671,4.62414630399671,7.454095953404323,7.454095953404323,2,Si,Sigma-Aldrich,https://www.sigmaaldrich.com/catalog/product/aldrich/t244864,36.67486945913792,2.06038592467067,4.0025312528826715,0.5717901789832388,8.781819072656312,1.7563638145312623,11.08839076472055,1.5840558235315072,4.013148837261113,-18.92134074406976,-13.261441445254533,0,Si: HSP unreliable
CC(C)(C)[Si](OCC(O)CCl)(c1ccccc1)c1ccccc1,CC(C)(C)[Si](OCC(CCl)OC(=O)[C@@H]1[C@H](C(=O)OC(CCl)CO[Si](c2ccccc2)(c2ccccc2)C(C)(C)C)[C@@H]2C=C[C@@H]1C2)(c1ccccc1)c1ccccc1,ester,Ambeed,monoalcohol,348.946,False,,0,24.4547,5.8648,8.208,0,True,2,True,0,0,0,True,,17.58681895949661,4.0957904856184895,3.291442174699251,776.6552296424317,21.605666030597373,5.9705065600351634,5.824624143948021,0.0,4.0,,gc_formula_si,"Si monomer: HSP NOT reliable (Si groups fitted on 51 HSPiP Si compounds, only 7 measured, all much smaller than the monomers)",0.0,17.58681895949661,17.58681895949661,4.0957904856184895,4.0957904856184895,3.291442174699251,3.291442174699251,2,Si,Ambeed,https://www.ambeed.com/products/1879071-16-5.html,40.99752481859096,2.3032317313815147,2.2578410497810353,0.32254872139729074,5.850872023002352,1.1701744046004703,11.09653502058431,1.5852192886549015,10.19958629917887,-16.782470648577373,-18.39116727041585,0,Si: HSP unreliable
C=C[C@H]1O[C@@H](c2ccccc2)OC[C@]1(/C=C\C1(O)C(OCOC)C2CCC1(/C=C\Sc1ccccc1)C2(C)C)OCOCC[Si](C)(C)C,C=C[C@H]1O[C@@H](c2ccccc2)OC[C@]1(/C=C\C1(OC(=O)[C@@H]2[C@H](C(=O)OC3(/C=C\[C@]4(OCOCC[Si](C)(C)C)CO[C@H](c5ccccc5)O[C@@H]4C=C)C(OCOC)C4CCC3(/C=C\Sc3ccccc3)C4(C)C)[C@@H]3C=C[C@@H]2C3)C(OCOC)C2CCC1(/C=C\Sc1ccccc1)C2(C)C)OCOCC[Si](C)(C)C,ester,Sigma-Aldrich,monoalcohol,695.007,False,,0,29.1401,22.5346,13.1894,4,True,2,True,0,8,0,True,,17.453800268246994,3.94087774804706,4.178751902047114,1454.4647215850662,22.96407615954764,15.387983668792671,17.387691004305996,0.0,12.0,,gc_formula_si,"Si monomer: HSP NOT reliable (Si groups fitted on 51 HSPiP Si compounds, only 7 measured, all much smaller than the monomers)",0.0,17.453800268246994,17.453800268246994,3.94087774804706,3.94087774804706,4.178751902047114,4.178751902047114,2,Si,Sigma-Aldrich,https://www.sigmaaldrich.com/catalog/product/aldrich/t262064,40.173639715440665,2.2569460514292508,1.4922414495291747,0.21317734993273924,6.1901134981470385,1.2380226996294077,11.107967989036322,1.5868525698623317,9.33417061815282,-17.691674422247047,-17.21592611424694,0,Si: HSP unreliable
C[Si](C)(C)CN,C[Si](C)(C)CNC(=O)[C@@H]1[C@H](C(=O)NC[Si](C)(C)C)[C@@H]2C=C[C@@H]1C2,amide,Sigma-Aldrich,monoamine,103.241,False,,0,13.3361,-1.5074,8.7571,0,True,2,True,2,0,0,True,,16.07085343282396,7.30689059971127,4.959497147956699,364.9532071641262,15.616037759137331,7.240140303377937,3.455721380120952,0.0,8.0,,gc_formula_si,"Si monomer: HSP NOT reliable (Si groups fitted on 51 HSPiP Si compounds, only 7 measured, all much smaller than the monomers)",0.0,16.07085343282396,16.07085343282396,7.30689059971127,7.30689059971127,4.959497147956699,4.959497147956699,2,Si,Sigma-Aldrich,https://www.sigmaaldrich.com/catalog/product/aldrich/92768?utm_source=pubchem&utm_campaign=pubchem_2017&utm_medium=referral,38.35605296241924,2.1548344360909684,4.88455098187896,0.6977929974112801,8.84292343027654,1.768584686055308,11.110259837603433,1.5871799768004904,3.8044656851559893,-13.72345998106939,-18.41824688457853,0,Si: HSP unreliable
C=CC[C@H](C[C@H](O)CC(=O)C[C@H](C[C@H](COCOCC[Si](C)(C)C)OCc1ccc(OC)cc1)O[Si](c1ccccc1)(c1ccccc1)C(C)(C)C)OCc1ccc(OC)cc1,C=CC[C@H](C[C@@H](CC(=O)C[C@H](C[C@H](COCOCC[Si](C)(C)C)OCc1ccc(OC)cc1)O[Si](c1ccccc1)(c1ccccc1)C(C)(C)C)OC(=O)[C@@H]1[C@H](C(=O)O[C@H](CC(=O)C[C@H](C[C@H](COCOCC[Si](C)(C)C)OCc2ccc(OC)cc2)O[Si](c2ccccc2)(c2ccccc2)C(C)(C)C)C[C@@H](CC=C)OCc2ccc(OC)cc2)[C@@H]2C=C[C@@H]1C2)OCc1ccc(OC)cc1,ester,Sigma-Aldrich,monoalcohol,885.3,False,,0,30.2352,12.0076,8.5078,4,True,4,True,0,0,0,True,,17.372636011471126,4.377329918418202,4.136259924635417,1833.4847523318545,23.6414829983304,14.180581421908188,18.63654194986624,0.0,16.0,,gc_formula_si,"Si monomer: HSP NOT reliable (Si groups fitted on 51 HSPiP Si compounds, only 7 measured, all much smaller than the monomers)",0.0,17.372636011471126,17.372636011471126,4.377329918418202,4.377329918418202,4.136259924635417,4.136259924635417,4,Si,Sigma-Aldrich,https://www.sigmaaldrich.com/catalog/product/aldrich/t261467,40.06974642908436,2.2511093499485595,1.6787467822568591,0.23982096889383703,6.3931099968045935,1.2786219993609187,11.11772335334943,1.5882461933356329,8.859046168417507,-17.131566017688343,-17.61370600525391,0,Si: HSP unreliable
CC(C)(C)[Si](C)(C)OC(c1ccccc1)(c1ccccc1)[C@H]1CCCN1,CC(C)(C)[Si](C)(C)OC(c1ccccc1)(c1ccccc1)[C@H]1CCCN1C(=O)[C@@H]1[C@H](C(=O)N2CCC[C@@H]2C(O[Si](C)(C)C(C)(C)C)(c2ccccc2)c2ccccc2)[C@@H]2C=C[C@@H]1C2,amide,Sigma-Aldrich,monoamine,367.609,False,,0,25.6956,3.0084,7.151,0,True,2,True,0,0,0,True,,17.598126917641004,4.369120992818106,2.9902526202258133,857.5181435141715,21.11349589153587,2.141255797207537,3.857258477716004,0.0,8.0,,gc_formula_si,"Si monomer: HSP NOT reliable (Si groups fitted on 51 HSPiP Si compounds, only 7 measured, all much smaller than the monomers)",0.0,17.598126917641004,17.598126917641004,4.369120992818106,4.369120992818106,2.9902526202258133,2.9902526202258133,2,Si,Sigma-Aldrich,https://www.sigmaaldrich.com/catalog/product/aldrich/778524?utm_source=pubchem&utm_campaign=pubchem_2017&utm_medium=referral,41.20852013590741,2.315085400893675,2.584940498678941,0.36927721409699155,5.896724765483611,1.1793449530967222,11.135412798272396,1.5907732568960566,10.238753304597084,-16.21925854504871,-18.976995290233294,0,Si: HSP unreliable
Cc1cc(C)c([Si](C)(C)c2ccccc2CO)c(C)c1,Cc1cc(C)c([Si](C)(C)c2ccccc2COC(=O)[C@@H]2[C@H](C(=O)OCc3ccccc3[Si](C)(C)c3c(C)cc(C)cc3C)[C@@H]3C=C[C@@H]2C3)c(C)c1,ester,Combi-Blocks,monoalcohol,284.475,False,,0,23.9483,-0.822,3.4768,0,True,2,True,0,0,0,True,,17.91541618680564,2.3286548540115133,3.1879166778906867,682.8395447740883,20.81404916781832,3.777824256776126,4.175359839193293,0.0,6.0,,gc_formula_si,"Si monomer: HSP NOT reliable (Si groups fitted on 51 HSPiP Si compounds, only 7 measured, all much smaller than the monomers)",0.0,17.91541618680564,17.91541618680564,2.3286548540115133,2.3286548540115133,3.1879166778906867,3.1879166778906867,2,Si,Combi-Blocks,https://www.combi-blocks.com/cgi-bin/find.cgi?QA-0588,41.71327943614953,2.3434426649522204,2.8050202211222355,0.40071717444603366,5.10134531282285,1.0202690625645698,11.152923839992011,1.593274834284573,12.39884465490344,-18.774678010684813,-17.056154362926467,0,Si: HSP unreliable
C=C[C@H](OCc1ccccc1)C(OCc1ccc(OC)cc1)C(OCc1ccccc1)[C@H]1CC(=O)C2(O)CCC([C@@H](OCOC)[C@@H](OCOCC[Si](C)(C)C)[C@@H]1C)C2(C)C,C=C[C@H](OCc1ccccc1)C(OCc1ccc(OC)cc1)C(OCc1ccccc1)[C@H]1CC(=O)C2(OC(=O)[C@@H]3[C@H](C(=O)OC45CCC([C@@H](OCOC)[C@@H](OCOCC[Si](C)(C)C)[C@H](C)[C@@H](C(OCc6ccccc6)C(OCc6ccc(OC)cc6)[C@H](C=C)OCc6ccccc6)CC4=O)C5(C)C)[C@@H]4C=C[C@@H]3C4)CCC([C@@H](OCOC)[C@@H](OCOCC[Si](C)(C)C)[C@@H]1C)C2(C)C,ester,Sigma-Aldrich,monoalcohol,847.175,False,,0,28.1268,7.313,11.7714,4,True,2,True,2,4,2,True,,17.257904440082648,4.650768715924916,4.461299702405329,1756.0752823965945,22.812456210673368,15.471596383627196,19.756320320257373,0.0,12.0,,gc_formula_si,"Si monomer: HSP NOT reliable (Si groups fitted on 51 HSPiP Si compounds, only 7 measured, all much smaller than the monomers)",0.0,17.257904440082648,17.257904440082648,4.650768715924916,4.650768715924916,4.461299702405329,4.461299702405329,2,Si,Sigma-Aldrich,https://www.sigmaaldrich.com/catalog/product/aldrich/t265977,39.66022192364118,2.2281023552607406,1.6786966245761146,0.2398138035108735,6.723330153207409,1.344666030641482,11.163817278306208,1.5948310397580296,8.145836021752402,-17.06843542656306,-17.447373453602232,0,Si: HSP unreliable
COc1ccc(COCC23OC4C(O)C(O2)C(O[Si](C)(C)C(C)(C)C)C(O3)C4O)cc1,COc1ccc(COCC23OC4C(O)C(O2)C(O[Si](C)(C)C(C)(C)C)C(O3)C4OC(=O)[C@@H]2[C@H](C(=O)OC3C4OC5(COCc6ccc(OC)cc6)OC(C4O)C(O[Si](C)(C)C(C)(C)C)C3O5)[C@@H]3C=C[C@@H]2C3)cc1,ester,Sigma-Aldrich,diol,454.592,False,,0,26.5146,14.5875,19.4755,0,True,2,True,0,0,2,True,,17.191132362337527,5.000113915590329,4.398197160745878,947.2274937875106,18.83411011780617,10.751444335757071,8.564920683141732,0.0,8.0,,gc_formula_si,"Si monomer: HSP NOT reliable (Si groups fitted on 51 HSPiP Si compounds, only 7 measured, all much smaller than the monomers)",0.0,17.191132362337527,17.191132362337527,5.000113915590329,5.000113915590329,4.398197160745878,4.398197160745878,2,Si,Sigma-Aldrich,https://www.sigmaaldrich.com/catalog/product/aldrich/t266930,39.61040099523687,2.2253034266987006,1.9766383899526634,0.28237691285038047,6.893601742376346,1.378720348475269,11.181518547040692,1.5973597924343845,7.79282128600132,-16.589215607493074,-17.79304911718198,0,Si: HSP unreliable
CC(N)(CO)CO[Si](c1ccccc1)(c1ccccc1)C(C)(C)C,CC(N)(COC(=O)[C@@H]1[C@H](C(=O)OCC(C)(N)CO[Si](c2ccccc2)(c2ccccc2)C(C)(C)C)[C@@H]2C=C[C@@H]1C2)CO[Si](c1ccccc1)(c1ccccc1)C(C)(C)C,ester,Ambeed,"monoalcohol,monoamine",343.543,False,,0,24.5585,5.6232,7.827,2,True,2,True,0,0,0,True,,17.487269642651782,3.639416321443009,4.492684464060344,790.4680067786899,21.340339487786675,5.489924559154398,4.662486806080405,0.0,6.0,,gc_formula_si,"Si monomer: HSP NOT reliable (Si groups fitted on 51 HSPiP Si compounds, only 7 measured, all much smaller than the monomers)",0.0,17.487269642651782,17.487269642651782,3.639416321443009,3.639416321443009,4.492684464060344,4.492684464060344,2,Si,Ambeed,https://www.ambeed.com/products/280753-14-2.html,39.97466822175182,2.2457678776265064,1.2139973427088995,0.17342819181555708,6.250440118251266,1.2500880236502532,11.184872255873834,1.597838893696262,9.35516885714843,-18.340537785269117,-16.634001500034447,2,Si: HSP unreliable  basic N x2
CCOC(=O)CC1(O)O[C@H](CO[Si](c2ccccc2)(c2ccccc2)C(C)(C)C)C[C@H](OCc2ccc(OC)cc2)[C@H]1C,CCOC(=O)CC1(OC(=O)[C@@H]2[C@H](C(=O)OC3(CC(=O)OCC)O[C@H](CO[Si](c4ccccc4)(c4ccccc4)C(C)(C)C)C[C@H](OCc4ccc(OC)cc4)[C@H]3C)[C@@H]3C=C[C@@H]2C3)O[C@H](CO[Si](c2ccccc2)(c2ccccc2)C(C)(C)C)C[C@H](OCc2ccc(OC)cc2)[C@H]1C,ester,Sigma-Aldrich,monoalcohol,606.832,False,,0,27.2889,11.9438,7.5262,0,True,2,True,0,2,2,True,,17.536881119122807,3.797768793390104,4.342689556169677,1270.5333883551082,22.59059888194517,6.3876693309849415,10.396772854914827,0.0,4.0,,gc_formula_si,"Si monomer: HSP NOT reliable (Si groups fitted on 51 HSPiP Si compounds, only 7 measured, all much smaller than the monomers)",0.0,17.536881119122807,17.536881119122807,3.797768793390104,3.797768793390104,4.342689556169677,4.342689556169677,2,Si,Sigma-Aldrich,https://www.sigmaaldrich.com/catalog/product/aldrich/t264962,40.07801643448227,2.251573956993386,1.2754390870989971,0.1822055838712853,6.277061414442497,1.2554122828884995,11.263377656432361,1.6090539509189088,9.396422769563026,-18.08180188190238,-16.991960356343235,0,Si: HSP unreliable
C=C[C@@]1(O)CO[C@@H](c2ccccc2)O[C@H]1CCO[Si](c1ccccc1)(c1ccccc1)C(C)(C)C,C=C[C@@]1(OC(=O)[C@@H]2[C@H](C(=O)O[C@]3(C=C)CO[C@@H](c4ccccc4)O[C@H]3CCO[Si](c3ccccc3)(c3ccccc3)C(C)(C)C)[C@@H]3C=C[C@@H]2C3)CO[C@@H](c2ccccc2)O[C@H]1CCO[Si](c1ccccc1)(c1ccccc1)C(C)(C)C,ester,Sigma-Aldrich,monoalcohol,488.7,False,,0,27.7743,5.3096,7.5882,4,True,2,True,0,4,2,True,,17.747076817501654,3.502017580896674,3.630499444177418,1075.1577681482866,23.173832271474,4.996907667840812,8.777205328752638,0.0,8.0,,gc_formula_si,"Si monomer: HSP NOT reliable (Si groups fitted on 51 HSPiP Si compounds, only 7 measured, all much smaller than the monomers)",0.0,17.747076817501654,17.747076817501654,3.502017580896674,3.502017580896674,3.630499444177418,3.630499444177418,2,Si,Sigma-Aldrich,https://www.sigmaaldrich.com/catalog/product/aldrich/t264814,40.886761362083845,2.297009065285609,1.9143212340459719,0.2734744620065674,5.81556348207848,1.1631126964156961,11.28435159670827,1.6120502281011813,10.614559792427562,-17.875558680782397,-17.61859495422091,0,Si: HSP unreliable
CO[Si](CCCN)(OC)OC,CO[Si](CCCNC(=O)[C@@H]1[C@H](C(=O)NCCC[Si](OC)(OC)OC)[C@@H]2C=C[C@@H]1C2)(OC)OC,amide,Sigma-Aldrich,monoamine,179.292,False,,0,17.7043,10.0648,15.1877,0,True,2,True,2,0,0,True,,16.38654694471092,7.070768080988449,4.830211892137548,458.1616017664336,15.815110312047857,11.2634238701022,2.776977627006361,0.0,8.0,,gc_formula_si,"Si monomer: HSP NOT reliable (Si groups fitted on 51 HSPiP Si compounds, only 7 measured, all much smaller than the monomers)",0.0,16.38654694471092,16.38654694471092,7.070768080988449,7.070768080988449,4.830211892137548,4.830211892137548,2,Si,Sigma-Aldrich,https://www.sigmaaldrich.com/catalog/product/aldrich/281778?utm_source=pubchem&utm_campaign=pubchem_2017&utm_medium=referral,38.55982449976024,2.166282275267429,4.300440034563127,0.6143485763661609,8.564850826058048,1.7129701652116096,11.299965561022818,1.6142807944318311,4.485566971584921,-14.145990755860018,-18.627103133561818,0,Si: HSP unreliable
C[Si](C)(Cc1ccccc1)c1ccccc1CO,C[Si](C)(Cc1ccccc1)c1ccccc1COC(=O)[C@@H]1[C@H](C(=O)OCc2ccccc2[Si](C)(C)Cc2ccccc2)[C@@H]2C=C[C@@H]1C2,ester,Combi-Blocks,monoalcohol,256.421,False,,0,23.9198,-0.2046,4.5988,0,True,2,True,0,0,0,True,,17.88021188904137,2.821389238167193,3.5477529968984696,621.8758892463418,20.76803111791394,3.9253006201836222,5.327849023760293,0.0,6.0,,gc_formula_si,"Si monomer: HSP NOT reliable (Si groups fitted on 51 HSPiP Si compounds, only 7 measured, all much smaller than the monomers)",0.0,17.88021188904137,17.88021188904137,2.821389238167193,2.821389238167193,3.5477529968984696,3.5477529968984696,2,Si,Combi-Blocks,https://www.combi-blocks.com/cgi-bin/find.cgi?QI-5240,41.207694232366634,2.31503900181835,2.236158609140862,0.319451229877266,5.525854415139661,1.1051708830279323,11.308632517758722,1.6155189311083888,11.511069653975706,-18.606575647772647,-17.15384813031009,0,Si: HSP unreliable
C[Si](C)(C)/C=C/CB1OCCNCCO1,C[Si](C)(C)/C=C/CB1OCCN(C(=O)[C@@H]2[C@H](C(=O)N3CCOB(C/C=C/[Si](C)(C)C)OCC3)[C@@H]3C=C[C@@H]2C3)CCO1,amide,Ambeed,monoamine,227.189,False,,0,19.6611,-4.3736,3.0655,2,True,2,True,0,2,0,True,,16.70466130443406,6.059801950196047,5.198311650904243,614.2912745503812,18.296802630511102,5.786296143431189,8.128398715710514,0.0,10.0,,gc_formula_si,"Si monomer: HSP NOT reliable (Si groups fitted on 51 HSPiP Si compounds, only 7 measured, all much smaller than the monomers)",0.0,16.70466130443406,16.70466130443406,6.059801950196047,6.059801950196047,5.198311650904243,5.198311650904243,4,"B,Si",Ambeed,https://www.ambeed.com/products/774597-13-6.html,38.48568111722017,2.1621169166977623,3.091088441967836,0.4415840631382623,8.02487674551776,1.604975349103552,11.308973974169925,1.6155677105957036,5.446547703333771,-15.84317100514226,-17.566151603725864,0,Si: HSP unreliable  no groups: B
C[Si](C)(C)C#CCN,C[Si](C)(C)C#CCNC(=O)[C@@H]1[C@H](C(=O)NCC#C[Si](C)(C)C)[C@@H]2C=C[C@@H]1C2,amide,Combi-Blocks,monoamine,127.263,False,,0,13.5314,-1.5074,6.7219,0,True,2,True,2,0,0,True,,16.168155638818813,7.288719374715047,5.218628868738781,414.5724660007955,15.35848818043322,6.34028857049634,6.17814299055483,0.0,8.0,,gc_formula_si,"Si monomer: HSP NOT reliable (Si groups fitted on 51 HSPiP Si compounds, only 7 measured, all much smaller than the monomers)",0.0,16.168155638818813,16.168155638818813,7.288719374715047,7.288719374715047,5.218628868738781,5.218628868738781,2,Si,Combi-Blocks,https://www.combi-blocks.com/cgi-bin/find.cgi?HF-8608,38.114304702270765,2.1412530731612787,4.713199846235221,0.6733142637478887,8.968224413744418,1.7936448827488836,11.334545934145897,1.6192208477351282,3.6608073953649853,-14.098065132842546,-18.238246144795077,0,Si: HSP unreliable
COCO[C@@H]1C2CCC(=C[C@@H](Sc3ccccc3)[C@H]([C@@](COCc3ccc(OC)cc3)(OCc3ccccc3)[C@@H](CCO[Si](C)(C)C(C)(C)C)OCc3ccc(OC)cc3)[C@H](C)[C@@H]1O)C2(C)C,COCO[C@@H]1C2CCC(=C[C@@H](Sc3ccccc3)[C@H]([C@@](COCc3ccc(OC)cc3)(OCc3ccccc3)[C@@H](CCO[Si](C)(C)C(C)(C)C)OCc3ccc(OC)cc3)[C@H](C)[C@@H]1OC(=O)[C@@H]1[C@H](C(=O)O[C@H]3[C@@H](C)[C@@H]([C@@](COCc4ccc(OC)cc4)(OCc4ccccc4)[C@@H](CCO[Si](C)(C)C(C)(C)C)OCc4ccc(OC)cc4)[C@H](Sc4ccccc4)C=C4CCC([C@H]3OCOC)C4(C)C)[C@@H]3C=C[C@@H]1C3)C2(C)C,ester,Sigma-Aldrich,monoalcohol,955.384,False,,0,31.3992,19.4494,10.8722,0,True,2,True,0,0,0,True,,17.617473836137865,3.831680639674033,4.131893379111249,1916.247365426717,24.67922853906213,16.14956724752659,19.110409828055257,0.0,8.0,,gc_formula_si,"Si monomer: HSP NOT reliable (Si groups fitted on 51 HSPiP Si compounds, only 7 measured, all much smaller than the monomers)",0.0,17.617473836137865,17.617473836137865,3.831680639674033,3.831680639674033,4.131893379111249,4.131893379111249,2,Si,Sigma-Aldrich,https://www.sigmaaldrich.com/catalog/product/aldrich/t265888,40.28408048926187,2.2631505892843746,1.4176199995386265,0.20251714279123237,6.220712873652622,1.2441425747305244,11.334924575717212,1.6192749393881731,9.653899817352583,-17.917686575575082,-17.317261096700648,0,Si: HSP unreliable
COc1ccc(CO[C@H](CCCO)[C@@H](C)O[Si](c2ccccc2)(c2ccccc2)C(C)(C)C)cc1,COc1ccc(CO[C@H](CCCOC(=O)[C@@H]2[C@H](C(=O)OCCC[C@@H](OCc3ccc(OC)cc3)[C@@H](C)O[Si](c3ccccc3)(c3ccccc3)C(C)(C)C)[C@@H]3C=C[C@@H]2C3)[C@@H](C)O[Si](c2ccccc2)(c2ccccc2)C(C)(C)C)cc1,ester,Sigma-Aldrich,monoalcohol,492.732,False,,0,26.9892,4.749,7.2128,0,True,2,True,0,0,0,True,,17.758692452338195,3.5136782057181764,3.759624821000125,1074.884994167886,22.82486304128321,4.951091318938622,7.864051213997557,0.0,4.0,,gc_formula_si,"Si monomer: HSP NOT reliable (Si groups fitted on 51 HSPiP Si compounds, only 7 measured, all much smaller than the monomers)",0.0,17.758692452338195,17.758692452338195,3.5136782057181764,3.5136782057181764,3.759624821000125,3.759624821000125,2,Si,Sigma-Aldrich,https://www.sigmaaldrich.com/catalog/product/aldrich/t271667,40.76365436593517,2.29009294190647,1.7846499786768566,0.25494999695383663,5.915390774078479,1.183078154815696,11.350867395815742,1.6215524851165346,10.485389425619895,-18.004639067620143,-17.512745837056247,0,Si: HSP unreliable
COCO[C@H]1C(=O)[C@H](C)[C@@H]([C@@]2([C@@H](CCO)OCc3ccc(OC)cc3)COC(C)(C)O2)C[C@H](O[Si](C)(C)C(C)(C)C)C2(O)CCC1C2(C)C,COCO[C@H]1C(=O)[C@H](C)[C@@H]([C@@]2([C@@H](CCO)OCc3ccc(OC)cc3)COC(C)(C)O2)C[C@H](O[Si](C)(C)C(C)(C)C)C2(OC(=O)[C@@H]3[C@H](C(=O)OC45CCC([C@@H](OCOC)C(=O)[C@H](C)[C@@H]([C@@]6([C@@H](CCO)OCc7ccc(OC)cc7)COC(C)(C)O6)C[C@@H]4O[Si](C)(C)C(C)(C)C)C5(C)C)[C@@H]4C=C[C@@H]3C4)CCC1C2(C)C,ester,Sigma-Aldrich,diol,709.006,False,,0,23.3689,16.633,3.2437,0,True,2,True,2,2,2,True,,16.741302543167066,5.045904820853265,6.205087425382336,1501.201050748086,18.13249149002148,13.345486784506058,11.439726898105484,0.0,8.0,,gc_formula_si,"Si monomer: HSP NOT reliable (Si groups fitted on 51 HSPiP Si compounds, only 7 measured, all much smaller than the monomers)",0.0,16.741302543167066,16.741302543167066,5.045904820853265,5.045904820853265,6.205087425382336,6.205087425382336,2,Si,Sigma-Aldrich,https://www.sigmaaldrich.com/catalog/product/aldrich/t290009,37.80209310313107,2.123713095681521,2.5087063112897727,0.358386615898539,8.046319478877972,1.6092638957755945,11.37069788532712,1.6243854121895887,5.490310296931465,-17.900485147696138,-15.582119938637996,0,Si: HSP unreliable
C[Si](CCCCO)(c1ccccc1)c1ccccc1,C[Si](CCCCOC(=O)[C@@H]1[C@H](C(=O)OCCCC[Si](C)(c2ccccc2)c2ccccc2)[C@@H]2C=C[C@@H]1C2)(c1ccccc1)c1ccccc1,ester,Sigma-Aldrich,monoalcohol,270.448,False,,0,24.5313,0.5856,5.3364,0,True,2,True,0,0,0,True,,17.904588414068357,2.7846832575036995,3.640379461314724,654.8553266873182,21.776117373873277,2.7957804122329266,5.321385304831371,0.0,4.0,,gc_formula_si,"Si monomer: HSP NOT reliable (Si groups fitted on 51 HSPiP Si compounds, only 7 measured, all much smaller than the monomers)",0.0,17.904588414068357,17.904588414068357,2.7846832575036995,2.7846832575036995,3.640379461314724,3.640379461314724,2,Si,Sigma-Aldrich,https://www.sigmaaldrich.com/catalog/product/aldrich/s829897,41.13804855075075,2.311126323075885,2.1785029101247515,0.31121470144639307,5.595144268134032,1.1190288536268063,11.373556422966468,1.6247937747094954,11.479525695249933,-18.76028461787938,-17.048892210257335,0,Si: HSP unreliable
COc1ccc(CO[C@H]2C(=O)[C@H](C)[C@@H]([C@@]3([C@@H](CC=O)OCc4ccc(OC)cc4)COC(C)(C)O3)C[C@@H](O[Si](C)(C)C(C)(C)C)C3(O)CCC2C3(C)C)cc1,COc1ccc(CO[C@H]2C(=O)[C@H](C)[C@@H]([C@@]3([C@@H](CC=O)OCc4ccc(OC)cc4)COC(C)(C)O3)C[C@@H](O[Si](C)(C)C(C)(C)C)C3(OC(=O)[C@@H]4[C@H](C(=O)OC56CCC([C@@H](OCc7ccc(OC)cc7)C(=O)[C@H](C)[C@@H]([C@@]7([C@@H](CC=O)OCc8ccc(OC)cc8)COC(C)(C)O7)C[C@H]5O[Si](C)(C)C(C)(C)C)C6(C)C)[C@@H]5C=C[C@@H]4C5)CCC2C3(C)C)cc1,ester,Sigma-Aldrich,monoalcohol,783.088,False,,0,25.3187,16.0272,10.0998,0,True,2,True,2,2,2,True,,17.212275556748892,5.338859041509167,4.412166393215562,1610.39839130941,21.24748227933028,10.890968502082348,13.562599862480033,0.0,8.0,,gc_formula_si,"Si monomer: HSP NOT reliable (Si groups fitted on 51 HSPiP Si compounds, only 7 measured, all much smaller than the monomers)",0.0,17.212275556748892,17.212275556748892,5.338859041509167,5.338859041509167,4.412166393215562,4.412166393215562,2,Si,Sigma-Aldrich,https://www.sigmaaldrich.com/catalog/product/aldrich/t266043,39.507915817987076,2.219545832471184,2.1529926572474927,0.3075703796067847,7.162374949155553,1.4324749898311107,11.375990108410745,1.6251414440586778,7.461250122024163,-16.28558290845529,-18.138968205042495,0,Si: HSP unreliable
COc1ccc(CO[C@@H](COCOCC[Si](C)(C)C)C[C@H](O)CC(=O)N(C)OC)cc1,COc1ccc(CO[C@@H](COCOCC[Si](C)(C)C)C[C@@H](CC(=O)N(C)OC)OC(=O)[C@@H]2[C@H](C(=O)O[C@H](CC(=O)N(C)OC)C[C@H](COCOCC[Si](C)(C)C)OCc3ccc(OC)cc3)[C@@H]3C=C[C@@H]2C3)cc1,ester,Sigma-Aldrich,monoalcohol,457.64,False,,0,21.1524,14.63,4.2597,0,True,2,True,0,0,0,True,,16.773680521748744,5.805935543072663,5.429624653648158,1009.1544107972792,17.647143345422066,13.66110030351006,14.888728141348963,0.0,8.0,,gc_formula_si,"Si monomer: HSP NOT reliable (Si groups fitted on 51 HSPiP Si compounds, only 7 measured, all much smaller than the monomers)",0.0,16.773680521748744,16.773680521748744,5.805935543072663,5.805935543072663,5.429624653648158,5.429624653648158,2,Si,Sigma-Aldrich,https://www.sigmaaldrich.com/catalog/product/aldrich/t261408,38.33839559265342,2.153842449025473,2.8019403400989025,0.40027719144270035,8.005448416956728,1.6010896833913457,11.382846892711807,1.6261209846731153,5.538120325027922,-16.39736963232424,-17.14999141117325,0,Si: HSP unreliable
CC(C)(C)[Si](OCCCCCCCC1NC1CO)(c1ccccc1)c1ccccc1,CC(C)(C)[Si](OCCCCCCCC1NC1COC(=O)[C@@H]1[C@H](C(=O)OCC2NC2CCCCCCCO[Si](c2ccccc2)(c2ccccc2)C(C)(C)C)[C@@H]2C=C[C@@H]1C2)(c1ccccc1)c1ccccc1,ester,Combi-Blocks,"monoalcohol,monoamine",425.689,False,,0,25.5425,-0.483,5.8284,0,True,2,True,2,2,2,True,,17.695291895997173,3.945941754651445,3.770438148279968,946.0394927105992,21.706271959235146,2.2337232623565817,4.192464818503448,0.0,4.0,,gc_formula_si,"Si monomer: HSP NOT reliable (Si groups fitted on 51 HSPiP Si compounds, only 7 measured, all much smaller than the monomers)",0.0,17.695291895997173,17.695291895997173,3.945941754651445,3.945941754651445,3.770438148279968,3.770438148279968,2,Si,Combi-Blocks,https://www.combi-blocks.com/cgi-bin/find.cgi?QI-3316,40.60916993367752,2.2814140412178383,1.7427994697959799,0.24897135282799712,6.129764927079025,1.2259529854158049,11.384130386901177,1.6263043409858824,9.97891199306576,-17.519788289625694,-17.870795502368647,2,Si: HSP unreliable  basic N x2
COc1ccc(CO[C@H]2C(=O)[C@]3(C)[C@@H](OCOCc4ccccc4)C[C@@H](OCc4ccc(OC)cc4)[C@@]4(COC(C)(C)O4)[C@H]3C[C@H](O[Si](C)(C)C(C)(C)C)C3(O)CCC2C3(C)C)cc1,COc1ccc(CO[C@H]2C(=O)[C@]3(C)[C@@H](OCOCc4ccccc4)C[C@@H](OCc4ccc(OC)cc4)[C@@]4(COC(C)(C)O4)[C@H]3C[C@H](O[Si](C)(C)C(C)(C)C)C3(OC(=O)[C@@H]4[C@H](C(=O)OC56CCC([C@@H](OCc7ccc(OC)cc7)C(=O)[C@]7(C)[C@@H](OCOCc8ccccc8)C[C@@H](OCc8ccc(OC)cc8)[C@@]8(COC(C)(C)O8)[C@H]7C[C@@H]5O[Si](C)(C)C(C)(C)C)C6(C)C)[C@@H]5C=C[C@@H]4C5)CCC2C3(C)C)cc1,ester,Sigma-Aldrich,monoalcohol,903.239,False,,0,29.6634,10.8792,11.2154,0,True,2,True,2,2,4,True,,17.457794709522673,4.641589676521073,4.211191647243074,1810.2287071731,23.676312380523324,13.370034143896468,15.387065747355534,0.0,8.0,,gc_formula_si,"Si monomer: HSP NOT reliable (Si groups fitted on 51 HSPiP Si compounds, only 7 measured, all much smaller than the monomers)",0.0,17.457794709522673,17.457794709522673,4.641589676521073,4.641589676521073,4.211191647243074,4.211191647243074,2,Si,Sigma-Aldrich,https://www.sigmaaldrich.com/catalog/product/aldrich/t265853,39.93873617564905,2.24374922335107,1.6368873088216365,0.23384104411737663,6.681350475210202,1.3362700950420403,11.394074416416833,1.6277249166309762,8.605013385758527,-17.027396680244674,-17.888192738800672,0,Si: HSP unreliable
CC(C)(C)[Si](O[C@H]1C=CO[C@@H]1CO)(c1ccccc1)c1ccccc1,CC(C)(C)[Si](O[C@H]1C=CO[C@@H]1COC(=O)[C@@H]1[C@H](C(=O)OC[C@H]2OC=C[C@@H]2O[Si](c2ccccc2)(c2ccccc2)C(C)(C)C)[C@@H]2C=C[C@@H]1C2)(c1ccccc1)c1ccccc1,ester,Combi-Blocks,monoalcohol,354.522,False,,0,26.2439,9.7248,6.566,0,True,2,True,0,0,0,True,,17.791621949707956,3.683038102091439,3.5799770641798414,789.9297482432155,21.444146619037248,5.817500251336682,7.15830214963678,0.0,4.0,,gc_formula_si,"Si monomer: HSP NOT reliable (Si groups fitted on 51 HSPiP Si compounds, only 7 measured, all much smaller than the monomers)",0.0,17.791621949707956,17.791621949707956,3.683038102091439,3.683038102091439,3.5799770641798414,3.5799770641798414,2,Si,Combi-Blocks,https://www.combi-blocks.com/cgi-bin/find.cgi?JQ-2259,40.889532293565104,2.297164735593545,1.9323150121360466,0.27604500173372093,5.939760062907699,1.18795201258154,11.405238347202676,1.6293197638860966,10.528606783436675,-17.68856091179636,-17.894682987619554,0,Si: HSP unreliable
CC1(C)C2CCC1(/C=C/[C@@](CO)(OCc1ccccc1)[C@H](O)CCO[Si](C)(C)C(C)(C)C)C(=O)C2,CC1(C)C2CCC1(/C=C/[C@@](COC(=O)[C@@H]1[C@H](C(=O)OC[C@](/C=C/C34CCC(CC3=O)C4(C)C)(OCc3ccccc3)[C@H](O)CCO[Si](C)(C)C(C)(C)C)[C@@H]3C=C[C@@H]1C3)(OCc1ccccc1)[C@H](O)CCO[Si](C)(C)C(C)(C)C)C(=O)C2,ester,Sigma-Aldrich,diol,502.768,False,,0,21.2992,5.9366,11.584,0,True,2,True,0,4,0,True,,17.12807967151165,4.929810301021799,5.265307464982016,1112.4864407284126,20.140257549589307,12.25482776191144,9.23693889601778,0.0,8.0,,gc_formula_si,"Si monomer: HSP NOT reliable (Si groups fitted on 51 HSPiP Si compounds, only 7 measured, all much smaller than the monomers)",0.0,17.12807967151165,17.12807967151165,4.929810301021799,4.929810301021799,5.265307464982016,5.265307464982016,2,Si,Sigma-Aldrich,https://www.sigmaaldrich.com/catalog/product/aldrich/t264148,38.79072214849625,2.1792540532863063,1.7092388813233075,0.2441769830461868,7.400632140185009,1.480126428037002,11.421823436469104,1.6316890623527291,6.932961905507835,-17.463576835471866,-16.792582507551433,0,Si: HSP unreliable
COc1ccc(CO[C@H]2C[C@H](CO[Si](c3ccccc3)(c3ccccc3)C(C)(C)C)O[C@@H](O)[C@@H]2C)cc1,COc1ccc(CO[C@H]2C[C@H](CO[Si](c3ccccc3)(c3ccccc3)C(C)(C)C)O[C@@H](OC(=O)[C@@H]3[C@H](C(=O)O[C@@H]4O[C@@H](CO[Si](c5ccccc5)(c5ccccc5)C(C)(C)C)C[C@H](OCc5ccc(OC)cc5)[C@H]4C)[C@@H]4C=C[C@@H]3C4)[C@@H]2C)cc1,ester,Sigma-Aldrich,monoalcohol,520.742,False,,0,27.9202,8.8724,7.7222,0,True,2,True,0,0,0,True,,17.754355755920752,3.6485616835708794,3.872360485899629,1105.447379198514,23.066923285509787,5.552988261893487,9.085738499358396,0.0,4.0,,gc_formula_si,"Si monomer: HSP NOT reliable (Si groups fitted on 51 HSPiP Si compounds, only 7 measured, all much smaller than the monomers)",0.0,17.754355755920752,17.754355755920752,3.6485616835708794,3.6485616835708794,3.872360485899629,3.872360485899629,2,Si,Sigma-Aldrich,https://www.sigmaaldrich.com/catalog/product/aldrich/t265152,40.614898579304786,2.281735875241842,1.6494742201380008,0.2356391743054287,6.063644180746233,1.2127288361492465,11.423363187836381,1.6319090268337688,10.233433586450243,-17.978154558249503,-17.530556953592,0,Si: HSP unreliable
C=C1CC[C@H](O[Si](C)(C)C(C)(C)C)[C@@]2(C)C(=O)[C@H](OCc3ccc(OC)cc3)C3CCC(O)(C(=O)[C@@H](OC(=O)c4ccccc4)[C@H]12)C3(C)C,C=C1CC[C@H](O[Si](C)(C)C(C)(C)C)[C@@]2(C)C(=O)[C@H](OCc3ccc(OC)cc3)C3CCC(OC(=O)[C@@H]4[C@H](C(=O)OC56CCC([C@@H](OCc7ccc(OC)cc7)C(=O)[C@]7(C)[C@@H](O[Si](C)(C)C(C)(C)C)CCC(=C)[C@H]7[C@H](OC(=O)c7ccccc7)C5=O)C6(C)C)[C@@H]5C=C[C@@H]4C5)(C(=O)[C@@H](OC(=O)c4ccccc4)[C@H]12)C3(C)C,ester,Sigma-Aldrich,monoalcohol,690.95,False,,0,22.8819,-6.0954,10.862,0,True,2,True,4,6,6,True,,17.29776900015837,5.6707491038117865,3.726816145224021,1439.490977333357,21.68006548586184,9.23328834508505,9.416082805049344,0.0,8.0,,gc_formula_si,"Si monomer: HSP NOT reliable (Si groups fitted on 51 HSPiP Si compounds, only 7 measured, all much smaller than the monomers)",0.0,17.29776900015837,17.29776900015837,5.6707491038117865,5.6707491038117865,3.726816145224021,3.726816145224021,2,Si,Sigma-Aldrich,https://www.sigmaaldrich.com/catalog/product/aldrich/t273317,40.09378792634187,2.2524599958619027,2.6997550407946522,0.3856792915420932,7.073098747323746,1.4146197494647492,11.428231407088058,1.6326044867268654,7.9002037511225645,-15.353836041570606,-19.241701958746138,0,Si: HSP unreliable
C[Si](C)(C)CSCCCN,C[Si](C)(C)CSCCCNC(=O)[C@@H]1[C@H](C(=O)NCCCSC[Si](C)(C)C)[C@@H]2C=C[C@@H]1C2,amide,Sigma-Aldrich,monoamine,177.389,False,,0,16.3816,-2.0518,7.0387,0,True,2,True,2,0,0,True,,16.664319540096887,6.744282658598959,4.737343152893451,493.1549013395826,17.029523842921122,5.856592174696093,4.931612237509127,0.0,8.0,,gc_formula_si,"Si monomer: HSP NOT reliable (Si groups fitted on 51 HSPiP Si compounds, only 7 measured, all much smaller than the monomers)",0.0,16.664319540096887,16.664319540096887,6.744282658598959,6.744282658598959,4.737343152893451,4.737343152893451,2,Si,Sigma-Aldrich,https://www.sigmaaldrich.com/catalog/product/aldrich/900755?utm_source=pubchem&utm_campaign=pubchem_2017&utm_medium=referral,38.75621308749344,2.1773153419940137,3.718960840943106,0.5312801201347294,8.273976289338199,1.6547952578676397,11.43639306736705,1.6337704381952929,5.182693728604477,-14.65738003439138,-18.671259045802394,0,Si: HSP unreliable
C=C1C(CCO)CC[C@H](C)[C@@]1(C)CC[C@@H](CO)O[Si](c1ccccc1)(c1ccccc1)C(C)(C)C,C=C1C(CCO)CC[C@H](C)[C@@]1(C)CC[C@@H](COC(=O)[C@@H]1[C@H](C(=O)OC[C@H](CC[C@@]2(C)C(=C)C(CCO)CC[C@@H]2C)O[Si](c2ccccc2)(c2ccccc2)C(C)(C)C)[C@@H]2C=C[C@@H]1C2)O[Si](c1ccccc1)(c1ccccc1)C(C)(C)C,ester,Sigma-Aldrich,diol,494.792,False,,0,24.0778,-5.6416,7.241,0,True,2,True,0,8,6,True,,17.283877381904187,3.288151329155636,6.026561187542822,1111.139861762845,20.450752652888923,3.76226727310437,3.894836952886567,0.0,4.0,,gc_formula_si,"Si monomer: HSP NOT reliable (Si groups fitted on 51 HSPiP Si compounds, only 7 measured, all much smaller than the monomers)",0.0,17.283877381904187,17.283877381904187,3.288151329155636,3.288151329155636,6.026561187542822,6.026561187542822,2,Si,Sigma-Aldrich,https://www.sigmaaldrich.com/catalog/product/aldrich/t241288,38.601584604342335,2.168628348558558,1.3104028799879948,0.1872004114268564,7.141669113107668,1.4283338226215336,11.453344765611341,1.6361921093730487,7.9691648652057285,-20.022287240291373,-14.545467523517,0,Si: HSP unreliable
Cc1ccc([Si](C)(C)c2ccccc2CO)cc1,Cc1ccc([Si](C)(C)c2ccccc2COC(=O)[C@@H]2[C@H](C(=O)OCc3ccccc3[Si](C)(C)c3ccc(C)cc3)[C@@H]3C=C[C@@H]2C3)cc1,ester,Combi-Blocks,monoalcohol,256.421,False,,0,23.9877,0.2032,5.1672,0,True,2,True,0,0,0,True,,17.99213859412022,2.6656885557041345,3.5407792970989886,620.5983813124639,20.8755125734007,3.789280694810624,4.779619421722785,0.0,6.0,,gc_formula_si,"Si monomer: HSP NOT reliable (Si groups fitted on 51 HSPiP Si compounds, only 7 measured, all much smaller than the monomers)",0.0,17.99213859412022,17.99213859412022,2.6656885557041345,2.6656885557041345,3.5407792970989886,3.5407792970989886,2,Si,Combi-Blocks,https://www.combi-blocks.com/cgi-bin/find.cgi?QA-7119,41.2907262018832,2.319703719206921,2.347283421659527,0.3353262030942181,5.57640974047114,1.115281948094228,11.474752158730219,1.6392503083900312,11.785670741317098,-18.867229335515077,-17.117047852725367,0,Si: HSP unreliable
Cc1cc(C)cc(C(O[Si](C)(C)C)(c2cc(C)cc(C)c2)[C@@H]2CCCN2)c1,Cc1cc(C)cc(C(O[Si](C)(C)C)(c2cc(C)cc(C)c2)[C@@H]2CCCN2C(=O)[C@@H]2[C@H](C(=O)N3CCC[C@H]3C(O[Si](C)(C)C)(c3cc(C)cc(C)c3)c3cc(C)cc(C)c3)[C@@H]3C=C[C@@H]2C3)c1,amide,Combi-Blocks,monoamine,381.636,False,,0,26.1373,5.1834,2.5742,0,True,2,True,0,0,0,True,,17.837708130347714,4.251219938215849,2.86425121193901,879.5219816741907,21.68682439439181,3.876877054533221,3.1455970780390725,0.0,10.0,,gc_formula_si,"Si monomer: HSP NOT reliable (Si groups fitted on 51 HSPiP Si compounds, only 7 measured, all much smaller than the monomers)",0.0,17.837708130347714,17.837708130347714,4.251219938215849,4.251219938215849,2.86425121193901,2.86425121193901,2,Si,Combi-Blocks,https://www.combi-blocks.com/cgi-bin/find.cgi?JQ-7711,41.41342333864717,2.326596816777931,2.6601155484569845,0.38001650692242633,5.977875136261035,1.195575027252207,11.483073861067954,1.6404391230097077,10.722236980192855,-16.450739404070873,-19.22467685662455,0,Si: HSP unreliable
COc1ccc(OCC23OC4C(O)C(O2)C2(CCCO2)C(O3)C4O[Si](C)(C)C(C)(C)C)cc1,COc1ccc(OCC23OC4C(OC(=O)[C@@H]5[C@H](C(=O)OC6C7OC8(COc9ccc(OC)cc9)OC6C6(CCCO6)C(O8)C7O[Si](C)(C)C(C)(C)C)[C@@H]6C=C[C@@H]5C6)C(O2)C2(CCCO2)C(O3)C4O[Si](C)(C)C(C)(C)C)cc1,ester,Sigma-Aldrich,monoalcohol,480.63,False,,0,28.0913,22.873,5.0691,0,True,2,True,0,0,2,True,,17.416142269412184,4.912256132879199,4.433280899619724,973.3661551801138,20.655733910930326,9.13755774143103,9.267951264041765,0.0,8.0,,gc_formula_si,"Si monomer: HSP NOT reliable (Si groups fitted on 51 HSPiP Si compounds, only 7 measured, all much smaller than the monomers)",0.0,17.416142269412184,17.416142269412184,4.912256132879199,4.912256132879199,4.433280899619724,4.433280899619724,2,Si,Sigma-Aldrich,https://www.sigmaaldrich.com/catalog/product/aldrich/t267074,39.642311792786394,2.227096168134067,1.6588969669620148,0.23698528099457356,6.983361233118096,1.3966722466236192,11.521815459001573,1.6459736370002247,8.07060523691326,-16.937167036152708,-17.89511750267166,0,Si: HSP unreliable
C[C@H](C(=O)N1C(=O)OC[C@@H]1Cc1ccccc1)[C@H](O)CCCCO[Si](C)(C)C(C)(C)C,C[C@H](C(=O)N1C(=O)OC[C@@H]1Cc1ccccc1)[C@@H](CCCCO[Si](C)(C)C(C)(C)C)OC(=O)[C@@H]1[C@H](C(=O)O[C@H](CCCCO[Si](C)(C)C(C)(C)C)[C@H](C)C(=O)N2C(=O)OC[C@@H]2Cc2ccccc2)[C@@H]2C=C[C@@H]1C2,ester,Sigma-Aldrich,monoalcohol,449.664,False,,0,21.4563,14.9742,7.0956,0,True,2,True,0,0,0,True,,16.93861252843013,6.426854895336,4.438932130025528,1011.2068854695424,19.386551674983984,3.744127616055401,8.27642005217736,0.0,8.0,,gc_formula_si,"Si monomer: HSP NOT reliable (Si groups fitted on 51 HSPiP Si compounds, only 7 measured, all much smaller than the monomers)",0.0,16.93861252843013,16.93861252843013,6.426854895336,6.426854895336,4.438932130025528,4.438932130025528,2,Si,Sigma-Aldrich,https://www.sigmaaldrich.com/catalog/product/aldrich/t269689,39.15844725570193,2.1999127671742658,3.2370996573299693,0.4624428081899956,7.914536382287276,1.5829072764574552,11.52700858702451,1.6467155124320727,6.072825503068604,-14.950689763119659,-18.926535293740603,0,Si: HSP unreliable
C=C[C@@](CCOS(=O)(=O)c1ccc(C)cc1)(OCc1ccccc1)[C@H](O)CCO[Si](C)(C)C(C)(C)C,C=C[C@@](CCOS(=O)(=O)c1ccc(C)cc1)(OCc1ccccc1)[C@@H](CCO[Si](C)(C)C(C)(C)C)OC(=O)[C@@H]1[C@H](C(=O)O[C@H](CCO[Si](C)(C)C(C)(C)C)[C@](C=C)(CCOS(=O)(=O)c2ccc(C)cc2)OCc2ccccc2)[C@@H]2C=C[C@@H]1C2,ester,Sigma-Aldrich,monoalcohol,534.791,False,,0,25.2599,26.2934,7.7998,4,True,2,True,0,2,0,True,,17.103708808901484,6.195845420356338,4.115558320760024,1125.533728884957,20.45549237519315,8.467062814622835,9.894069846897374,0.0,12.0,,gc_formula_si,"Si monomer: HSP NOT reliable (Si groups fitted on 51 HSPiP Si compounds, only 7 measured, all much smaller than the monomers)",0.0,17.103708808901484,17.103708808901484,6.195845420356338,6.195845420356338,4.115558320760024,4.115558320760024,2,Si,Sigma-Aldrich,https://www.sigmaaldrich.com/catalog/product/aldrich/t264946,39.55326233260437,2.2220933894721555,3.021071109489735,0.43158158706996214,7.609869391950892,1.5219738783901784,11.528092897739581,1.6468704139627974,6.792305067785122,-15.023421709305168,-19.1839959084978,0,Si: HSP unreliable
COc1ccc(CO[C@H]2[C@@H](CO)OC(=O)[C@@H]2O[Si](C)(C)C(C)(C)C)cc1,COc1ccc(CO[C@H]2[C@@H](COC(=O)[C@@H]3[C@H](C(=O)OC[C@H]4OC(=O)[C@H](O[Si](C)(C)C(C)(C)C)[C@H]4OCc4ccc(OC)cc4)[C@@H]4C=C[C@@H]3C4)OC(=O)[C@@H]2O[Si](C)(C)C(C)(C)C)cc1,ester,Sigma-Aldrich,monoalcohol,382.529,False,,0,21.4497,23.721,7.0092,0,True,2,True,0,0,0,True,,16.987482233201202,6.132016819320115,4.665396123339788,845.6103505627333,18.66934995808,8.098552283997384,8.623809923467038,0.0,8.0,,gc_formula_si,"Si monomer: HSP NOT reliable (Si groups fitted on 51 HSPiP Si compounds, only 7 measured, all much smaller than the monomers)",0.0,16.987482233201202,16.987482233201202,6.132016819320115,6.132016819320115,4.665396123339788,4.665396123339788,2,Si,Sigma-Aldrich,https://www.sigmaaldrich.com/catalog/product/aldrich/t259519,39.02039101013297,2.1921567983220767,2.8843028963891717,0.4120432709127388,7.826754023474096,1.5653508046948192,11.528120699409882,1.6468743856299832,6.190069290541299,-15.520861537220874,-18.45410292918153,0,Si: HSP unreliable
C[C@H]1C(=O)O[C@H](CO[Si](c2ccccc2)(c2ccccc2)C(C)(C)C)C[C@@H]1O,C[C@H]1C(=O)O[C@H](CO[Si](c2ccccc2)(c2ccccc2)C(C)(C)C)C[C@@H]1OC(=O)[C@@H]1[C@H](C(=O)O[C@H]2C[C@@H](CO[Si](c3ccccc3)(c3ccccc3)C(C)(C)C)OC(=O)[C@@H]2C)[C@@H]2C=C[C@@H]1C2,ester,Sigma-Aldrich,monoalcohol,398.575,False,,0,23.6473,14.6822,8.616,0,True,2,True,0,0,0,True,,17.482689153942975,5.300743978267737,3.819847207801877,889.9022427451604,21.88143503391792,3.258820080823697,6.916405442527124,0.0,4.0,,gc_formula_si,"Si monomer: HSP NOT reliable (Si groups fitted on 51 HSPiP Si compounds, only 7 measured, all much smaller than the monomers)",0.0,17.482689153942975,17.482689153942975,5.300743978267737,5.300743978267737,3.819847207801877,3.819847207801877,2,Si,Sigma-Aldrich,https://www.sigmaaldrich.com/catalog/product/aldrich/t276995,40.13627366179052,2.2548468349320516,2.2776614739434344,0.32538021056334776,6.94867857606832,1.389735715213664,11.583850033001488,1.6548357190002125,8.36209796787336,-16.001792383477117,-18.963585924408832,0,Si: HSP unreliable
CC(C)(C)[Si](OCc1ccc(CO)cc1)(c1ccccc1)c1ccccc1,CC(C)(C)[Si](OCc1ccc(COC(=O)[C@@H]2[C@H](C(=O)OCc3ccc(CO[Si](c4ccccc4)(c4ccccc4)C(C)(C)C)cc3)[C@@H]3C=C[C@@H]2C3)cc1)(c1ccccc1)c1ccccc1,ester,Ambeed,monoalcohol,376.572,False,,0,26.6626,3.3098,7.6154,0,True,2,True,0,0,0,True,,18.137214737584618,2.6714605504084417,3.1272095181463238,829.5882750050268,22.872591282257428,2.9591914817775717,5.671016097951255,0.0,4.0,,gc_formula_si,"Si monomer: HSP NOT reliable (Si groups fitted on 51 HSPiP Si compounds, only 7 measured, all much smaller than the monomers)",0.0,18.137214737584618,18.137214737584618,2.6714605504084417,2.6714605504084417,3.1272095181463238,3.1272095181463238,2,Si,Ambeed,https://www.ambeed.com/products/146952-73-0.html,41.71303254719151,2.34342879478604,2.755775565418051,0.39368222363115013,5.5152128527162025,1.1030425705432405,11.62623573015802,1.660890818594003,12.338544669029853,-18.5929637053225,-17.681465769846735,0,Si: HSP unreliable
CC(C)(C)[Si](C)(C)OC[C@@H]1C[C@@H]([Se]c2ccccc2)C2(O1)C(=O)N(Cc1ccccc1)C[C@H]2O,CC(C)(C)[Si](C)(C)OC[C@@H]1C[C@@H]([Se]c2ccccc2)C2(O1)C(=O)N(Cc1ccccc1)C[C@H]2OC(=O)[C@@H]1[C@H](C(=O)O[C@@H]2CN(Cc3ccccc3)C(=O)C23O[C@H](CO[Si](C)(C)C(C)(C)C)C[C@H]3[Se]c2ccccc2)[C@@H]2C=C[C@@H]1C2,ester,Sigma-Aldrich,monoalcohol,546.642,False,,0,27.2763,7.0216,6.0108,2,True,2,True,2,2,2,True,,17.60341000845063,5.011004471276807,3.7817179980979847,993.524726349197,21.817481872076,7.244574789188883,7.925516171158885,2.0,10.0,,gc_formula_si,"Si monomer: HSP NOT reliable (Si groups fitted on 51 HSPiP Si compounds, only 7 measured, all much smaller than the monomers)",2.0,17.60341000845063,17.60341000845063,5.011004471276807,5.011004471276807,3.7817179980979847,3.7817179980979847,4,"Se,Si",Sigma-Aldrich,https://www.sigmaaldrich.com/catalog/product/aldrich/t263435,40.27546903219066,2.2626667995612726,2.0836061221754414,0.29765801745363446,6.797578056102884,1.3595156112205768,11.644109054461387,1.663444150637341,8.81068753907584,-16.37412353527181,-18.83269648162945,0,Si: HSP unreliable  no groups: Se
CC(C)(C)[Si](OCC[C@@H]1O[C@H](c2ccccc2)OC[C@H]1O)(c1ccccc1)c1ccccc1,CC(C)(C)[Si](OCC[C@@H]1O[C@H](c2ccccc2)OC[C@H]1OC(=O)[C@@H]1[C@H](C(=O)O[C@@H]2CO[C@@H](c3ccccc3)O[C@H]2CCO[Si](c2ccccc2)(c2ccccc2)C(C)(C)C)[C@@H]2C=C[C@@H]1C2)(c1ccccc1)c1ccccc1,ester,Sigma-Aldrich,monoalcohol,462.662,False,,0,27.8133,5.3096,6.9038,0,True,2,True,0,2,2,True,,17.952295794432914,3.5607343613819715,3.604607837485328,993.559007048123,23.617347908930263,4.847635157235246,7.879146223892107,0.0,4.0,,gc_formula_si,"Si monomer: HSP NOT reliable (Si groups fitted on 51 HSPiP Si compounds, only 7 measured, all much smaller than the monomers)",0.0,17.952295794432914,17.952295794432914,3.5607343613819715,3.5607343613819715,3.604607837485328,3.604607837485328,2,Si,Sigma-Aldrich,https://www.sigmaaldrich.com/catalog/product/aldrich/t264903,40.94049001773768,2.3000275290863863,1.9494585554139776,0.27849407934485393,6.049161299187656,1.209832259837531,11.662695713395665,1.6660993876279522,10.786953595565613,-17.99616927053627,-17.908422318329556,0,Si: HSP unreliable
C[Si](C)(C)c1ccc(C(O)(c2ccccc2)c2ccccc2)cc1,C[Si](C)(C)c1ccc(C(OC(=O)[C@@H]2[C@H](C(=O)OC(c3ccccc3)(c3ccccc3)c3ccc([Si](C)(C)C)cc3)[C@@H]3C=C[C@@H]2C3)(c2ccccc2)c2ccccc2)cc1,ester,Sigma-Aldrich,monoalcohol,332.519,False,,0,25.0914,-2.2866,7.6154,0,True,2,True,0,0,0,True,,18.100045003496184,2.694348183829942,3.513464356655725,797.9162026681448,22.4967755665666,3.906394035588298,5.170646978278484,0.0,8.0,,gc_formula_si,"Si monomer: HSP NOT reliable (Si groups fitted on 51 HSPiP Si compounds, only 7 measured, all much smaller than the monomers)",0.0,18.100045003496184,18.100045003496184,2.694348183829942,2.694348183829942,3.513464356655725,3.513464356655725,2,Si,Sigma-Aldrich,https://www.sigmaaldrich.com/catalog/product/aldrich/s811874,41.33372295773014,2.32211926728821,2.400005870951884,0.3428579815645549,5.706539404897177,1.1413078809794355,11.672441393313328,1.6674916276161897,11.892232463010517,-18.919161176321968,-17.2809288306704,0,Si: HSP unreliable
C[Si](C)(C)CSCCN,C[Si](C)(C)CSCCNC(=O)[C@@H]1[C@H](C(=O)NCCSC[Si](C)(C)C)[C@@H]2C=C[C@@H]1C2,amide,Sigma-Aldrich,monoamine,163.362,False,,0,16.3535,-1.7796,7.8141,0,True,2,True,2,0,0,True,,16.681868389343368,6.991985807827014,4.909186629509329,459.6651395372065,17.04310500096479,6.453545294485518,5.013738412737916,0.0,8.0,,gc_formula_si,"Si monomer: HSP NOT reliable (Si groups fitted on 51 HSPiP Si compounds, only 7 measured, all much smaller than the monomers)",0.0,16.681868389343368,16.681868389343368,6.991985807827014,6.991985807827014,4.909186629509329,4.909186629509329,2,Si,Sigma-Aldrich,https://www.sigmaaldrich.com/catalog/product/aldrich/900814?utm_source=pubchem&utm_campaign=pubchem_2017&utm_medium=referral,38.53316098832498,2.1647843251867966,3.861387039595047,0.5516267199421495,8.577369804743546,1.715473960948709,11.679429882507765,1.668489983215395,4.780695952007026,-14.599069211025682,-18.764667567661053,0,Si: HSP unreliable
COc1ccc(CO[C@H]2C(=O)[C@]3(C)[C@@H](O[Si](C)(C)C(C)(C)C)CC[C@@]4(CO4)[C@H]3[C@H](O)C(=O)C3(O)CCC2C3(C)C)cc1,COc1ccc(CO[C@H]2C(=O)[C@]3(C)[C@@H](O[Si](C)(C)C(C)(C)C)CC[C@@]4(CO4)[C@H]3[C@H](O)C(=O)C3(OC(=O)[C@@H]4[C@H](C(=O)OC56CCC([C@@H](OCc7ccc(OC)cc7)C(=O)[C@]7(C)[C@@H](O[Si](C)(C)C(C)(C)C)CC[C@@]8(CO8)[C@H]7[C@H](O)C5=O)C6(C)C)[C@@H]5C=C[C@@H]4C5)CCC2C3(C)C)cc1,ester,Sigma-Aldrich,diol,602.841,False,,0,24.0267,-7.297,5.7091,0,True,2,True,4,4,6,True,,17.22334668831572,5.920508529292097,4.43971616954888,1247.8664048309536,20.516726800619075,11.466851565249335,9.216204967352066,0.0,8.0,,gc_formula_si,"Si monomer: HSP NOT reliable (Si groups fitted on 51 HSPiP Si compounds, only 7 measured, all much smaller than the monomers)",0.0,17.22334668831572,17.22334668831572,5.920508529292097,5.920508529292097,4.43971616954888,4.43971616954888,2,Si,Sigma-Aldrich,https://www.sigmaaldrich.com/catalog/product/aldrich/t273201,39.33035640905008,2.2095705847780946,2.5567113027410846,0.36524447182015496,7.627173614050532,1.5254347228101064,11.687863875078344,1.6696948392969062,6.863121989474742,-15.742554328572503,-18.704139048058934,0,Si: HSP unreliable
CC(=O)O[C@@H]([C@H](OC(C)=O)[C@@H](O)C=O)[C@H](O)CO[Si](C)(C)C(C)(C)C,CC(=O)O[C@@H]([C@H](OC(C)=O)[C@@H](CO[Si](C)(C)C(C)(C)C)OC(=O)[C@@H]1[C@H](C(=O)O[C@H](CO[Si](C)(C)C(C)(C)C)[C@@H](OC(C)=O)[C@H](OC(C)=O)[C@@H](O)C=O)[C@@H]2C=C[C@@H]1C2)[C@@H](O)C=O,ester,Sigma-Aldrich,diol,378.494,False,,0,13.776,11.8308,25.9169,0,True,2,True,0,0,0,True,,16.266996246058557,5.947570414337317,7.124751557151243,815.1458980451066,14.990413760907805,10.999585806413364,10.080076581592172,0.0,8.0,,gc_formula_si,"Si monomer: HSP NOT reliable (Si groups fitted on 51 HSPiP Si compounds, only 7 measured, all much smaller than the monomers)",0.0,16.266996246058557,16.266996246058557,5.947570414337317,5.947570414337317,7.124751557151243,7.124751557151243,2,Si,Sigma-Aldrich,https://www.sigmaaldrich.com/catalog/product/aldrich/472778?utm_source=pubchem&utm_campaign=pubchem_2017&utm_medium=referral,36.615605642358446,2.05705649676171,4.028990476847658,0.5755700681210939,9.28116563669276,1.8562331273385522,11.705961193435293,1.6722801704907562,3.194674274569998,-17.444177388872482,-15.089815103244632,0,Si: HSP unreliable
COc1ccc(O/C=C/C23OC(CC2O[Si](C)(C)C(C)(C)C)C(C)(Sc2ccccc2)C3(O)C2=CCCO2)cc1,COc1ccc(O/C=C/C23OC(CC2O[Si](C)(C)C(C)(C)C)C(C)(Sc2ccccc2)C3(OC(=O)[C@@H]2[C@H](C(=O)OC3(C4=CCCO4)C4(/C=C/Oc5ccc(OC)cc5)OC(CC4O[Si](C)(C)C(C)(C)C)C3(C)Sc3ccccc3)[C@@H]3C=C[C@@H]2C3)C2=CCCO2)cc1,ester,Sigma-Aldrich,monoalcohol,582.835,False,,0,28.7766,26.2002,7.9,2,True,2,True,0,2,0,True,,17.70932999601491,4.300504842774659,4.276622219944412,1193.7163197892833,21.25170922193541,15.15189192870798,11.997310122567296,0.0,10.0,,gc_formula_si,"Si monomer: HSP NOT reliable (Si groups fitted on 51 HSPiP Si compounds, only 7 measured, all much smaller than the monomers)",0.0,17.70932999601491,17.70932999601491,4.300504842774659,4.300504842774659,4.276622219944412,4.276622219944412,2,Si,Sigma-Aldrich,https://www.sigmaaldrich.com/catalog/product/aldrich/t268224,40.027240735078514,2.2487213896111524,1.299977507617081,0.18571107251672586,6.687950632706563,1.3375901265413126,11.711421243843533,1.6730601776919334,9.13220293329584,-17.685447373184665,-17.73321261884516,0,Si: HSP unreliable
CC(C)(C)[Si](OC[C@H]1OC=C[C@@H](O)[C@@H]1O)(c1ccccc1)c1ccccc1,CC(C)(C)[Si](OC[C@H]1OC=C[C@@H](OC(=O)[C@@H]2[C@H](C(=O)O[C@@H]3C=CO[C@H](CO[Si](c4ccccc4)(c4ccccc4)C(C)(C)C)[C@H]3O)[C@@H]3C=C[C@@H]2C3)[C@@H]1O)(c1ccccc1)c1ccccc1,ester,Ambeed,diol,384.548,False,,0,25.9665,4.7388,14.3709,0,True,2,True,0,0,0,True,,17.687486476785132,4.399062550743364,4.351251220104433,848.7899672015291,21.270143239585625,9.075378280135666,8.307357562988306,0.0,4.0,,gc_formula_si,"Si monomer: HSP NOT reliable (Si groups fitted on 51 HSPiP Si compounds, only 7 measured, all much smaller than the monomers)",0.0,17.687486476785132,17.687486476785132,4.399062550743364,4.399062550743364,4.351251220104433,4.351251220104433,2,Si,Ambeed,https://www.ambeed.com/products/87316-22-1.html,39.922796395113174,2.2428537300625377,1.272526762190453,0.181789537455779,6.781269305879209,1.356253861175842,11.738195088269377,1.676885012609911,8.937172705937336,-17.639675146146203,-17.73529780742406,0,Si: HSP unreliable
COC([C@@]1(O)[C@@H](CCO[Si](C)(C)C(C)(C)C)CCC2=CCC[C@]3(C)[C@H]1[C@H]23)P(=O)(c1ccccc1)c1ccccc1,COC([C@@]1(OC(=O)[C@@H]2[C@H](C(=O)O[C@]3(C(OC)P(=O)(c4ccccc4)c4ccccc4)[C@@H](CCO[Si](C)(C)C(C)(C)C)CCC4=CCC[C@]5(C)[C@H]3[C@H]45)[C@@H]3C=C[C@@H]2C3)[C@@H](CCO[Si](C)(C)C(C)(C)C)CCC2=CCC[C@]3(C)[C@H]1[C@H]23)P(=O)(c1ccccc1)c1ccccc1,ester,Sigma-Aldrich,monoalcohol,580.822,False,,0,24.7684,-1.975,8.3476,4,True,2,True,0,2,4,True,,17.551171087606605,5.273465731382114,3.989818342411588,1232.6697048917326,22.09068493900777,2.526882748249349,3.000336787600068,0.0,12.0,,gc_formula_si,"Si monomer: HSP NOT reliable (Si groups fitted on 51 HSPiP Si compounds, only 7 measured, all much smaller than the monomers)",0.0,17.551171087606605,17.551171087606605,5.273465731382114,5.273465731382114,3.989818342411588,3.989818342411588,4,"P,Si",Sigma-Aldrich,https://www.sigmaaldrich.com/catalog/product/aldrich/t263907,39.994471710172526,2.2468804331557597,2.1011235243957005,0.3001605034851001,7.070347062723032,1.4140694125446065,11.741530347890196,1.677361478270028,8.287887013812902,-16.26752369863608,-18.83481847657713,0,Si: HSP unreliable  no groups: P
CC1(O[Si](c2ccccc2)(c2ccccc2)C(C)(C)C)CNC1,CC1(O[Si](c2ccccc2)(c2ccccc2)C(C)(C)C)CN(C(=O)[C@@H]2[C@H](C(=O)N3CC(C)(O[Si](c4ccccc4)(c4ccccc4)C(C)(C)C)C3)[C@@H]3C=C[C@@H]2C3)C1,amide,Combi-Blocks,monoamine,325.528,False,,0,26.0034,5.7152,6.508,0,True,2,True,0,0,0,True,,17.85391981656905,4.627383581797975,3.253804137459361,750.9251567891012,21.775856498497664,1.3319201716277305,4.732311253018048,0.0,4.0,,gc_formula_si,"Si monomer: HSP NOT reliable (Si groups fitted on 51 HSPiP Si compounds, only 7 measured, all much smaller than the monomers)",0.0,17.85391981656905,17.85391981656905,4.627383581797975,4.627383581797975,3.253804137459361,3.253804137459361,2,Si,Combi-Blocks,https://www.combi-blocks.com/cgi-bin/find.cgi?QE-7297,40.940268313028795,2.3000150737656626,2.363495740304877,0.33764224861498243,6.454346393194672,1.2908692786389344,11.758038870514664,1.679719838644952,9.972732097311713,-16.480340372230437,-19.227499260907663,0,Si: HSP unreliable
C[Si](CCO)(c1ccccc1)c1ccccc1,C[Si](CCOC(=O)[C@@H]1[C@H](C(=O)OCC[Si](C)(c2ccccc2)c2ccccc2)[C@@H]2C=C[C@@H]1C2)(c1ccccc1)c1ccccc1,ester,Sigma-Aldrich,monoalcohol,242.394,False,,0,24.4997,1.13,5.8008,0,True,2,True,0,0,0,True,,18.06583344169635,2.962518087756092,3.846768020069209,587.8758030825661,21.795256702595825,3.0012851787573047,5.485637655288948,0.0,4.0,,gc_formula_si,"Si monomer: HSP NOT reliable (Si groups fitted on 51 HSPiP Si compounds, only 7 measured, all much smaller than the monomers)",0.0,18.06583344169635,18.06583344169635,2.962518087756092,2.962518087756092,3.846768020069209,3.846768020069209,2,Si,Sigma-Aldrich,https://www.sigmaaldrich.com/catalog/product/aldrich/366498?utm_source=pubchem&utm_campaign=pubchem_2017&utm_medium=referral,40.92628726523539,2.2992296216424375,1.9735039878720488,0.2819291411245784,6.003899449171502,1.2007798898343005,11.778913859801198,1.6827019799715999,11.256547333871048,-18.950083374009466,-17.18158350938323,0,Si: HSP unreliable
CC(=O)Nc1ccn([C@@H]2O[C@@H]3CO[Si](C(C)C)(C(C)C)O[Si](C(C)C)(C(C)C)O[C@H]3[C@H]2O)c(=O)n1,CC(=O)Nc1ccn([C@@H]2O[C@@H]3CO[Si](C(C)C)(C(C)C)O[Si](C(C)C)(C(C)C)O[C@H]3[C@H]2OC(=O)[C@@H]2[C@H](C(=O)O[C@@H]3[C@@H]4O[Si](C(C)C)(C(C)C)O[Si](C(C)C)(C(C)C)OC[C@H]4O[C@H]3n3ccc(NC(C)=O)nc3=O)[C@@H]3C=C[C@@H]2C3)c(=O)n1,ester,Ambeed,monoalcohol,527.767,False,,0,20.9071,13.3118,8.3008,8,True,4,True,0,0,0,True,,16.648872407284717,6.840648905152179,5.451043290332484,1100.1729049450587,18.70462945971642,12.030229151696137,5.106740977823068,0.0,18.0,,gc_formula_si,"Si monomer: HSP NOT reliable (Si groups fitted on 51 HSPiP Si compounds, only 7 measured, all much smaller than the monomers)",0.0,16.648872407284717,16.648872407284717,6.840648905152179,6.840648905152179,5.451043290332484,5.451043290332484,4,Si,Ambeed,https://www.ambeed.com/products/85335-73-5.html,38.03970234245427,2.1370619293513635,3.73499553970766,0.5335707913868085,8.774690776483068,1.7549381552966135,11.784851443811116,1.6835502062587309,4.357180211800054,-15.25926679246502,-18.038478022104414,0,Si: HSP unreliable
CC(C)(C)[Si](OC[C@@H]1CCCN1)(c1ccccc1)c1ccccc1,CC(C)(C)[Si](OC[C@@H]1CCCN1C(=O)[C@@H]1[C@H](C(=O)N2CCC[C@H]2CO[Si](c2ccccc2)(c2ccccc2)C(C)(C)C)[C@@H]2C=C[C@@H]1C2)(c1ccccc1)c1ccccc1,amide,Ambeed,monoamine,339.555,False,,0,26.1699,-3.9184,5.955,0,True,2,True,0,0,0,True,,17.822138751255725,4.747060266270389,3.409905533924075,781.5650934836045,21.98447477361947,1.9786431247328224,5.635484012285449,0.0,4.0,,gc_formula_si,"Si monomer: HSP NOT reliable (Si groups fitted on 51 HSPiP Si compounds, only 7 measured, all much smaller than the monomers)",0.0,17.822138751255725,17.822138751255725,4.747060266270389,4.747060266270389,3.409905533924075,3.409905533924075,2,Si,Ambeed,https://www.ambeed.com/products/209627-36-1.html,40.75091917676942,2.2893774818409787,2.2556521161393484,0.3222360165913355,6.590118544774932,1.3180237089549864,11.794374017740466,1.6849105739629238,9.665172951061262,-16.48498401890941,-19.15929348360204,0,Si: HSP unreliable
C[Si](C)(C1=CCCCO1)c1ccccc1CO,C[Si](C)(C1=CCCCO1)c1ccccc1COC(=O)[C@@H]1[C@H](C(=O)OCc2ccccc2[Si](C)(C)C2=CCCCO2)[C@@H]2C=C[C@@H]1C2,ester,Combi-Blocks,monoalcohol,248.398,False,,0,23.0171,4.9628,4.4816,0,True,2,True,0,0,0,True,,17.703753501940522,4.072157399137601,4.820192211043049,591.2778266362927,19.64232503792117,7.433682841755861,7.841051711037124,0.0,6.0,,gc_formula_si,"Si monomer: HSP NOT reliable (Si groups fitted on 51 HSPiP Si compounds, only 7 measured, all much smaller than the monomers)",0.0,17.703753501940522,17.703753501940522,4.072157399137601,4.072157399137601,4.820192211043049,4.820192211043049,2,Si,Combi-Blocks,https://www.combi-blocks.com/cgi-bin/find.cgi?QA-8936,39.578220513274296,2.2234955344536123,0.7272072287589105,0.10388674696555865,6.90643282828352,1.381286565656704,11.830761398467951,1.6901087712097074,8.811403891759872,-18.45178831384597,-16.955718690035074,0,Si: HSP unreliable
C[Si](C)(C)C1(C(O)c2ccccc2)CC1(c1ccccc1)c1ccccc1,C[Si](C)(C)C1(C(OC(=O)[C@@H]2[C@H](C(=O)OC(c3ccccc3)C3([Si](C)(C)C)CC3(c3ccccc3)c3ccccc3)[C@@H]3C=C[C@@H]2C3)c2ccccc2)CC1(c1ccccc1)c1ccccc1,ester,Sigma-Aldrich,monoalcohol,372.584,False,,0,27.5423,6.011,8.0018,0,True,2,True,0,0,0,True,,18.2771151549583,2.5162224882248934,3.1317049495928044,846.9091161779064,23.599364022303853,2.917603240944148,4.281039788244693,0.0,8.0,,gc_formula_si,"Si monomer: HSP NOT reliable (Si groups fitted on 51 HSPiP Si compounds, only 7 measured, all much smaller than the monomers)",0.0,18.2771151549583,18.2771151549583,2.5162224882248934,2.5162224882248934,3.1317049495928044,3.1317049495928044,2,Si,Sigma-Aldrich,https://www.sigmaaldrich.com/catalog/product/aldrich/t216933,41.79494069236612,2.3480303759756245,2.904172366138286,0.4148817665911837,5.636921930044432,1.1273843860088864,11.855623362278969,1.693660480325567,12.629187717140601,-18.89259761632621,-17.661632693590388,0,Si: HSP unreliable
CC(C)(C)OC(=O)N1C[C@H](O[Si](c2ccccc2)(c2ccccc2)C(C)(C)C)C[C@H]1CN,CC(C)(C)OC(=O)N1C[C@H](O[Si](c2ccccc2)(c2ccccc2)C(C)(C)C)C[C@H]1CNC(=O)[C@@H]1[C@H](C(=O)NC[C@@H]2C[C@@H](O[Si](c3ccccc3)(c3ccccc3)C(C)(C)C)CN2C(=O)OC(C)(C)C)[C@@H]2C=C[C@@H]1C2,amide,Combi-Blocks,monoamine,454.687,False,,0,24.1331,-5.226,7.6796,0,True,2,True,2,0,0,True,,17.514407328287184,5.451979291854446,4.290224677535662,1022.8253604187432,21.19408276286413,3.684081540899735,6.138172424113981,0.0,4.0,,gc_formula_si,"Si monomer: HSP NOT reliable (Si groups fitted on 51 HSPiP Si compounds, only 7 measured, all much smaller than the monomers)",0.0,17.514407328287184,17.514407328287184,5.451979291854446,5.451979291854446,4.290224677535662,4.290224677535662,2,Si,Combi-Blocks,https://www.combi-blocks.com/cgi-bin/find.cgi?HE-5321,39.65142000560276,2.227607865483301,2.04901165192709,0.29271595027529856,7.350458939313663,1.4700917878627326,11.867778969681188,1.6953969956687411,7.772203358897077,-16.3526527139684,-18.67616194260597,0,Si: HSP unreliable
CCOC(=O)c1ccc([Si](C)(C)c2ccccc2CO)cc1,CCOC(=O)c1ccc([Si](C)(C)c2ccccc2COC(=O)[C@@H]2[C@H](C(=O)OCc3ccccc3[Si](C)(C)c3ccc(C(=O)OCC)cc3)[C@@H]3C=C[C@@H]2C3)cc1,ester,Combi-Blocks,monoalcohol,314.457,False,,0,23.4171,9.6544,6.7358,0,True,2,True,0,0,0,True,,17.867748788135952,4.694627024218106,3.51114014267331,702.3908269767215,20.153688085915327,7.218871929946016,6.073844929628218,0.0,6.0,,gc_formula_si,"Si monomer: HSP NOT reliable (Si groups fitted on 51 HSPiP Si compounds, only 7 measured, all much smaller than the monomers)",0.0,17.867748788135952,17.867748788135952,4.694627024218106,4.694627024218106,3.51114014267331,3.51114014267331,2,Si,Combi-Blocks,https://www.combi-blocks.com/cgi-bin/find.cgi?QF-8484,40.679381072574664,2.2853584872232955,2.1460091409122244,0.30657273441603206,6.648230820964167,1.3296461641928334,11.882345650044579,1.6974779500063684,9.661981621244536,-16.684261906591153,-19.05123566968075,0,Si: HSP unreliable
C[C@H](N)CO[Si](c1ccccc1)(c1ccccc1)C(C)(C)C,C[C@@H](CO[Si](c1ccccc1)(c1ccccc1)C(C)(C)C)NC(=O)[C@@H]1[C@H](C(=O)N[C@@H](C)CO[Si](c2ccccc2)(c2ccccc2)C(C)(C)C)[C@@H]2C=C[C@@H]1C2,amide,Matrix Scientific,monoamine,313.517,False,,0,22.2013,-4.5232,7.2496,0,True,2,True,2,0,0,True,,17.700901001842404,5.297625411692916,3.634563225289122,738.2704371955632,21.285275340679743,2.0001254433686038,4.681020086792234,0.0,4.0,,gc_formula_si,"Si monomer: HSP NOT reliable (Si groups fitted on 51 HSPiP Si compounds, only 7 measured, all much smaller than the monomers)",0.0,17.700901001842404,17.700901001842404,5.297625411692916,5.297625411692916,3.634563225289122,3.634563225289122,2,Si,Matrix Scientific,https://www.matrixscientific.com/211152.html,40.3600382022521,2.2674178765310167,2.3393361446352414,0.3341908778050345,7.008921408397358,1.4017842816794714,11.8874273146948,1.6982039020992572,8.768712364860365,-16.037838815438608,-19.3639631882462,0,Si: HSP unreliable
CC(C)(O)[Si](c1ccccc1)(c1ccccc1)c1ccccc1,CC(C)(OC(=O)[C@@H]1[C@H](C(=O)OC(C)(C)[Si](c2ccccc2)(c2ccccc2)c2ccccc2)[C@@H]2C=C[C@@H]1C2)[Si](c1ccccc1)(c1ccccc1)c1ccccc1,ester,Sigma-Aldrich,monoalcohol,318.492,False,,0,25.5397,-1.6002,7.636,0,True,2,True,0,0,0,True,,18.192111144399934,2.751170476410585,3.696664940476493,762.9164563964906,23.567728540574045,1.8039600031553615,5.933139206422024,0.0,2.0,,gc_formula_si,"Si monomer: HSP NOT reliable (Si groups fitted on 51 HSPiP Si compounds, only 7 measured, all much smaller than the monomers)",0.0,18.192111144399934,18.192111144399934,2.751170476410585,2.751170476410585,3.696664940476493,3.696664940476493,2,Si,Sigma-Aldrich,https://www.sigmaaldrich.com/catalog/product/aldrich/s819794,41.167205529622485,2.312764355596769,2.277461571449195,0.3253516530641707,5.962768568665987,1.1925537137331974,11.911650177963974,1.7016643111377106,11.744275727512857,-19.13760560846584,-17.24661668033403,0,Si: HSP unreliable
CC(C)(C)[Si](OC[C@H](OCc1ccccc1)[C@H](CO)OCc1ccccc1)(c1ccccc1)c1ccccc1,CC(C)(C)[Si](OC[C@H](OCc1ccccc1)[C@H](COC(=O)[C@@H]1[C@H](C(=O)OC[C@H](OCc2ccccc2)[C@H](CO[Si](c2ccccc2)(c2ccccc2)C(C)(C)C)OCc2ccccc2)[C@@H]2C=C[C@@H]1C2)OCc1ccccc1)(c1ccccc1)c1ccccc1,ester,Sigma-Aldrich,monoalcohol,540.776,False,,0,29.3336,-2.0118,9.7934,0,True,2,True,0,0,0,True,,18.13008199819451,3.374242591038636,3.645515331004556,1127.2004667482086,25.122734710513445,7.047678882720592,10.853484987609468,0.0,4.0,,gc_formula_si,"Si monomer: HSP NOT reliable (Si groups fitted on 51 HSPiP Si compounds, only 7 measured, all much smaller than the monomers)",0.0,18.13008199819451,18.13008199819451,3.374242591038636,3.374242591038636,3.645515331004556,3.645515331004556,2,Si,Sigma-Aldrich,https://www.sigmaaldrich.com/catalog/product/aldrich/t259527,41.003027454621616,2.303540868237169,2.0374863785422535,0.2910694826488934,6.170258955038338,1.2340517910076676,11.942296978397108,1.706042425485301,11.110324076151317,-18.40135473816043,-17.85880925822859,0,Si: HSP unreliable
CC(C)(C)[Si](OC[C@@H]1C[C@H](O)CC(=O)O1)(c1ccccc1)c1ccccc1,CC(C)(C)[Si](OC[C@@H]1C[C@H](OC(=O)[C@@H]2[C@H](C(=O)O[C@@H]3CC(=O)O[C@H](CO[Si](c4ccccc4)(c4ccccc4)C(C)(C)C)C3)[C@@H]3C=C[C@@H]2C3)CC(=O)O1)(c1ccccc1)c1ccccc1,ester,Sigma-Aldrich,monoalcohol,384.548,False,,0,25.2549,18.2792,7.274,0,True,2,True,0,0,0,True,,17.694272432905457,5.335699004937605,4.016548282626362,830.8680713835743,22.4374677814819,5.915844802315736,7.4399360257134814,0.0,4.0,,gc_formula_si,"Si monomer: HSP NOT reliable (Si groups fitted on 51 HSPiP Si compounds, only 7 measured, all much smaller than the monomers)",0.0,17.694272432905457,17.694272432905457,5.335699004937605,5.335699004937605,4.016548282626362,4.016548282626362,2,Si,Sigma-Aldrich,https://www.sigmaaldrich.com/catalog/product/aldrich/t265098,39.98261268537866,2.2462141958077897,2.075228639049816,0.29646123414997366,7.237287229798284,1.4474574459596568,12.015547116726667,1.7165067309609525,8.342025145341491,-16.37512171059421,-19.0134231552167,0,Si: HSP unreliable
CC(C)[Si]1(C(C)C)OC[C@H]2O[C@@H](n3ccc(NC(=O)c4ccccc4)nc3=O)[C@@](C)(O)[C@@H]2O[Si](C(C)C)(C(C)C)O1,CC(C)[Si]1(C(C)C)OC[C@H]2O[C@@H](n3ccc(NC(=O)c4ccccc4)nc3=O)[C@@](C)(OC(=O)[C@@H]3[C@H](C(=O)O[C@@]4(C)[C@@H]5O[Si](C(C)C)(C(C)C)O[Si](C(C)C)(C(C)C)OC[C@H]5O[C@H]4n4ccc(NC(=O)c5ccccc5)nc4=O)[C@@H]4C=C[C@@H]3C4)[C@@H]2O[Si](C(C)C)(C(C)C)O1,ester,Ambeed,monoalcohol,603.865,False,,0,23.395,9.073,9.3058,8,True,4,True,0,0,0,True,,17.04879625090914,6.451619972323434,5.216367724398685,1251.1427462172735,21.212961777320512,8.680982043577867,5.730945705238872,0.0,18.0,,gc_formula_si,"Si monomer: HSP NOT reliable (Si groups fitted on 51 HSPiP Si compounds, only 7 measured, all much smaller than the monomers)",0.0,17.04879625090914,17.04879625090914,6.451619972323434,6.451619972323434,5.216367724398685,5.216367724398685,4,Si,Ambeed,https://www.ambeed.com/products/817204-34-5.html,38.41825637912622,2.158329010063271,2.974632757419859,0.42494753677426556,8.430698417387097,1.6861396834774194,12.020066881307967,1.7171524116154238,5.380808554187023,-15.813544002984393,-18.28404849883389,0,Si: HSP unreliable
C[Si](C)(C)OC(c1ccccc1)(c1ccccc1)[C@H]1CCCN1,C[Si](C)(C)OC(c1ccccc1)(c1ccccc1)[C@H]1CCCN1C(=O)[C@@H]1[C@H](C(=O)N2CCC[C@@H]2C(O[Si](C)(C)C)(c2ccccc2)c2ccccc2)[C@@H]2C=C[C@@H]1C2,amide,Sigma-Aldrich,monoamine,325.528,False,,0,26.2069,5.5362,5.955,0,True,2,True,0,0,0,True,,17.95144930091965,4.7880667823362,3.4327914875438807,755.0396547509417,21.80257245273392,3.899789930602217,4.354116243098056,0.0,10.0,,gc_formula_si,"Si monomer: HSP NOT reliable (Si groups fitted on 51 HSPiP Si compounds, only 7 measured, all much smaller than the monomers)",0.0,17.95144930091965,17.95144930091965,4.7880667823362,4.7880667823362,3.4327914875438807,3.4327914875438807,2,Si,Sigma-Aldrich,https://www.sigmaaldrich.com/catalog/product/aldrich/706450?utm_source=pubchem&utm_campaign=pubchem_2017&utm_medium=referral,40.748076748823514,2.2892177948777253,2.2701896852149193,0.3243128121735599,6.754167608454578,1.3508335216909155,12.0424465931796,1.7203495133113713,9.730591031039568,-16.596174006127328,-19.30672459571197,0,Si: HSP unreliable
C[Si](C)(c1ccc(Cl)cc1)c1ccccc1CO,C[Si](C)(c1ccc(Cl)cc1)c1ccccc1COC(=O)[C@@H]1[C@H](C(=O)OCc2ccccc2[Si](C)(C)c2ccc(Cl)cc2)[C@@H]2C=C[C@@H]1C2,ester,Combi-Blocks,monoalcohol,276.839,False,,0,24.9778,3.8086,6.6266,0,True,2,True,0,0,0,True,,18.29104265973797,3.063037585662961,3.629413233501055,612.7458979169269,21.669969475360578,4.060258452412244,5.090441767179492,0.0,6.0,,gc_formula_si,"Si monomer: HSP NOT reliable (Si groups fitted on 51 HSPiP Si compounds, only 7 measured, all much smaller than the monomers)",0.0,18.29104265973797,18.29104265973797,3.063037585662961,3.063037585662961,3.629413233501055,3.629413233501055,2,Si,Combi-Blocks,https://www.combi-blocks.com/cgi-bin/find.cgi?QA-8281,41.15748964513265,2.3122185193894746,2.2724639730354395,0.3246377104336342,6.197728871311033,1.2395457742622065,12.148821826116961,1.7355459751595659,11.598591840573953,-18.85741830757606,-17.724667011899875,0,Si: HSP unreliable
C[Si](C)(C)C#Cc1ccc(CN)cc1,C[Si](C)(C)C#Cc1ccc(CNC(=O)[C@@H]2[C@H](C(=O)NCc3ccc(C#C[Si](C)(C)C)cc3)[C@@H]3C=C[C@@H]2C3)cc1,amide,Ambeed,monoamine,203.361,False,,0,18.403,-3.0016,3.8839,0,True,2,True,2,0,0,True,,17.345597282967137,6.367107248032792,4.601426973233803,542.0738316225071,18.06216535985714,6.758653666578596,7.179866048566828,0.0,8.0,,gc_formula_si,"Si monomer: HSP NOT reliable (Si groups fitted on 51 HSPiP Si compounds, only 7 measured, all much smaller than the monomers)",0.0,17.345597282967137,17.345597282967137,6.367107248032792,6.367107248032792,4.601426973233803,4.601426973233803,2,Si,Ambeed,https://www.ambeed.com/products/721968-86-1.html,39.084523130632014,2.195759726440001,2.778485014304575,0.3969264306149393,8.129346813277705,1.625869362655541,12.167147626292778,1.738163946613254,6.377063061700543,-15.579917008168149,-19.111277557766126,0,Si: HSP unreliable
C[Si]1(C)CCC(N)(c2ccccc2)CC1,C[Si]1(C)CCC(NC(=O)[C@@H]2[C@H](C(=O)NC3(c4ccccc4)CC[Si](C)(C)CC3)[C@@H]3C=C[C@@H]2C3)(c2ccccc2)CC1,amide,Ambeed,monoamine,219.404,False,,0,20.981,-4.4066,4.4201,0,True,2,True,2,0,2,True,,17.66338930390605,5.823451114630612,3.972097140012399,550.3337241140824,19.89819117663917,6.214908869847045,4.341733427331058,0.0,6.0,,gc_formula_si,"Si monomer: HSP NOT reliable (Si groups fitted on 51 HSPiP Si compounds, only 7 measured, all much smaller than the monomers)",0.0,17.66338930390605,17.66338930390605,5.823451114630612,5.823451114630612,3.972097140012399,3.972097140012399,2,Si,Ambeed,https://www.ambeed.com/products/2402830-14-0.html,39.891243374730486,2.241081088468005,2.4715989296568988,0.353085561379557,7.558138669686399,1.51162773393728,12.175018361493473,1.7392883373562105,7.86784104926304,-15.812035329287838,-19.514743278524264,0,Si: HSP unreliable
CC(C)(C)[Si](O[C@H]1C[C@H]2C(=O)C[C@H]3C(O)C[C@@H]1[C@@H]23)(c1ccccc1)c1ccccc1,CC(C)(C)[Si](O[C@H]1C[C@H]2C(=O)C[C@H]3C(OC(=O)[C@@H]4[C@H](C(=O)OC5C[C@@H]6[C@H]7[C@@H](C[C@@H]6O[Si](c6ccccc6)(c6ccccc6)C(C)(C)C)C(=O)C[C@@H]57)[C@@H]5C=C[C@@H]4C5)C[C@@H]1[C@@H]23)(c1ccccc1)c1ccccc1,ester,Sigma-Aldrich,monoalcohol,420.625,False,,0,25.5168,-3.893,7.9492,0,True,2,True,0,0,0,True,,18.07190315944009,4.628462017763219,3.375422809763017,911.5930866135938,23.629990929753596,5.226365868185967,5.664110721819902,0.0,4.0,,gc_formula_si,"Si monomer: HSP NOT reliable (Si groups fitted on 51 HSPiP Si compounds, only 7 measured, all much smaller than the monomers)",0.0,18.07190315944009,18.07190315944009,4.628462017763219,4.628462017763219,3.375422809763017,3.375422809763017,2,Si,Sigma-Aldrich,https://www.sigmaaldrich.com/catalog/product/aldrich/t256722,40.87656209817947,2.2964360729314306,2.310889538912006,0.33012707698742944,6.736074748715332,1.3472149497430663,12.17561144305102,1.739373063293003,10.068018331913855,-16.818863951439887,-19.324942367440293,0,Si: HSP unreliable
C[Si](C)(C)CCOC(=O)N1CCNCC1,C[Si](C)(C)CCOC(=O)N1CCN(C(=O)[C@@H]2[C@H](C(=O)N3CCN(C(=O)OCC[Si](C)(C)C)CC3)[C@@H]3C=C[C@@H]2C3)CC1,amide,Ambeed,monoamine,230.384,False,,0,22.4544,8.1952,9.3353,0,True,2,True,0,0,0,True,,16.887241756067038,6.723230788932168,5.740481510861312,580.0174599052626,17.333158496089297,3.862633134030159,3.1589706235647164,0.0,8.0,,gc_formula_si,"Si monomer: HSP NOT reliable (Si groups fitted on 51 HSPiP Si compounds, only 7 measured, all much smaller than the monomers)",0.0,16.887241756067038,16.887241756067038,6.723230788932168,6.723230788932168,5.740481510861312,5.740481510861312,2,Si,Ambeed,https://www.ambeed.com/products/219687-93-1.html,37.82002905752709,2.1247207335689375,3.3706043808360295,0.48151491154800424,8.918204513132721,1.7836409026265443,12.177312277871152,1.7396160396958789,4.423529456273558,-15.904492477996182,-17.869991034137893,0,Si: HSP unreliable
C[Si](C)(CCCCOCCN)c1ccc(Cl)cc1,C[Si](C)(CCCCOCCNC(=O)[C@@H]1[C@H](C(=O)NCCOCCCC[Si](C)(C)c2ccc(Cl)cc2)[C@@H]2C=C[C@@H]1C2)c1ccc(Cl)cc1,amide,Combi-Blocks,monoamine,285.891,False,,0,20.6625,-2.5552,4.2246,0,True,2,True,2,0,0,True,,17.535360541120394,5.960346460928549,4.388673841367096,662.133736522597,20.20145990408052,5.326557607284231,6.6294229553967154,0.0,6.0,,gc_formula_si,"Si monomer: HSP NOT reliable (Si groups fitted on 51 HSPiP Si compounds, only 7 measured, all much smaller than the monomers)",0.0,17.535360541120394,17.535360541120394,5.960346460928549,5.960346460928549,4.388673841367096,4.388673841367096,2,Si,Combi-Blocks,https://www.combi-blocks.com/cgi-bin/find.cgi?QZ-9800,39.42884812444098,2.2151038272157852,2.4000436543335892,0.34286337919051274,7.803246163388182,1.5606492326776364,12.1782196675335,1.7397456667905,7.186340238824748,-15.963687921558943,-19.107033160681844,0,Si: HSP unreliable
C[C@H]1C[C@@](O)(CO[Si](C)(C)C(C)(C)C)[C@@H](C#N)C[C@@H]1C(=O)N1C2CC3CCC2(CS1(=O)=O)C3(C)C,C[C@H]1C[C@](CO[Si](C)(C)C(C)(C)C)(OC(=O)[C@@H]2[C@H](C(=O)O[C@@]3(CO[Si](C)(C)C(C)(C)C)C[C@H](C)[C@@H](C(=O)N4C5CC6CCC5(CS4(=O)=O)C6(C)C)C[C@@H]3C#N)[C@@H]3C=C[C@@H]2C3)[C@@H](C#N)C[C@@H]1C(=O)N1C2CC3CCC2(CS1(=O)=O)C3(C)C,ester,Sigma-Aldrich,monoalcohol,524.8,False,,0,24.0869,28.3756,8.8688,0,True,2,True,0,0,2,True,,16.790598383617166,7.86348482178018,4.478491860204125,1114.9854144284468,19.12425262811121,14.006909501248805,4.575029033723297,0.0,8.0,,gc_formula_si,"Si monomer: HSP NOT reliable (Si groups fitted on 51 HSPiP Si compounds, only 7 measured, all much smaller than the monomers)",0.0,16.790598383617166,16.790598383617166,7.86348482178018,7.86348482178018,4.478491860204125,4.478491860204125,2,Si,Sigma-Aldrich,https://www.sigmaaldrich.com/catalog/product/aldrich/t268984,38.772824683858516,2.1782485777448604,4.563798560933229,0.6519712229904613,9.102418908197588,1.8204837816395176,12.199314055654416,1.7427591508077735,4.448621701632861,-13.40560542204111,-20.17559134519322,0,Si: HSP unreliable
C[Si](C)(C)C(C#N)C1(O)C2C=CC1C1C=CC2C1=CC#N,C[Si](C)(C)C(C#N)C1(OC(=O)[C@@H]2[C@H](C(=O)OC3(C(C#N)[Si](C)(C)C)C4C=CC3C3C=CC4C3=CC#N)[C@@H]3C=C[C@@H]2C3)C2C=CC1C1C=CC2C1=CC#N,ester,Sigma-Aldrich,monoalcohol,296.446,False,,0,21.5409,18.1768,10.6176,0,True,2,True,0,4,2,True,,17.117937009699162,7.023117827063191,4.659903564619412,704.9333908406672,19.1017579341202,8.33636444904899,7.880170262952566,0.0,8.0,,gc_formula_si,"Si monomer: HSP NOT reliable (Si groups fitted on 51 HSPiP Si compounds, only 7 measured, all much smaller than the monomers)",0.0,17.117937009699162,17.117937009699162,7.023117827063191,7.023117827063191,4.659903564619412,4.659903564619412,2,Si,Sigma-Aldrich,https://www.sigmaaldrich.com/catalog/product/aldrich/t229822,38.83081448902351,2.181506431967613,3.5100522322910765,0.5014360331844395,8.585742195739861,1.7171484391479723,12.211124228794162,1.744446318399166,5.434915618016559,-14.754722747255382,-19.48115127214294,0,Si: HSP unreliable
COC(=O)c1cc(CO[Si](c2ccccc2)(c2ccccc2)C(C)(C)C)oc1CO,COC(=O)c1cc(CO[Si](c2ccccc2)(c2ccccc2)C(C)(C)C)oc1COC(=O)[C@@H]1[C@H](C(=O)OCc2oc(CO[Si](c3ccccc3)(c3ccccc3)C(C)(C)C)cc2C(=O)OC)[C@@H]2C=C[C@@H]1C2,ester,Sigma-Aldrich,monoalcohol,424.569,False,,0,26.6503,15.7188,7.1996,2,True,2,True,0,0,0,True,,18.045917883634488,4.652219668179517,3.674627833048805,853.8563290613304,21.98266457702415,8.797089670603697,6.8311219616055885,0.0,6.0,,gc_formula_si,"Si monomer: HSP NOT reliable (Si groups fitted on 51 HSPiP Si compounds, only 7 measured, all much smaller than the monomers)",0.0,18.045917883634488,18.045917883634488,4.652219668179517,4.652219668179517,3.674627833048805,3.674627833048805,2,Si,Sigma-Aldrich,https://www.sigmaaldrich.com/catalog/product/aldrich/t230634,40.57854463846109,2.2796935190146677,2.0346302855902993,0.2906614693700428,6.88033099334561,1.376066198669122,12.225440263101591,1.74649146615737,9.719070382406166,-17.068326048503778,-19.023509718765197,0,Si: HSP unreliable
C[Si](C)(c1ccc(Cc2ccccc2)cc1)c1ccccc1CO,C[Si](C)(c1ccc(Cc2ccccc2)cc1)c1ccccc1COC(=O)[C@@H]1[C@H](C(=O)OCc2ccccc2[Si](C)(C)c2ccc(Cc3ccccc3)cc2)[C@@H]2C=C[C@@H]1C2,ester,Combi-Blocks,monoalcohol,332.519,False,,0,26.56,-1.0506,4.9852,0,True,2,True,0,0,0,True,,18.451976437244586,2.495645075080992,3.341109096512463,750.4689270057393,22.74601060277042,4.098658192017481,6.00134609577074,0.0,6.0,,gc_formula_si,"Si monomer: HSP NOT reliable (Si groups fitted on 51 HSPiP Si compounds, only 7 measured, all much smaller than the monomers)",0.0,18.451976437244586,18.451976437244586,2.495645075080992,2.495645075080992,3.341109096512463,3.341109096512463,2,Si,Combi-Blocks,https://www.combi-blocks.com/cgi-bin/find.cgi?QI-6577,41.65356457630268,2.3400878975450943,2.8867483068660618,0.4123926152665803,5.992934563416985,1.198586912683397,12.236510371590507,1.7480729102272152,12.61522226565113,-19.297440458676054,-17.606512415813118,0,Si: HSP unreliable
COc1ccc([Si](C)(C)c2ccccc2CO)cc1,COc1ccc([Si](C)(C)c2ccccc2COC(=O)[C@@H]2[C@H](C(=O)OCc3ccccc3[Si](C)(C)c3ccc(OC)cc3)[C@@H]3C=C[C@@H]2C3)cc1,ester,Combi-Blocks,monoalcohol,272.42,False,,0,24.3326,7.103,5.3938,0,True,2,True,0,0,0,True,,18.07539397963622,3.643446350988557,4.573746369341008,633.4730099876031,20.876003612739293,4.689101050558535,6.1750553738296645,0.0,6.0,,gc_formula_si,"Si monomer: HSP NOT reliable (Si groups fitted on 51 HSPiP Si compounds, only 7 measured, all much smaller than the monomers)",0.0,18.07539397963622,18.07539397963622,3.643446350988557,3.643446350988557,4.573746369341008,4.573746369341008,2,Si,Combi-Blocks,https://www.combi-blocks.com/cgi-bin/find.cgi?QF-8842,40.03105354205775,2.2489355922504353,1.107760325706581,0.15825147510094012,6.841195238794609,1.3682390477589217,12.23819018110232,1.748312883014617,9.858201259306655,-19.005693997988672,-17.14509396128377,0,Si: HSP unreliable
CC(C)(C)[Si](O[C@@H]1C[C@@H]2OC(=O)C[C@@H]2[C@H]1CO)(c1ccccc1)c1ccccc1,CC(C)(C)[Si](O[C@@H]1C[C@@H]2OC(=O)C[C@@H]2[C@H]1COC(=O)[C@@H]1[C@H](C(=O)OC[C@@H]2[C@H]3CC(=O)O[C@H]3C[C@H]2O[Si](c2ccccc2)(c2ccccc2)C(C)(C)C)[C@@H]2C=C[C@@H]1C2)(c1ccccc1)c1ccccc1,ester,Combi-Blocks,monoalcohol,410.586,False,,0,26.709,17.5388,7.4038,0,True,2,True,0,0,0,True,,17.92982790369265,5.236214881836927,3.666811620843192,860.8051143361797,23.07895164256504,4.181265991970718,6.395148616844288,0.0,4.0,,gc_formula_si,"Si monomer: HSP NOT reliable (Si groups fitted on 51 HSPiP Si compounds, only 7 measured, all much smaller than the monomers)",0.0,17.92982790369265,17.92982790369265,5.236214881836927,5.236214881836927,3.666811620843192,3.666811620843192,2,Si,Combi-Blocks,https://www.combi-blocks.com/cgi-bin/find.cgi?HD-4693,40.39800204187899,2.2695506765100553,2.28330264797003,0.32618609256714715,7.175570342080266,1.4351140684160533,12.258378904263413,1.7511969863233448,9.02680140101253,-16.360424642698916,-19.499231164686385,0,Si: HSP unreliable
C[Si](C)(c1cccs1)c1ccccc1CO,C[Si](C)(c1cccs1)c1ccccc1COC(=O)[C@@H]1[C@H](C(=O)OCc2ccccc2[Si](C)(C)c2cccs2)[C@@H]2C=C[C@@H]1C2,ester,Combi-Blocks,monoalcohol,248.423,False,,0,24.2896,5.6536,5.4712,2,True,2,True,0,0,0,True,,18.113260830562048,3.0599379263506647,4.867777488826376,571.3400592095068,21.457450294566787,6.07711072678239,5.766917322109499,0.0,8.0,,gc_formula_si,"Si monomer: HSP NOT reliable (Si groups fitted on 51 HSPiP Si compounds, only 7 measured, all much smaller than the monomers)",0.0,18.113260830562048,18.113260830562048,3.0599379263506647,3.0599379263506647,4.867777488826376,4.867777488826376,2,Si,Combi-Blocks,https://www.combi-blocks.com/cgi-bin/find.cgi?QA-8278,39.949130369384896,2.2443331668193762,1.2239031755316263,0.17484331079023233,6.797803847747174,1.3595607695494347,12.25855003956966,1.751221434224237,10.185545415385008,-19.92110039303776,-16.305421268086334,0,Si: HSP unreliable
CC(CO)(CCCO)CO[Si](c1ccccc1)(c1ccccc1)C(C)(C)C,CC(CO)(CCCOC(=O)[C@@H]1[C@H](C(=O)OCCCC(C)(CO)CO[Si](c2ccccc2)(c2ccccc2)C(C)(C)C)[C@@H]2C=C[C@@H]1C2)CO[Si](c1ccccc1)(c1ccccc1)C(C)(C)C,ester,Sigma-Aldrich,diol,386.608,False,,0,24.345,5.856,7.2869,0,True,2,True,0,0,0,True,,17.40271248891961,3.7885178298290128,6.891927792238451,871.5876899818501,21.02351269777667,5.8796184618091765,5.624537581627361,0.0,4.0,,gc_formula_si,"Si monomer: HSP NOT reliable (Si groups fitted on 51 HSPiP Si compounds, only 7 measured, all much smaller than the monomers)",0.0,17.40271248891961,17.40271248891961,3.7885178298290128,3.7885178298290128,6.891927792238451,6.891927792238451,2,Si,Sigma-Aldrich,https://www.sigmaaldrich.com/catalog/product/aldrich/t295906,37.64748508897271,2.1150272521894777,1.6066240129269953,0.2295177161324279,8.167951724467907,1.6335903448935813,12.26024286277083,1.7514632661101186,6.722266866852149,-20.506122451329052,-14.299302526510171,0,Si: HSP unreliable
C[Si](C)(CCCO)CCCO,C[Si](C)(CCCO)CCCOC(=O)[C@@H]1[C@H](C(=O)OCCC[Si](C)(C)CCCO)[C@@H]2C=C[C@@H]1C2,ester,Sigma-Aldrich,diol,176.332,False,,0,17.5939,7.6102,17.1177,0,True,2,True,0,0,0,True,,16.06465451104464,4.7670902315032535,9.080087025931004,498.5623769769377,15.814211911078822,6.874446063673201,12.341074080183157,0.0,6.0,,gc_formula_si,"Si monomer: HSP NOT reliable (Si groups fitted on 51 HSPiP Si compounds, only 7 measured, all much smaller than the monomers)",0.0,16.06465451104464,16.06465451104464,4.7670902315032535,4.7670902315032535,9.080087025931004,9.080087025931004,2,Si,Sigma-Aldrich,https://www.sigmaaldrich.com/catalog/product/aldrich/s762970,35.085840715868265,1.9711146469588912,5.061083327407161,0.7230119039153087,10.266191098477606,2.0532382196955212,12.266080449293755,1.752297207041965,2.217477253610383,-20.37765130547239,-11.75165771661689,0,Si: HSP unreliable
CC(=O)Nc1ccn([C@@H]2O[C@@H]3CO[Si](C(C)C)(C(C)C)O[Si](C(C)C)(C(C)C)O[C@H]3C2(O)C#N)c(=O)n1,CC(=O)Nc1ccn([C@@H]2O[C@@H]3CO[Si](C(C)C)(C(C)C)O[Si](C(C)C)(C(C)C)O[C@H]3C2(C#N)OC(=O)[C@@H]2[C@H](C(=O)OC3(C#N)[C@@H]4O[Si](C(C)C)(C(C)C)O[Si](C(C)C)(C(C)C)OC[C@H]4O[C@H]3n3ccc(NC(C)=O)nc3=O)[C@@H]3C=C[C@@H]2C3)c(=O)n1,ester,Ambeed,monoalcohol,552.777,False,,0,21.435,26.0528,8.3008,8,True,4,True,0,0,0,True,,16.64612526854223,7.590112084366332,5.568280855258974,1148.3926952035677,18.848679820933008,21.266517451307557,5.504107353699691,0.0,18.0,,gc_formula_si,"Si monomer: HSP NOT reliable (Si groups fitted on 51 HSPiP Si compounds, only 7 measured, all much smaller than the monomers)",0.0,16.64612526854223,16.64612526854223,7.590112084366332,7.590112084366332,5.568280855258974,5.568280855258974,4,Si,Ambeed,https://www.ambeed.com/products/1194441-31-0.html,37.7518187456766,2.1208886935773372,4.352849302924268,0.6218356147034668,9.439002274731221,1.8878004549462442,12.28426520701981,1.7548950295742587,3.487732328916925,-14.624294039434872,-18.66795649764959,0,Si: HSP unreliable
CC(C)(C)[Si](OCCN)(c1ccccc1)c1ccccc1,CC(C)(C)[Si](OCCNC(=O)[C@@H]1[C@H](C(=O)NCCO[Si](c2ccccc2)(c2ccccc2)C(C)(C)C)[C@@H]2C=C[C@@H]1C2)(c1ccccc1)c1ccccc1,amide,Ambeed,monoamine,299.49,False,,0,22.6145,-4.6694,6.1422,0,True,2,True,2,0,0,True,,17.87354323269641,5.457035189131519,3.773546471895975,698.5649620454374,21.63546712457488,4.912939588434213,5.115342901023368,0.0,4.0,,gc_formula_si,"Si monomer: HSP NOT reliable (Si groups fitted on 51 HSPiP Si compounds, only 7 measured, all much smaller than the monomers)",0.0,17.87354323269641,17.87354323269641,5.457035189131519,5.457035189131519,3.773546471895975,3.773546471895975,2,Si,Ambeed,https://www.ambeed.com/products/91578-89-1.html,40.22407933522265,2.2597797379338567,2.329513853403412,0.33278769334334457,7.343230845590848,1.4686461691181696,12.29150456019496,1.7559292228849943,8.642961571668916,-16.190054515460865,-19.557031949931954,0,Si: HSP unreliable
Cc1cn([C@H]2C[C@H](O)[C@@H](CO[Si](C)(C)C(C)(C)C)O2)c(=O)[nH]c1=O,Cc1cn([C@H]2C[C@H](OC(=O)[C@@H]3[C@H](C(=O)O[C@H]4C[C@H](n5cc(C)c(=O)[nH]c5=O)O[C@@H]4CO[Si](C)(C)C(C)(C)C)[C@@H]4C=C[C@@H]3C4)[C@@H](CO[Si](C)(C)C(C)(C)C)O2)c(=O)[nH]c1=O,ester,Ambeed,monoalcohol,356.495,False,,0,21.2088,11.2122,4.6466,8,True,2,True,0,0,0,True,,16.898649905837498,6.754250210274696,5.936364132774547,779.1462185803138,18.976614435638183,9.240559248666967,1.7330571782927622,0.0,16.0,,gc_formula_si,"Si monomer: HSP NOT reliable (Si groups fitted on 51 HSPiP Si compounds, only 7 measured, all much smaller than the monomers)",0.0,16.898649905837498,16.898649905837498,6.754250210274696,6.754250210274696,5.936364132774547,5.936364132774547,2,Si,Ambeed,https://www.ambeed.com/products/40733-28-6.html,37.62476297459916,2.1137507289100648,3.4039515108491543,0.4862787872641649,9.071595331523824,1.8143190663047648,12.303453139141256,1.7576361627344652,4.208035562788254,-16.080763828337346,-17.716535983337646,0,Si: HSP unreliable
CC(O)C[Si](c1ccccc1)(c1ccccc1)c1ccccc1,CC(C[Si](c1ccccc1)(c1ccccc1)c1ccccc1)OC(=O)[C@@H]1[C@H](C(=O)OC(C)C[Si](c2ccccc2)(c2ccccc2)c2ccccc2)[C@@H]2C=C[C@@H]1C2,ester,Sigma-Aldrich,monoalcohol,318.492,False,,0,26.5341,-0.451,6.8058,0,True,2,True,0,0,0,True,,18.415493758457504,2.73495966285704,3.694712126442537,738.8916503696843,23.99200567130348,2.0924395093379786,6.24808118801142,0.0,2.0,,gc_formula_si,"Si monomer: HSP NOT reliable (Si groups fitted on 51 HSPiP Si compounds, only 7 measured, all much smaller than the monomers)",0.0,18.415493758457504,18.415493758457504,2.73495966285704,2.73495966285704,3.694712126442537,3.694712126442537,2,Si,Sigma-Aldrich,https://www.sigmaaldrich.com/catalog/product/aldrich/s821608,41.23505744349935,2.31657626087075,2.4762297067082417,0.35374710095832024,6.24757212227496,1.249514424454992,12.320648427197467,1.760092632456781,11.985821969157929,-19.375246222043,-17.45574129487201,0,Si: HSP unreliable
COCCO[C@@H]1[C@H](O[Si](C)(C)C(C)(C)C)[C@@H](CO)O[C@H]1n1cc(C)c(=O)[nH]c1=O,COCCO[C@@H]1[C@H](O[Si](C)(C)C(C)(C)C)[C@@H](COC(=O)[C@@H]2[C@H](C(=O)OC[C@H]3O[C@@H](n4cc(C)c(=O)[nH]c4=O)[C@H](OCCOC)[C@@H]3O[Si](C)(C)C(C)(C)C)[C@@H]3C=C[C@@H]2C3)O[C@H]1n1cc(C)c(=O)[nH]c1=O,ester,Combi-Blocks,monoalcohol,430.574,False,,0,22.5,15.6404,4.1104,8,True,2,True,0,0,0,True,,16.91052666625435,6.739277412370677,5.960916568982515,902.10974835748,18.706812335599764,8.489220493179943,5.262860032145945,0.0,16.0,,gc_formula_si,"Si monomer: HSP NOT reliable (Si groups fitted on 51 HSPiP Si compounds, only 7 measured, all much smaller than the monomers)",0.0,16.91052666625435,16.91052666625435,6.739277412370677,6.739277412370677,5.960916568982515,5.960916568982515,2,Si,Combi-Blocks,https://www.combi-blocks.com/cgi-bin/find.cgi?HE-8596,37.60649291487224,2.112724321060238,3.382098690715479,0.48315695581649704,9.079722331882758,1.8159444663765516,12.323332569245048,1.7604760813207212,4.210332684901157,-16.132165822866188,-17.68888750964251,0,Si: HSP unreliable
C[Si](CC(O)c1ccccc1)(c1ccccc1)c1ccccc1,C[Si](CC(OC(=O)[C@@H]1[C@H](C(=O)OC(C[Si](C)(c2ccccc2)c2ccccc2)c2ccccc2)[C@@H]2C=C[C@@H]1C2)c1ccccc1)(c1ccccc1)c1ccccc1,ester,Sigma-Aldrich,monoalcohol,318.492,False,,0,26.5341,-0.451,6.8058,0,True,2,True,0,0,0,True,,18.41586654085312,2.7907398500931406,3.688675843121497,738.8456443547806,23.867000447049566,2.798170849650257,6.109842382704753,0.0,4.0,,gc_formula_si,"Si monomer: HSP NOT reliable (Si groups fitted on 51 HSPiP Si compounds, only 7 measured, all much smaller than the monomers)",0.0,18.41586654085312,18.41586654085312,2.7907398500931406,2.7907398500931406,3.688675843121497,3.688675843121497,2,Si,Sigma-Aldrich,https://www.sigmaaldrich.com/catalog/product/aldrich/s829927,41.222906467057044,2.315893621744778,2.455304393763135,0.3507577705375907,6.26914055204802,1.253828110409604,12.332034691724754,1.761719241674965,11.936450847638483,-19.31380253388148,-17.51793054782476,0,Si: HSP unreliable
CC(C)[Si]1(C(C)C)OC[C@H]2O[C@@H](n3ccc(NC(=O)c4ccccc4)nc3=O)[C@H](O)[C@@H]2O[Si](C(C)C)(C(C)C)O1,CC(C)[Si]1(C(C)C)OC[C@H]2O[C@@H](n3ccc(NC(=O)c4ccccc4)nc3=O)[C@H](OC(=O)[C@@H]3[C@H](C(=O)O[C@@H]4[C@@H]5O[Si](C(C)C)(C(C)C)O[Si](C(C)C)(C(C)C)OC[C@H]5O[C@H]4n4ccc(NC(=O)c5ccccc5)nc4=O)[C@@H]4C=C[C@@H]3C4)[C@@H]2O[Si](C(C)C)(C(C)C)O1,ester,Ambeed,monoalcohol,589.838,False,,0,24.4988,12.3618,8.7078,8,True,4,True,0,0,0,True,,17.19016095503983,6.59209609283947,5.3147288283056735,1193.628178388091,21.713664608800432,10.92154423901961,6.128013862057054,0.0,18.0,,gc_formula_si,"Si monomer: HSP NOT reliable (Si groups fitted on 51 HSPiP Si compounds, only 7 measured, all much smaller than the monomers)",0.0,17.19016095503983,17.19016095503983,6.59209609283947,6.59209609283947,5.3147288283056735,5.3147288283056735,4,Si,Ambeed,https://www.ambeed.com/products/69304-43-4.html,38.312472065711106,2.1523860711073652,2.9613040072195,0.4230434296027857,8.652838812734378,1.7305677625468756,12.342943531601755,1.7632776473716791,5.283336033894685,-15.912793690506035,-18.467528219573623,0,Si: HSP unreliable
OC1([Si](c2ccccc2)(c2ccccc2)c2ccccc2)CCCCC1,O=C(OC1([Si](c2ccccc2)(c2ccccc2)c2ccccc2)CCCCC1)[C@@H]1[C@H](C(=O)OC2([Si](c3ccccc3)(c3ccccc3)c3ccccc3)CCCCC2)[C@@H]2C=C[C@@H]1C2,ester,Sigma-Aldrich,monoalcohol,358.557,False,,0,27.3248,-2.0414,5.279,0,True,2,True,0,0,2,True,,18.47273442726549,2.621814239761044,3.5555236914377906,817.3360576126395,24.686089877991485,1.8616491182657235,5.959677941195585,0.0,2.0,,gc_formula_si,"Si monomer: HSP NOT reliable (Si groups fitted on 51 HSPiP Si compounds, only 7 measured, all much smaller than the monomers)",0.0,18.47273442726549,18.47273442726549,2.621814239761044,2.621814239761044,3.5555236914377906,3.5555236914377906,2,Si,Sigma-Aldrich,https://www.sigmaaldrich.com/catalog/product/aldrich/s827479,41.41809868355133,2.326859476604007,2.687942222360863,0.3839917460515519,6.196673155321972,1.2393346310643945,12.361776154709084,1.7659680221012977,12.295396496066655,-19.406443878942238,-17.53902497558874,0,Si: HSP unreliable
C[Si]1(C)CCN(N)CC1,C[Si]1(C)CCN(NC(=O)[C@@H]2[C@H](C(=O)NN3CC[Si](C)(C)CC3)[C@@H]3C=C[C@@H]2C3)CC1,amide,Combi-Blocks,monoamine,144.294,False,,0,18.628,3.436,12.1677,0,True,2,True,2,0,0,True,,16.91090175803374,7.17192249063799,5.560688598789932,411.7897074565221,17.42870842592076,9.550808969574634,5.46105248554352,0.0,6.0,,gc_formula_si,"Si monomer: HSP NOT reliable (Si groups fitted on 51 HSPiP Si compounds, only 7 measured, all much smaller than the monomers)",0.0,16.91090175803374,16.91090175803374,7.17192249063799,7.17192249063799,5.560688598789932,5.560688598789932,2,Si,Combi-Blocks,https://www.combi-blocks.com/cgi-bin/find.cgi?QE-6147,37.89029598498379,2.128668313763134,3.7243982904941526,0.5320568986420218,9.156993706250224,1.831398741250045,12.380811942989766,1.7686874204271095,4.178290668605818,-15.299667866185686,-18.522135649881797,2,Si: HSP unreliable  basic N x2
OCCO[Si]12OCCN(CCO1)CCO2,O=C(OCCO[Si]12OCCN(CCO1)CCO2)[C@@H]1[C@H](C(=O)OCCO[Si]23OCCN(CCO2)CCO3)[C@@H]2C=C[C@@H]1C2,ester,Sigma-Aldrich,"monoalcohol,monoamine",235.312,False,,0,26.0356,22.2472,14.6413,0,True,2,True,0,0,0,True,,17.392983549625267,6.082726902258242,5.35566544416593,498.4855930921129,19.296803507998614,6.347969310392334,6.316763130370045,0.0,10.0,,gc_formula_si,"Si monomer: HSP NOT reliable (Si groups fitted on 51 HSPiP Si compounds, only 7 measured, all much smaller than the monomers)",0.0,17.392983549625267,17.392983549625267,6.082726902258242,6.082726902258242,5.35566544416593,5.35566544416593,2,Si,Sigma-Aldrich,https://www.sigmaaldrich.com/catalog/product/aldrich/477273?utm_source=pubchem&utm_campaign=pubchem_2017&utm_medium=referral,38.43916893411192,2.1595038727029165,2.334047719596211,0.33343538851374444,8.394115264653863,1.6788230529307726,12.400770028732197,1.771538575533171,5.954591203201094,-16.665922091532956,-18.12004500771758,2,Si: HSP unreliable  basic N x2
Cc1cn([C@H]2C[C@H](O[Si](C)(C)C(C)(C)C)[C@@H](CO)O2)c(=O)[nH]c1=O,Cc1cn([C@H]2C[C@H](O[Si](C)(C)C(C)(C)C)[C@@H](COC(=O)[C@@H]3[C@H](C(=O)OC[C@H]4O[C@@H](n5cc(C)c(=O)[nH]c5=O)C[C@@H]4O[Si](C)(C)C(C)(C)C)[C@@H]4C=C[C@@H]3C4)O2)c(=O)[nH]c1=O,ester,Ambeed,monoalcohol,356.495,False,,0,22.2203,12.786,3.8332,8,True,2,True,0,0,0,True,,17.037181667003946,6.786370670498584,5.807741870382464,771.4440589113952,19.19701993943456,9.059285968743406,1.1396207319488092,0.0,16.0,,gc_formula_si,"Si monomer: HSP NOT reliable (Si groups fitted on 51 HSPiP Si compounds, only 7 measured, all much smaller than the monomers)",0.0,17.037181667003946,17.037181667003946,6.786370670498584,6.786370670498584,5.807741870382464,5.807741870382464,2,Si,Ambeed,https://www.ambeed.com/products/40733-27-5.html,37.76278033632558,2.121504513276718,3.2792389273916074,0.46846270391308675,9.053090066439406,1.8106180132878813,12.451075124694153,1.7787250178134504,4.443069126122898,-16.058552866887826,-18.015810467120065,0,Si: HSP unreliable
CC(C)(C)[Si](C)(C)OC[C@H]1O[C@@H](n2ccc(=O)[nH]c2=O)C[C@@H]1O,CC(C)(C)[Si](C)(C)OC[C@H]1O[C@@H](n2ccc(=O)[nH]c2=O)C[C@@H]1OC(=O)[C@@H]1[C@H](C(=O)O[C@H]2C[C@H](n3ccc(=O)[nH]c3=O)O[C@@H]2CO[Si](C)(C)C(C)(C)C)[C@@H]2C=C[C@@H]1C2,ester,Combi-Blocks,monoalcohol,342.468,False,,0,21.2323,11.3004,5.4918,8,True,2,True,0,0,0,True,,16.88888682521345,6.927518017802378,6.104806142162658,748.0256368495016,19.01169528555416,11.017506305678122,2.0351869695575084,0.0,16.0,,gc_formula_si,"Si monomer: HSP NOT reliable (Si groups fitted on 51 HSPiP Si compounds, only 7 measured, all much smaller than the monomers)",0.0,16.88888682521345,16.88888682521345,6.927518017802378,6.927518017802378,6.104806142162658,6.104806142162658,2,Si,Combi-Blocks,https://www.combi-blocks.com/cgi-bin/find.cgi?JQ-5450,37.41815086527837,2.102143307038111,3.5849915881064804,0.5121416554437829,9.308400221950247,1.8616800443900494,12.467808759286887,1.781115537040984,3.856562665248415,-16.066174949573732,-17.71159870085317,0,Si: HSP unreliable
CC(=O)Nc1ncnc2c1ncn2[C@@H]1O[C@@H]2CO[Si](C(C)C)(C(C)C)O[Si](C(C)C)(C(C)C)O[C@H]2[C@H]1O,CC(=O)Nc1ncnc2c1ncn2[C@@H]1O[C@@H]2CO[Si](C(C)C)(C(C)C)O[Si](C(C)C)(C(C)C)O[C@H]2[C@H]1OC(=O)[C@@H]1[C@H](C(=O)O[C@@H]2[C@@H]3O[Si](C(C)C)(C(C)C)O[Si](C(C)C)(C(C)C)OC[C@H]3O[C@H]2n2cnc3c(NC(C)=O)ncnc32)[C@@H]2C=C[C@@H]1C2,ester,Ambeed,monoalcohol,551.793,False,,0,21.9462,14.844,7.9528,10,True,4,True,0,0,0,True,,16.955478980779855,7.31612353576058,5.5053773652642,1126.479332022102,19.91123725849543,13.18874937465766,8.691385327263486,0.0,20.0,,gc_formula_si,"Si monomer: HSP NOT reliable (Si groups fitted on 51 HSPiP Si compounds, only 7 measured, all much smaller than the monomers)",0.0,16.955478980779855,16.955478980779855,7.31612353576058,7.31612353576058,5.5053773652642,5.5053773652642,4,Si,Ambeed,https://www.ambeed.com/products/828247-65-0.html,37.9173791490492,2.1301898398342245,3.810878105535926,0.5444111579337038,9.249511030397773,1.8499022060795547,12.500849929021223,1.785835704145889,4.1339780797550745,-15.144732810283474,-18.76622515127623,0,Si: HSP unreliable
CC(C)(C)[Si]1(C(C)(C)C)OC[C@H]2O[C@@H](n3ccc(=O)[nH]c3=O)[C@H](O)[C@@H]2O1,CC(C)(C)[Si]1(C(C)(C)C)OC[C@H]2O[C@@H](n3ccc(=O)[nH]c3=O)[C@H](OC(=O)[C@@H]3[C@H](C(=O)O[C@@H]4[C@@H]5O[Si](C(C)(C)C)(C(C)(C)C)OC[C@H]5O[C@H]4n4ccc(=O)[nH]c4=O)[C@@H]4C=C[C@@H]3C4)[C@@H]2O1,ester,Ambeed,monoalcohol,384.505,False,,0,23.5628,17.486,5.5086,8,True,2,True,0,0,0,True,,17.064940748260153,6.890277560475663,5.733250995947263,803.5343179477402,19.622621763167743,12.19399742093464,1.284079779640506,0.0,14.0,,gc_formula_si,"Si monomer: HSP NOT reliable (Si groups fitted on 51 HSPiP Si compounds, only 7 measured, all much smaller than the monomers)",0.0,17.064940748260153,17.064940748260153,6.890277560475663,6.890277560475663,5.733250995947263,5.733250995947263,2,Si,Ambeed,https://www.ambeed.com/products/97219-04-0.html,37.81415520453716,2.12439074182793,3.340271595255101,0.4771816564650145,9.093218860025306,1.8186437720050612,12.51227088846035,1.78746726978005,4.441412191837227,-15.907914183731751,-18.221967312788554,0,Si: HSP unreliable
CC(O)[Si](c1ccccc1)(c1ccccc1)c1ccccc1,CC(OC(=O)[C@@H]1[C@H](C(=O)OC(C)[Si](c2ccccc2)(c2ccccc2)c2ccccc2)[C@@H]2C=C[C@@H]1C2)[Si](c1ccccc1)(c1ccccc1)c1ccccc1,ester,Sigma-Aldrich,monoalcohol,304.465,False,,0,26.52,-0.1788,7.038,0,True,2,True,0,0,0,True,,18.50481666798447,2.809423266168258,3.78334803980824,705.4018885673082,24.00034526368732,2.195191892600168,6.330207363240208,0.0,2.0,,gc_formula_si,"Si monomer: HSP NOT reliable (Si groups fitted on 51 HSPiP Si compounds, only 7 measured, all much smaller than the monomers)",0.0,18.50481666798447,18.50481666798447,2.809423266168258,2.809423266168258,3.78334803980824,3.78334803980824,2,Si,Sigma-Aldrich,https://www.sigmaaldrich.com/catalog/product/aldrich/s827355,41.153851406963554,2.3120141239867165,2.4745338362366858,0.353504833748098,6.453793275004782,1.2907586550009564,12.52957172749531,1.7899388182136156,11.912045362007973,-19.47874144162445,-17.530891894344492,0,Si: HSP unreliable
OCCCC[Si](c1ccccc1)(c1ccccc1)c1ccccc1,O=C(OCCCC[Si](c1ccccc1)(c1ccccc1)c1ccccc1)[C@@H]1[C@H](C(=O)OCCCC[Si](c2ccccc2)(c2ccccc2)c2ccccc2)[C@@H]2C=C[C@@H]1C2,ester,Sigma-Aldrich,monoalcohol,332.519,False,,0,27.4915,0.426,5.7434,0,True,2,True,0,0,0,True,,18.55689828840728,2.645785712952281,3.607132308314588,748.3566061452541,24.397718409918934,2.2781666322584067,6.480896994372025,0.0,2.0,,gc_formula_si,"Si monomer: HSP NOT reliable (Si groups fitted on 51 HSPiP Si compounds, only 7 measured, all much smaller than the monomers)",0.0,18.55689828840728,18.55689828840728,2.645785712952281,2.645785712952281,3.607132308314588,3.607132308314588,2,Si,Sigma-Aldrich,https://www.sigmaaldrich.com/catalog/product/aldrich/s821624,41.38661085439748,2.325090497438061,2.7290257697641014,0.38986082425201446,6.354993710886907,1.2709987421773814,12.538924027664489,1.791274861094927,12.30398026714041,-19.518244883769583,-17.595551693044975,0,Si: HSP unreliable
C[Si](C)(c1cccnc1)c1ccccc1CO,C[Si](C)(c1cccnc1)c1ccccc1COC(=O)[C@@H]1[C@H](C(=O)OCc2ccccc2[Si](C)(C)c2cccnc2)[C@@H]2C=C[C@@H]1C2,ester,Combi-Blocks,monoalcohol,243.382,False,,0,24.2139,1.1018,5.7418,2,True,2,True,0,0,0,True,,18.054286749451844,4.685410053477425,4.566471245544127,580.3273968867534,21.513531243435047,2.7430814855545327,4.2311604202873,0.0,8.0,,gc_formula_si,"Si monomer: HSP NOT reliable (Si groups fitted on 51 HSPiP Si compounds, only 7 measured, all much smaller than the monomers)",0.0,18.054286749451844,18.054286749451844,4.685410053477425,4.685410053477425,4.566471245544127,4.566471245544127,2,Si,Combi-Blocks,https://www.combi-blocks.com/cgi-bin/find.cgi?QF-4132,39.72325088805042,2.231643308317439,1.321738208302417,0.18881974404320243,7.424002626805699,1.4848005253611398,12.549074602815583,1.792724943259369,8.802405450430292,-17.935347941518543,-18.173225557385145,0,Si: HSP unreliable
CC(C)(C)[Si](OCCCCCCCC1NC1CO)(c1ccccc1)c1ccccc1,CC(C)(C)[Si](OCCCCCCCC1C(CO)N1C(=O)[C@@H]1[C@H](C(=O)N2C(CO)C2CCCCCCCO[Si](c2ccccc2)(c2ccccc2)C(C)(C)C)[C@@H]2C=C[C@@H]1C2)(c1ccccc1)c1ccccc1,amide,Combi-Blocks,"monoalcohol,monoamine",425.689,False,,0,26.1633,-3.7118,7.1209,0,True,2,True,0,2,2,True,,17.66768882888621,5.024367539046841,5.8370013683343815,951.0084828459596,21.99245617945129,4.395879366049719,1.305175272467617,0.0,4.0,,gc_formula_si,"Si monomer: HSP NOT reliable (Si groups fitted on 51 HSPiP Si compounds, only 7 measured, all much smaller than the monomers)",0.0,17.66768882888621,17.66768882888621,5.024367539046841,5.024367539046841,5.8370013683343815,5.8370013683343815,2,Si,Combi-Blocks,https://www.combi-blocks.com/cgi-bin/find.cgi?QI-3316,38.32506068574829,2.153093296952151,1.2032444760427976,0.17189206800611395,8.172952041460023,1.6345904082920046,12.570862474147447,1.795837496306778,6.806319921504986,-18.480322658173748,-16.855054999598668,0,Si: HSP unreliable
C=CCCC(C(=O)C1(C[C@H](C)CCO)SCCCS1)[C@H]1[C@H](C(=O)OC)C(=O)C[C@]1(C)CO[Si](c1ccccc1)(c1ccccc1)C(C)(C)C,C=CCCC(C(=O)C1(C[C@H](C)CCOC(=O)[C@@H]2[C@H](C(=O)OCC[C@@H](C)CC3(C(=O)C(CCC=C)[C@H]4[C@H](C(=O)OC)C(=O)C[C@]4(C)CO[Si](c4ccccc4)(c4ccccc4)C(C)(C)C)SCCCS3)[C@@H]3C=C[C@@H]2C3)SCCCS1)[C@H]1[C@H](C(=O)OC)C(=O)C[C@]1(C)CO[Si](c1ccccc1)(c1ccccc1)C(C)(C)C,ester,Sigma-Aldrich,monoalcohol,725.102,False,,0,28.9874,15.8068,9.2724,4,True,2,True,0,2,2,True,,17.877472638009632,5.623118532066922,4.4269971859617865,1444.9897986155318,25.945369014364715,10.343172562866638,15.139926782160556,0.0,8.0,,gc_formula_si,"Si monomer: HSP NOT reliable (Si groups fitted on 51 HSPiP Si compounds, only 7 measured, all much smaller than the monomers)",0.0,17.877472638009632,17.877472638009632,5.623118532066922,5.623118532066922,4.4269971859617865,4.4269971859617865,2,Si,Sigma-Aldrich,https://www.sigmaaldrich.com/catalog/product/aldrich/t289779,39.5557014313944,2.222230417494067,2.035799733040329,0.29082853329147557,7.821217667656635,1.564243533531327,12.587400755499196,1.7982001079284566,7.827356919980923,-16.681351291904495,-19.073593984114765,0,Si: HSP unreliable
CO[C@@H]1[C@H](O[Si](C)(C)C(C)(C)C)[C@@H](CO)O[C@H]1n1ccc(=O)[nH]c1=O,CO[C@@H]1[C@H](O[Si](C)(C)C(C)(C)C)[C@@H](COC(=O)[C@@H]2[C@H](C(=O)OC[C@H]3O[C@@H](n4ccc(=O)[nH]c4=O)[C@H](OC)[C@@H]3O[Si](C)(C)C(C)(C)C)[C@@H]3C=C[C@@H]2C3)O[C@H]1n1ccc(=O)[nH]c1=O,ester,Ambeed,monoalcohol,372.494,False,,0,22.3718,14.7304,5.1878,8,True,2,True,0,0,0,True,,16.96234457027336,6.9592740442721,6.116717710610759,791.0473004685362,18.846057254888763,10.31242902134584,3.2239569125792142,0.0,16.0,,gc_formula_si,"Si monomer: HSP NOT reliable (Si groups fitted on 51 HSPiP Si compounds, only 7 measured, all much smaller than the monomers)",0.0,16.96234457027336,16.96234457027336,6.9592740442721,6.9592740442721,6.116717710610759,6.116717710610759,2,Si,Ambeed,https://www.ambeed.com/products/171268-84-1.html,37.41013832651562,2.1016931644109897,3.5420565902226984,0.5060080843175283,9.359515590759015,1.871903118151803,12.590315949869321,1.798616564267046,3.8863528153904987,-16.119788236612017,-17.8049009039347,0,Si: HSP unreliable
C[Si](C)(c1ccc(Oc2ccccc2)cc1)c1ccccc1CO,C[Si](C)(c1ccc(Oc2ccccc2)cc1)c1ccccc1COC(=O)[C@@H]1[C@H](C(=O)OCc2ccccc2[Si](C)(C)c2ccc(Oc3ccccc3)cc2)[C@@H]2C=C[C@@H]1C2,ester,Combi-Blocks,monoalcohol,334.491,False,,0,25.5548,-0.1302,6.3988,2,True,2,True,0,0,0,True,,18.468578250574478,3.076459325050596,4.044883436639007,749.4707095908234,22.034431419032657,4.961868327427666,5.554529571102889,0.0,8.0,,gc_formula_si,"Si monomer: HSP NOT reliable (Si groups fitted on 51 HSPiP Si compounds, only 7 measured, all much smaller than the monomers)",0.0,18.468578250574478,18.468578250574478,3.076459325050596,3.076459325050596,4.044883436639007,4.044883436639007,2,Si,Combi-Blocks,https://www.combi-blocks.com/cgi-bin/find.cgi?QF-8696,40.81325365824861,2.292879419002731,2.1409275944852824,0.3058467992121832,6.6810635762688255,1.336212715253765,12.606810228074783,1.800972889724969,11.347235488884873,-19.43700236216289,-17.500154138986066,0,Si: HSP unreliable
CC(C)(C)[Si](OC[C@H]1OC(=O)[C@H](O)[C@H]1O)(c1ccccc1)c1ccccc1,CC(C)(C)[Si](OC[C@H]1OC(=O)[C@H](OC(=O)[C@@H]2[C@H](C(=O)O[C@H]3C(=O)O[C@H](CO[Si](c4ccccc4)(c4ccccc4)C(C)(C)C)[C@@H]3O)[C@@H]3C=C[C@@H]2C3)[C@H]1O)(c1ccccc1)c1ccccc1,ester,Sigma-Aldrich,diol,386.52,False,,0,24.5488,13.9768,13.3287,0,True,2,True,0,0,0,True,,17.74405126585161,6.081948471877372,4.607122435235301,834.3753032796775,22.2500100687477,7.653564502497178,8.070599574223408,0.0,4.0,,gc_formula_si,"Si monomer: HSP NOT reliable (Si groups fitted on 51 HSPiP Si compounds, only 7 measured, all much smaller than the monomers)",0.0,17.74405126585161,17.74405126585161,6.081948471877372,6.081948471877372,4.607122435235301,4.607122435235301,2,Si,Sigma-Aldrich,https://www.sigmaaldrich.com/catalog/product/aldrich/t259543,39.23345293957592,2.2041265696390964,2.3602225579379947,0.33717465113399925,8.158235751769526,1.6316471503539052,12.648536952469122,1.8069338503527317,7.054980358738938,-16.26922522920954,-19.21887730249368,0,Si: HSP unreliable
CON(C)C(=O)CC(C[C@H](O)CO)O[Si](c1ccccc1)(c1ccccc1)C(C)(C)C,CON(C)C(=O)CC(C[C@H](O)COC(=O)[C@@H]1[C@H](C(=O)OC[C@@H](O)CC(CC(=O)N(C)OC)O[Si](c2ccccc2)(c2ccccc2)C(C)(C)C)[C@@H]2C=C[C@@H]1C2)O[Si](c1ccccc1)(c1ccccc1)C(C)(C)C,ester,Sigma-Aldrich,diol,445.632,False,,0,25.0779,11.69,15.0681,0,True,2,True,0,0,0,True,,17.59606504457224,5.50539569308086,5.901105709908781,948.2452416900356,21.3792013572872,9.36207826993824,9.801582886877666,0.0,4.0,,gc_formula_si,"Si monomer: HSP NOT reliable (Si groups fitted on 51 HSPiP Si compounds, only 7 measured, all much smaller than the monomers)",0.0,17.59606504457224,17.59606504457224,5.50539569308086,5.50539569308086,5.901105709908781,5.901105709908781,2,Si,Sigma-Aldrich,https://www.sigmaaldrich.com/catalog/product/aldrich/t261343,38.11286108106227,2.141171970846195,1.7042708077254907,0.24346725824649867,8.476530465701133,1.6953060931402266,12.689296356364286,1.8127566223377551,6.189563641582598,-17.99177506140016,-17.20035502774432,0,Si: HSP unreliable
C[Si](C)(c1ccc([Si](C)(C)c2ccccc2CO)cc1)c1ccccc1CO,C[Si](C)(c1ccc([Si](C)(C)c2ccccc2COC(=O)[C@@H]2[C@H](C(=O)OCc3ccccc3[Si](C)(C)c3ccc([Si](C)(C)c4ccccc4CO)cc3)[C@@H]3C=C[C@@H]2C3)cc1)c1ccccc1CO,ester,Combi-Blocks,diol,406.674,False,,0,26.3662,3.6378,7.4467,0,True,4,True,0,0,0,True,,17.768925398539896,3.403560977043995,6.8415612312855565,897.6449972812634,21.268012728291627,7.770162295584029,6.85840848727515,0.0,12.0,,gc_formula_si,"Si monomer: HSP NOT reliable (Si groups fitted on 51 HSPiP Si compounds, only 7 measured, all much smaller than the monomers)",0.0,17.768925398539896,17.768925398539896,3.403560977043995,3.403560977043995,6.8415612312855565,6.8415612312855565,4,Si,Combi-Blocks,https://www.combi-blocks.com/cgi-bin/find.cgi?HB-9441,37.90202165888091,2.1293270594876916,1.431817294289166,0.20454532775559514,8.186705974431264,1.6373411948862528,12.695164677535208,1.8135949539336012,7.523803190210344,-21.206925652781457,-14.330925144298334,0,Si: HSP unreliable
COc1ccc([Si](C)(C)c2ccccc2CO)cc1OC,COc1ccc([Si](C)(C)c2ccccc2COC(=O)[C@@H]2[C@H](C(=O)OCc3ccccc3[Si](C)(C)c3ccc(OC)c(OC)c3)[C@@H]3C=C[C@@H]2C3)cc1OC,ester,Combi-Blocks,monoalcohol,302.446,False,,0,24.6517,11.3634,3.4903,0,True,2,True,0,0,0,True,,18.10923234368348,4.218292427671615,5.197687859966695,677.4682203935546,20.84579724397961,5.583193187289197,7.268361534671797,0.0,6.0,,gc_formula_si,"Si monomer: HSP NOT reliable (Si groups fitted on 51 HSPiP Si compounds, only 7 measured, all much smaller than the monomers)",0.0,18.10923234368348,18.10923234368348,4.218292427671615,4.218292427671615,5.197687859966695,5.197687859966695,2,Si,Combi-Blocks,https://www.combi-blocks.com/cgi-bin/find.cgi?QA-7614,39.27623420275445,2.2065300113906994,0.7584202456715654,0.1083457493816522,7.6094176379482885,1.5218835275896576,12.72199388015899,1.81742769716557,8.69325205604517,-19.08862777597856,-17.1298369113884,0,Si: HSP unreliable
OC(COCC[Si](c1ccccc1)(c1ccccc1)c1ccccc1)C[Si](c1ccccc1)(c1ccccc1)c1ccccc1,O=C(OC(COCC[Si](c1ccccc1)(c1ccccc1)c1ccccc1)C[Si](c1ccccc1)(c1ccccc1)c1ccccc1)[C@@H]1[C@H](C(=O)OC(COCC[Si](c2ccccc2)(c2ccccc2)c2ccccc2)C[Si](c2ccccc2)(c2ccccc2)c2ccccc2)[C@@H]2C=C[C@@H]1C2,ester,Sigma-Aldrich,monoalcohol,620.941,False,,0,33.4697,-4.317,8.7584,0,True,4,True,0,0,0,True,,18.67738154899212,2.6083035102500465,3.4983261898107174,1281.1353370624192,29.12426317495013,3.2135942347781183,11.446624932605848,0.0,4.0,,gc_formula_si,"Si monomer: HSP NOT reliable (Si groups fitted on 51 HSPiP Si compounds, only 7 measured, all much smaller than the monomers)",0.0,18.67738154899212,18.67738154899212,2.6083035102500465,2.6083035102500465,3.4983261898107174,3.4983261898107174,4,Si,Sigma-Aldrich,https://www.sigmaaldrich.com/catalog/product/aldrich/s821764,41.536615646648585,2.3335177329577856,2.9587786997471226,0.4226826713924461,6.453627309494324,1.2907254618988648,12.726267876358097,1.8180382680511566,12.570751848931355,-19.567404228552792,-17.787358869431447,0,Si: HSP unreliable
CC(O)([Si](c1ccccc1)(c1ccccc1)c1ccccc1)[Si](c1ccccc1)(c1ccccc1)c1ccccc1,CC(OC(=O)[C@@H]1[C@H](C(=O)OC(C)([Si](c2ccccc2)(c2ccccc2)c2ccccc2)[Si](c2ccccc2)(c2ccccc2)c2ccccc2)[C@@H]2C=C[C@@H]1C2)([Si](c1ccccc1)(c1ccccc1)c1ccccc1)[Si](c1ccccc1)(c1ccccc1)c1ccccc1,ester,Sigma-Aldrich,monoalcohol,562.861,False,,0,32.6656,-4.9218,10.053,0,True,4,True,0,0,0,True,,18.74081945788416,2.242002049860911,3.321803648154132,1191.7285151287178,28.86650716694696,0.6884398972866363,8.872776215413767,0.0,4.0,,gc_formula_si,"Si monomer: HSP NOT reliable (Si groups fitted on 51 HSPiP Si compounds, only 7 measured, all much smaller than the monomers)",0.0,18.74081945788416,18.74081945788416,2.242002049860911,2.242002049860911,3.321803648154132,3.321803648154132,4,Si,Sigma-Aldrich,https://www.sigmaaldrich.com/catalog/product/aldrich/s831069,41.84009968288178,2.3505673979147064,3.321755794635399,0.4745365420907713,6.315960035688504,1.2631920071377007,12.728980774574145,1.8184258249391636,13.177013759869117,-19.820621056177384,-17.66101785959094,0,Si: HSP unreliable
OCCC[Si](c1ccccc1)(c1ccccc1)c1ccccc1,O=C(OCCC[Si](c1ccccc1)(c1ccccc1)c1ccccc1)[C@@H]1[C@H](C(=O)OCCC[Si](c2ccccc2)(c2ccccc2)c2ccccc2)[C@@H]2C=C[C@@H]1C2,ester,Sigma-Aldrich,monoalcohol,318.492,False,,0,27.478,0.6982,5.9756,0,True,2,True,0,0,0,True,,18.650939971247748,2.7175525760427583,3.692626915274693,714.866844342878,24.405861347561306,2.380919015520596,6.563023169600815,0.0,2.0,,gc_formula_si,"Si monomer: HSP NOT reliable (Si groups fitted on 51 HSPiP Si compounds, only 7 measured, all much smaller than the monomers)",0.0,18.650939971247748,18.650939971247748,2.7175525760427583,2.7175525760427583,3.692626915274693,3.692626915274693,2,Si,Sigma-Aldrich,https://www.sigmaaldrich.com/catalog/product/aldrich/s824992,41.311818610211134,2.3208886859669176,2.749759028802534,0.39282271840036204,6.567211016299779,1.3134422032599558,12.754424005204795,1.8220605721721135,12.240760479930296,-19.626014310479682,-17.675865632015814,0,Si: HSP unreliable
C[Si](C)(c1ccc(Br)cc1)c1ccccc1CO,C[Si](C)(c1ccc(Br)cc1)c1ccccc1COC(=O)[C@@H]1[C@H](C(=O)OCc2ccccc2[Si](C)(C)c2ccc(Br)cc2)[C@@H]2C=C[C@@H]1C2,ester,Combi-Blocks,monoalcohol,321.29,False,,0,24.0385,3.1012,5.7418,0,True,2,True,2,2,2,True,,18.414680425209653,3.819146728710661,4.2385108024807625,616.3177747025082,21.932968988809225,3.891606618835865,7.075864083825496,0.0,6.0,,gc_formula_si,"Si monomer: HSP NOT reliable (Si groups fitted on 51 HSPiP Si compounds, only 7 measured, all much smaller than the monomers)",0.0,18.414680425209653,18.414680425209653,3.819146728710661,3.819146728710661,4.2385108024807625,4.2385108024807625,2,Si,Combi-Blocks,https://www.combi-blocks.com/cgi-bin/find.cgi?QI-3264,40.38603216799039,2.2688782116848536,1.763298144806939,0.25189973497241985,7.101996111039977,1.4203992222079953,12.774237550917276,1.824891078702468,10.357022894018229,-18.834044498979754,-17.99531635143955,0,Si: HSP unreliable
CSC(SC)(SC)C(O)(c1ccoc1)[C@H](OCc1ccccc1)[C@H](CO[Si](c1ccccc1)(c1ccccc1)C(C)(C)C)OCc1ccccc1,CSC(SC)(SC)C(OC(=O)[C@@H]1[C@H](C(=O)OC(c2ccoc2)([C@H](OCc2ccccc2)[C@H](CO[Si](c2ccccc2)(c2ccccc2)C(C)(C)C)OCc2ccccc2)C(SC)(SC)SC)[C@@H]2C=C[C@@H]1C2)(c1ccoc1)[C@H](OCc1ccccc1)[C@H](CO[Si](c1ccccc1)(c1ccccc1)C(C)(C)C)OCc1ccccc1,ester,Sigma-Aldrich,monoalcohol,759.144,False,,0,31.6887,5.6478,10.2572,2,True,2,True,6,0,0,True,,18.418561218016364,3.943437097874981,4.167196874828878,1496.562458195781,29.33417169274432,17.404430093325992,19.736196030551596,0.0,6.0,,gc_formula_si,"Si monomer: HSP NOT reliable (Si groups fitted on 51 HSPiP Si compounds, only 7 measured, all much smaller than the monomers)",0.0,18.418561218016364,18.418561218016364,3.943437097874981,3.943437097874981,4.167196874828878,4.167196874828878,2,Si,Sigma-Aldrich,https://www.sigmaaldrich.com/catalog/product/aldrich/t259772,40.41711743221175,2.2706245748433567,1.818989519945967,0.2598556457065667,7.132281014963736,1.4264562029927472,12.795467773992613,1.8279239677132304,10.307927245312506,-18.642320994970262,-18.194801441062467,0,Si: HSP unreliable
CC(C)C(=O)Nc1nc2c(ncn2[C@@H]2O[C@@H]3CO[Si](C(C)C)(C(C)C)O[Si](C(C)C)(C(C)C)O[C@H]3[C@H]2O)c(=O)[nH]1,CC(C)C(=O)Nc1nc2c(ncn2[C@@H]2O[C@@H]3CO[Si](C(C)C)(C(C)C)O[Si](C(C)C)(C(C)C)O[C@H]3[C@H]2OC(=O)[C@@H]2[C@H](C(=O)O[C@@H]3[C@@H]4O[Si](C(C)C)(C(C)C)O[Si](C(C)C)(C(C)C)OC[C@H]4O[C@H]3n3cnc4c(=O)[nH]c(NC(=O)C(C)C)nc43)[C@@H]3C=C[C@@H]2C3)c(=O)[nH]1,ester,Ambeed,monoalcohol,595.846,False,,0,22.313,15.5248,8.2094,12,True,4,True,0,0,0,True,,16.923138622473463,7.518239068967089,6.067864835582127,1205.1683285127576,20.50976897448188,18.43353614339468,6.293381064070094,0.0,22.0,,gc_formula_si,"Si monomer: HSP NOT reliable (Si groups fitted on 51 HSPiP Si compounds, only 7 measured, all much smaller than the monomers)",0.0,16.923138622473463,16.923138622473463,7.518239068967089,7.518239068967089,6.067864835582127,6.067864835582127,4,Si,Ambeed,https://www.ambeed.com/products/87865-78-9.html,37.320358803459335,2.0966493709808613,4.060747213664192,0.5801067448091703,9.741463408149196,1.9482926816298392,12.832868021589931,1.833266860227133,3.337034717924247,-15.472764389088502,-18.373512855858422,0,Si: HSP unreliable
CC(O)C1COC(=O)C1[Si](C)(c1ccccc1)c1ccccc1,CC(OC(=O)[C@@H]1[C@H](C(=O)OC(C)C2COC(=O)C2[Si](C)(c2ccccc2)c2ccccc2)[C@@H]2C=C[C@@H]1C2)C1COC(=O)C1[Si](C)(c1ccccc1)c1ccccc1,ester,Sigma-Aldrich,monoalcohol,326.468,False,,0,24.8091,15.1034,7.9294,0,True,2,True,0,0,0,True,,18.03002415621079,5.717722575284447,4.331002700532015,725.4839541006644,22.859288730502133,6.0620944553992215,7.449395589691103,0.0,4.0,,gc_formula_si,"Si monomer: HSP NOT reliable (Si groups fitted on 51 HSPiP Si compounds, only 7 measured, all much smaller than the monomers)",0.0,18.03002415621079,18.03002415621079,5.717722575284447,5.717722575284447,4.331002700532015,4.331002700532015,2,Si,Sigma-Aldrich,https://www.sigmaaldrich.com/catalog/product/aldrich/t223034,39.660737182884816,2.2281313024092593,2.2095960030340627,0.31565657186200896,7.963784914487861,1.5927569828975723,12.848601708477666,1.8355145297825237,7.981298880394327,-16.643304281458356,-19.416744030963223,0,Si: HSP unreliable
OC(C[Si](c1ccccc1)(c1ccccc1)c1ccccc1)C[Si](c1ccccc1)(c1ccccc1)c1ccccc1,O=C(OC(C[Si](c1ccccc1)(c1ccccc1)c1ccccc1)C[Si](c1ccccc1)(c1ccccc1)c1ccccc1)[C@@H]1[C@H](C(=O)OC(C[Si](c2ccccc2)(c2ccccc2)c2ccccc2)C[Si](c2ccccc2)(c2ccccc2)c2ccccc2)[C@@H]2C=C[C@@H]1C2,ester,Sigma-Aldrich,monoalcohol,576.888,False,,0,33.3848,-4.0448,8.9906,0,True,4,True,0,0,0,True,,18.82498888147584,2.178754411512358,3.264442496252383,1201.1934709042876,29.17963589813428,0.8741670202070639,9.105592021774372,0.0,4.0,,gc_formula_si,"Si monomer: HSP NOT reliable (Si groups fitted on 51 HSPiP Si compounds, only 7 measured, all much smaller than the monomers)",0.0,18.82498888147584,18.82498888147584,2.178754411512358,2.178754411512358,3.264442496252383,3.264442496252383,4,Si,Sigma-Aldrich,https://www.sigmaaldrich.com/catalog/product/aldrich/s821756,41.9407174890157,2.356220083652567,3.4875224095404476,0.4982174870772068,6.395766647035324,1.2791533294070647,12.86333979920587,1.8376199713151242,13.381791973711099,-19.910676966215863,-17.739300796735815,0,Si: HSP unreliable
CC(C)(C)[Si](C)(C)OCC[C@H](N)C(=O)O,CC(C)(C)[Si](C)(C)OCC[C@H](NC(=O)[C@@H]1[C@H](C(=O)N[C@@H](CCO[Si](C)(C)C(C)(C)C)C(=O)O)[C@@H]2C=C[C@@H]1C2)C(=O)O,amide,Ambeed,monoamine,233.384,False,,0,13.2174,2.7648,15.2945,0,True,2,True,4,0,0,True,,16.073798235675397,6.886756522935577,8.551771430601468,581.783148687961,15.029722453400082,6.659205867468882,9.71056636297786,0.0,8.0,,gc_formula_si,"Si monomer: HSP NOT reliable (Si groups fitted on 51 HSPiP Si compounds, only 7 measured, all much smaller than the monomers)",0.0,16.073798235675397,16.073798235675397,6.886756522935577,6.886756522935577,8.551771430601468,8.551771430601468,2,Si,Ambeed,https://www.ambeed.com/products/474023-97-7.html,34.975864762800086,1.9649362226292182,5.491185073967462,0.7844550105667804,10.9893074831939,2.19786149663878,12.887601334136345,1.8410859048766208,0.6352702821383538,-17.73881314334129,-14.408783328009507,0,Si: HSP unreliable
C[Si](C)(c1ccc(C#N)cc1)c1ccccc1CO,C[Si](C)(c1ccc(C#N)cc1)c1ccccc1COC(=O)[C@@H]1[C@H](C(=O)OCc2ccccc2[Si](C)(C)c2ccc(C#N)cc2)[C@@H]2C=C[C@@H]1C2,ester,Combi-Blocks,monoalcohol,267.404,False,,0,25.034,18.27,5.3938,0,True,2,True,0,0,0,True,,18.16425534368106,5.493450641208477,4.094096228141041,615.3207863273435,20.77416667750811,4.57816655543635,5.528407933458798,0.0,6.0,,gc_formula_si,"Si monomer: HSP NOT reliable (Si groups fitted on 51 HSPiP Si compounds, only 7 measured, all much smaller than the monomers)",0.0,18.16425534368106,18.16425534368106,5.493450641208477,5.493450641208477,4.094096228141041,4.094096228141041,2,Si,Combi-Blocks,https://www.combi-blocks.com/cgi-bin/find.cgi?QA-7950,39.980891543318556,2.2461175024336266,2.2464145172464898,0.3209163596066414,7.800090757064693,1.5600181514129385,12.898525873775677,1.8426465533965253,8.576708474331543,-16.764900930613624,-19.563609756748495,0,Si: HSP unreliable
C[Si](C)(c1ccc2c(c1)Cc1ccccc1-2)c1ccccc1CO,C[Si](C)(c1ccc2c(c1)Cc1ccccc1-2)c1ccccc1COC(=O)[C@@H]1[C@H](C(=O)OCc2ccccc2[Si](C)(C)c2ccc3c(c2)Cc2ccccc2-3)[C@@H]2C=C[C@@H]1C2,ester,Combi-Blocks,monoalcohol,330.503,False,,0,27.599,6.7346,3.748,0,True,2,True,0,0,0,True,,18.878058963113,2.038349353314865,3.097343688028011,705.7153199801052,22.287128953510745,4.851601993899294,6.099930784960028,0.0,6.0,,gc_formula_si,"Si monomer: HSP NOT reliable (Si groups fitted on 51 HSPiP Si compounds, only 7 measured, all much smaller than the monomers)",0.0,18.878058963113,18.878058963113,2.038349353314865,2.038349353314865,3.097343688028011,3.097343688028011,2,Si,Combi-Blocks,https://www.combi-blocks.com/cgi-bin/find.cgi?QF-4959,42.15947200959415,2.3685096634603453,3.72657282171637,0.5323675459594814,6.350902146709171,1.2701804293418342,12.900467286681113,1.842923898097302,13.742365921770123,-19.937053297826147,-17.81906462839985,0,Si: HSP unreliable
CCc1c2c(nc3ccc(O[Si](C)(C)C(C)(C)C)cc13)-c1cc3c(c(=O)n1C2)COC(=O)[C@]3(O)CC,CCc1c2c(nc3ccc(O[Si](C)(C)C(C)(C)C)cc13)-c1cc3c(c(=O)n1C2)COC(=O)[C@@]3(CC)OC(=O)[C@@H]1[C@H](C(=O)O[C@]2(CC)C(=O)OCc3c2cc2n(c3=O)Cc3c-2nc2ccc(O[Si](C)(C)C(C)(C)C)cc2c3CC)[C@@H]2C=C[C@@H]1C2,ester,Ambeed,monoalcohol,506.675,False,,0,25.503,20.8314,2.3362,8,True,2,True,0,2,2,True,,17.99164379735933,5.963122105256684,4.3660078275155065,1004.350222688704,19.308018954990608,4.9566363533748365,0.150273183025718,0.0,16.0,,gc_formula_si,"Si monomer: HSP NOT reliable (Si groups fitted on 51 HSPiP Si compounds, only 7 measured, all much smaller than the monomers)",0.0,17.99164379735933,17.99164379735933,5.963122105256684,5.963122105256684,4.3660078275155065,4.3660078275155065,2,Si,Ambeed,https://www.ambeed.com/products/1023758-14-6.html,39.554517254894904,2.2221638907244325,2.385229642764002,0.3407470918234288,8.128190729842943,1.6256381459685887,12.908401369056259,1.8440573384366084,7.66251386458714,-16.394529519618153,-19.588758075100507,0,Si: HSP unreliable
CC(=O)O[C@H]1C(=O)[C@@]2(C)C([C@H](OC(=O)c3ccccc3)[C@]3(O)C[C@H](OC(=O)[C@H](O[Si](C)(C)C(C)(C)C)[C@@H](NC(=O)c4ccccc4)c4ccccc4)C(C)=C1C3(C)C)[C@]1(OC(C)=O)CO[C@@H]1C[C@@H]2O,CC(=O)O[C@H]1C(=O)[C@@]2(C)C([C@H](OC(=O)c3ccccc3)[C@]3(OC(=O)[C@@H]4[C@H](C(=O)O[C@]56C[C@H](OC(=O)[C@H](O[Si](C)(C)C(C)(C)C)[C@@H](NC(=O)c7ccccc7)c7ccccc7)C(C)=C([C@@H](OC(C)=O)C(=O)[C@@]7(C)C([C@@H]5OC(=O)c5ccccc5)[C@]5(OC(C)=O)CO[C@@H]5C[C@@H]7O)C6(C)C)[C@@H]5C=C[C@@H]4C5)C[C@H](OC(=O)[C@H](O[Si](C)(C)C(C)(C)C)[C@@H](NC(=O)c4ccccc4)c4ccccc4)C(C)=C1C3(C)C)[C@]1(OC(C)=O)CO[C@@H]1C[C@@H]2O,ester,Combi-Blocks,diol,968.182,False,,0,26.1728,2.9504,12.2531,0,True,2,True,4,2,6,True,,17.780675202213168,6.09773464071162,5.123560624661771,1840.740278549729,25.289371793798907,18.859342673849103,17.863613996583094,0.0,8.0,,gc_formula_si,"Si monomer: HSP NOT reliable (Si groups fitted on 51 HSPiP Si compounds, only 7 measured, all much smaller than the monomers)",0.0,17.780675202213168,17.780675202213168,6.09773464071162,6.09773464071162,5.123560624661771,5.123560624661771,2,Si,Combi-Blocks,https://www.combi-blocks.com/cgi-bin/find.cgi?HD-0702,38.742075594706094,2.176521100826185,2.230075771252375,0.3185822530360536,8.497225278931646,1.6994450557863292,12.91070421257703,1.844386316082433,6.559379936839777,-16.806501186163317,-18.75484921826302,0,Si: HSP unreliable
CC(C)(C)[Si](C)(C)O[C@@H]1CCCC12O[C@@H](n1ccc(=O)[nH]c1=O)[C@H](O)[C@@H]2O,CC(C)(C)[Si](C)(C)O[C@@H]1CCCC12O[C@@H](n1ccc(=O)[nH]c1=O)[C@H](OC(=O)[C@@H]1[C@H](C(=O)O[C@H]3[C@H](n4ccc(=O)[nH]c4=O)OC4(CCC[C@H]4O[Si](C)(C)C(C)(C)C)[C@H]3O)[C@@H]3C=C[C@@H]1C3)[C@@H]2O,ester,Sigma-Aldrich,diol,398.532,False,,0,23.0583,6.3106,14.4511,8,True,2,True,0,0,0,True,,17.20530827461759,7.034545456499326,6.055244680318336,840.4682074111878,19.77773993051956,10.985923476704128,3.5463159377781217,0.0,16.0,,gc_formula_si,"Si monomer: HSP NOT reliable (Si groups fitted on 51 HSPiP Si compounds, only 7 measured, all much smaller than the monomers)",0.0,17.20530827461759,17.20530827461759,7.034545456499326,7.034545456499326,6.055244680318336,6.055244680318336,2,Si,Sigma-Aldrich,https://www.sigmaaldrich.com/catalog/product/aldrich/t273864,37.492585515019975,2.1063250289337065,3.3982796922613088,0.48546852746590125,9.456698694916907,1.8913397389833815,12.936074695031323,1.8480106707187605,4.115518137799928,-16.226007498436598,-18.18460905079858,0,Si: HSP unreliable
OC(Cc1ccccc1)C[Si](c1ccccc1)(c1ccccc1)c1ccccc1,O=C(OC(Cc1ccccc1)C[Si](c1ccccc1)(c1ccccc1)c1ccccc1)[C@@H]1[C@H](C(=O)OC(Cc2ccccc2)C[Si](c2ccccc2)(c2ccccc2)c2ccccc2)[C@@H]2C=C[C@@H]1C2,ester,Sigma-Aldrich,monoalcohol,394.59,False,,0,29.1506,-1.531,5.7992,0,True,2,True,0,0,0,True,,18.79271589935923,2.656324925709596,3.523860594593152,864.7450134774067,26.10332561992833,2.410848776031488,7.515453883018169,0.0,2.0,,gc_formula_si,"Si monomer: HSP NOT reliable (Si groups fitted on 51 HSPiP Si compounds, only 7 measured, all much smaller than the monomers)",0.0,18.79271589935923,18.79271589935923,2.656324925709596,2.656324925709596,3.523860594593152,3.523860594593152,2,Si,Sigma-Aldrich,https://www.sigmaaldrich.com/catalog/product/aldrich/s821675,41.533246485813706,2.3333284542591968,3.064929700233822,0.4378471000334031,6.6579415603282115,1.3315883120656422,12.95987668623014,1.8514109551757343,12.612530379056482,-19.660251568242785,-17.925180230475675,0,Si: HSP unreliable
OCC[Si](c1ccccc1)(c1ccccc1)c1ccccc1,O=C(OCC[Si](c1ccccc1)(c1ccccc1)c1ccccc1)[C@@H]1[C@H](C(=O)OCC[Si](c2ccccc2)(c2ccccc2)c2ccccc2)[C@@H]2C=C[C@@H]1C2,ester,Ambeed,monoalcohol,304.465,False,,0,27.4646,0.9704,6.2078,0,True,2,True,0,0,0,True,,18.753682589356835,2.794251009863931,3.784300698394928,681.377082540502,24.41400041916148,2.4836713987827848,6.645149344829603,0.0,2.0,,gc_formula_si,"Si monomer: HSP NOT reliable (Si groups fitted on 51 HSPiP Si compounds, only 7 measured, all much smaller than the monomers)",0.0,18.753682589356835,18.753682589356835,2.794251009863931,2.794251009863931,3.784300698394928,3.784300698394928,2,Si,Ambeed,https://www.ambeed.com/products/18666-87-0.html,41.23344153295085,2.316485479379261,2.7936261109326157,0.3990894444189451,6.797867568528337,1.3595735137056675,12.989113212714956,1.8555876018164223,12.175130881097976,-19.743732277887833,-17.763632900825836,0,Si: HSP unreliable
CC(C)[Si]1(C(C)C)OC[C@H]2O[C@@H](n3cnc4c(NC(=O)c5ccccc5)ncnc43)[C@H](O)[C@@H]2O[Si](C(C)C)(C(C)C)O1,CC(C)[Si]1(C(C)C)OC[C@H]2O[C@@H](n3cnc4c(NC(=O)c5ccccc5)ncnc43)[C@H](OC(=O)[C@@H]3[C@H](C(=O)O[C@@H]4[C@@H]5O[Si](C(C)C)(C(C)C)O[Si](C(C)C)(C(C)C)OC[C@H]5O[C@H]4n4cnc5c(NC(=O)c6ccccc6)ncnc54)[C@@H]4C=C[C@@H]3C4)[C@@H]2O[Si](C(C)C)(C(C)C)O1,ester,Ambeed,monoalcohol,613.864,False,,0,25.337,13.894,8.3598,10,True,4,True,0,0,0,True,,17.453385560957386,7.05289008496034,5.369142434043246,1219.9346054651342,22.70236784080083,12.08006446198113,9.712658211497477,0.0,20.0,,gc_formula_si,"Si monomer: HSP NOT reliable (Si groups fitted on 51 HSPiP Si compounds, only 7 measured, all much smaller than the monomers)",0.0,17.453385560957386,17.453385560957386,7.05289008496034,7.05289008496034,5.369142434043246,5.369142434043246,4,Si,Ambeed,https://www.ambeed.com/products/79154-57-7.html,38.19950100443477,2.146039382271616,3.2308521891012982,0.4615503127287569,9.159265365545188,1.8318530731090377,12.998063170797732,1.8568661672568187,5.0313530419538,-15.769637910040295,-19.137133211874477,0,Si: HSP unreliable
COc1ccc(CO[C@@H](COCOCC[Si](C)(C)C)C[C@H](O)CC(=O)N2C(=S)SC[C@@H]2C(C)C)cc1,COc1ccc(CO[C@@H](COCOCC[Si](C)(C)C)C[C@@H](CC(=O)N2C(=S)SC[C@@H]2C(C)C)OC(=O)[C@@H]2[C@H](C(=O)O[C@H](CC(=O)N3C(=S)SC[C@@H]3C(C)C)C[C@H](COCOCC[Si](C)(C)C)OCc3ccc(OC)cc3)[C@@H]3C=C[C@@H]2C3)cc1,ester,Sigma-Aldrich,monoalcohol,557.851,False,,0,25.2058,13.1334,8.4535,0,True,2,True,0,0,0,True,,17.301298699560814,6.639576540815828,6.352945013315065,1166.3556011071391,22.55520149994105,7.429436759899158,15.313522987509574,0.0,8.0,,gc_formula_si,"Si monomer: HSP NOT reliable (Si groups fitted on 51 HSPiP Si compounds, only 7 measured, all much smaller than the monomers)",0.0,17.301298699560814,17.301298699560814,6.639576540815828,6.639576540815828,6.352945013315065,6.352945013315065,2,Si,Sigma-Aldrich,https://www.sigmaaldrich.com/catalog/product/aldrich/t261459,37.320061596561615,2.0966326739641357,3.037697609533641,0.4339568013619487,9.405013733457562,1.8810027466915122,13.005063855048032,1.8578662650068618,4.3087771454299215,-17.01466717206005,-17.587930227061577,0,Si: HSP unreliable
CC(C)(C)[Si](C)(C)OC[C@H]1O[C@@H](n2cc(I)c(=O)[nH]c2=O)C[C@@H]1O,CC(C)(C)[Si](C)(C)OC[C@H]1O[C@@H](n2cc(I)c(=O)[nH]c2=O)C[C@@H]1OC(=O)[C@@H]1[C@H](C(=O)O[C@H]2C[C@H](n3cc(I)c(=O)[nH]c3=O)O[C@@H]2CO[Si](C)(C)C(C)(C)C)[C@@H]2C=C[C@@H]1C2,ester,Ambeed,monoalcohol,468.364,False,,0,23.8402,14.1988,4.8732,8,True,2,True,0,0,0,True,,17.421121896490206,6.873933386169366,6.099671469313782,791.8248441557704,20.639823081917942,8.937643688838744,4.196388599648466,0.0,16.0,,gc_formula_si,"Si monomer: HSP NOT reliable (Si groups fitted on 51 HSPiP Si compounds, only 7 measured, all much smaller than the monomers)",0.0,17.421121896490206,17.421121896490206,6.873933386169366,6.873933386169366,6.099671469313782,6.099671469313782,2,Si,Ambeed,https://www.ambeed.com/products/134218-81-8.html,37.53014408358147,2.1084350608753635,3.1269921851131093,0.44671316930187277,9.459630513831582,1.8919261027663166,13.176225562623445,1.882317937517635,4.447517041007057,-16.646859979634623,-18.19538381334579,0,Si: HSP unreliable
COCO[C@H]1C(=O)C[C@@H]([C@]2(OCOCC[Si](C)(C)C)CO[C@H](c3ccc(OC)cc3)O[C@@H]2C(O)CO)[C@H](Oc2ccc(OC)cc2)C=C2CCC1C2(C)C,COCO[C@H]1C(=O)C[C@@H]([C@]2(OCOCC[Si](C)(C)C)CO[C@H](c3ccc(OC)cc3)O[C@@H]2C(O)COC(=O)[C@@H]2[C@H](C(=O)OCC(O)[C@H]3O[C@@H](c4ccc(OC)cc4)OC[C@@]3(OCOCC[Si](C)(C)C)[C@@H]3CC(=O)[C@H](OCOC)C4CCC(=C[C@H]3Oc3ccc(OC)cc3)C4(C)C)[C@@H]3C=C[C@@H]2C3)[C@H](Oc2ccc(OC)cc2)C=C2CCC1C2(C)C,ester,Sigma-Aldrich,diol,773.005,False,,0,29.6958,30.5272,8.8105,0,True,2,True,0,0,0,True,,17.77952030245101,5.74227637456318,6.191216303319687,1502.0036580825245,24.579089033952197,21.21012975623767,21.79474804464275,0.0,8.0,,gc_formula_si,"Si monomer: HSP NOT reliable (Si groups fitted on 51 HSPiP Si compounds, only 7 measured, all much smaller than the monomers)",0.0,17.77952030245101,17.77952030245101,5.74227637456318,5.74227637456318,6.191216303319687,6.191216303319687,2,Si,Sigma-Aldrich,https://www.sigmaaldrich.com/catalog/product/aldrich/t261726,37.81335749793499,2.12434592685028,1.9681056603483922,0.2811579514783417,8.947671125930862,1.7895342251861723,13.210261287665965,1.8871801839522806,5.846027624568144,-18.22846023120752,-17.330580373694502,0,Si: HSP unreliable
CC(C)(C)[Si](C)(C)O[C@@H]1[C@H](O)[C@@H](CO)O[C@H]1n1ccc(=O)[nH]c1=O,CC(C)(C)[Si](C)(C)O[C@@H]1[C@H](O)[C@@H](COC(=O)[C@@H]2[C@H](C(=O)OC[C@H]3O[C@@H](n4ccc(=O)[nH]c4=O)[C@H](O[Si](C)(C)C(C)(C)C)[C@@H]3O)[C@@H]3C=C[C@@H]2C3)O[C@H]1n1ccc(=O)[nH]c1=O,ester,Combi-Blocks,diol,358.467,False,,0,22.8417,10.0902,15.8699,8,True,2,True,0,0,0,True,,17.139974364110515,7.409788947262045,6.391133535473456,757.9917746676018,19.2589680769546,12.648011612925394,5.600155677362139,0.0,16.0,,gc_formula_si,"Si monomer: HSP NOT reliable (Si groups fitted on 51 HSPiP Si compounds, only 7 measured, all much smaller than the monomers)",0.0,17.139974364110515,17.139974364110515,7.409788947262045,7.409788947262045,6.391133535473456,6.391133535473456,2,Si,Combi-Blocks,https://www.combi-blocks.com/cgi-bin/find.cgi?JQ-2350,37.06745850955443,2.0824414893008103,3.854253856778704,0.5506076938255291,9.928433302423482,1.9856866604846963,13.213820398622591,1.887688628374656,3.3390518813750134,-16.12131895232193,-18.1586297758991,0,Si: HSP unreliable
OC(C[Si](c1ccccc1)(c1ccccc1)c1ccccc1)c1ccccc1,O=C(OC(C[Si](c1ccccc1)(c1ccccc1)c1ccccc1)c1ccccc1)[C@@H]1[C@H](C(=O)OC(C[Si](c2ccccc2)(c2ccccc2)c2ccccc2)c2ccccc2)[C@@H]2C=C[C@@H]1C2,ester,Sigma-Aldrich,monoalcohol,380.563,False,,0,29.2168,-0.6106,7.2128,0,True,2,True,0,0,0,True,,18.93257199189997,2.6657586949714966,3.6537545502909583,832.3469238127166,26.20326740672765,2.2805570696757376,7.269354072245407,0.0,2.0,,gc_formula_si,"Si monomer: HSP NOT reliable (Si groups fitted on 51 HSPiP Si compounds, only 7 measured, all much smaller than the monomers)",0.0,18.93257199189997,18.93257199189997,2.6657586949714966,2.6657586949714966,3.6537545502909583,3.6537545502909583,2,Si,Sigma-Aldrich,https://www.sigmaaldrich.com/catalog/product/aldrich/s821667,41.454366241183685,2.32889697984178,3.1721997299909814,0.45317138999871165,6.941032553138812,1.3882065106277623,13.260316974735252,1.8943309963907502,12.613058746637515,-19.92056784721943,-17.94457613658051,0,Si: HSP unreliable
C[Si](C)(c1ccc2c(c1)OCO2)c1ccccc1CO,C[Si](C)(c1ccc2c(c1)OCO2)c1ccccc1COC(=O)[C@@H]1[C@H](C(=O)OCc2ccccc2[Si](C)(C)c2ccc3c(c2)OCO3)[C@@H]2C=C[C@@H]1C2,ester,Combi-Blocks,monoalcohol,286.403,False,,0,26.4281,12.2318,3.2779,2,True,2,True,0,0,0,True,,18.528977238347807,4.477699870637186,5.136749529566506,615.1530843907706,21.44876897917488,5.083052734542518,4.583163950591064,0.0,8.0,,gc_formula_si,"Si monomer: HSP NOT reliable (Si groups fitted on 51 HSPiP Si compounds, only 7 measured, all much smaller than the monomers)",0.0,18.528977238347807,18.528977238347807,4.477699870637186,4.477699870637186,5.136749529566506,5.136749529566506,2,Si,Combi-Blocks,https://www.combi-blocks.com/cgi-bin/find.cgi?QI-3061,39.37727007095598,2.212206183761572,1.6097575286114214,0.22996536123020306,8.143055322008836,1.6286110644017673,13.503477124123005,1.9290681605890008,8.914527838144114,-19.18802689727713,-17.869927579418487,0,Si: HSP unreliable
CC(C)(C)[Si](Oc1cc(CO)cc(CO)c1)(c1ccccc1)c1ccccc1,CC(C)(C)[Si](Oc1cc(CO)cc(COC(=O)[C@@H]2[C@H](C(=O)OCc3cc(CO)cc(O[Si](c4ccccc4)(c4ccccc4)C(C)(C)C)c3)[C@@H]3C=C[C@@H]2C3)c1)(c1ccccc1)c1ccccc1,ester,Ambeed,diol,392.571,False,,0,27.0562,8.115,9.4911,2,True,2,True,0,0,0,True,,18.16919053171874,3.729622584958976,7.005053930075151,833.1753540193412,21.830174627720783,6.97497974071181,4.651320111544172,0.0,6.0,,gc_formula_si,"Si monomer: HSP NOT reliable (Si groups fitted on 51 HSPiP Si compounds, only 7 measured, all much smaller than the monomers)",0.0,18.16919053171874,18.16919053171874,3.729622584958976,3.729622584958976,7.005053930075151,7.005053930075151,2,Si,Ambeed,https://www.ambeed.com/products/482627-84-9.html,37.74643946605985,2.120586486857295,1.6850585719297069,0.24072265313281527,8.772477310598491,1.7544954621196982,13.514031429535196,1.930575918505028,7.434514016684613,-21.444621876834915,-14.893759186602564,0,Si: HSP unreliable
COc1ccc(O[C@@H]2O[C@H](CO[Si](C)(C)C(C)(C)C)[C@@H](O)[C@H](OCc3ccccc3)[C@H]2N2C(=O)c3ccccc3C2=O)cc1,COc1ccc(O[C@@H]2O[C@H](CO[Si](C)(C)C(C)(C)C)[C@@H](OC(=O)[C@@H]3[C@H](C(=O)O[C@H]4[C@H](OCc5ccccc5)[C@@H](N5C(=O)c6ccccc6C5=O)[C@H](Oc5ccc(OC)cc5)O[C@@H]4CO[Si](C)(C)C(C)(C)C)[C@@H]4C=C[C@@H]3C4)[C@H](OCc3ccccc3)[C@H]2N2C(=O)c3ccccc3C2=O)cc1,ester,Combi-Blocks,monoalcohol,619.787,False,,0,30.0962,15.5106,7.1204,0,True,2,True,4,4,4,True,,18.1872872831746,6.205178691993161,4.941797110834702,1205.4346943885437,25.134277083017416,9.671147923079207,12.981200863146965,0.0,8.0,,gc_formula_si,"Si monomer: HSP NOT reliable (Si groups fitted on 51 HSPiP Si compounds, only 7 measured, all much smaller than the monomers)",0.0,18.1872872831746,18.1872872831746,6.205178691993161,6.205178691993161,4.941797110834702,4.941797110834702,2,Si,Combi-Blocks,https://www.combi-blocks.com/cgi-bin/find.cgi?QC-7909,38.9930750176627,2.1906221920035223,2.495076156418244,0.35643945091689205,8.784817268512215,1.756963453702443,13.541303046478909,1.9344718637827012,7.040311480346739,-16.923905702016143,-19.45066886433306,0,Si: HSP unreliable
CC(N)(CO)CO[Si](c1ccccc1)(c1ccccc1)C(C)(C)C,CC(CO)(CO[Si](c1ccccc1)(c1ccccc1)C(C)(C)C)NC(=O)[C@@H]1[C@H](C(=O)NC(C)(CO)CO[Si](c2ccccc2)(c2ccccc2)C(C)(C)C)[C@@H]2C=C[C@@H]1C2,amide,Ambeed,"monoalcohol,monoamine",343.543,False,,0,22.8284,3.5712,12.5093,0,True,2,True,2,0,0,True,,17.828250609629315,5.955940470820538,6.555146534842635,769.5510481993537,21.771486562373237,5.44689156380076,3.2549110771402727,0.0,4.0,,gc_formula_si,"Si monomer: HSP NOT reliable (Si groups fitted on 51 HSPiP Si compounds, only 7 measured, all much smaller than the monomers)",0.0,17.828250609629315,17.828250609629315,5.955940470820538,5.955940470820538,6.555146534842635,6.555146534842635,2,Si,Ambeed,https://www.ambeed.com/products/280753-14-2.html,37.420057251108396,2.10225040736564,2.3115834004694507,0.3302262000670644,9.36938486180106,1.8738769723602118,13.55134643664131,1.9359066338059014,5.317163603966142,-18.427456673651413,-17.229044545607216,0,Si: HSP unreliable
COc1ccc(C(OCc2ccccc2)(c2ccc(OC)cc2)C2OCC(n3cc(C)c(=O)[nH]c3=O)C(OCCO[Si](C)(C)C(C)(C)C)C2O)cc1,COc1ccc(C(OCc2ccccc2)(c2ccc(OC)cc2)C2OCC(n3cc(C)c(=O)[nH]c3=O)C(OCCO[Si](C)(C)C(C)(C)C)C2OC(=O)[C@@H]2[C@H](C(=O)OC3C(OCCO[Si](C)(C)C(C)(C)C)C(n4cc(C)c(=O)[nH]c4=O)COC3C(OCc3ccccc3)(c3ccc(OC)cc3)c3ccc(OC)cc3)[C@@H]3C=C[C@@H]2C3)cc1,ester,Ambeed,monoalcohol,732.947,False,,0,30.3109,14.413,8.0244,8,True,2,True,0,0,0,True,,18.08965621186632,5.993978100336397,5.810586449183884,1417.494028536818,26.093267607955585,12.389048985202384,10.93257967124226,0.0,16.0,,gc_formula_si,"Si monomer: HSP NOT reliable (Si groups fitted on 51 HSPiP Si compounds, only 7 measured, all much smaller than the monomers)",0.0,18.08965621186632,18.08965621186632,5.993978100336397,5.993978100336397,5.810586449183884,5.810586449183884,2,Si,Ambeed,https://www.ambeed.com/products/1956306-32-3.html,38.1893054757698,2.145466599762348,2.1947234703707124,0.3135319243386732,9.083070283634191,1.8166140567268383,13.633937974011344,1.9477054248587635,6.285091662346039,-17.906264560713808,-18.273047863018835,0,Si: HSP unreliable
OC(C[Si](c1ccccc1)(c1ccccc1)c1ccccc1)C(O)C[Si](c1ccccc1)(c1ccccc1)c1ccccc1,O=C(OC(C[Si](c1ccccc1)(c1ccccc1)c1ccccc1)C(O)C[Si](c1ccccc1)(c1ccccc1)c1ccccc1)[C@@H]1[C@H](C(=O)OC(C[Si](c2ccccc2)(c2ccccc2)c2ccccc2)C(O)C[Si](c2ccccc2)(c2ccccc2)c2ccccc2)[C@@H]2C=C[C@@H]1C2,ester,Sigma-Aldrich,diol,606.914,False,,0,33.7703,-2.7494,9.2678,0,True,4,True,0,0,0,True,,18.88618828395619,2.9587334802476564,4.9378818433394445,1233.2756374120845,29.475945858030823,4.0605735532734695,10.40224245919559,0.0,4.0,,gc_formula_si,"Si monomer: HSP NOT reliable (Si groups fitted on 51 HSPiP Si compounds, only 7 measured, all much smaller than the monomers)",0.0,18.88618828395619,18.88618828395619,2.9587334802476564,2.9587334802476564,4.9378818433394445,4.9378818433394445,4,Si,Sigma-Aldrich,https://www.sigmaaldrich.com/catalog/product/aldrich/s830011,40.14807081254448,2.255509596210364,2.4333473726677255,0.3476210532382465,7.738879781092921,1.5477759562185842,13.645969472490664,1.9494242103558093,10.98957296036909,-20.86533664704798,-16.907039920864403,0,Si: HSP unreliable
OCc1ccc([Si](c2ccccc2)(c2ccccc2)c2ccccc2)cc1,O=C(OCc1ccc([Si](c2ccccc2)(c2ccccc2)c2ccccc2)cc1)[C@@H]1[C@H](C(=O)OCc2ccc([Si](c3ccccc3)(c3ccccc3)c3ccccc3)cc2)[C@@H]2C=C[C@@H]1C2,ester,Sigma-Aldrich,monoalcohol,366.536,False,,0,29.6658,0.3966,6.8264,0,True,2,True,0,0,0,True,,19.235825426058742,2.5589659452217197,3.645393769587794,776.4803584975234,26.02486728510044,2.7597813538788327,7.400772592068839,0.0,2.0,,gc_formula_si,"Si monomer: HSP NOT reliable (Si groups fitted on 51 HSPiP Si compounds, only 7 measured, all much smaller than the monomers)",0.0,19.235825426058742,19.235825426058742,2.5589659452217197,2.5589659452217197,3.645393769587794,3.645393769587794,2,Si,Sigma-Aldrich,https://www.sigmaaldrich.com/catalog/product/aldrich/s837180,41.60126855933458,2.3371499190637404,3.6720995659739284,0.5245856522819897,7.369768393465697,1.4739536786931393,13.809607468853624,1.9728010669790892,13.03146571124923,-20.32225325042482,-18.149397601692666,0,Si: HSP unreliable
COc1ccc(C(OC[C@H]2O[C@@H](n3ccc(=O)[nH]c3=O)[C@H](O[Si](C)(C)C(C)(C)C)[C@@H]2O)(c2ccccc2)c2ccc(OC)cc2)cc1,COc1ccc(C(OC[C@H]2O[C@@H](n3ccc(=O)[nH]c3=O)[C@H](O[Si](C)(C)C(C)(C)C)[C@@H]2OC(=O)[C@@H]2[C@H](C(=O)O[C@H]3[C@@H](O[Si](C)(C)C(C)(C)C)[C@H](n4ccc(=O)[nH]c4=O)O[C@@H]3COC(c3ccccc3)(c3ccc(OC)cc3)c3ccc(OC)cc3)[C@@H]3C=C[C@@H]2C3)(c2ccccc2)c2ccc(OC)cc2)cc1,ester,Ambeed,monoalcohol,660.84,False,,0,30.2023,14.983,6.6884,8,True,2,True,0,0,0,True,,18.22632434729479,6.058807091721771,5.7280995718316365,1285.5957164474014,25.80868995846592,9.326423942282345,8.06829822539207,0.0,16.0,,gc_formula_si,"Si monomer: HSP NOT reliable (Si groups fitted on 51 HSPiP Si compounds, only 7 measured, all much smaller than the monomers)",0.0,18.22632434729479,18.22632434729479,6.058807091721771,6.058807091721771,5.7280995718316365,5.7280995718316365,2,Si,Ambeed,https://www.ambeed.com/products/81246-80-2.html,38.28919684655284,2.1510784745254403,2.3322708398304206,0.33318154854720294,9.184942571591755,1.8369885143183509,13.844901994796803,1.977843142113829,6.439417683741381,-17.895616827404655,-18.557031867184925,0,Si: HSP unreliable
C[Si](C)(C)CCOCn1ncc(CO)c1CO,C[Si](C)(C)CCOCn1ncc(COC(=O)[C@@H]2[C@H](C(=O)OCc3cnn(COCC[Si](C)(C)C)c3CO)[C@@H]3C=C[C@@H]2C3)c1CO,ester,Ambeed,diol,258.394,False,,0,18.948,12.1328,15.8473,4,True,2,True,0,0,0,True,,17.012621799956285,6.257823224965136,9.04083369354464,600.6460155753791,17.23858336924583,9.704700173116231,13.06104523003815,0.0,12.0,,gc_formula_si,"Si monomer: HSP NOT reliable (Si groups fitted on 51 HSPiP Si compounds, only 7 measured, all much smaller than the monomers)",0.0,17.012621799956285,17.012621799956285,6.257823224965136,6.257823224965136,9.04083369354464,9.04083369354464,2,Si,Ambeed,https://www.ambeed.com/products/1956369-02-0.html,34.7884212138938,1.9544056861738088,4.536153803073954,0.6480219718677077,11.087305565751167,2.2174611131502333,13.974686134116855,1.996383733445265,1.7139648814465094,-19.79563226853579,-14.229611331376782,0,Si: HSP unreliable
C[Si](C)(c1ccc2c(c1)c1ccccc1n2-c1ccccc1)c1ccccc1CO,C[Si](C)(c1ccc2c(c1)c1ccccc1n2-c1ccccc1)c1ccccc1COC(=O)[C@@H]1[C@H](C(=O)OCc2ccccc2[Si](C)(C)c2ccc3c(c2)c2ccccc2n3-c2ccccc2)[C@@H]2C=C[C@@H]1C2,ester,Combi-Blocks,monoalcohol,407.589,False,,0,29.4055,-0.2412,6.1666,2,True,2,True,0,0,0,True,,19.37689323884201,1.9592398146843608,3.625429724501136,829.0935717028459,24.728959843675863,4.838596609459993,7.180466075434494,0.0,8.0,,gc_formula_si,"Si monomer: HSP NOT reliable (Si groups fitted on 51 HSPiP Si compounds, only 7 measured, all much smaller than the monomers)",0.0,19.37689323884201,19.37689323884201,1.9592398146843608,1.9592398146843608,3.625429724501136,3.625429724501136,2,Si,Combi-Blocks,https://www.combi-blocks.com/cgi-bin/find.cgi?HB-9442,41.8686820585215,2.3521731493551403,4.150534057385005,0.5929334367692863,7.406176432658584,1.4812352865317169,13.975191398700675,1.9964559141000964,13.79222369965651,-21.043083148658784,-17.710703329025232,0,Si: HSP unreliable
CC(C)(C)[Si](C)(C)OC[C@H]1O[C@@H](n2ccc(NC(=O)c3ccccc3)nc2=O)C[C@@H]1O,CC(C)(C)[Si](C)(C)OC[C@H]1O[C@@H](n2ccc(NC(=O)c3ccccc3)nc2=O)C[C@@H]1OC(=O)[C@@H]1[C@H](C(=O)O[C@H]2C[C@H](n3ccc(NC(=O)c4ccccc4)nc3=O)O[C@@H]2CO[Si](C)(C)C(C)(C)C)[C@@H]2C=C[C@@H]1C2,ester,Ambeed,monoalcohol,445.592,False,,0,22.4696,8.5998,6.3862,8,True,2,True,0,0,0,True,,17.82455616289545,7.395402012119475,6.092689253953502,910.4400332774512,21.48301215670038,8.999234234924998,6.959670758544381,0.0,16.0,,gc_formula_si,"Si monomer: HSP NOT reliable (Si groups fitted on 51 HSPiP Si compounds, only 7 measured, all much smaller than the monomers)",0.0,17.82455616289545,17.82455616289545,7.395402012119475,7.395402012119475,6.092689253953502,6.092689253953502,2,Si,Ambeed,https://www.ambeed.com/products/51549-36-1.html,37.50496904960238,2.107020733123729,3.545635034605991,0.5065192906579987,10.055342820679524,2.011068564135905,14.030578631431432,2.004368375918776,4.3364648968224735,-16.521843404729477,-19.127268921061425,0,Si: HSP unreliable
CC(C)(C)[Si](O[C@H]1CN[C@H](C(=O)O)C1)(c1ccccc1)c1ccccc1,CC(C)(C)[Si](O[C@@H]1C[C@@H](C(=O)N2C[C@H](O[Si](c3ccccc3)(c3ccccc3)C(C)(C)C)C[C@H]2C(=O)O)N(C(=O)[C@H]2[C@@H](C(=O)O)[C@@H]3C=C[C@@H]2C3)C1)(c1ccccc1)c1ccccc1,amide,Ambeed,monoamine,369.537,False,,0,26.6236,3.2556,9.5623,0,True,2,True,2,0,0,True,,17.984060993399478,5.616867061984195,7.347385939949224,794.913248447386,22.534433791970525,5.442906263453993,5.124173741170284,0.0,4.0,,gc_formula_si,"Si monomer: HSP NOT reliable (Si groups fitted on 51 HSPiP Si compounds, only 7 measured, all much smaller than the monomers)",0.0,17.984060993399478,17.984060993399478,5.616867061984195,5.616867061984195,7.347385939949224,7.347385939949224,2,Si,Ambeed,https://www.ambeed.com/products/259212-61-8.html,36.799142861146684,2.067367576468915,2.548721467091516,0.3641030667273594,9.842637932004054,1.968527586400811,14.043449649941072,2.0062070928487246,5.01980799146606,-19.714579871364506,-16.25354211543445,0,Si: HSP unreliable
CC[C@@]1(O)C(=O)OCc2c1cc1n(c2=O)Cc2c-1nc1ccccc1c2CC[Si](C)(C)C,CC[C@@]1(OC(=O)[C@@H]2[C@H](C(=O)O[C@]3(CC)C(=O)OCc4c3cc3n(c4=O)Cc4c-3nc3ccccc3c4CC[Si](C)(C)C)[C@@H]3C=C[C@@H]2C3)C(=O)OCc2c1cc1n(c2=O)Cc2c-1nc1ccccc1c2CC[Si](C)(C)C,ester,Ambeed,monoalcohol,448.595,False,,0,26.1788,21.7772,0.9286,6,True,2,True,0,2,2,True,,18.48281822329981,6.389254748504046,4.951651093990733,883.7258787618521,22.04212195614377,5.24126526793783,3.5096850676052087,0.0,14.0,,gc_formula_si,"Si monomer: HSP NOT reliable (Si groups fitted on 51 HSPiP Si compounds, only 7 measured, all much smaller than the monomers)",0.0,18.48281822329981,18.48281822329981,6.389254748504046,6.389254748504046,4.951651093990733,4.951651093990733,2,Si,Ambeed,https://www.ambeed.com/products/203923-89-1.html,39.02376722597593,2.192346473369434,2.8917189749269765,0.4131027107038538,9.186958494615073,1.8373916989230146,14.110470269017068,2.015781467002438,7.14191238080503,-17.0452145687865,-19.92042187781312,0,Si: HSP unreliable
CC(N)[Si](c1ccccc1)(c1ccccc1)c1ccccc1,CC(NC(=O)[C@@H]1[C@H](C(=O)NC(C)[Si](c2ccccc2)(c2ccccc2)c2ccccc2)[C@@H]2C=C[C@@H]1C2)[Si](c1ccccc1)(c1ccccc1)c1ccccc1,amide,Sigma-Aldrich,monoamine,303.481,False,,0,25.9543,-1.84,6.4606,0,True,2,True,2,0,0,True,,18.93780681396461,5.38703896067931,4.17769731179156,685.1625206880598,24.72262115627541,5.586413857019636,6.410776580909818,0.0,2.0,,gc_formula_si,"Si monomer: HSP NOT reliable (Si groups fitted on 51 HSPiP Si compounds, only 7 measured, all much smaller than the monomers)",0.0,18.93780681396461,18.93780681396461,5.38703896067931,5.38703896067931,4.17769731179156,4.17769731179156,2,Si,Sigma-Aldrich,https://www.sigmaaldrich.com/catalog/product/aldrich/s827193,40.16489719934671,2.256454898839703,3.022943375824074,0.4318490536891534,8.620060483779666,1.7240120967559331,14.216690155806328,2.030955736543761,9.373070541493739,-17.72846516507686,-20.147148462852357,0,Si: HSP unreliable
OCC(O)CO[Si](c1ccccc1)(c1ccccc1)c1ccccc1,O=C(OCC(O)CO[Si](c1ccccc1)(c1ccccc1)c1ccccc1)[C@@H]1[C@H](C(=O)OCC(O)CO[Si](c2ccccc2)(c2ccccc2)c2ccccc2)[C@@H]2C=C[C@@H]1C2,ester,Sigma-Aldrich,diol,350.49,False,,0,28.0543,7.9222,11.2415,0,True,2,True,0,0,0,True,,18.800304740019797,4.136839903936493,6.120058537492432,724.1001944481324,24.64066688645393,7.213160796430278,6.484563480369284,0.0,4.0,,gc_formula_si,"Si monomer: HSP NOT reliable (Si groups fitted on 51 HSPiP Si compounds, only 7 measured, all much smaller than the monomers)",0.0,18.800304740019797,18.800304740019797,4.136839903936493,4.136839903936493,6.120058537492432,6.120058537492432,2,Si,Sigma-Aldrich,https://www.sigmaaldrich.com/catalog/product/aldrich/s816248,38.643120697004996,2.170961836910393,2.1078434528299748,0.301120493261425,8.920462771908033,1.7840925543816066,14.262658678436058,2.037522668348008,8.543406298590872,-20.783523373575736,-16.817086106463858,0,Si: HSP unreliable
COc1ccc(C(OC[C@H]2O[C@@H](n3ccc(NC(C)=O)nc3=O)[C@H](O)[C@@H]2O[Si](C)(C)C(C)(C)C)(c2ccccc2)c2ccc(OC)cc2)cc1,COc1ccc(C(OC[C@H]2O[C@@H](n3ccc(NC(C)=O)nc3=O)[C@H](OC(=O)[C@@H]3[C@H](C(=O)O[C@@H]4[C@H](O[Si](C)(C)C(C)(C)C)[C@@H](COC(c5ccccc5)(c5ccc(OC)cc5)c5ccc(OC)cc5)O[C@H]4n4ccc(NC(C)=O)nc4=O)[C@@H]4C=C[C@@H]3C4)[C@@H]2O[Si](C)(C)C(C)(C)C)(c2ccccc2)c2ccc(OC)cc2)cc1,ester,Ambeed,monoalcohol,701.893,False,,0,28.523,13.2324,7.1758,8,True,2,True,0,0,0,True,,18.331770970884826,6.694202400794597,5.8951782874679655,1354.5548394323189,25.42928745110544,10.528150076610958,11.971509130144955,0.0,16.0,,gc_formula_si,"Si monomer: HSP NOT reliable (Si groups fitted on 51 HSPiP Si compounds, only 7 measured, all much smaller than the monomers)",0.0,18.331770970884826,18.331770970884826,6.694202400794597,6.694202400794597,5.8951782874679655,5.8951782874679655,2,Si,Ambeed,https://www.ambeed.com/products/123956-65-0.html,37.9997976337349,2.1348200917828595,3.0157676298739533,0.43082394712485045,9.801930724931642,1.9603861449863285,14.367771222351848,2.052538746050264,5.742390282622264,-17.53274685755819,-19.130795084211456,0,Si: HSP unreliable
CC(C)C(=O)Nc1nc2c(ncn2[C@H]2C[C@H](O)[C@@H](CO[Si](C)(C)C(C)(C)C)O2)c(=O)[nH]1,CC(C)C(=O)Nc1nc2c(ncn2[C@H]2C[C@H](OC(=O)[C@@H]3[C@H](C(=O)O[C@H]4C[C@H](n5cnc6c(=O)[nH]c(NC(=O)C(C)C)nc65)O[C@@H]4CO[Si](C)(C)C(C)(C)C)[C@@H]4C=C[C@@H]3C4)[C@@H](CO[Si](C)(C)C(C)(C)C)O2)c(=O)[nH]1,ester,Ambeed,monoalcohol,451.6,False,,0,19.9554,11.7628,5.8878,12,True,2,True,0,0,0,True,,17.47941365198267,8.463654017688691,6.943740236313397,921.9801834021176,20.259320190923365,16.51122613930007,7.125037960557421,0.0,20.0,,gc_formula_si,"Si monomer: HSP NOT reliable (Si groups fitted on 51 HSPiP Si compounds, only 7 measured, all much smaller than the monomers)",0.0,17.47941365198267,17.47941365198267,8.463654017688691,8.463654017688691,6.943740236313397,6.943740236313397,2,Si,Ambeed,https://www.ambeed.com/products/85326-10-9.html,36.36665957803941,2.043070762811203,4.829329797110232,0.6899042567300331,11.198796098262882,2.2397592196525764,14.533414850872761,2.076202121553252,2.0720193979805828,-15.95949987060738,-18.99932743335797,0,Si: HSP unreliable
Cc1cn([C@H]2CNC[C@@H](CO[Si](c3ccccc3)(c3ccccc3)C(C)(C)C)O2)c(=O)[nH]c1=O,Cc1cn([C@H]2CN(C(=O)[C@@H]3[C@H](C(=O)N4C[C@@H](CO[Si](c5ccccc5)(c5ccccc5)C(C)(C)C)O[C@@H](n5cc(C)c(=O)[nH]c5=O)C4)[C@@H]4C=C[C@@H]3C4)C[C@@H](CO[Si](c3ccccc3)(c3ccccc3)C(C)(C)C)O2)c(=O)[nH]c1=O,amide,Ambeed,monoamine,479.653,False,,0,28.8563,4.6092,4.3738,8,True,2,True,0,0,0,True,,18.382967092943076,7.033609417761668,5.730144726102734,964.0584410060892,25.41590912454313,14.254073863286076,4.973678726818029,0.0,12.0,,gc_formula_si,"Si monomer: HSP NOT reliable (Si groups fitted on 51 HSPiP Si compounds, only 7 measured, all much smaller than the monomers)",0.0,18.382967092943076,18.382967092943076,7.033609417761668,7.033609417761668,5.730144726102734,5.730144726102734,2,Si,Ambeed,https://www.ambeed.com/products/1415645-49-6.html,38.09194759871191,2.139997056107411,3.351399275505013,0.4787713250721447,9.983047013053856,1.9966094026107712,14.542719138510657,2.0775313055015223,5.619212949078674,-17.07950240128414,-19.68643178460201,0,Si: HSP unreliable
CC(C)(C)[Si](OC[C@@H](O)[C@@H]1OC(=O)O[C@H](C=O)[C@H]1O)(c1ccccc1)c1ccccc1,CC(C)(C)[Si](OC[C@@H](O)[C@@H]1OC(=O)O[C@H](C=O)[C@H]1OC(=O)[C@@H]1[C@H](C(=O)O[C@H]2[C@H]([C@H](O)CO[Si](c3ccccc3)(c3ccccc3)C(C)(C)C)OC(=O)O[C@@H]2C=O)[C@@H]2C=C[C@@H]1C2)(c1ccccc1)c1ccccc1,ester,Sigma-Aldrich,diol,444.556,False,,0,24.5885,31.3804,16.9797,0,True,2,True,0,0,0,True,,17.962845289845227,7.983708062734996,6.190870728740673,889.6078184464207,23.53024407755705,22.17424475697001,3.664338229490787,0.0,4.0,,gc_formula_si,"Si monomer: HSP NOT reliable (Si groups fitted on 51 HSPiP Si compounds, only 7 measured, all much smaller than the monomers)",0.0,17.962845289845227,17.962845289845227,7.983708062734996,7.983708062734996,6.190870728740673,6.190870728740673,2,Si,Sigma-Aldrich,https://www.sigmaaldrich.com/catalog/product/aldrich/480681?utm_source=pubchem&utm_campaign=pubchem_2017&utm_medium=referral,37.31477697694076,2.0963357852213913,4.154521423603034,0.5935030605147192,10.636103264015428,2.1272206528030857,14.589607156820303,2.084229593831472,3.788266498369559,-16.170007955850906,-19.75568262383955,0,Si: HSP unreliable
CC(C)C(=O)Nc1nc2c(ncn2[C@H]2C[C@H](O[Si](C)(C)C(C)(C)C)[C@@H](CO)O2)c(=O)[nH]1,CC(C)C(=O)Nc1nc2c(ncn2[C@H]2C[C@H](O[Si](C)(C)C(C)(C)C)[C@@H](COC(=O)[C@@H]3[C@H](C(=O)OC[C@H]4O[C@@H](n5cnc6c(=O)[nH]c(NC(=O)C(C)C)nc65)C[C@@H]4O[Si](C)(C)C(C)(C)C)[C@@H]4C=C[C@@H]3C4)O2)c(=O)[nH]1,ester,Ambeed,monoalcohol,451.6,False,,0,21.0529,13.3366,5.0744,12,True,2,True,0,0,0,True,,17.597296380829896,8.498209746597668,6.859319862485142,914.2780237331992,20.46036931885874,16.329952859376508,6.531601514213468,0.0,20.0,,gc_formula_si,"Si monomer: HSP NOT reliable (Si groups fitted on 51 HSPiP Si compounds, only 7 measured, all much smaller than the monomers)",0.0,17.597296380829896,17.597296380829896,8.498209746597668,8.498209746597668,6.859319862485142,6.859319862485142,2,Si,Ambeed,https://www.ambeed.com/products/99540-94-0.html,36.467976007064756,2.0487626970261097,4.812030589174497,0.6874329413106424,11.225050087723803,2.2450100175447605,14.669829080115733,2.0956898685879617,2.2397667717470853,-15.958406496717371,-19.23618626494242,0,Si: HSP unreliable
C[Si](C)(C)C[C@H](N)C(=O)O,C[Si](C)(C)C[C@H](NC(=O)[C@@H]1[C@H](C(=O)N[C@@H](C[Si](C)(C)C)C(=O)O)[C@@H]2C=C[C@@H]1C2)C(=O)O,amide,Ambeed,monoamine,161.277,False,,0,14.2188,3.895,18.5395,0,True,2,True,4,0,0,True,,16.393467008526518,7.817658320990493,10.020304709484623,435.1739527225216,16.41077740411556,9.20793076131589,14.174032643140752,0.0,8.0,,gc_formula_si,"Si monomer: HSP NOT reliable (Si groups fitted on 51 HSPiP Si compounds, only 7 measured, all much smaller than the monomers)",0.0,16.393467008526518,16.393467008526518,7.817658320990493,7.817658320990493,10.020304709484623,10.020304709484623,2,Si,Ambeed,https://www.ambeed.com/products/119906-45-5.html,33.34850186412994,1.8735113406814574,6.610184688117897,0.9443120983025567,12.710516607180182,2.5421033214360365,14.699968784557568,2.099995540651081,-1.4444960219485985,-18.59611339702065,-14.190820620032387,0,Si: HSP unreliable
COc1ccc(C(OC[C@H]2O[C@@H](n3ccc(NC(=O)c4ccccc4)nc3=O)[C@H](O[Si](C)(C)C(C)(C)C)[C@@H]2O)(c2ccccc2)c2ccc(OC)cc2)cc1,COc1ccc(C(OC[C@H]2O[C@@H](n3ccc(NC(=O)c4ccccc4)nc3=O)[C@H](O[Si](C)(C)C(C)(C)C)[C@@H]2OC(=O)[C@@H]2[C@H](C(=O)O[C@H]3[C@@H](O[Si](C)(C)C(C)(C)C)[C@H](n4ccc(NC(=O)c5ccccc5)nc4=O)O[C@@H]3COC(c3ccccc3)(c3ccc(OC)cc3)c3ccc(OC)cc3)[C@@H]3C=C[C@@H]2C3)(c2ccccc2)c2ccc(OC)cc2)cc1,ester,Ambeed,monoalcohol,763.964,False,,0,30.9689,12.2824,7.5828,8,True,2,True,0,0,0,True,,18.63741571798969,6.495234224542656,5.7635207914096975,1448.0101128753508,27.48088065486549,10.716267636948716,12.992782014378944,0.0,16.0,,gc_formula_si,"Si monomer: HSP NOT reliable (Si groups fitted on 51 HSPiP Si compounds, only 7 measured, all much smaller than the monomers)",0.0,18.63741571798969,18.63741571798969,6.495234224542656,6.495234224542656,5.7635207914096975,5.7635207914096975,2,Si,Ambeed,https://www.ambeed.com/products/81256-87-3.html,38.27046374106292,2.150026052868703,3.099958745965414,0.4428512494236306,9.862063095493921,1.9724126190987843,14.7111475139639,2.1015925019948427,6.378660702037337,-17.90570228485673,-19.36912915112265,0,Si: HSP unreliable
CO[C@@H]1[C@H](O[Si](C)(C)C(C)(C)C)[C@@H](CO)O[C@H]1n1cnc2c(NC(=O)c3ccccc3)ncnc21,CO[C@@H]1[C@H](O[Si](C)(C)C(C)(C)C)[C@@H](COC(=O)[C@@H]2[C@H](C(=O)OC[C@H]3O[C@@H](n4cnc5c(NC(=O)c6ccccc6)ncnc54)[C@H](OC)[C@@H]3O[Si](C)(C)C(C)(C)C)[C@@H]3C=C[C@@H]2C3)O[C@H]1n1cnc2c(NC(=O)c3ccccc3)ncnc21,ester,Ambeed,monoalcohol,499.644,False,,0,24.4115,13.562,5.7342,10,True,2,True,0,0,0,True,,18.13985073129513,7.891820466169776,6.142512710674117,979.7681239735288,22.35589165750965,9.452677173554232,11.733085051006508,0.0,18.0,,gc_formula_si,"Si monomer: HSP NOT reliable (Si groups fitted on 51 HSPiP Si compounds, only 7 measured, all much smaller than the monomers)",0.0,18.13985073129513,18.13985073129513,7.891820466169776,7.891820466169776,6.142512710674117,6.142512710674117,2,Si,Ambeed,https://www.ambeed.com/products/454424-09-0.html,37.42969021999332,2.102791585392883,4.099932596489487,0.5857046566413553,10.656054406995025,2.131210881399005,14.777658697714532,2.1110940996735046,4.105517554451238,-16.39054297579947,-19.88915848679079,0,Si: HSP unreliable
CC(C)(C)[Si](C)(C)OC[C@H]1O[C@@H](n2cnc3c(NC(=O)c4ccccc4)ncnc32)C[C@@H]1O,CC(C)(C)[Si](C)(C)OC[C@H]1O[C@@H](n2cnc3c(NC(=O)c4ccccc4)ncnc32)C[C@@H]1OC(=O)[C@@H]1[C@H](C(=O)O[C@H]2C[C@H](n3cnc4c(NC(=O)c5ccccc5)ncnc43)O[C@@H]2CO[Si](C)(C)C(C)(C)C)[C@@H]2C=C[C@@H]1C2,ester,Sigma-Aldrich,monoalcohol,469.618,False,,0,23.4124,10.132,6.0382,10,True,2,True,0,0,0,True,,18.137442141745527,7.909787518032017,6.13422666561389,936.7464603544944,22.486052319228136,10.15775445788652,10.5443151079848,0.0,18.0,,gc_formula_si,"Si monomer: HSP NOT reliable (Si groups fitted on 51 HSPiP Si compounds, only 7 measured, all much smaller than the monomers)",0.0,18.137442141745527,18.137442141745527,7.909787518032017,7.909787518032017,6.13422666561389,6.13422666561389,2,Si,Sigma-Aldrich,https://www.sigmaaldrich.com/catalog/product/aldrich/r720402,37.43312841697585,2.1029847425267327,4.115350313065014,0.5879071875807164,10.662938143991699,2.1325876287983396,14.780276842632697,2.1114681203760997,4.093427958099621,-16.3618812893274,-19.91300299416365,0,Si: HSP unreliable
CC(C)(C)[Si](C)(C)O[C@H]1C[C@H](n2cnc3c(NC(=O)c4ccccc4)ncnc32)O[C@@H]1CO,CC(C)(C)[Si](C)(C)O[C@H]1C[C@H](n2cnc3c(NC(=O)c4ccccc4)ncnc32)O[C@@H]1COC(=O)[C@@H]1[C@H](C(=O)OC[C@H]2O[C@@H](n3cnc4c(NC(=O)c5ccccc5)ncnc43)C[C@@H]2O[Si](C)(C)C(C)(C)C)[C@@H]2C=C[C@@H]1C2,ester,Ambeed,monoalcohol,469.618,False,,0,24.2972,11.7058,5.2248,10,True,2,True,0,0,0,True,,18.25459740507973,7.941433681109558,6.032762975943753,929.0443006855756,22.659634867845337,9.97648117796296,9.950878661640846,0.0,18.0,,gc_formula_si,"Si monomer: HSP NOT reliable (Si groups fitted on 51 HSPiP Si compounds, only 7 measured, all much smaller than the monomers)",0.0,18.25459740507973,18.25459740507973,7.941433681109558,7.941433681109558,6.032762975943753,6.032762975943753,2,Si,Ambeed,https://www.ambeed.com/products/51549-40-7.html,37.55801112853713,2.1100006251987153,4.17656052154929,0.59665150307847,10.711787997302629,2.1423575994605257,14.92899217514206,2.132713167877437,4.280400748026416,-16.345926699913925,-20.163268110245532,0,Si: HSP unreliable
COc1ccc(C(OC[C@H]2O[C@@H](n3cnc4c(=O)[nH]c(NC(=O)C(C)C)nc43)[C@H](O)[C@@H]2O[Si](C)(C)C(C)(C)C)(c2ccccc2)c2ccc(OC)cc2)cc1,COc1ccc(C(OC[C@H]2O[C@@H](n3cnc4c(=O)[nH]c(NC(=O)C(C)C)nc43)[C@H](OC(=O)[C@@H]3[C@H](C(=O)O[C@@H]4[C@H](O[Si](C)(C)C(C)(C)C)[C@@H](COC(c5ccccc5)(c5ccc(OC)cc5)c5ccc(OC)cc5)O[C@H]4n4cnc5c(=O)[nH]c(NC(=O)C(C)C)nc54)[C@@H]4C=C[C@@H]3C4)[C@@H]2O[Si](C)(C)C(C)(C)C)(c2ccccc2)c2ccc(OC)cc2)cc1,ester,Ambeed,monoalcohol,769.972,False,,0,29.4486,15.4454,7.0844,12,True,2,True,0,0,0,True,,18.42340548989982,7.279330431610361,6.344871552911184,1459.5502630000176,26.63524775782347,8.278081304420443,13.158149216391983,0.0,20.0,,gc_formula_si,"Si monomer: HSP NOT reliable (Si groups fitted on 51 HSPiP Si compounds, only 7 measured, all much smaller than the monomers)",0.0,18.42340548989982,18.42340548989982,7.279330431610361,7.279330431610361,6.344871552911184,6.344871552911184,2,Si,Ambeed,https://www.ambeed.com/products/81256-89-5.html,37.4567288748123,2.104310610944511,3.6997594146478447,0.5285370592354064,10.549002325037996,2.1098004650075994,14.975831468161356,2.1394044954516223,4.7992035053782764,-17.488946611200642,-19.357864368599,0,Si: HSP unreliable
CC(C)C(=O)Nc1nc2c(ncn2[C@@H]2O[C@H](CO)[C@@H](O[Si](C)(C)C(C)(C)C)[C@H]2O)c(=O)[nH]1,CC(C)C(=O)Nc1nc2c(ncn2[C@@H]2O[C@H](COC(=O)[C@@H]3[C@H](C(=O)OC[C@H]4O[C@@H](n5cnc6c(=O)[nH]c(NC(=O)C(C)C)nc65)[C@H](O)[C@@H]4O[Si](C)(C)C(C)(C)C)[C@@H]4C=C[C@@H]3C4)[C@@H](O[Si](C)(C)C(C)(C)C)[C@H]2O)c(=O)[nH]1,ester,Ambeed,diol,467.599,False,,0,21.6994,10.5526,16.5739,12,True,2,True,0,0,0,True,,17.67094356339963,8.775217105763168,7.14202681474701,931.946321220218,20.4854950549598,18.14173144654734,5.734359290938079,0.0,20.0,,gc_formula_si,"Si monomer: HSP NOT reliable (Si groups fitted on 51 HSPiP Si compounds, only 7 measured, all much smaller than the monomers)",0.0,17.67094356339963,17.67094356339963,8.775217105763168,8.775217105763168,7.14202681474701,7.14202681474701,2,Si,Ambeed,https://www.ambeed.com/products/1237684-87-5.html,36.15428812998107,2.031139782583206,5.150787914871467,0.7358268449816381,11.641775091967347,2.328355018393469,15.061676597174056,2.1516680853105794,1.7536996428894511,-16.03775327238347,-19.304133854415788,0,Si: HSP unreliable
COc1ccc(C(OC[C@H]2O[C@@H](n3cnc4c(NC(=O)c5ccccc5)ncnc43)[C@H](O)[C@@H]2O[Si](C)(C)C(C)(C)C)(c2ccccc2)c2ccccc2)cc1,COc1ccc(C(OC[C@H]2O[C@@H](n3cnc4c(NC(=O)c5ccccc5)ncnc43)[C@H](OC(=O)[C@@H]3[C@H](C(=O)O[C@@H]4[C@H](O[Si](C)(C)C(C)(C)C)[C@@H](COC(c5ccccc5)(c5ccccc5)c5ccc(OC)cc5)O[C@H]4n4cnc5c(NC(=O)c6ccccc6)ncnc54)[C@@H]4C=C[C@@H]3C4)[C@@H]2O[Si](C)(C)C(C)(C)C)(c2ccccc2)c2ccccc2)cc1,ester,Sigma-Aldrich,monoalcohol,757.964,False,,0,31.3521,9.5542,7.8534,10,True,2,True,0,0,0,True,,18.821052993104736,6.806090589295092,5.577915057144316,1430.3213295464425,28.217263461243505,8.46304379342061,15.484120202977229,0.0,18.0,,gc_formula_si,"Si monomer: HSP NOT reliable (Si groups fitted on 51 HSPiP Si compounds, only 7 measured, all much smaller than the monomers)",0.0,18.821052993104736,18.821052993104736,6.806090589295092,6.806090589295092,5.577915057144316,5.577915057144316,2,Si,Sigma-Aldrich,https://www.sigmaaldrich.com/catalog/product/aldrich/r720496,38.43380107060185,2.1592023073371824,3.5526933625394483,0.5075276232199212,10.141934641407323,2.0283869282814644,15.076643010696854,2.153806144385265,6.437047346665327,-17.59287746095396,-20.04922852525551,0,Si: HSP unreliable
COc1ccc(C(OC[C@H]2O[C@@H](n3cnc4c(NC(=O)c5ccccc5)ncnc43)[C@H](O)[C@@H]2O[Si](C)(C)C(C)(C)C)(c2ccccc2)c2ccc(OC)cc2)cc1,COc1ccc(C(OC[C@H]2O[C@@H](n3cnc4c(NC(=O)c5ccccc5)ncnc43)[C@H](OC(=O)[C@@H]3[C@H](C(=O)O[C@@H]4[C@H](O[Si](C)(C)C(C)(C)C)[C@@H](COC(c5ccccc5)(c5ccc(OC)cc5)c5ccc(OC)cc5)O[C@H]4n4cnc5c(NC(=O)c6ccccc6)ncnc54)[C@@H]4C=C[C@@H]3C4)[C@@H]2O[Si](C)(C)C(C)(C)C)(c2ccccc2)c2ccc(OC)cc2)cc1,ester,Ambeed,monoalcohol,787.99,False,,0,31.5755,13.8146,7.2348,10,True,2,True,0,0,0,True,,18.81418837108035,6.885735256670221,5.7974563175630776,1474.316539952394,28.197604693907937,9.357135930151273,16.57742636381936,0.0,18.0,,gc_formula_si,"Si monomer: HSP NOT reliable (Si groups fitted on 51 HSPiP Si compounds, only 7 measured, all much smaller than the monomers)",0.0,18.81418837108035,18.81418837108035,6.885735256670221,6.885735256670221,5.7974563175630776,5.7974563175630776,2,Si,Ambeed,https://www.ambeed.com/products/81256-88-4.html,38.202629429605196,2.146215136494674,3.621796169295038,0.517399452756434,10.310597579195202,2.0621195158390404,15.18410509471072,2.16915787067296,6.13099679684705,-17.725909431973207,-19.90246731018749,0,Si: HSP unreliable
CC(C)(C)[Si](C)(C)O[C@@H]1[C@H](O)[C@@H](CO)O[C@H]1n1cnc2c(NC(=O)c3ccccc3)ncnc21,CC(C)(C)[Si](C)(C)O[C@@H]1[C@H](O)[C@@H](COC(=O)[C@@H]2[C@H](C(=O)OC[C@H]3O[C@@H](n4cnc5c(NC(=O)c6ccccc6)ncnc54)[C@H](O[Si](C)(C)C(C)(C)C)[C@@H]3O)[C@@H]3C=C[C@@H]2C3)O[C@H]1n1cnc2c(NC(=O)c3ccccc3)ncnc21,ester,Ambeed,diol,485.617,False,,0,24.8277,8.9218,15.1013,10,True,2,True,0,0,0,True,,18.312493614372432,8.243022984485297,6.363146993173942,946.7125981725944,22.681365775089255,11.788259765133793,10.588623803877208,0.0,18.0,,gc_formula_si,"Si monomer: HSP NOT reliable (Si groups fitted on 51 HSPiP Si compounds, only 7 measured, all much smaller than the monomers)",0.0,18.312493614372432,18.312493614372432,8.243022984485297,8.243022984485297,6.363146993173942,6.363146993173942,2,Si,Ambeed,https://www.ambeed.com/products/69504-07-0.html,37.19231880075493,2.0894561124019626,4.545048976048867,0.6492927108641239,11.16412064477318,2.232824128954636,15.31134892375511,2.1873355605364444,3.7063236367131935,-16.432617623061077,-20.192369605683787,0,Si: HSP unreliable
