sidechain_smiles,monomer_smiles,linkage,source,compound_type,molecular_weight,is_dendron,dendron_family,dendron_generation,delta_D_sp,delta_P_sp,delta_H_sp,n_unmatched_sp,has_si,n_si_atoms,used_2nd_order,n_unavail_d,n_unavail_p,n_unavail_hb,approx_ring_correction,hsp_error,D,P,H,V_formula,SPrefit_D,SPrefit_P,SPrefit_H,n_pooled_atoms,n_groups_new,expected_Ra_err,hsp_source,hsp_note,n_unmatched_atoms,delta_D,delta_D_corr,delta_P,delta_P_corr,delta_H,delta_H_corr
CC(C)(C)[Si](C)(C)OC[C@H]1OCC[C@@H](O)[C@@H]1O,CC(C)(C)[Si](C)(C)OC[C@H]1OCC[C@@H](OC(=O)[C@@H]2[C@H](C(=O)O[C@@H]3CCO[C@H](CO[Si](C)(C)C(C)(C)C)[C@H]3O)[C@@H]3C=C[C@@H]2C3)[C@@H]1O,ester,Sigma-Aldrich,diol,262.422,False,,0,18.1988,4.1774,15.3015,0,True,2,True,0,0,0,True,,15.989420126902996,4.88005577363423,4.52790593221325,668.3332413189762,13.982325667680962,9.363621485239563,5.2509076157070504,0.0,8.0,,gc_formula_si,"Si monomer: HSP NOT reliable (Si groups fitted on 51 HSPiP Si compounds, only 7 measured, all much smaller than the monomers)",0.0,15.989420126902996,15.989420126902996,4.88005577363423,4.88005577363423,4.52790593221325,4.52790593221325
C[Si](C)(C)C(SCCN)[Si](C)(C)C,C[Si](C)(C)C(SCCNC(=O)[C@@H]1[C@H](C(=O)NCCSC([Si](C)(C)C)[Si](C)(C)C)[C@@H]2C=C[C@@H]1C2)[Si](C)(C)C,amide,Sigma-Aldrich,monoamine,235.545,False,,0,14.5852,-4.4762,3.2945,0,True,4,True,2,0,0,True,,15.659118313501484,5.844410362222725,4.013197930984585,647.6788350457516,13.803620769184057,5.644695587222385,4.04051753887656,0.0,16.0,,gc_formula_si,"Si monomer: HSP NOT reliable (Si groups fitted on 51 HSPiP Si compounds, only 7 measured, all much smaller than the monomers)",0.0,15.659118313501484,15.659118313501484,5.844410362222725,5.844410362222725,4.013197930984585,4.013197930984585
C[Si](C)(C)CSCCN,C[Si](C)(C)CSCCNC(=O)[C@@H]1[C@H](C(=O)NCCSC[Si](C)(C)C)[C@@H]2C=C[C@@H]1C2,amide,Sigma-Aldrich,monoamine,163.362,False,,0,16.3535,-1.7796,7.8141,0,True,2,True,2,0,0,True,,16.681868389343368,6.991985807827014,4.909186629509329,459.6651395372065,17.04310500096479,6.453545294485518,5.013738412737916,0.0,8.0,,gc_formula_si,"Si monomer: HSP NOT reliable (Si groups fitted on 51 HSPiP Si compounds, only 7 measured, all much smaller than the monomers)",0.0,16.681868389343368,16.681868389343368,6.991985807827014,6.991985807827014,4.909186629509329,4.909186629509329
C[Si](C)(C)CSCCCN,C[Si](C)(C)CSCCCNC(=O)[C@@H]1[C@H](C(=O)NCCCSC[Si](C)(C)C)[C@@H]2C=C[C@@H]1C2,amide,Sigma-Aldrich,monoamine,177.389,False,,0,16.3816,-2.0518,7.0387,0,True,2,True,2,0,0,True,,16.664319540096887,6.744282658598959,4.737343152893451,493.1549013395826,17.029523842921122,5.856592174696093,4.931612237509127,0.0,8.0,,gc_formula_si,"Si monomer: HSP NOT reliable (Si groups fitted on 51 HSPiP Si compounds, only 7 measured, all much smaller than the monomers)",0.0,16.664319540096887,16.664319540096887,6.744282658598959,6.744282658598959,4.737343152893451,4.737343152893451
CC(C)[Si](OC[C@H]1OC=C[C@@H](O)[C@H]1O)(C(C)C)C(C)C,CC(C)[Si](OC[C@H]1OC=C[C@@H](OC(=O)[C@@H]2[C@H](C(=O)O[C@@H]3C=CO[C@H](CO[Si](C(C)C)(C(C)C)C(C)C)[C@@H]3O)[C@@H]3C=C[C@@H]2C3)[C@H]1O)(C(C)C)C(C)C,ester,Sigma-Aldrich,diol,302.487,False,,0,18.1704,3.6858,18.6057,0,True,2,True,0,0,0,True,,15.98721674766688,4.471325150191794,4.3180275146761575,767.353762516391,13.35772876776238,8.959861301924843,5.898128409718326,0.0,4.0,,gc_formula_si,"Si monomer: HSP NOT reliable (Si groups fitted on 51 HSPiP Si compounds, only 7 measured, all much smaller than the monomers)",0.0,15.98721674766688,15.98721674766688,4.471325150191794,4.471325150191794,4.3180275146761575,4.3180275146761575
CC(C)(C)[Si](C)(C)O[C@H]1CNC[C@@H]1O[Si](C)(C)C(C)(C)C,CC(C)(C)[Si](C)(C)O[C@H]1CN(C(=O)[C@@H]2[C@H](C(=O)N3C[C@H](O[Si](C)(C)C(C)(C)C)[C@@H](O[Si](C)(C)C(C)(C)C)C3)[C@@H]3C=C[C@@H]2C3)C[C@@H]1O[Si](C)(C)C(C)(C)C,amide,Sigma-Aldrich,monoamine,331.649,False,,0,17.2452,-11.7294,6.4592,0,True,4,True,0,0,0,True,,15.328404377218943,4.587215030862326,1.9543776126841876,882.419768457241,7.7333044456283915,2.426610426506037,0.8248837273614231,0.0,16.0,,gc_formula_si,"Si monomer: HSP NOT reliable (Si groups fitted on 51 HSPiP Si compounds, only 7 measured, all much smaller than the monomers)",0.0,15.328404377218943,15.328404377218943,4.587215030862326,4.587215030862326,1.9543776126841876,1.9543776126841876
CC(C)(C)[Si](C)(C)OC[C@@H]1CCCN1,CC(C)(C)[Si](C)(C)OC[C@@H]1CCCN1C(=O)[C@@H]1[C@H](C(=O)N2CCC[C@H]2CO[Si](C)(C)C(C)(C)C)[C@@H]2C=C[C@@H]1C2,amide,Sigma-Aldrich,monoamine,215.413,False,,0,18.9315,-3.5992,5.141,0,True,2,True,0,0,0,True,,16.0258972991213,5.392774414194123,3.4238812628916784,594.5625345677327,14.749136105518167,3.0138706846818626,3.316460633204139,0.0,8.0,,gc_formula_si,"Si monomer: HSP NOT reliable (Si groups fitted on 51 HSPiP Si compounds, only 7 measured, all much smaller than the monomers)",0.0,16.0258972991213,16.0258972991213,5.392774414194123,5.392774414194123,3.4238812628916784,3.4238812628916784
CC(CO)(CCCO)CO[Si](c1ccccc1)(c1ccccc1)C(C)(C)C,CC(CO)(CCCOC(=O)[C@@H]1[C@H](C(=O)OCCCC(C)(CO)CO[Si](c2ccccc2)(c2ccccc2)C(C)(C)C)[C@@H]2C=C[C@@H]1C2)CO[Si](c1ccccc1)(c1ccccc1)C(C)(C)C,ester,Sigma-Aldrich,diol,386.608,False,,0,24.345,5.856,7.2869,0,True,2,True,0,0,0,True,,17.40271248891961,3.7885178298290128,6.891927792238451,871.5876899818501,21.02351269777667,5.8796184618091765,5.624537581627361,0.0,4.0,,gc_formula_si,"Si monomer: HSP NOT reliable (Si groups fitted on 51 HSPiP Si compounds, only 7 measured, all much smaller than the monomers)",0.0,17.40271248891961,17.40271248891961,3.7885178298290128,3.7885178298290128,6.891927792238451,6.891927792238451
C=C(CO)C[Si](C)(C)C,C=C(COC(=O)[C@@H]1[C@H](C(=O)OCC(=C)C[Si](C)(C)C)[C@@H]2C=C[C@@H]1C2)C[Si](C)(C)C,ester,Sigma-Aldrich,monoalcohol,144.29,False,,0,14.5705,2.9172,5.4738,0,True,2,True,0,0,0,True,,15.594397245002964,3.2773560857918707,3.8376055437784853,459.36735024154274,13.763549285035845,4.538377648484048,4.357464342815166,0.0,8.0,,gc_formula_si,"Si monomer: HSP NOT reliable (Si groups fitted on 51 HSPiP Si compounds, only 7 measured, all much smaller than the monomers)",0.0,15.594397245002964,15.594397245002964,3.2773560857918707,3.2773560857918707,3.8376055437784853,3.8376055437784853
CC1(C)O[C@H]2O[C@H](CCO[Si](C)(C)C(C)(C)C)[C@H](O)[C@H]2O1,CC1(C)O[C@H]2O[C@H](CCO[Si](C)(C)C(C)(C)C)[C@H](OC(=O)[C@@H]3[C@H](C(=O)O[C@@H]4[C@H]5OC(C)(C)O[C@H]5O[C@@H]4CCO[Si](C)(C)C(C)(C)C)[C@@H]4C=C[C@@H]3C4)[C@H]2O1,ester,Sigma-Aldrich,monoalcohol,318.486,False,,0,19.2693,14.524,4.3768,0,True,2,True,0,2,2,True,,15.833230071417473,3.877928691157098,2.998323450677313,771.7522154334483,12.207038030220135,5.406315445204106,4.600126699793789,0.0,8.0,,gc_formula_si,"Si monomer: HSP NOT reliable (Si groups fitted on 51 HSPiP Si compounds, only 7 measured, all much smaller than the monomers)",0.0,15.833230071417473,15.833230071417473,3.877928691157098,3.877928691157098,2.998323450677313,2.998323450677313
C=CC[C@@H](CO[Si](c1ccccc1)(c1ccccc1)C(C)(C)C)[C@@H]1OC(C)(C)O[C@@H](/C=C/C=C/CCO)[C@@H]1C,C=CC[C@@H](CO[Si](c1ccccc1)(c1ccccc1)C(C)(C)C)[C@@H]1OC(C)(C)O[C@@H](/C=C/C=C/CCOC(=O)[C@@H]2[C@H](C(=O)OCC/C=C/C=C/[C@@H]3OC(C)(C)O[C@@H]([C@@H](CC=C)CO[Si](c4ccccc4)(c4ccccc4)C(C)(C)C)[C@H]3C)[C@@H]3C=C[C@@H]2C3)[C@@H]1C,ester,Sigma-Aldrich,monoalcohol,548.84,False,,0,25.9305,-3.7822,10.3622,4,True,2,True,0,2,0,True,,17.17717537439343,2.955237602879684,2.81519775617762,1237.5200638445049,20.604219550328086,4.572298755239249,8.479211404607728,0.0,8.0,,gc_formula_si,"Si monomer: HSP NOT reliable (Si groups fitted on 51 HSPiP Si compounds, only 7 measured, all much smaller than the monomers)",0.0,17.17717537439343,17.17717537439343,2.955237602879684,2.955237602879684,2.81519775617762,2.81519775617762
CC(C)(C)[Si](C)(C)c1occ(C=O)c1CO,CC(C)(C)[Si](C)(C)c1occ(C=O)c1COC(=O)[C@@H]1[C@H](C(=O)OCc2c(C=O)coc2[Si](C)(C)C(C)(C)C)[C@@H]2C=C[C@@H]1C2,ester,Sigma-Aldrich,monoalcohol,240.375,False,,0,18.661,6.4924,5.531,2,True,2,True,0,0,0,True,,16.575325064672366,2.895474265885591,4.966502539432832,594.4367169531304,17.40215838072881,3.7937430177014018,5.432523198468204,0.0,8.0,,gc_formula_si,"Si monomer: HSP NOT reliable (Si groups fitted on 51 HSPiP Si compounds, only 7 measured, all much smaller than the monomers)",0.0,16.575325064672366,16.575325064672366,2.895474265885591,2.895474265885591,4.966502539432832,4.966502539432832
CC(C)(C)[Si](C)(C)OC[C@H]1OC1CO,CC(C)(C)[Si](C)(C)OC[C@H]1OC1COC(=O)[C@@H]1[C@H](C(=O)OCC2O[C@@H]2CO[Si](C)(C)C(C)(C)C)[C@@H]2C=C[C@@H]1C2,ester,Sigma-Aldrich,monoalcohol,218.369,False,,0,18.1617,11.1726,5.8788,0,True,2,True,0,0,0,True,,15.723370375494516,3.8859227807146604,3.3458520033388917,568.423292139914,13.242237610973579,5.892077727233231,4.388837453934072,0.0,8.0,,gc_formula_si,"Si monomer: HSP NOT reliable (Si groups fitted on 51 HSPiP Si compounds, only 7 measured, all much smaller than the monomers)",0.0,15.723370375494516,15.723370375494516,3.8859227807146604,3.8859227807146604,3.3458520033388917,3.3458520033388917
C#C[C@H](C/C=C/C=C/CO)O[Si](c1ccccc1)(c1ccccc1)C(C)(C)C,C#C[C@H](C/C=C/C=C/COC(=O)[C@@H]1[C@H](C(=O)OC/C=C/C=C/C[C@@H](C#C)O[Si](c2ccccc2)(c2ccccc2)C(C)(C)C)[C@@H]2C=C[C@@H]1C2)O[Si](c1ccccc1)(c1ccccc1)C(C)(C)C,ester,Sigma-Aldrich,monoalcohol,390.599,False,,0,25.2284,-2.3544,9.252,0,True,2,True,0,0,0,True,,17.598171780347,2.921638703914006,2.876629191726777,907.4042026289206,21.315862494532762,4.878398005950014,7.3531727902682285,0.0,4.0,,gc_formula_si,"Si monomer: HSP NOT reliable (Si groups fitted on 51 HSPiP Si compounds, only 7 measured, all much smaller than the monomers)",0.0,17.598171780347,17.598171780347,2.921638703914006,2.921638703914006,2.876629191726777,2.876629191726777
CC(C)(C)[Si](C)(C)OC[C@H](O)c1ccoc1,CC(C)(C)[Si](C)(C)OC[C@H](OC(=O)[C@@H]1[C@H](C(=O)O[C@@H](CO[Si](C)(C)C(C)(C)C)c2ccoc2)[C@@H]2C=C[C@@H]1C2)c1ccoc1,ester,Sigma-Aldrich,monoalcohol,242.391,False,,0,18.0823,4.8318,6.8788,2,True,2,True,0,0,0,True,,16.035625052176375,3.6663151758692636,3.9890687132250453,633.832114092388,15.489133286635669,5.640750424048883,3.0736423644707633,0.0,10.0,,gc_formula_si,"Si monomer: HSP NOT reliable (Si groups fitted on 51 HSPiP Si compounds, only 7 measured, all much smaller than the monomers)",0.0,16.035625052176375,16.035625052176375,3.6663151758692636,3.6663151758692636,3.9890687132250453,3.9890687132250453
COC1(OC)C2C=CC1C(O)(C1=CC[C@H](O[Si](c3ccccc3)(c3ccccc3)C(C)(C)C)C1)C2,COC1(OC)C2C=CC1C(OC(=O)[C@@H]1[C@H](C(=O)OC3(C4=CC[C@H](O[Si](c5ccccc5)(c5ccccc5)C(C)(C)C)C4)CC4C=CC3C4(OC)OC)[C@@H]3C=C[C@@H]1C3)(C1=CC[C@H](O[Si](c3ccccc3)(c3ccccc3)C(C)(C)C)C1)C2,ester,Sigma-Aldrich,monoalcohol,490.716,False,,0,25.6747,-4.649,8.3422,0,True,2,True,0,0,0,True,,17.665659068792127,3.15880385341615,3.6843028890549614,1065.5137352412996,22.659704687000154,6.013339056419589,9.778421395841919,0.0,4.0,,gc_formula_si,"Si monomer: HSP NOT reliable (Si groups fitted on 51 HSPiP Si compounds, only 7 measured, all much smaller than the monomers)",0.0,17.665659068792127,17.665659068792127,3.15880385341615,3.15880385341615,3.6843028890549614,3.6843028890549614
CC(C)(C)[Si](OC/C=C/[C@@H](O)CO[Si](c1ccccc1)(c1ccccc1)C(C)(C)C)(c1ccccc1)c1ccccc1,CC(C)(C)[Si](OC/C=C/[C@H](CO[Si](c1ccccc1)(c1ccccc1)C(C)(C)C)OC(=O)[C@@H]1[C@H](C(=O)O[C@H](/C=C/CO[Si](c2ccccc2)(c2ccccc2)C(C)(C)C)CO[Si](c2ccccc2)(c2ccccc2)C(C)(C)C)[C@@H]2C=C[C@@H]1C2)(c1ccccc1)c1ccccc1,ester,Sigma-Aldrich,monoalcohol,594.944,False,,0,28.0109,-10.021,12.8132,0,True,4,True,0,2,0,True,,17.52055986397907,2.453685743940828,2.6683624111574664,1296.4543763064955,23.88892510656165,1.9857594357795714,7.184665463973501,0.0,8.0,,gc_formula_si,"Si monomer: HSP NOT reliable (Si groups fitted on 51 HSPiP Si compounds, only 7 measured, all much smaller than the monomers)",0.0,17.52055986397907,17.52055986397907,2.453685743940828,2.453685743940828,2.6683624111574664,2.6683624111574664
CC(C)(C)[Si](C)(C)O[C@H]1CCCC12CCC(O)C2,CC(C)(C)[Si](C)(C)O[C@H]1CCCC12CCC(OC(=O)[C@@H]1[C@H](C(=O)OC3CCC4(CCC[C@@H]4O[Si](C)(C)C(C)(C)C)C3)[C@@H]3C=C[C@@H]1C3)C2,ester,Sigma-Aldrich,monoalcohol,270.489,False,,0,17.235,-6.6174,4.986,0,True,2,True,0,0,0,True,,16.094220760029945,2.9055520771750527,2.3634640023678477,711.1947703097578,14.592417151769208,3.182571982531492,1.2291594916170692,0.0,8.0,,gc_formula_si,"Si monomer: HSP NOT reliable (Si groups fitted on 51 HSPiP Si compounds, only 7 measured, all much smaller than the monomers)",0.0,16.094220760029945,16.094220760029945,2.9055520771750527,2.9055520771750527,2.3634640023678477,2.3634640023678477
CC1(C)C2CCC1(/C=C/[C@](CO)(CCO[Si](C)(C)C(C)(C)C)OCc1ccccc1)C(=O)C2,CC1(C)C2CCC1(/C=C/[C@@](CCO[Si](C)(C)C(C)(C)C)(COC(=O)[C@@H]1[C@H](C(=O)OC[C@@](/C=C/C34CCC(CC3=O)C4(C)C)(CCO[Si](C)(C)C(C)(C)C)OCc3ccccc3)[C@@H]3C=C[C@@H]1C3)OCc1ccccc1)C(=O)C2,ester,Sigma-Aldrich,monoalcohol,472.742,False,,0,20.5432,-11.0138,11.3068,0,True,2,True,0,4,0,True,,16.99779444148006,4.506619371228725,3.544290702430431,1080.404274220616,19.624955869829897,9.068421228845033,7.940288458596563,0.0,8.0,,gc_formula_si,"Si monomer: HSP NOT reliable (Si groups fitted on 51 HSPiP Si compounds, only 7 measured, all much smaller than the monomers)",0.0,16.99779444148006,16.99779444148006,4.506619371228725,4.506619371228725,3.544290702430431,3.544290702430431
CC(C)(C)[Si](C)(C)O[C@@H]1CC2C=CC3C(CCO)C(C=O)CC3C2C1,CC(C)(C)[Si](C)(C)O[C@@H]1CC2C=CC3C(CCOC(=O)[C@@H]4[C@H](C(=O)OCCC5C(C=O)CC6C5C=CC5C[C@@H](O[Si](C)(C)C(C)(C)C)CC56)[C@@H]5C=C[C@@H]4C5)C(C=O)CC3C2C1,ester,Sigma-Aldrich,monoalcohol,364.602,False,,0,19.0114,-0.5242,7.405,0,True,2,True,0,2,4,True,,16.672817558118957,4.5319616223924415,3.142088837827028,844.6392002063528,16.6177387452322,3.0698085855781283,3.7979289723379344,0.0,8.0,,gc_formula_si,"Si monomer: HSP NOT reliable (Si groups fitted on 51 HSPiP Si compounds, only 7 measured, all much smaller than the monomers)",0.0,16.672817558118957,16.672817558118957,4.5319616223924415,4.5319616223924415,3.142088837827028,3.142088837827028
COCO[C@H]1C(=O)[C@H](C)[C@@H]([C@@]2([C@@H](CCO)OCc3ccc(OC)cc3)COC(C)(C)O2)C[C@H](O[Si](C)(C)C(C)(C)C)C2(O)CCC1C2(C)C,COCO[C@H]1C(=O)[C@H](C)[C@@H]([C@@]2([C@@H](CCO)OCc3ccc(OC)cc3)COC(C)(C)O2)C[C@H](O[Si](C)(C)C(C)(C)C)C2(OC(=O)[C@@H]3[C@H](C(=O)OC45CCC([C@@H](OCOC)C(=O)[C@H](C)[C@@H]([C@@]6([C@@H](CCO)OCc7ccc(OC)cc7)COC(C)(C)O6)C[C@@H]4O[Si](C)(C)C(C)(C)C)C5(C)C)[C@@H]4C=C[C@@H]3C4)CCC1C2(C)C,ester,Sigma-Aldrich,diol,709.006,False,,0,23.3689,16.633,3.2437,0,True,2,True,2,2,2,True,,16.741302543167066,5.045904820853265,6.205087425382336,1501.201050748086,18.132491490021476,13.345486784506058,11.439726898105485,0.0,8.0,,gc_formula_si,"Si monomer: HSP NOT reliable (Si groups fitted on 51 HSPiP Si compounds, only 7 measured, all much smaller than the monomers)",0.0,16.741302543167066,16.741302543167066,5.045904820853265,5.045904820853265,6.205087425382336,6.205087425382336
COCO[C@H]1C(=O)[C@@H](C)[C@@H]([C@@]2([C@@H](CC=O)OCc3ccc(OC)cc3)COC(C)(C)O2)C[C@H](O[Si](C)(C)C(C)(C)C)C2(O)CCC1C2(C)C,COCO[C@H]1C(=O)[C@@H](C)[C@@H]([C@@]2([C@@H](CC=O)OCc3ccc(OC)cc3)COC(C)(C)O2)C[C@H](O[Si](C)(C)C(C)(C)C)C2(OC(=O)[C@@H]3[C@H](C(=O)OC45CCC([C@@H](OCOC)C(=O)[C@@H](C)[C@@H]([C@@]6([C@@H](CC=O)OCc7ccc(OC)cc7)COC(C)(C)O6)C[C@@H]4O[Si](C)(C)C(C)(C)C)C5(C)C)[C@@H]4C=C[C@@H]3C4)CCC1C2(C)C,ester,Sigma-Aldrich,monoalcohol,706.99,False,,0,22.4218,16.682,9.7134,0,True,2,True,2,2,2,True,,16.78927520796233,5.383347497523159,4.313105001601725,1485.885628952182,18.43286842555581,10.270902362573114,12.500332877714227,0.0,8.0,,gc_formula_si,"Si monomer: HSP NOT reliable (Si groups fitted on 51 HSPiP Si compounds, only 7 measured, all much smaller than the monomers)",0.0,16.78927520796233,16.78927520796233,5.383347497523159,5.383347497523159,4.313105001601725,4.313105001601725
C=CCCC(C(=O)C1(C[C@H](C)CCO)SCCCS1)[C@H]1[C@H](C(=O)OC)C(=O)C[C@]1(C)CO[Si](c1ccccc1)(c1ccccc1)C(C)(C)C,C=CCCC(C(=O)C1(C[C@H](C)CCOC(=O)[C@@H]2[C@H](C(=O)OCC[C@@H](C)CC3(C(=O)C(CCC=C)[C@H]4[C@H](C(=O)OC)C(=O)C[C@]4(C)CO[Si](c4ccccc4)(c4ccccc4)C(C)(C)C)SCCCS3)[C@@H]3C=C[C@@H]2C3)SCCCS1)[C@H]1[C@H](C(=O)OC)C(=O)C[C@]1(C)CO[Si](c1ccccc1)(c1ccccc1)C(C)(C)C,ester,Sigma-Aldrich,monoalcohol,725.102,False,,0,28.9874,15.8068,9.2724,4,True,2,True,0,2,2,True,,17.877472638009632,5.623118532066922,4.4269971859617865,1444.9897986155318,25.945369014364715,10.343172562866638,15.139926782160556,0.0,8.0,,gc_formula_si,"Si monomer: HSP NOT reliable (Si groups fitted on 51 HSPiP Si compounds, only 7 measured, all much smaller than the monomers)",0.0,17.877472638009632,17.877472638009632,5.623118532066922,5.623118532066922,4.4269971859617865,4.4269971859617865
CC[C@@H](CCC[C@H](O)[C@H](C)C(=O)N1C(=O)OC[C@H]1C(C)C)O[Si](C)(C)C(C)(C)C,CC[C@@H](CCC[C@H](OC(=O)[C@@H]1[C@H](C(=O)O[C@@H](CCC[C@H](CC)O[Si](C)(C)C(C)(C)C)[C@H](C)C(=O)N2C(=O)OC[C@H]2C(C)C)[C@@H]2C=C[C@@H]1C2)[C@H](C)C(=O)N1C(=O)OC[C@H]1C(C)C)O[Si](C)(C)C(C)(C)C,ester,Sigma-Aldrich,monoalcohol,429.674,False,,0,16.1958,11.5038,8.5298,0,True,2,True,0,0,0,True,,16.212901156104962,6.285142055454104,4.144584276932037,1037.9579673075436,14.764610493852016,4.775109943632149,5.602489926949444,0.0,8.0,,gc_formula_si,"Si monomer: HSP NOT reliable (Si groups fitted on 51 HSPiP Si compounds, only 7 measured, all much smaller than the monomers)",0.0,16.212901156104962,16.212901156104962,6.285142055454104,6.285142055454104,4.144584276932037,4.144584276932037
COCO[C@H]1C(=O)[C@]2(C)[C@@H](OCOCc3ccccc3)C[C@@H](OCc3ccc(OC)cc3)[C@@]3(COC(C)(C)O3)[C@H]2C[C@H](O[Si](C)(C)C(C)(C)C)C2(O)CCC1C2(C)C,COCO[C@H]1C(=O)[C@]2(C)[C@@H](OCOCc3ccccc3)C[C@@H](OCc3ccc(OC)cc3)[C@@]3(COC(C)(C)O3)[C@H]2C[C@H](O[Si](C)(C)C(C)(C)C)C2(OC(=O)[C@@H]3[C@H](C(=O)OC45CCC([C@@H](OCOC)C(=O)[C@]6(C)[C@@H](OCOCc7ccccc7)C[C@@H](OCc7ccc(OC)cc7)[C@@]7(COC(C)(C)O7)[C@H]6C[C@@H]4O[Si](C)(C)C(C)(C)C)C5(C)C)[C@@H]4C=C[C@@H]3C4)CCC1C2(C)C,ester,Sigma-Aldrich,monoalcohol,827.141,False,,0,27.4167,11.534,10.829,0,True,2,True,2,2,4,True,,17.10922660050388,4.63150106904157,4.104174454344128,1685.7159448158716,21.322621458947726,12.749968004387235,14.324798762589728,0.0,8.0,,gc_formula_si,"Si monomer: HSP NOT reliable (Si groups fitted on 51 HSPiP Si compounds, only 7 measured, all much smaller than the monomers)",0.0,17.10922660050388,17.10922660050388,4.63150106904157,4.63150106904157,4.104174454344128,4.104174454344128
COCCOCOC1C2CCC(/C=C\OCC[Si](C)(C)C)(C2(C)C)C1(O)/C=C\[C@@](COCc1ccc(OC)cc1)(OCc1ccccc1)[C@@H](CO[Si](C)(C)C(C)(C)C)OCc1ccc(OC)cc1,COCCOCOC1C2CCC(/C=C\OCC[Si](C)(C)C)(C2(C)C)C1(/C=C\[C@@](COCc1ccc(OC)cc1)(OCc1ccccc1)[C@@H](CO[Si](C)(C)C(C)(C)C)OCc1ccc(OC)cc1)OC(=O)[C@@H]1[C@H](C(=O)OC2(/C=C\[C@@](COCc3ccc(OC)cc3)(OCc3ccccc3)[C@@H](CO[Si](C)(C)C(C)(C)C)OCc3ccc(OC)cc3)C(OCOCCOC)C3CCC2(/C=C\OCC[Si](C)(C)C)C3(C)C)[C@@H]2C=C[C@@H]1C2,ester,Sigma-Aldrich,monoalcohol,977.438,False,,0,27.1536,5.8766,14.4304,0,True,4,True,0,6,0,True,,16.949537947978175,4.1221634103673965,4.392992470580657,2039.148546427262,20.601429988632518,20.47184236989502,21.440671717943697,0.0,16.0,,gc_formula_si,"Si monomer: HSP NOT reliable (Si groups fitted on 51 HSPiP Si compounds, only 7 measured, all much smaller than the monomers)",0.0,16.949537947978175,16.949537947978175,4.1221634103673965,4.1221634103673965,4.392992470580657,4.392992470580657
COCCOCOCCCCCC1=C(CO[Si](C)(C)C(C)(C)C)[C@@H](CO)C[C@H]1OCc1ccc(OC)cc1,COCCOCOCCCCCC1=C(CO[Si](C)(C)C(C)(C)C)[C@@H](COC(=O)[C@@H]2[C@H](C(=O)OC[C@H]3C[C@@H](OCc4ccc(OC)cc4)C(CCCCCOCOCCOC)=C3CO[Si](C)(C)C(C)(C)C)[C@@H]3C=C[C@@H]2C3)C[C@H]1OCc1ccc(OC)cc1,ester,Sigma-Aldrich,monoalcohol,552.825,False,,0,20.4409,7.6192,5.315,0,True,2,True,0,2,2,True,,16.654499546880263,4.003484053706339,4.392158794072643,1201.5774931302044,16.729529180099412,10.932242406010161,11.966925847560184,0.0,8.0,,gc_formula_si,"Si monomer: HSP NOT reliable (Si groups fitted on 51 HSPiP Si compounds, only 7 measured, all much smaller than the monomers)",0.0,16.654499546880263,16.654499546880263,4.003484053706339,4.003484053706339,4.392158794072643,4.392158794072643
C[C@@H](CCO)CO[Si](c1ccccc1)(c1ccccc1)C(C)(C)C,C[C@@H](CCOC(=O)[C@@H]1[C@H](C(=O)OCC[C@H](C)CO[Si](c2ccccc2)(c2ccccc2)C(C)(C)C)[C@@H]2C=C[C@@H]1C2)CO[Si](c1ccccc1)(c1ccccc1)C(C)(C)C,ester,Sigma-Aldrich,monoalcohol,342.555,False,,0,23.6939,-1.8388,7.872,0,True,2,True,0,0,0,True,,17.324341433725166,2.7328101389891577,3.016062476562216,807.6802360005072,20.523216300581662,2.1837068548989613,4.398943861252096,0.0,4.0,,gc_formula_si,"Si monomer: HSP NOT reliable (Si groups fitted on 51 HSPiP Si compounds, only 7 measured, all much smaller than the monomers)",0.0,17.324341433725166,17.324341433725166,2.7328101389891577,2.7328101389891577,3.016062476562216,3.016062476562216
CC1(C)OC[C@@H](O)C(CCO[Si](C)(C)C(C)(C)C)O1,CC1(C)OC[C@@H](OC(=O)[C@@H]2[C@H](C(=O)O[C@@H]3COC(C)(C)OC3CCO[Si](C)(C)C(C)(C)C)[C@@H]3C=C[C@@H]2C3)C(CCO[Si](C)(C)C(C)(C)C)O1,ester,Sigma-Aldrich,monoalcohol,290.476,False,,0,16.4796,7.7104,6.0036,0,True,2,True,0,2,2,True,,15.708731463987398,3.9365106472800857,3.5314321793354733,746.345025479974,12.386020049423392,5.641487331953227,4.323198573358147,0.0,8.0,,gc_formula_si,"Si monomer: HSP NOT reliable (Si groups fitted on 51 HSPiP Si compounds, only 7 measured, all much smaller than the monomers)",0.0,15.708731463987398,15.708731463987398,3.9365106472800857,3.9365106472800857,3.5314321793354733,3.5314321793354733
COCO[C@H]1C(=O)[C@@H](C)[C@@H]([C@@]2(C(OCc3ccc(OC)cc3)C(C)O)COC(C)(C)O2)C[C@H](O[Si](C)(C)C(C)(C)C)C2(O)CCC1C2(C)C,COCO[C@H]1C(=O)[C@@H](C)[C@@H]([C@@]2(C(OCc3ccc(OC)cc3)C(C)O)COC(C)(C)O2)C[C@H](O[Si](C)(C)C(C)(C)C)C2(OC(=O)[C@@H]3[C@H](C(=O)OC45CCC([C@@H](OCOC)C(=O)[C@@H](C)[C@@H]([C@@]6(C(OCc7ccc(OC)cc7)C(C)O)COC(C)(C)O6)C[C@@H]4O[Si](C)(C)C(C)(C)C)C5(C)C)[C@@H]4C=C[C@@H]3C4)CCC1C2(C)C,ester,Sigma-Aldrich,diol,709.006,False,,0,23.1145,16.284,10.9314,0,True,2,True,2,2,2,True,,16.732183820074912,4.929667969038678,5.1954491277082155,1502.619614065295,17.79385295643734,12.78272388576895,11.295132227932774,0.0,8.0,,gc_formula_si,"Si monomer: HSP NOT reliable (Si groups fitted on 51 HSPiP Si compounds, only 7 measured, all much smaller than the monomers)",0.0,16.732183820074912,16.732183820074912,4.929667969038678,4.929667969038678,5.1954491277082155,5.1954491277082155
COCO[C@H]1C(=O)[C@H](C)[C@@H]([C@@]2(C(OCc3ccc(OC)cc3)C(C)O)COC(C)(C)O2)C[C@H](O[Si](C)(C)C(C)(C)C)C2(O)CCC1C2(C)C,COCO[C@H]1C(=O)[C@H](C)[C@@H]([C@@]2(C(OCc3ccc(OC)cc3)C(C)O)COC(C)(C)O2)C[C@H](O[Si](C)(C)C(C)(C)C)C2(OC(=O)[C@@H]3[C@H](C(=O)OC45CCC([C@@H](OCOC)C(=O)[C@H](C)[C@@H]([C@@]6(C(OCc7ccc(OC)cc7)C(C)O)COC(C)(C)O6)C[C@@H]4O[Si](C)(C)C(C)(C)C)C5(C)C)[C@@H]4C=C[C@@H]3C4)CCC1C2(C)C,ester,Sigma-Aldrich,diol,709.006,False,,0,23.1145,16.284,10.9314,0,True,2,True,2,2,2,True,,16.732183820074912,4.929667969038678,5.1954491277082155,1502.619614065295,17.79385295643734,12.78272388576895,11.295132227932774,0.0,8.0,,gc_formula_si,"Si monomer: HSP NOT reliable (Si groups fitted on 51 HSPiP Si compounds, only 7 measured, all much smaller than the monomers)",0.0,16.732183820074912,16.732183820074912,4.929667969038678,4.929667969038678,5.1954491277082155,5.1954491277082155
COCOC[C@@](C)(O[Si](C(C)C)(C(C)C)C(C)C)[C@@H](CO)O[Si](C(C)C)(C(C)C)C(C)C,COCOC[C@@](C)(O[Si](C(C)C)(C(C)C)C(C)C)[C@@H](COC(=O)[C@@H]1[C@H](C(=O)OC[C@@H](O[Si](C(C)C)(C(C)C)C(C)C)[C@@](C)(COCOC)O[Si](C(C)C)(C(C)C)C(C)C)[C@@H]2C=C[C@@H]1C2)O[Si](C(C)C)(C(C)C)C(C)C,ester,Sigma-Aldrich,monoalcohol,492.89,False,,0,11.9734,-4.1282,11.8166,0,True,4,True,0,0,0,True,,15.15934609831109,2.5062120151740186,2.4342879497796894,1238.77986098561,0.0,2.5371582919326623,2.290033678298549,0.0,8.0,,gc_formula_si,"Si monomer: HSP NOT reliable (Si groups fitted on 51 HSPiP Si compounds, only 7 measured, all much smaller than the monomers)",0.0,15.15934609831109,15.15934609831109,2.5062120151740186,2.5062120151740186,2.4342879497796894,2.4342879497796894
CC(C)(C)O[Si](OC/C=C/[C@@H](CO[Si](OC(C)(C)C)(c1ccccc1)c1ccccc1)CC(O)C#CCCCOCc1ccccc1)(c1ccccc1)c1ccccc1,CC(C)(C)O[Si](OC/C=C/[C@@H](CO[Si](OC(C)(C)C)(c1ccccc1)c1ccccc1)CC(C#CCCCOCc1ccccc1)OC(=O)[C@@H]1[C@H](C(=O)OC(C#CCCCOCc2ccccc2)C[C@@H](/C=C/CO[Si](OC(C)(C)C)(c2ccccc2)c2ccccc2)CO[Si](OC(C)(C)C)(c2ccccc2)c2ccccc2)[C@@H]2C=C[C@@H]1C2)(c1ccccc1)c1ccccc1,ester,Sigma-Aldrich,monoalcohol,827.223,False,,0,31.0033,3.2084,11.283,0,True,4,True,0,2,0,True,,17.57878821660029,2.9633050269783587,2.816168223998072,1719.5169880049268,25.253846162913145,8.02901547964003,11.237879220985262,0.0,12.0,,gc_formula_si,"Si monomer: HSP NOT reliable (Si groups fitted on 51 HSPiP Si compounds, only 7 measured, all much smaller than the monomers)",0.0,17.57878821660029,17.57878821660029,2.9633050269783587,2.9633050269783587,2.816168223998072,2.816168223998072
CC(C)(C)[Si](C)(C)OCCCCC#CCCO,CC(C)(C)[Si](C)(C)OCCCCC#CCCOC(=O)[C@@H]1[C@H](C(=O)OCCC#CCCCCO[Si](C)(C)C(C)(C)C)[C@@H]2C=C[C@@H]1C2,ester,Sigma-Aldrich,monoalcohol,256.462,False,,0,15.5348,-2.2102,4.784,0,True,2,True,0,0,0,True,,15.65191899976238,3.439397862857333,3.3261524727821987,697.5709843759311,12.294739282388413,6.012124998056997,5.161569609980185,0.0,8.0,,gc_formula_si,"Si monomer: HSP NOT reliable (Si groups fitted on 51 HSPiP Si compounds, only 7 measured, all much smaller than the monomers)",0.0,15.65191899976238,15.65191899976238,3.439397862857333,3.439397862857333,3.3261524727821987,3.3261524727821987
C[C@H]1C(=O)O[C@H](CO[Si](c2ccccc2)(c2ccccc2)C(C)(C)C)C[C@@H]1O,C[C@H]1C(=O)O[C@H](CO[Si](c2ccccc2)(c2ccccc2)C(C)(C)C)C[C@@H]1OC(=O)[C@@H]1[C@H](C(=O)O[C@H]2C[C@@H](CO[Si](c3ccccc3)(c3ccccc3)C(C)(C)C)OC(=O)[C@@H]2C)[C@@H]2C=C[C@@H]1C2,ester,Sigma-Aldrich,monoalcohol,398.575,False,,0,23.6473,14.6822,8.616,0,True,2,True,0,0,0,True,,17.482689153942975,5.300743978267737,3.8198472078018773,889.9022427451604,21.88143503391792,3.258820080823697,6.916405442527124,0.0,4.0,,gc_formula_si,"Si monomer: HSP NOT reliable (Si groups fitted on 51 HSPiP Si compounds, only 7 measured, all much smaller than the monomers)",0.0,17.482689153942975,17.482689153942975,5.300743978267737,5.300743978267737,3.8198472078018773,3.8198472078018773
CC(C)(C)[Si](C)(C)c1occc1CO,CC(C)(C)[Si](C)(C)c1occc1COC(=O)[C@@H]1[C@H](C(=O)OCc2ccoc2[Si](C)(C)C(C)(C)C)[C@@H]2C=C[C@@H]1C2,ester,Sigma-Aldrich,monoalcohol,212.365,False,,0,18.8055,5.8918,6.2602,2,True,2,True,0,0,0,True,,16.253246125685767,3.173077706804326,4.0268359162163945,567.3246033773613,15.412785603330041,4.576891843670889,3.196321748260285,0.0,8.0,,gc_formula_si,"Si monomer: HSP NOT reliable (Si groups fitted on 51 HSPiP Si compounds, only 7 measured, all much smaller than the monomers)",0.0,16.253246125685767,16.253246125685767,3.173077706804326,3.173077706804326,4.0268359162163945,4.0268359162163945
C[Si](C)(C)/C=C/CO,C[Si](C)(C)/C=C/COC(=O)[C@@H]1[C@H](C(=O)OC/C=C/[Si](C)(C)C)[C@@H]2C=C[C@@H]1C2,ester,Sigma-Aldrich,monoalcohol,130.263,False,,0,15.9785,0.5672,6.9992,0,True,2,True,0,2,0,True,,15.78300145328203,3.4972050065183913,4.168364632977312,424.23049163402356,14.971267954787923,4.892914394103386,4.884340121137704,0.0,8.0,,gc_formula_si,"Si monomer: HSP NOT reliable (Si groups fitted on 51 HSPiP Si compounds, only 7 measured, all much smaller than the monomers)",0.0,15.78300145328203,15.78300145328203,3.4972050065183913,3.4972050065183913,4.168364632977312,4.168364632977312
C=C(C[C@H](O)CO[Si](C)(C)C(C)(C)C)O[Si](C)(C)C,C=C(C[C@@H](CO[Si](C)(C)C(C)(C)C)OC(=O)[C@@H]1[C@H](C(=O)O[C@H](CO[Si](C)(C)C(C)(C)C)CC(=C)O[Si](C)(C)C)[C@@H]2C=C[C@@H]1C2)O[Si](C)(C)C,ester,Sigma-Aldrich,monoalcohol,304.579,False,,0,10.9652,4.3334,8.3318,0,True,4,True,0,0,0,True,,14.847197189513041,2.8130139671033976,2.519853343983058,827.3238754167145,0.0,5.269107847450933,2.150390753527562,0.0,18.0,,gc_formula_si,"Si monomer: HSP NOT reliable (Si groups fitted on 51 HSPiP Si compounds, only 7 measured, all much smaller than the monomers)",0.0,14.847197189513041,14.847197189513041,2.8130139671033976,2.8130139671033976,2.519853343983058,2.519853343983058
COc1ccc(COC[C@](COC(=O)C(C)(C)C)(OCc2ccccc2)[C@@H](CCO[Si](C)(C)C(C)(C)C)OCc2ccc(O)cc2)cc1,COc1ccc(COC[C@](COC(=O)C(C)(C)C)(OCc2ccccc2)[C@@H](CCO[Si](C)(C)C(C)(C)C)OCc2ccc(OC(=O)[C@@H]3[C@H](C(=O)Oc4ccc(CO[C@H](CCO[Si](C)(C)C(C)(C)C)[C@@](COCc5ccc(OC)cc5)(COC(=O)C(C)(C)C)OCc5ccccc5)cc4)[C@@H]4C=C[C@@H]3C4)cc2)cc1,ester,Sigma-Aldrich,monoalcohol,680.955,False,,0,25.351,11.8753,10.3009,0,True,2,True,0,0,0,True,,17.171989511975468,4.041946968849771,4.2937703716039,1432.6931537448268,20.555674526838693,12.275000332215065,13.817067825981535,0.0,8.0,,gc_formula_si,"Si monomer: HSP NOT reliable (Si groups fitted on 51 HSPiP Si compounds, only 7 measured, all much smaller than the monomers)",0.0,17.171989511975468,17.171989511975468,4.041946968849771,4.041946968849771,4.2937703716039,4.2937703716039
CC1(C)O[C@H]2O[C@H](CCO[Si](C)(C)C(C)(C)C)C(O)[C@H]2O1,CC1(C)O[C@H]2O[C@H](CCO[Si](C)(C)C(C)(C)C)C(OC(=O)[C@@H]3[C@H](C(=O)OC4[C@H]5OC(C)(C)O[C@H]5O[C@@H]4CCO[Si](C)(C)C(C)(C)C)[C@@H]4C=C[C@@H]3C4)[C@H]2O1,ester,Sigma-Aldrich,monoalcohol,318.486,False,,0,19.2693,14.524,4.3768,0,True,2,True,0,2,2,True,,15.833230071417473,3.877928691157098,2.998323450677313,771.7522154334483,12.207038030220135,5.406315445204106,4.600126699793789,0.0,8.0,,gc_formula_si,"Si monomer: HSP NOT reliable (Si groups fitted on 51 HSPiP Si compounds, only 7 measured, all much smaller than the monomers)",0.0,15.833230071417473,15.833230071417473,3.877928691157098,3.877928691157098,2.998323450677313,2.998323450677313
C=C[C@H](CO)CO[Si](c1ccccc1)(c1ccccc1)C(C)(C)C,C=C[C@H](COC(=O)[C@@H]1[C@H](C(=O)OC[C@@H](C=C)CO[Si](c2ccccc2)(c2ccccc2)C(C)(C)C)[C@@H]2C=C[C@@H]1C2)CO[Si](c1ccccc1)(c1ccccc1)C(C)(C)C,ester,Sigma-Aldrich,monoalcohol,340.539,False,,0,24.7174,6.0724,8.1906,4,True,2,True,0,2,0,True,,17.3703110242868,2.8435256518208223,3.2226810964528263,798.2746674691125,20.532863534614588,2.826963638211523,5.776197298159598,0.0,8.0,,gc_formula_si,"Si monomer: HSP NOT reliable (Si groups fitted on 51 HSPiP Si compounds, only 7 measured, all much smaller than the monomers)",0.0,17.3703110242868,17.3703110242868,2.8435256518208223,2.8435256518208223,3.2226810964528263,3.2226810964528263
C=C[C@@H](CO)CO[Si](c1ccccc1)(c1ccccc1)C(C)(C)C,C=C[C@@H](COC(=O)[C@@H]1[C@H](C(=O)OC[C@H](C=C)CO[Si](c2ccccc2)(c2ccccc2)C(C)(C)C)[C@@H]2C=C[C@@H]1C2)CO[Si](c1ccccc1)(c1ccccc1)C(C)(C)C,ester,Sigma-Aldrich,monoalcohol,340.539,False,,0,24.7174,6.0724,8.1906,4,True,2,True,0,2,0,True,,17.3703110242868,2.8435256518208223,3.2226810964528263,798.2746674691125,20.532863534614588,2.826963638211523,5.776197298159598,0.0,8.0,,gc_formula_si,"Si monomer: HSP NOT reliable (Si groups fitted on 51 HSPiP Si compounds, only 7 measured, all much smaller than the monomers)",0.0,17.3703110242868,17.3703110242868,2.8435256518208223,2.8435256518208223,3.2226810964528263,3.2226810964528263
COCCOCO[C@H](CC(=O)N(C)OC)C[C@H](C[C@@H]1C=C[C@@H]2[C@@H](C[C@@H](C)[C@H]2OCc2ccc(OC)cc2)[C@@H]1CO)O[Si](C)(C)C(C)(C)C,COCCOCO[C@H](CC(=O)N(C)OC)C[C@H](C[C@@H]1C=C[C@@H]2[C@@H](C[C@@H](C)[C@H]2OCc2ccc(OC)cc2)[C@@H]1COC(=O)[C@@H]1[C@H](C(=O)OC[C@H]2[C@@H]3C[C@@H](C)[C@@H](OCc4ccc(OC)cc4)[C@@H]3C=C[C@H]2C[C@@H](C[C@@H](CC(=O)N(C)OC)OCOCCOC)O[Si](C)(C)C(C)(C)C)[C@@H]2C=C[C@@H]1C2)O[Si](C)(C)C(C)(C)C,ester,Sigma-Aldrich,monoalcohol,693.995,False,,0,23.3671,5.5902,8.6436,0,True,2,True,0,2,4,True,,16.801137512991698,5.024792711978428,4.536052883777852,1466.3374752320024,17.287091830984533,14.02276040361409,15.13236826952575,0.0,8.0,,gc_formula_si,"Si monomer: HSP NOT reliable (Si groups fitted on 51 HSPiP Si compounds, only 7 measured, all much smaller than the monomers)",0.0,16.801137512991698,16.801137512991698,5.024792711978428,5.024792711978428,4.536052883777852,4.536052883777852
C=C[C@@H]1[C@@H](O[Si](C)(C)C(C)(C)C)[C@@H](O[Si](C)(C)C(C)(C)C)[C@]1(O)c1ccc2ccc3ccc4ccccc4c3c2c1,C=C[C@@H]1[C@@H](O[Si](C)(C)C(C)(C)C)[C@@H](O[Si](C)(C)C(C)(C)C)[C@]1(OC(=O)[C@@H]1[C@H](C(=O)O[C@@]2(c3ccc4ccc5ccc6ccccc6c5c4c3)[C@H](C=C)[C@@H](O[Si](C)(C)C(C)(C)C)[C@H]2O[Si](C)(C)C(C)(C)C)[C@@H]2C=C[C@@H]1C2)c1ccc2ccc3ccc4ccccc4c3c2c1,ester,Sigma-Aldrich,monoalcohol,584.949,False,,0,25.8578,-9.2266,9.7988,4,True,4,True,0,2,0,True,,17.119029807616155,2.306558150386706,2.662852171564966,1320.164739926716,19.174776755573486,3.436702673460029,7.280918371078324,0.0,20.0,,gc_formula_si,"Si monomer: HSP NOT reliable (Si groups fitted on 51 HSPiP Si compounds, only 7 measured, all much smaller than the monomers)",0.0,17.119029807616155,17.119029807616155,2.306558150386706,2.306558150386706,2.662852171564966,2.662852171564966
COC1OC(CO)C2OC(C)(C)OC2C1OCOCC[Si](C)(C)C,COC1OC(COC(=O)[C@@H]2[C@H](C(=O)OCC3OC(OC)C(OCOCC[Si](C)(C)C)C4OC(C)(C)OC34)[C@@H]3C=C[C@@H]2C3)C2OC(C)(C)OC2C1OCOCC[Si](C)(C)C,ester,Sigma-Aldrich,monoalcohol,364.511,False,,0,22.145,21.775,4.2865,0,True,2,True,0,0,0,True,,16.146399993401435,4.642273331445676,4.37210194571567,822.1187489574074,14.329192353950756,11.090558148564918,10.858047942434224,0.0,8.0,,gc_formula_si,"Si monomer: HSP NOT reliable (Si groups fitted on 51 HSPiP Si compounds, only 7 measured, all much smaller than the monomers)",0.0,16.146399993401435,16.146399993401435,4.642273331445676,4.642273331445676,4.37210194571567,4.37210194571567
COC1OC(CO)C2OC(C)(C)OC2C1O[Si](C)(C)C(C)(C)C,COC1OC(COC(=O)[C@@H]2[C@H](C(=O)OCC3OC(OC)C(O[Si](C)(C)C(C)(C)C)C4OC(C)(C)OC34)[C@@H]3C=C[C@@H]2C3)C2OC(C)(C)OC2C1O[Si](C)(C)C(C)(C)C,ester,Sigma-Aldrich,monoalcohol,348.512,False,,0,21.1556,17.954,3.4165,0,True,2,True,0,0,0,True,,16.00855459423626,4.180581841693762,3.296835210915806,817.031772262793,12.64196807034715,7.6707621640704,6.213772670549813,0.0,8.0,,gc_formula_si,"Si monomer: HSP NOT reliable (Si groups fitted on 51 HSPiP Si compounds, only 7 measured, all much smaller than the monomers)",0.0,16.00855459423626,16.00855459423626,4.180581841693762,4.180581841693762,3.296835210915806,3.296835210915806
C=C1CC[C@H](O[Si](C)(C)C(C)(C)C)[C@]2(C)[C@@H]1CC(=O)C1(O)CCC([C@H]3OC(c4ccc(OC)cc4)O[C@@H]32)C1(C)C,C=C1CC[C@H](O[Si](C)(C)C(C)(C)C)[C@]2(C)[C@@H]1CC(=O)C1(OC(=O)[C@@H]3[C@H](C(=O)OC45CCC([C@H]6OC(c7ccc(OC)cc7)O[C@@H]6[C@]6(C)[C@@H](O[Si](C)(C)C(C)(C)C)CCC(=C)[C@H]6CC4=O)C5(C)C)[C@@H]4C=C[C@@H]3C4)CCC([C@H]3OC(c4ccc(OC)cc4)O[C@@H]32)C1(C)C,ester,Sigma-Aldrich,monoalcohol,570.843,False,,0,23.3728,-7.7432,7.254,0,True,2,True,2,4,4,True,,16.979012719379693,4.465037432838858,3.3276530924111167,1247.734697399928,18.63205507334728,5.752651775900828,6.203021086535185,0.0,8.0,,gc_formula_si,"Si monomer: HSP NOT reliable (Si groups fitted on 51 HSPiP Si compounds, only 7 measured, all much smaller than the monomers)",0.0,16.979012719379693,16.979012719379693,4.465037432838858,4.465037432838858,3.3276530924111167,3.3276530924111167
C=CCC(O[Si](c1ccccc1)(c1ccccc1)C(C)(C)C)[C@H](O)CO[Si](C)(C)C(C)(C)C,C=CCC(O[Si](c1ccccc1)(c1ccccc1)C(C)(C)C)[C@@H](CO[Si](C)(C)C(C)(C)C)OC(=O)[C@@H]1[C@H](C(=O)O[C@H](CO[Si](C)(C)C(C)(C)C)C(CC=C)O[Si](c2ccccc2)(c2ccccc2)C(C)(C)C)[C@@H]2C=C[C@@H]1C2,ester,Sigma-Aldrich,monoalcohol,484.829,False,,0,22.4747,-8.7814,9.3054,4,True,4,True,0,0,0,True,,16.393586811046024,2.5658887437419504,2.2171034410942463,1159.8481384072402,16.722537855648852,2.2848695139628066,3.8328980597176763,0.0,16.0,,gc_formula_si,"Si monomer: HSP NOT reliable (Si groups fitted on 51 HSPiP Si compounds, only 7 measured, all much smaller than the monomers)",0.0,16.393586811046024,16.393586811046024,2.5658887437419504,2.5658887437419504,2.2171034410942463,2.2171034410942463
CC(C)(C)[Si](C)(C)OC[C@](C)(O)CCCOCc1ccccc1,CC(C)(C)[Si](C)(C)OC[C@@](C)(CCCOCc1ccccc1)OC(=O)[C@@H]1[C@H](C(=O)O[C@](C)(CCCOCc2ccccc2)CO[Si](C)(C)C(C)(C)C)[C@@H]2C=C[C@@H]1C2,ester,Sigma-Aldrich,monoalcohol,338.564,False,,0,17.3093,-5.5886,6.14,0,True,2,True,0,0,0,True,,16.19079102222297,3.365867325457372,3.3288079626050675,868.3068050563523,15.510238435671146,5.593681789005514,5.4106387638325675,0.0,8.0,,gc_formula_si,"Si monomer: HSP NOT reliable (Si groups fitted on 51 HSPiP Si compounds, only 7 measured, all much smaller than the monomers)",0.0,16.19079102222297,16.19079102222297,3.365867325457372,3.365867325457372,3.3288079626050675,3.3288079626050675
C=C1CC[C@H](O[Si](C)(C)C(C)(C)C)[C@@]2(C)C(=O)[C@H](OCc3ccc(OC)cc3)C3CCC(O)(C(=O)[C@@H](OC(=O)c4ccccc4)[C@H]12)C3(C)C,C=C1CC[C@H](O[Si](C)(C)C(C)(C)C)[C@@]2(C)C(=O)[C@H](OCc3ccc(OC)cc3)C3CCC(OC(=O)[C@@H]4[C@H](C(=O)OC56CCC([C@@H](OCc7ccc(OC)cc7)C(=O)[C@]7(C)[C@@H](O[Si](C)(C)C(C)(C)C)CCC(=C)[C@H]7[C@H](OC(=O)c7ccccc7)C5=O)C6(C)C)[C@@H]5C=C[C@@H]4C5)(C(=O)[C@@H](OC(=O)c4ccccc4)[C@H]12)C3(C)C,ester,Sigma-Aldrich,monoalcohol,690.95,False,,0,22.8819,-6.0954,10.862,0,True,2,True,4,6,6,True,,17.29776900015837,5.6707491038117865,3.726816145224021,1439.490977333357,21.68006548586184,9.23328834508505,9.416082805049344,0.0,8.0,,gc_formula_si,"Si monomer: HSP NOT reliable (Si groups fitted on 51 HSPiP Si compounds, only 7 measured, all much smaller than the monomers)",0.0,17.29776900015837,17.29776900015837,5.6707491038117865,5.6707491038117865,3.726816145224021,3.726816145224021
COc1ccc(CO[C@H]2C(=O)[C@]3(C)[C@@H](O[Si](C)(C)C(C)(C)C)CC[C@@]4(CO4)[C@H]3[C@H](O)C(=O)C3(O)CCC2C3(C)C)cc1,COc1ccc(CO[C@H]2C(=O)[C@]3(C)[C@@H](O[Si](C)(C)C(C)(C)C)CC[C@@]4(CO4)[C@H]3[C@H](O)C(=O)C3(OC(=O)[C@@H]4[C@H](C(=O)OC56CCC([C@@H](OCc7ccc(OC)cc7)C(=O)[C@]7(C)[C@@H](O[Si](C)(C)C(C)(C)C)CC[C@@]8(CO8)[C@H]7[C@H](O)C5=O)C6(C)C)[C@@H]5C=C[C@@H]4C5)CCC2C3(C)C)cc1,ester,Sigma-Aldrich,diol,602.841,False,,0,24.0267,-7.297,5.7091,0,True,2,True,4,4,6,True,,17.22334668831572,5.920508529292097,4.43971616954888,1247.8664048309536,20.516726800619075,11.466851565249337,9.216204967352066,0.0,8.0,,gc_formula_si,"Si monomer: HSP NOT reliable (Si groups fitted on 51 HSPiP Si compounds, only 7 measured, all much smaller than the monomers)",0.0,17.22334668831572,17.22334668831572,5.920508529292097,5.920508529292097,4.43971616954888,4.43971616954888
C=C1CC[C@H](O[Si](C)(C)C(C)(C)C)[C@]2(C)[C@@H]1/C=C(/OCc1ccccc1)C1(O)CCC([C@@H](OCc3ccc(OC)cc3)[C@H]2O)C1(C)C,C=C1CC[C@H](O[Si](C)(C)C(C)(C)C)[C@]2(C)[C@@H]1/C=C(/OCc1ccccc1)C1(O)CCC([C@@H](OCc3ccc(OC)cc3)[C@H]2OC(=O)[C@@H]2[C@H](C(=O)O[C@@H]3[C@H](OCc4ccc(OC)cc4)C4CCC(O)(/C(OCc5ccccc5)=C\[C@@H]5C(=C)CC[C@H](O[Si](C)(C)C(C)(C)C)[C@]53C)C4(C)C)[C@@H]3C=C[C@@H]2C3)C1(C)C,ester,Sigma-Aldrich,diol,662.984,False,,0,25.8959,-6.4998,10.0566,0,True,2,True,0,2,2,True,,17.37366534901411,3.827400286818238,4.218175835906522,1406.7297470961387,20.861094365883456,11.869011036306357,10.8812343544568,0.0,8.0,,gc_formula_si,"Si monomer: HSP NOT reliable (Si groups fitted on 51 HSPiP Si compounds, only 7 measured, all much smaller than the monomers)",0.0,17.37366534901411,17.37366534901411,3.827400286818238,3.827400286818238,4.218175835906522,4.218175835906522
CC1(C)[C@@H](O)[C@H](O)[C@@H]1O[Si](C)(C)C(C)(C)C,CC1(C)[C@@H](O)[C@H](OC(=O)[C@@H]2[C@H](C(=O)O[C@H]3[C@H](O)C(C)(C)[C@H]3O[Si](C)(C)C(C)(C)C)[C@@H]3C=C[C@@H]2C3)[C@@H]1O[Si](C)(C)C(C)(C)C,ester,Sigma-Aldrich,diol,246.423,False,,0,16.7976,-2.6688,14.3451,0,True,2,True,0,0,0,True,,15.6912996042273,4.090372175329508,3.4395310141711297,663.8876656934907,11.826429393415916,6.000265885705858,1.9085777908445314,0.0,8.0,,gc_formula_si,"Si monomer: HSP NOT reliable (Si groups fitted on 51 HSPiP Si compounds, only 7 measured, all much smaller than the monomers)",0.0,15.6912996042273,15.6912996042273,4.090372175329508,4.090372175329508,3.4395310141711297,3.4395310141711297
CC(C)(C)[Si](C)(C)O[C@@H]1CCCC12O[C@@H](n1ccc(=O)[nH]c1=O)[C@H](O)[C@@H]2O,CC(C)(C)[Si](C)(C)O[C@@H]1CCCC12O[C@@H](n1ccc(=O)[nH]c1=O)[C@H](OC(=O)[C@@H]1[C@H](C(=O)O[C@H]3[C@H](n4ccc(=O)[nH]c4=O)OC4(CCC[C@H]4O[Si](C)(C)C(C)(C)C)[C@H]3O)[C@@H]3C=C[C@@H]1C3)[C@@H]2O,ester,Sigma-Aldrich,diol,398.532,False,,0,23.0583,6.3106,14.4511,8,True,2,True,0,0,0,True,,17.20530827461759,7.034545456499326,6.055244680318336,840.4682074111878,19.77773993051956,10.985923476704127,3.5463159377781217,0.0,16.0,,gc_formula_si,"Si monomer: HSP NOT reliable (Si groups fitted on 51 HSPiP Si compounds, only 7 measured, all much smaller than the monomers)",0.0,17.20530827461759,17.20530827461759,7.034545456499326,7.034545456499326,6.055244680318336,6.055244680318336
CC(C)(C)[Si](C)(C)O[C@H]1C[C@H](n2cnc3c(N)ncnc32)OC12CCC[C@H]2O[Si](C)(C)C(C)(C)C,CC(C)(C)[Si](C)(C)O[C@H]1C[C@H](n2cnc3c(NC(=O)[C@@H]4[C@H](C(=O)Nc5ncnc6c5ncn6[C@H]5C[C@H](O[Si](C)(C)C(C)(C)C)C6(CCC[C@H]6O[Si](C)(C)C(C)(C)C)O5)[C@@H]5C=C[C@@H]4C5)ncnc32)OC12CCC[C@H]2O[Si](C)(C)C(C)(C)C,amide,Sigma-Aldrich,monoamine,519.839,False,,0,20.417,-13.9302,5.0674,10,True,4,True,0,0,0,True,,16.862149960063277,6.923631794414244,4.522975638038348,1127.4215403733197,17.18400287225391,2.9494526842580098,4.860833124557596,0.0,26.0,,gc_formula_si,"Si monomer: HSP NOT reliable (Si groups fitted on 51 HSPiP Si compounds, only 7 measured, all much smaller than the monomers)",0.0,16.862149960063277,16.862149960063277,6.923631794414244,6.923631794414244,4.522975638038348,4.522975638038348
CC(C)(C)[Si](C)(C)O[C@H]1CCCC12OC(=O)C[C@@H]2O,CC(C)(C)[Si](C)(C)O[C@H]1CCCC12OC(=O)C[C@@H]2OC(=O)[C@@H]1[C@H](C(=O)O[C@H]2CC(=O)OC23CCC[C@@H]3O[Si](C)(C)C(C)(C)C)[C@@H]2C=C[C@@H]1C2,ester,Sigma-Aldrich,monoalcohol,286.444,False,,0,19.0081,18.6016,5.2938,0,True,2,True,0,0,0,True,,16.34749064555398,5.835464770570592,3.7656308164360737,685.1500237399938,16.515333136496693,4.44791232705705,4.3320513221883985,0.0,8.0,,gc_formula_si,"Si monomer: HSP NOT reliable (Si groups fitted on 51 HSPiP Si compounds, only 7 measured, all much smaller than the monomers)",0.0,16.34749064555398,16.34749064555398,5.835464770570592,5.835464770570592,3.7656308164360737,3.7656308164360737
CC(C)(C)[Si](C)(C)O[C@H]1CCCC12OC(=O)[C@H](O)[C@@H]2O,CC(C)(C)[Si](C)(C)O[C@H]1CCCC12OC(=O)[C@H](OC(=O)[C@@H]1[C@H](C(=O)O[C@H]3C(=O)OC4(CCC[C@@H]4O[Si](C)(C)C(C)(C)C)[C@H]3O)[C@@H]3C=C[C@@H]1C3)[C@@H]2O,ester,Sigma-Aldrich,diol,302.443,False,,0,16.5316,10.8314,17.4795,0,True,2,True,0,0,0,True,,16.302007055479564,6.447516275747858,4.452658207674826,746.4177344769003,15.824579215868045,4.591409432002416,4.699171925870016,0.0,8.0,,gc_formula_si,"Si monomer: HSP NOT reliable (Si groups fitted on 51 HSPiP Si compounds, only 7 measured, all much smaller than the monomers)",0.0,16.302007055479564,16.302007055479564,6.447516275747858,6.447516275747858,4.452658207674826,4.452658207674826
CC(C)(C)[Si](C)(C)OC1C2OC3OC(C2O)C(OC(=O)OCc2ccccc2)C1O3,CC(C)(C)[Si](C)(C)OC1C2OC3OC(C2OC(=O)OCc2ccccc2)C(OC(=O)[C@@H]2[C@H](C(=O)OC4C5OC6OC(C5OC(=O)OCc5ccccc5)C(O[Si](C)(C)C(C)(C)C)C4O6)[C@@H]4C=C[C@@H]2C4)C1O3,ester,Sigma-Aldrich,monoalcohol,438.549,False,,0,25.1661,17.8582,4.6885,0,True,2,True,0,0,2,True,,17.066923024212205,4.617702930981151,4.204354371292956,921.2601916648082,18.93079330467678,8.668133121055837,8.741234256890067,0.0,8.0,,gc_formula_si,"Si monomer: HSP NOT reliable (Si groups fitted on 51 HSPiP Si compounds, only 7 measured, all much smaller than the monomers)",0.0,17.066923024212205,17.066923024212205,4.617702930981151,4.617702930981151,4.204354371292956,4.204354371292956
C=C[C@@]1(CO[Si](c2ccccc2)(c2ccccc2)C(C)(C)C)C[C@@H](O)C(OC)O1,C=C[C@@]1(CO[Si](c2ccccc2)(c2ccccc2)C(C)(C)C)C[C@@H](OC(=O)[C@@H]2[C@H](C(=O)O[C@@H]3C[C@@](C=C)(CO[Si](c4ccccc4)(c4ccccc4)C(C)(C)C)OC3OC)[C@@H]3C=C[C@@H]2C3)C(OC)O1,ester,Sigma-Aldrich,monoalcohol,412.602,False,,0,26.1656,12.1604,6.8678,4,True,2,True,0,2,0,True,,17.336436445078192,3.355820208621907,3.5635301374606754,916.6959462408365,20.607304144142024,5.312256027293456,8.360454435738774,0.0,8.0,,gc_formula_si,"Si monomer: HSP NOT reliable (Si groups fitted on 51 HSPiP Si compounds, only 7 measured, all much smaller than the monomers)",0.0,17.336436445078192,17.336436445078192,3.355820208621907,3.355820208621907,3.5635301374606754,3.5635301374606754
COc1ccc(CO[C@H](CCCO)[C@@H](C)O[Si](c2ccccc2)(c2ccccc2)C(C)(C)C)cc1,COc1ccc(CO[C@H](CCCOC(=O)[C@@H]2[C@H](C(=O)OCCC[C@@H](OCc3ccc(OC)cc3)[C@@H](C)O[Si](c3ccccc3)(c3ccccc3)C(C)(C)C)[C@@H]3C=C[C@@H]2C3)[C@@H](C)O[Si](c2ccccc2)(c2ccccc2)C(C)(C)C)cc1,ester,Sigma-Aldrich,monoalcohol,492.732,False,,0,26.9892,4.749,7.2128,0,True,2,True,0,0,0,True,,17.758692452338195,3.5136782057181764,3.7596248210001253,1074.8849941678861,22.824863041283212,4.951091318938622,7.864051213997557,0.0,4.0,,gc_formula_si,"Si monomer: HSP NOT reliable (Si groups fitted on 51 HSPiP Si compounds, only 7 measured, all much smaller than the monomers)",0.0,17.758692452338195,17.758692452338195,3.5136782057181764,3.5136782057181764,3.7596248210001253,3.7596248210001253
C=C[C@@H]1C[C@H](O[Si](c2ccccc2)(c2ccccc2)C(C)(C)C)[C@@H]1O,C=C[C@@H]1C[C@H](O[Si](c2ccccc2)(c2ccccc2)C(C)(C)C)[C@@H]1OC(=O)[C@@H]1[C@H](C(=O)O[C@@H]2[C@H](C=C)C[C@@H]2O[Si](c2ccccc2)(c2ccccc2)C(C)(C)C)[C@@H]2C=C[C@@H]1C2,ester,Sigma-Aldrich,monoalcohol,352.55,False,,0,25.5539,7.018,7.145,4,True,2,True,0,2,0,True,,17.463586847988964,2.786388744898224,2.8817671671403913,824.06226960257,20.719879988373236,2.4611906967943247,5.100634676586856,0.0,8.0,,gc_formula_si,"Si monomer: HSP NOT reliable (Si groups fitted on 51 HSPiP Si compounds, only 7 measured, all much smaller than the monomers)",0.0,17.463586847988964,17.463586847988964,2.786388744898224,2.786388744898224,2.8817671671403913,2.8817671671403913
COCOC[C@](C)(O)[C@H](COC(C)=O)O[Si](C(C)C)(C(C)C)C(C)C,COCOC[C@](C)(OC(=O)[C@@H]1[C@H](C(=O)O[C@@](C)(COCOC)[C@H](COC(C)=O)O[Si](C(C)C)(C(C)C)C(C)C)[C@@H]2C=C[C@@H]1C2)[C@H](COC(C)=O)O[Si](C(C)C)(C(C)C)C(C)C,ester,Sigma-Aldrich,monoalcohol,378.582,False,,0,12.7103,3.5474,3.0233,0,True,2,True,0,0,0,True,,15.583525402415445,3.824598250297401,4.573575055861925,953.9619521116605,10.703039765384782,7.5391361816763665,7.671615779772268,0.0,4.0,,gc_formula_si,"Si monomer: HSP NOT reliable (Si groups fitted on 51 HSPiP Si compounds, only 7 measured, all much smaller than the monomers)",0.0,15.583525402415445,15.583525402415445,3.824598250297401,3.824598250297401,4.573575055861925,4.573575055861925
COCO[C@](C)(CCCO)CO[Si](C)(C)C(C)(C)C,COCO[C@](C)(CCCOC(=O)[C@@H]1[C@H](C(=O)OCCC[C@](C)(CO[Si](C)(C)C(C)(C)C)OCOC)[C@@H]2C=C[C@@H]1C2)CO[Si](C)(C)C(C)(C)C,ester,Sigma-Aldrich,monoalcohol,292.492,False,,0,15.9068,8.5696,6.5486,0,True,2,True,0,0,0,True,,15.529001944776251,3.584518686739706,3.662331117888186,746.8011155252781,11.63974631024488,5.967247362084944,5.257614066093916,0.0,8.0,,gc_formula_si,"Si monomer: HSP NOT reliable (Si groups fitted on 51 HSPiP Si compounds, only 7 measured, all much smaller than the monomers)",0.0,15.529001944776251,15.529001944776251,3.584518686739706,3.584518686739706,3.662331117888186,3.662331117888186
C=CC12CCC(C(OCc3ccc(OC)cc3)C1(O)/C=C\C(=C)CCCO[Si](C)(C)C(C)(C)C)C2(C)C,C=CC12CCC(C(OCc3ccc(OC)cc3)C1(/C=C\C(=C)CCCO[Si](C)(C)C(C)(C)C)OC(=O)[C@@H]1[C@H](C(=O)OC3(/C=C\C(=C)CCCO[Si](C)(C)C(C)(C)C)C(OCc4ccc(OC)cc4)C4CCC3(C=C)C4(C)C)[C@@H]3C=C[C@@H]1C3)C2(C)C,ester,Sigma-Aldrich,monoalcohol,526.834,False,,0,20.3898,-7.2534,11.0882,4,True,2,True,0,4,0,True,,16.636201219865093,3.241745683255289,3.4815541322497636,1230.3464373781828,16.520328357627353,6.663327222312896,7.2536318561353035,0.0,12.0,,gc_formula_si,"Si monomer: HSP NOT reliable (Si groups fitted on 51 HSPiP Si compounds, only 7 measured, all much smaller than the monomers)",0.0,16.636201219865093,16.636201219865093,3.241745683255289,3.241745683255289,3.4815541322497636,3.4815541322497636
C[C@H](C(=O)N1C(=O)OC[C@@H]1Cc1ccccc1)[C@H](O)CCCCO[Si](C)(C)C(C)(C)C,C[C@H](C(=O)N1C(=O)OC[C@@H]1Cc1ccccc1)[C@@H](CCCCO[Si](C)(C)C(C)(C)C)OC(=O)[C@@H]1[C@H](C(=O)O[C@H](CCCCO[Si](C)(C)C(C)(C)C)[C@H](C)C(=O)N2C(=O)OC[C@@H]2Cc2ccccc2)[C@@H]2C=C[C@@H]1C2,ester,Sigma-Aldrich,monoalcohol,449.664,False,,0,21.4563,14.9742,7.0956,0,True,2,True,0,0,0,True,,16.93861252843013,6.426854895336,4.4389321300255284,1011.2068854695423,19.386551674983984,3.744127616055401,8.27642005217736,0.0,8.0,,gc_formula_si,"Si monomer: HSP NOT reliable (Si groups fitted on 51 HSPiP Si compounds, only 7 measured, all much smaller than the monomers)",0.0,16.93861252843013,16.93861252843013,6.426854895336,6.426854895336,4.4389321300255284,4.4389321300255284
C[C@H](CO)[C@H](O)CCCCO[Si](C)(C)C(C)(C)C,C[C@H](COC(=O)[C@@H]1[C@H](C(=O)OC[C@@H](C)[C@H](O)CCCCO[Si](C)(C)C(C)(C)C)[C@@H]2C=C[C@@H]1C2)[C@H](O)CCCCO[Si](C)(C)C(C)(C)C,ester,Sigma-Aldrich,diol,276.493,False,,0,15.8309,6.5998,10.7393,0,True,2,True,0,0,0,True,,15.776549646314711,3.859947456065535,5.588540878528831,719.7393671971843,12.880128064812068,6.19983618139003,3.8184233786114214,0.0,8.0,,gc_formula_si,"Si monomer: HSP NOT reliable (Si groups fitted on 51 HSPiP Si compounds, only 7 measured, all much smaller than the monomers)",0.0,15.776549646314711,15.776549646314711,3.859947456065535,3.859947456065535,5.588540878528831,5.588540878528831
C[C@H](CO)[C@@H](CCCCO[Si](C)(C)C(C)(C)C)O[Si](C)(C)C(C)(C)C,C[C@H](COC(=O)[C@@H]1[C@H](C(=O)OC[C@@H](C)[C@@H](CCCCO[Si](C)(C)C(C)(C)C)O[Si](C)(C)C(C)(C)C)[C@@H]2C=C[C@@H]1C2)[C@@H](CCCCO[Si](C)(C)C(C)(C)C)O[Si](C)(C)C(C)(C)C,ester,Sigma-Aldrich,monoalcohol,390.757,False,,0,11.7219,-9.171,8.7702,0,True,4,True,0,0,0,True,,15.03604327999804,2.5190056077628813,1.556729086622012,1032.3870251735098,0.0,2.4782947827028625,0.0,0.0,16.0,,gc_formula_si,"Si monomer: HSP NOT reliable (Si groups fitted on 51 HSPiP Si compounds, only 7 measured, all much smaller than the monomers)",0.0,15.03604327999804,15.03604327999804,2.5190056077628813,2.5190056077628813,1.556729086622012,1.556729086622012
CC(C)[C@@H]1CSC(=S)N1C(=O)C[C@H](O)[C@@H](C)[C@@H](CCCCO[Si](C)(C)C(C)(C)C)O[Si](C)(C)C(C)(C)C,CC(C)[C@@H]1CSC(=S)N1C(=O)C[C@H](OC(=O)[C@@H]1[C@H](C(=O)O[C@@H](CC(=O)N2C(=S)SC[C@H]2C(C)C)[C@@H](C)[C@@H](CCCCO[Si](C)(C)C(C)(C)C)O[Si](C)(C)C(C)(C)C)[C@@H]2C=C[C@@H]1C2)[C@@H](C)[C@@H](CCCCO[Si](C)(C)C(C)(C)C)O[Si](C)(C)C(C)(C)C,ester,Sigma-Aldrich,monoalcohol,592.073,False,,0,18.3441,-9.246,10.47,0,True,4,True,0,0,0,True,,15.961703592349448,5.483072576894187,4.622136524283995,1378.968451286522,14.677990443305454,5.100081709343394,4.4237915555929135,0.0,16.0,,gc_formula_si,"Si monomer: HSP NOT reliable (Si groups fitted on 51 HSPiP Si compounds, only 7 measured, all much smaller than the monomers)",0.0,15.961703592349448,15.961703592349448,5.483072576894187,5.483072576894187,4.622136524283995,4.622136524283995
CO[C@H]1O[C@H](CO[Si](c2ccccc2)(c2ccccc2)C(C)(C)C)[C@@H](O)[C@@H](O)[C@@H]1C,CO[C@H]1O[C@H](CO[Si](c2ccccc2)(c2ccccc2)C(C)(C)C)[C@@H](OC(=O)[C@@H]2[C@H](C(=O)O[C@H]3[C@@H](O)[C@H](C)[C@@H](OC)O[C@@H]3CO[Si](c3ccccc3)(c3ccccc3)C(C)(C)C)[C@@H]3C=C[C@@H]2C3)[C@@H](O)[C@@H]1C,ester,Sigma-Aldrich,diol,430.617,False,,0,25.5821,4.4582,11.0891,0,True,2,True,0,0,0,True,,17.343614303177628,4.0873949030418,4.036433497857069,950.231436618621,20.513444752998257,7.423244634259985,7.402274714055163,0.0,4.0,,gc_formula_si,"Si monomer: HSP NOT reliable (Si groups fitted on 51 HSPiP Si compounds, only 7 measured, all much smaller than the monomers)",0.0,17.343614303177628,17.343614303177628,4.0873949030418,4.0873949030418,4.036433497857069,4.036433497857069
CC(C)(C)[Si](C)(C)OC/C=C\CO,CC(C)(C)[Si](C)(C)OC/C=C\COC(=O)[C@@H]1[C@H](C(=O)OC/C=C\CO[Si](C)(C)C(C)(C)C)[C@@H]2C=C[C@@H]1C2,ester,Sigma-Aldrich,monoalcohol,202.37,False,,0,14.7144,-1.3452,7.6428,0,True,2,True,0,0,0,True,,15.65203165358079,3.2996407024040164,3.2090923398077535,569.0518280966594,13.376576964249303,4.315979205439884,4.171923298350638,0.0,8.0,,gc_formula_si,"Si monomer: HSP NOT reliable (Si groups fitted on 51 HSPiP Si compounds, only 7 measured, all much smaller than the monomers)",0.0,15.65203165358079,15.65203165358079,3.2996407024040164,3.2996407024040164,3.2090923398077535,3.2090923398077535
C[C@@H](CO)[C@@H](O)CO[Si](C)(C)C(C)(C)C,C[C@@H](COC(=O)[C@@H]1[C@H](C(=O)OC[C@H](C)[C@@H](O)CO[Si](C)(C)C(C)(C)C)[C@@H]2C=C[C@@H]1C2)[C@@H](O)CO[Si](C)(C)C(C)(C)C,ester,Sigma-Aldrich,diol,234.412,False,,0,15.7422,8.4844,13.0655,0,True,2,True,0,0,0,True,,15.669401795474275,4.1849374915662025,6.029023550396374,619.2700817900561,12.940595129890772,6.508093331176596,5.9359830493841095,0.0,8.0,,gc_formula_si,"Si monomer: HSP NOT reliable (Si groups fitted on 51 HSPiP Si compounds, only 7 measured, all much smaller than the monomers)",0.0,15.669401795474275,15.669401795474275,4.1849374915662025,4.1849374915662025,6.029023550396374,6.029023550396374
CCOC(=O)C(CC(C)[C@H](O)CO[Si](C)(C)C(C)(C)C)P(=O)(OCC)OCC,CCOC(=O)C(CC(C)[C@@H](CO[Si](C)(C)C(C)(C)C)OC(=O)[C@@H]1[C@H](C(=O)O[C@H](CO[Si](C)(C)C(C)(C)C)C(C)CC(C(=O)OCC)P(=O)(OCC)OCC)[C@@H]2C=C[C@@H]1C2)P(=O)(OCC)OCC,ester,Sigma-Aldrich,monoalcohol,440.59,False,,0,8.8605,5.3322,9.8732,4,True,2,True,0,0,0,True,,15.933858277136286,6.549945283903806,5.185553378976645,1006.1989638881425,12.66402820435102,8.320792914781697,5.662821656645071,0.0,12.0,,gc_formula_si,"Si monomer: HSP NOT reliable (Si groups fitted on 51 HSPiP Si compounds, only 7 measured, all much smaller than the monomers)",0.0,15.933858277136286,15.933858277136286,6.549945283903806,6.549945283903806,5.185553378976645,5.185553378976645
CC(C)(C)[Si](C)(C)OC[C@@H]1O[C@@H]1CO,CC(C)(C)[Si](C)(C)OC[C@@H]1O[C@@H]1COC(=O)[C@@H]1[C@H](C(=O)OC[C@H]2O[C@H]2CO[Si](C)(C)C(C)(C)C)[C@@H]2C=C[C@@H]1C2,ester,Sigma-Aldrich,monoalcohol,218.369,False,,0,18.1617,11.1726,5.8788,0,True,2,True,0,0,0,True,,15.723370375494516,3.8859227807146604,3.3458520033388917,568.423292139914,13.242237610973579,5.892077727233231,4.388837453934072,0.0,8.0,,gc_formula_si,"Si monomer: HSP NOT reliable (Si groups fitted on 51 HSPiP Si compounds, only 7 measured, all much smaller than the monomers)",0.0,15.723370375494516,15.723370375494516,3.8859227807146604,3.8859227807146604,3.3458520033388917,3.3458520033388917
C[C@H]1C[C@@](O)(CO[Si](C)(C)C(C)(C)C)[C@@H](C#N)C[C@@H]1C(=O)N1C2CC3CCC2(CS1(=O)=O)C3(C)C,C[C@H]1C[C@](CO[Si](C)(C)C(C)(C)C)(OC(=O)[C@@H]2[C@H](C(=O)O[C@@]3(CO[Si](C)(C)C(C)(C)C)C[C@H](C)[C@@H](C(=O)N4C5CC6CCC5(CS4(=O)=O)C6(C)C)C[C@@H]3C#N)[C@@H]3C=C[C@@H]2C3)[C@@H](C#N)C[C@@H]1C(=O)N1C2CC3CCC2(CS1(=O)=O)C3(C)C,ester,Sigma-Aldrich,monoalcohol,524.8,False,,0,24.0869,28.3756,8.8688,0,True,2,True,0,0,2,True,,16.790598383617166,7.86348482178018,4.478491860204125,1114.9854144284468,19.124252628111215,14.006909501248803,4.575029033723297,0.0,8.0,,gc_formula_si,"Si monomer: HSP NOT reliable (Si groups fitted on 51 HSPiP Si compounds, only 7 measured, all much smaller than the monomers)",0.0,16.790598383617166,16.790598383617166,7.86348482178018,7.86348482178018,4.478491860204125,4.478491860204125
CC(C)(C)[Si](C)(C)OC/C=C/CO,CC(C)(C)[Si](C)(C)OC/C=C/COC(=O)[C@@H]1[C@H](C(=O)OC/C=C/CO[Si](C)(C)C(C)(C)C)[C@@H]2C=C[C@@H]1C2,ester,Sigma-Aldrich,monoalcohol,202.37,False,,0,14.7144,-1.3452,7.6428,0,True,2,True,0,0,0,True,,15.65203165358079,3.2996407024040164,3.2090923398077535,569.0518280966594,13.376576964249303,4.315979205439884,4.171923298350638,0.0,8.0,,gc_formula_si,"Si monomer: HSP NOT reliable (Si groups fitted on 51 HSPiP Si compounds, only 7 measured, all much smaller than the monomers)",0.0,15.65203165358079,15.65203165358079,3.2996407024040164,3.2996407024040164,3.2090923398077535,3.2090923398077535
C[C@@H](CO)[C@H](O)CO[Si](C)(C)C(C)(C)C,C[C@@H](COC(=O)[C@@H]1[C@H](C(=O)OC[C@H](C)[C@H](O)CO[Si](C)(C)C(C)(C)C)[C@@H]2C=C[C@@H]1C2)[C@H](O)CO[Si](C)(C)C(C)(C)C,ester,Sigma-Aldrich,diol,234.412,False,,0,15.7422,8.4844,13.0655,0,True,2,True,0,0,0,True,,15.669401795474275,4.1849374915662025,6.029023550396374,619.2700817900561,12.940595129890772,6.508093331176596,5.9359830493841095,0.0,8.0,,gc_formula_si,"Si monomer: HSP NOT reliable (Si groups fitted on 51 HSPiP Si compounds, only 7 measured, all much smaller than the monomers)",0.0,15.669401795474275,15.669401795474275,4.1849374915662025,4.1849374915662025,6.029023550396374,6.029023550396374
CC(C)(C)[Si](C)(C)OC[C@H]1O[C@@H]1CO,CC(C)(C)[Si](C)(C)OC[C@H]1O[C@@H]1COC(=O)[C@@H]1[C@H](C(=O)OC[C@H]2O[C@@H]2CO[Si](C)(C)C(C)(C)C)[C@@H]2C=C[C@@H]1C2,ester,Sigma-Aldrich,monoalcohol,218.369,False,,0,18.1617,11.1726,5.8788,0,True,2,True,0,0,0,True,,15.723370375494516,3.8859227807146604,3.3458520033388917,568.423292139914,13.242237610973579,5.892077727233231,4.388837453934072,0.0,8.0,,gc_formula_si,"Si monomer: HSP NOT reliable (Si groups fitted on 51 HSPiP Si compounds, only 7 measured, all much smaller than the monomers)",0.0,15.723370375494516,15.723370375494516,3.8859227807146604,3.8859227807146604,3.3458520033388917,3.3458520033388917
C=C[C@@H](C)C[C@@H](C)[C@@H](O[Si](C)(C)C(C)(C)C)[C@H](COCc1ccc(OC)cc1)[C@@H](O)CC(=O)OC(C)(C)C,C=C[C@@H](C)C[C@@H](C)[C@@H](O[Si](C)(C)C(C)(C)C)[C@H](COCc1ccc(OC)cc1)[C@H](CC(=O)OC(C)(C)C)OC(=O)[C@@H]1[C@H](C(=O)O[C@@H](CC(=O)OC(C)(C)C)[C@@H](COCc2ccc(OC)cc2)[C@H](O[Si](C)(C)C(C)(C)C)[C@H](C)C[C@H](C)C=C)[C@@H]2C=C[C@@H]1C2,ester,Sigma-Aldrich,monoalcohol,550.853,False,,0,19.3512,9.9708,8.8482,4,True,2,True,0,2,0,True,,16.223900297228763,3.5723389484716472,3.8916339437197744,1293.5520536031677,12.966532083092721,6.272802436441768,7.318423091507486,0.0,12.0,,gc_formula_si,"Si monomer: HSP NOT reliable (Si groups fitted on 51 HSPiP Si compounds, only 7 measured, all much smaller than the monomers)",0.0,16.223900297228763,16.223900297228763,3.5723389484716472,3.5723389484716472,3.8916339437197744,3.8916339437197744
CON(C)C(=O)C[C@H](O)[C@@H](C)[C@@H](CCCCO[Si](C)(C)C(C)(C)C)O[Si](C)(C)C(C)(C)C,CON(C)C(=O)C[C@H](OC(=O)[C@@H]1[C@H](C(=O)O[C@@H](CC(=O)N(C)OC)[C@@H](C)[C@@H](CCCCO[Si](C)(C)C(C)(C)C)O[Si](C)(C)C(C)(C)C)[C@@H]2C=C[C@@H]1C2)[C@@H](C)[C@@H](CCCCO[Si](C)(C)C(C)(C)C)O[Si](C)(C)C(C)(C)C,ester,Sigma-Aldrich,monoalcohol,491.862,False,,0,10.3914,-11.5846,9.0254,0,True,4,True,0,0,0,True,,15.30335843572433,4.437406719398071,3.151843485623327,1221.7672609766619,0.0,6.233905551048181,3.998996709432304,0.0,16.0,,gc_formula_si,"Si monomer: HSP NOT reliable (Si groups fitted on 51 HSPiP Si compounds, only 7 measured, all much smaller than the monomers)",0.0,15.30335843572433,15.30335843572433,4.437406719398071,4.437406719398071,3.151843485623327,3.151843485623327
COC(OC)[C@@H](C)[C@@H](O)CO[Si](C)(C)C(C)(C)C,COC(OC)[C@@H](C)[C@H](CO[Si](C)(C)C(C)(C)C)OC(=O)[C@@H]1[C@H](C(=O)O[C@@H](CO[Si](C)(C)C(C)(C)C)[C@H](C)C(OC)OC)[C@@H]2C=C[C@@H]1C2,ester,Sigma-Aldrich,monoalcohol,278.465,False,,0,14.141,6.588,7.5674,0,True,2,True,0,0,0,True,,15.373271116920607,3.5861073773815133,3.8648584057657813,741.8537896935269,10.364487730032819,5.190259607804009,4.517370775028579,0.0,8.0,,gc_formula_si,"Si monomer: HSP NOT reliable (Si groups fitted on 51 HSPiP Si compounds, only 7 measured, all much smaller than the monomers)",0.0,15.373271116920607,15.373271116920607,3.5861073773815133,3.5861073773815133,3.8648584057657813,3.8648584057657813
C=C[C@@H](C)[C@@H](O)CO[Si](C)(C)C(C)(C)C,C=C[C@@H](C)[C@H](CO[Si](C)(C)C(C)(C)C)OC(=O)[C@@H]1[C@H](C(=O)O[C@@H](CO[Si](C)(C)C(C)(C)C)[C@H](C)C=C)[C@@H]2C=C[C@@H]1C2,ester,Sigma-Aldrich,monoalcohol,230.424,False,,0,14.4459,4.6836,7.9746,4,True,2,True,0,2,0,True,,15.285279069021994,3.078991904869288,3.1179346340347345,668.786676382423,10.688360828370884,3.470959308715757,3.0601057622601058,0.0,12.0,,gc_formula_si,"Si monomer: HSP NOT reliable (Si groups fitted on 51 HSPiP Si compounds, only 7 measured, all much smaller than the monomers)",0.0,15.285279069021994,15.285279069021994,3.078991904869288,3.078991904869288,3.1179346340347345,3.1179346340347345
CC(C)[Si](O[C@@H](CCO)[C@@H](C)[C@@H](CCCCO[Si](C)(C)C(C)(C)C)O[Si](C)(C)C(C)(C)C)(C(C)C)C(C)C,CC(C)[Si](O[C@@H](CCOC(=O)[C@@H]1[C@H](C(=O)OCC[C@H](O[Si](C(C)C)(C(C)C)C(C)C)[C@@H](C)[C@@H](CCCCO[Si](C)(C)C(C)(C)C)O[Si](C)(C)C(C)(C)C)[C@@H]2C=C[C@@H]1C2)[C@@H](C)[C@@H](CCCCO[Si](C)(C)C(C)(C)C)O[Si](C)(C)C(C)(C)C)(C(C)C)C(C)C,ester,Sigma-Aldrich,monoalcohol,591.155,False,,0,4.9378,-12.7378,12.1442,0,True,6,True,0,0,0,True,,14.909765505686822,2.0972511080207075,0.30309312632419505,1516.1729656907423,0.0,0.6896629956600484,0.0,0.0,20.0,,gc_formula_si,"Si monomer: HSP NOT reliable (Si groups fitted on 51 HSPiP Si compounds, only 7 measured, all much smaller than the monomers)",0.0,14.909765505686822,14.909765505686822,2.0972511080207075,2.0972511080207075,0.30309312632419505,0.30309312632419505
C[C@H](CO[Si](C)(C)C(C)(C)C)[C@@H](O)CO,C[C@H](CO[Si](C)(C)C(C)(C)C)[C@@H](O)COC(=O)[C@@H]1[C@H](C(=O)OC[C@H](O)[C@H](C)CO[Si](C)(C)C(C)(C)C)[C@@H]2C=C[C@@H]1C2,ester,Sigma-Aldrich,diol,234.412,False,,0,15.7422,8.4844,13.0655,0,True,2,True,0,0,0,True,,15.669401795474275,4.1849374915662025,6.029023550396374,619.2700817900561,12.940595129890772,6.508093331176596,5.9359830493841095,0.0,8.0,,gc_formula_si,"Si monomer: HSP NOT reliable (Si groups fitted on 51 HSPiP Si compounds, only 7 measured, all much smaller than the monomers)",0.0,15.669401795474275,15.669401795474275,4.1849374915662025,4.1849374915662025,6.029023550396374,6.029023550396374
CC(C)(C)[Si](C)(C)OC1C2OC3OC(C2O)C(O)(CCCCl)C1O3,CC(C)(C)[Si](C)(C)OC1C2OC3OC(C2O)C(CCCCl)(OC(=O)[C@@H]2[C@H](C(=O)OC4(CCCCl)C5OC6OC(C5O)C(O[Si](C)(C)C(C)(C)C)C4O6)[C@@H]4C=C[C@@H]2C4)C1O3,ester,Sigma-Aldrich,diol,380.941,False,,0,23.1334,10.1244,18.9277,0,True,2,True,0,2,4,True,,16.56626463546198,5.278288905361802,3.560327964408265,837.5187518497272,16.140316692345287,9.618657335589322,4.398823861267338,0.0,8.0,,gc_formula_si,"Si monomer: HSP NOT reliable (Si groups fitted on 51 HSPiP Si compounds, only 7 measured, all much smaller than the monomers)",0.0,16.56626463546198,16.56626463546198,5.278288905361802,5.278288905361802,3.560327964408265,3.560327964408265
COc1ccc(OCC23OC4C(O)C(O2)C2(CCCO2)C(O3)C4O[Si](C)(C)C(C)(C)C)cc1,COc1ccc(OCC23OC4C(OC(=O)[C@@H]5[C@H](C(=O)OC6C7OC8(COc9ccc(OC)cc9)OC6C6(CCCO6)C(O8)C7O[Si](C)(C)C(C)(C)C)[C@@H]6C=C[C@@H]5C6)C(O2)C2(CCCO2)C(O3)C4O[Si](C)(C)C(C)(C)C)cc1,ester,Sigma-Aldrich,monoalcohol,480.63,False,,0,28.0913,22.873,5.0691,0,True,2,True,0,0,2,True,,17.416142269412184,4.9122561328791985,4.433280899619724,973.3661551801138,20.655733910930326,9.13755774143103,9.267951264041765,0.0,8.0,,gc_formula_si,"Si monomer: HSP NOT reliable (Si groups fitted on 51 HSPiP Si compounds, only 7 measured, all much smaller than the monomers)",0.0,17.416142269412184,17.416142269412184,4.9122561328791985,4.9122561328791985,4.433280899619724,4.433280899619724
COc1ccc(COCC23OC4C(O)C(O2)C(O[Si](C)(C)C(C)(C)C)C(O3)C4O)cc1,COc1ccc(COCC23OC4C(O)C(O2)C(O[Si](C)(C)C(C)(C)C)C(O3)C4OC(=O)[C@@H]2[C@H](C(=O)OC3C4OC5(COCc6ccc(OC)cc6)OC(C4O)C(O[Si](C)(C)C(C)(C)C)C3O5)[C@@H]3C=C[C@@H]2C3)cc1,ester,Sigma-Aldrich,diol,454.592,False,,0,26.5146,14.5875,19.4755,0,True,2,True,0,0,2,True,,17.191132362337527,5.000113915590329,4.398197160745878,947.2274937875106,18.83411011780617,10.751444335757071,8.564920683141732,0.0,8.0,,gc_formula_si,"Si monomer: HSP NOT reliable (Si groups fitted on 51 HSPiP Si compounds, only 7 measured, all much smaller than the monomers)",0.0,17.191132362337527,17.191132362337527,5.000113915590329,5.000113915590329,4.398197160745878,4.398197160745878
C/C(=C\CO)CCCO[Si](c1ccccc1)(c1ccccc1)C(C)(C)C,C/C(=C\COC(=O)[C@@H]1[C@H](C(=O)OC/C=C(\C)CCCO[Si](c2ccccc2)(c2ccccc2)C(C)(C)C)[C@@H]2C=C[C@@H]1C2)CCCO[Si](c1ccccc1)(c1ccccc1)C(C)(C)C,ester,Sigma-Aldrich,monoalcohol,368.593,False,,0,22.9253,-0.79,7.4424,0,True,2,True,0,0,0,True,,17.51154787556593,2.678057271857365,3.071980922640857,852.3552596837693,21.19079603368704,2.5730068476666634,6.302059895304028,0.0,4.0,,gc_formula_si,"Si monomer: HSP NOT reliable (Si groups fitted on 51 HSPiP Si compounds, only 7 measured, all much smaller than the monomers)",0.0,17.51154787556593,17.51154787556593,2.678057271857365,2.678057271857365,3.071980922640857,3.071980922640857
CC(C)(C)[Si](C)(C)OC1C2OC3OC(C2O)C(O)C1O3,CC(C)(C)[Si](C)(C)OC1C2OC3OC(C2O)C(OC(=O)[C@@H]2[C@H](C(=O)OC4C5OC6OC(C5O)C(O[Si](C)(C)C(C)(C)C)C4O6)[C@@H]4C=C[C@@H]2C4)C1O3,ester,Sigma-Aldrich,diol,304.415,False,,0,23.1639,10.3782,21.3781,0,True,2,True,0,0,2,True,,16.484702894199565,4.915315740646578,3.7892402105297673,697.1371290584831,15.63933699927973,7.266543204201927,4.16084712145202,0.0,8.0,,gc_formula_si,"Si monomer: HSP NOT reliable (Si groups fitted on 51 HSPiP Si compounds, only 7 measured, all much smaller than the monomers)",0.0,16.484702894199565,16.484702894199565,4.915315740646578,4.915315740646578,3.7892402105297673,3.7892402105297673
CC(C)(C)[Si](C)(C)OC1C2OC3OC(C2O)C(OCc2ccccc2)C1O3,CC(C)(C)[Si](C)(C)OC1C2OC3OC(C2OCc2ccccc2)C(OC(=O)[C@@H]2[C@H](C(=O)OC4C5OC6OC(C5OCc5ccccc5)C(O[Si](C)(C)C(C)(C)C)C4O6)[C@@H]4C=C[C@@H]2C4)C1O3,ester,Sigma-Aldrich,monoalcohol,394.54,False,,0,25.6232,12.3882,4.7208,0,True,2,True,0,0,2,True,,17.047935500631418,4.1036773623513785,3.274025328847149,859.0816845203778,18.80261765262527,6.40260821994639,6.533211135278779,0.0,8.0,,gc_formula_si,"Si monomer: HSP NOT reliable (Si groups fitted on 51 HSPiP Si compounds, only 7 measured, all much smaller than the monomers)",0.0,17.047935500631418,17.047935500631418,4.1036773623513785,4.1036773623513785,3.274025328847149,3.274025328847149
C=CC1(O)C2OC3OC(C2OCc2ccccc2)C(O[Si](C)(C)C(C)(C)C)C1O3,C=CC1(OC(=O)[C@@H]2[C@H](C(=O)OC3(C=C)C4OC5OC(C4OCc4ccccc4)C(O[Si](C)(C)C(C)(C)C)C3O5)[C@@H]3C=C[C@@H]2C3)C2OC3OC(C2OCc2ccccc2)C(O[Si](C)(C)C(C)(C)C)C1O3,ester,Sigma-Aldrich,monoalcohol,420.578,False,,0,25.5793,12.3882,5.4052,4,True,2,True,0,2,2,True,,16.882069995796204,4.000650977123345,3.336255889450627,940.6804456205415,18.18274228957595,6.551880730551957,7.431270240139308,0.0,12.0,,gc_formula_si,"Si monomer: HSP NOT reliable (Si groups fitted on 51 HSPiP Si compounds, only 7 measured, all much smaller than the monomers)",0.0,16.882069995796204,16.882069995796204,4.000650977123345,4.000650977123345,3.336255889450627,3.336255889450627
C=CC[C@H]1OC(O)[C@@H]2C=C[C@H](O[Si](c3ccccc3)(c3ccccc3)C(C)(C)C)C[C@H]12,C=CC[C@H]1OC(OC(=O)[C@@H]2[C@H](C(=O)OC3O[C@H](CC=C)[C@H]4C[C@@H](O[Si](c5ccccc5)(c5ccccc5)C(C)(C)C)C=C[C@@H]34)[C@@H]3C=C[C@@H]2C3)[C@@H]2C=C[C@H](O[Si](c3ccccc3)(c3ccccc3)C(C)(C)C)C[C@H]12,ester,Sigma-Aldrich,monoalcohol,434.652,False,,0,26.7562,-1.5794,6.2262,4,True,2,True,0,2,4,True,,17.55520802736936,2.908326326884542,2.8516758220535863,971.3134757688119,21.424724940861058,2.756526966440872,6.67965569411881,0.0,8.0,,gc_formula_si,"Si monomer: HSP NOT reliable (Si groups fitted on 51 HSPiP Si compounds, only 7 measured, all much smaller than the monomers)",0.0,17.55520802736936,17.55520802736936,2.908326326884542,2.908326326884542,2.8516758220535863,2.8516758220535863
CC(C)(C)[Si](C)(C)OC1C2OC3(CO)OC(C2OCc2ccccc2)C(OCc2ccccc2)C1O3,CC(C)(C)[Si](C)(C)OC1C2OC3(COC(=O)[C@@H]4[C@H](C(=O)OCC56OC7C(OCc8ccccc8)C(O5)C(O[Si](C)(C)C(C)(C)C)C(O6)C7OCc5ccccc5)[C@@H]5C=C[C@@H]4C5)OC(C2OCc2ccccc2)C(OCc2ccccc2)C1O3,ester,Sigma-Aldrich,monoalcohol,514.691,False,,0,28.9302,13.8256,5.7258,0,True,2,True,0,0,2,True,,17.561113583988213,4.057978941753798,3.4022453316175927,1047.91358223324,21.61341704418455,8.871504770886338,9.64261088571263,0.0,8.0,,gc_formula_si,"Si monomer: HSP NOT reliable (Si groups fitted on 51 HSPiP Si compounds, only 7 measured, all much smaller than the monomers)",0.0,17.561113583988213,17.561113583988213,4.057978941753798,4.057978941753798,3.4022453316175927,3.4022453316175927
CC1C(=O)C2(CO)OC1CC2O[Si](C)(C)C(C)(C)C,CC1C(=O)C2(COC(=O)[C@@H]3[C@H](C(=O)OCC45OC(CC4O[Si](C)(C)C(C)(C)C)C(C)C5=O)[C@@H]4C=C[C@@H]3C4)OC1CC2O[Si](C)(C)C(C)(C)C,ester,Sigma-Aldrich,monoalcohol,286.444,False,,0,19.5779,13.2736,5.4312,0,True,2,True,2,2,2,True,,16.240600966130813,5.311468345786302,3.1879955594600813,672.6035099441784,15.109624502423745,5.588525914712433,4.61717094959215,0.0,8.0,,gc_formula_si,"Si monomer: HSP NOT reliable (Si groups fitted on 51 HSPiP Si compounds, only 7 measured, all much smaller than the monomers)",0.0,16.240600966130813,16.240600966130813,5.311468345786302,5.311468345786302,3.1879955594600813,3.1879955594600813
CC1C2CC(O[Si](C)(C)C(C)(C)C)C(COCc3ccccc3)(O2)C1O,CC1C2CC(O[Si](C)(C)C(C)(C)C)C(COCc3ccccc3)(O2)C1OC(=O)[C@@H]1[C@H](C(=O)OC2C(C)C3CC(O[Si](C)(C)C(C)(C)C)C2(COCc2ccccc2)O3)[C@@H]2C=C[C@@H]1C2,ester,Sigma-Aldrich,monoalcohol,378.585,False,,0,22.7669,10.3384,5.0226,0,True,2,True,0,0,0,True,,16.666022354291062,3.6624783180023672,2.98769139643327,872.9554494801063,16.773056730346134,7.734261153666925,6.67170623674976,0.0,8.0,,gc_formula_si,"Si monomer: HSP NOT reliable (Si groups fitted on 51 HSPiP Si compounds, only 7 measured, all much smaller than the monomers)",0.0,16.666022354291062,16.666022354291062,3.6624783180023672,3.6624783180023672,2.98769139643327,2.98769139643327
CC(=O)OCC12OC(CC1O[Si](C)(C)C(C)(C)C)C(C)C2O,CC(=O)OCC12OC(CC1O[Si](C)(C)C(C)(C)C)C(C)C2OC(=O)[C@@H]1[C@H](C(=O)OC2C(C)C3CC(O[Si](C)(C)C(C)(C)C)C2(COC(C)=O)O3)[C@@H]2C=C[C@@H]1C2,ester,Sigma-Aldrich,monoalcohol,330.497,False,,0,19.5124,11.036,3.2723,0,True,2,True,0,0,0,True,,16.04537580500939,3.946987326075345,4.184608991026666,777.3317700992814,13.117433608900454,8.477636993442834,6.455796308440898,0.0,8.0,,gc_formula_si,"Si monomer: HSP NOT reliable (Si groups fitted on 51 HSPiP Si compounds, only 7 measured, all much smaller than the monomers)",0.0,16.04537580500939,16.04537580500939,3.946987326075345,3.946987326075345,4.184608991026666,4.184608991026666
CC1C2CC(O[Si](C)(C)C(C)(C)C)C(CO)(O2)C1OC(=O)N(C)C,CC1C2CC(O[Si](C)(C)C(C)(C)C)C(COC(=O)[C@@H]3[C@H](C(=O)OCC45OC(CC4O[Si](C)(C)C(C)(C)C)C(C)C5OC(=O)N(C)C)[C@@H]4C=C[C@@H]3C4)(O2)C1OC(=O)N(C)C,ester,Sigma-Aldrich,monoalcohol,359.539,False,,0,20.6719,17.4242,7.3712,0,True,2,True,0,0,0,True,,16.097267376565156,4.381542273955495,3.8215962525773994,826.4937288966539,12.513328528114888,8.697508131914223,5.328548812577582,0.0,8.0,,gc_formula_si,"Si monomer: HSP NOT reliable (Si groups fitted on 51 HSPiP Si compounds, only 7 measured, all much smaller than the monomers)",0.0,16.097267376565156,16.097267376565156,4.381542273955495,4.381542273955495,3.8215962525773994,3.8215962525773994
CC(O)[C@@H](C)CCC#C[Si](C)(C)C,CC(OC(=O)[C@@H]1[C@H](C(=O)OC(C)[C@@H](C)CCC#C[Si](C)(C)C)[C@@H]2C=C[C@@H]1C2)[C@@H](C)CCC#C[Si](C)(C)C,ester,Sigma-Aldrich,monoalcohol,198.382,False,,0,13.3984,-0.3704,5.5256,0,True,2,True,0,0,0,True,,15.495255180868375,3.4742708321405704,3.828232865482753,614.6920695874237,12.394985587756201,5.6452268554297875,4.982549618736586,0.0,8.0,,gc_formula_si,"Si monomer: HSP NOT reliable (Si groups fitted on 51 HSPiP Si compounds, only 7 measured, all much smaller than the monomers)",0.0,15.495255180868375,15.495255180868375,3.4742708321405704,3.4742708321405704,3.828232865482753,3.828232865482753
C[C@H](CO)CCC#C[Si](C)(C)C,C[C@@H](CCC#C[Si](C)(C)C)COC(=O)[C@@H]1[C@H](C(=O)OC[C@@H](C)CCC#C[Si](C)(C)C)[C@@H]2C=C[C@@H]1C2,ester,Sigma-Aldrich,monoalcohol,184.355,False,,0,15.6469,1.051,4.9276,0,True,2,True,0,0,0,True,,15.660556832048933,3.5979617060131797,3.9469536866576918,557.1775017582413,13.42718876520754,6.036458744874594,5.37961777555477,0.0,8.0,,gc_formula_si,"Si monomer: HSP NOT reliable (Si groups fitted on 51 HSPiP Si compounds, only 7 measured, all much smaller than the monomers)",0.0,15.660556832048933,15.660556832048933,3.5979617060131797,3.5979617060131797,3.9469536866576918,3.9469536866576918
CC(C)(C)[Si](C)(C)O[C@@H]1CCCC12CCC(n1cnc3c(=O)[nH]c(N)nc31)S2,CC(C)(C)[Si](C)(C)O[C@@H]1CCCC12CCC(n1cnc3c(=O)[nH]c(NC(=O)[C@@H]4[C@H](C(=O)Nc5nc6c(ncn6C6CCC7(CCC[C@H]7O[Si](C)(C)C(C)(C)C)S6)c(=O)[nH]5)[C@@H]5C=C[C@@H]4C5)nc31)S2,amide,Sigma-Aldrich,monoamine,421.643,False,,0,25.0093,23.252,3.1306,12,True,2,True,0,0,0,True,,18.20072810921261,8.511843863346236,6.625564876112782,851.148187888771,23.07875148483881,17.35969775699742,4.797933128514441,0.0,20.0,,gc_formula_si,"Si monomer: HSP NOT reliable (Si groups fitted on 51 HSPiP Si compounds, only 7 measured, all much smaller than the monomers)",0.0,18.20072810921261,18.20072810921261,8.511843863346236,8.511843863346236,6.625564876112782,6.625564876112782
COc1ccc(O/C=C/C23OC(CC2O[Si](C)(C)C(C)(C)C)C(C)(Sc2ccccc2)C3(O)C2=CCCO2)cc1,COc1ccc(O/C=C/C23OC(CC2O[Si](C)(C)C(C)(C)C)C(C)(Sc2ccccc2)C3(OC(=O)[C@@H]2[C@H](C(=O)OC3(C4=CCCO4)C4(/C=C/Oc5ccc(OC)cc5)OC(CC4O[Si](C)(C)C(C)(C)C)C3(C)Sc3ccccc3)[C@@H]3C=C[C@@H]2C3)C2=CCCO2)cc1,ester,Sigma-Aldrich,monoalcohol,582.835,False,,0,28.7766,26.2002,7.9,2,True,2,True,0,2,0,True,,17.70932999601491,4.300504842774659,4.276622219944412,1193.7163197892833,21.25170922193541,15.15189192870798,11.997310122567297,0.0,10.0,,gc_formula_si,"Si monomer: HSP NOT reliable (Si groups fitted on 51 HSPiP Si compounds, only 7 measured, all much smaller than the monomers)",0.0,17.70932999601491,17.70932999601491,4.300504842774659,4.300504842774659,4.276622219944412,4.276622219944412
COc1ccc(O/C=C\C23OC(CC2O[Si](C)(C)C(C)(C)C)C(C)(Sc2ccccc2)C3(O)C2=CCCO2)cc1,COc1ccc(O/C=C\C23OC(CC2O[Si](C)(C)C(C)(C)C)C(C)(Sc2ccccc2)C3(OC(=O)[C@@H]2[C@H](C(=O)OC3(C4=CCCO4)C4(/C=C\Oc5ccc(OC)cc5)OC(CC4O[Si](C)(C)C(C)(C)C)C3(C)Sc3ccccc3)[C@@H]3C=C[C@@H]2C3)C2=CCCO2)cc1,ester,Sigma-Aldrich,monoalcohol,582.835,False,,0,28.7766,26.2002,7.9,2,True,2,True,0,2,0,True,,17.70932999601491,4.300504842774659,4.276622219944412,1193.7163197892833,21.25170922193541,15.15189192870798,11.997310122567297,0.0,10.0,,gc_formula_si,"Si monomer: HSP NOT reliable (Si groups fitted on 51 HSPiP Si compounds, only 7 measured, all much smaller than the monomers)",0.0,17.70932999601491,17.70932999601491,4.300504842774659,4.300504842774659,4.276622219944412,4.276622219944412
C=C[C@H](OCc1ccccc1)C(OCc1ccc(OC)cc1)C(OCc1ccccc1)[C@H]1CC(=O)C2(O)CCC([C@@H](OCOC)[C@@H](OCOCC[Si](C)(C)C)[C@@H]1C)C2(C)C,C=C[C@H](OCc1ccccc1)C(OCc1ccc(OC)cc1)C(OCc1ccccc1)[C@H]1CC(=O)C2(OC(=O)[C@@H]3[C@H](C(=O)OC45CCC([C@@H](OCOC)[C@@H](OCOCC[Si](C)(C)C)[C@H](C)[C@@H](C(OCc6ccccc6)C(OCc6ccc(OC)cc6)[C@H](C=C)OCc6ccccc6)CC4=O)C5(C)C)[C@@H]4C=C[C@@H]3C4)CCC([C@@H](OCOC)[C@@H](OCOCC[Si](C)(C)C)[C@@H]1C)C2(C)C,ester,Sigma-Aldrich,monoalcohol,847.175,False,,0,28.1268,7.313,11.7714,4,True,2,True,2,4,2,True,,17.257904440082648,4.650768715924916,4.461299702405329,1756.0752823965943,22.812456210673368,15.471596383627197,19.756320320257373,0.0,12.0,,gc_formula_si,"Si monomer: HSP NOT reliable (Si groups fitted on 51 HSPiP Si compounds, only 7 measured, all much smaller than the monomers)",0.0,17.257904440082648,17.257904440082648,4.650768715924916,4.650768715924916,4.461299702405329,4.461299702405329
C=CC12CCC(C[C@]1(O)/C=C\[C@@](COCc1ccc(OC)cc1)(OCc1ccccc1)[C@@H](CCO[Si](C)(C)C(C)(C)C)OCc1ccc(OC)cc1)C2(C)C,C=CC12CCC(C[C@@]1(/C=C\[C@@](COCc1ccc(OC)cc1)(OCc1ccccc1)[C@@H](CCO[Si](C)(C)C(C)(C)C)OCc1ccc(OC)cc1)OC(=O)[C@@H]1[C@H](C(=O)O[C@]3(/C=C\[C@@](COCc4ccc(OC)cc4)(OCc4ccccc4)[C@@H](CCO[Si](C)(C)C(C)(C)C)OCc4ccc(OC)cc4)CC4CCC3(C=C)C4(C)C)[C@@H]3C=C[C@@H]1C3)C2(C)C,ester,Sigma-Aldrich,monoalcohol,771.124,False,,0,27.4991,-14.935,11.3954,4,True,2,True,0,6,0,True,,17.369127876450978,3.7965001394272324,4.09107447422317,1632.370935126384,22.32869748926572,12.416571875628659,14.806125369622388,0.0,12.0,,gc_formula_si,"Si monomer: HSP NOT reliable (Si groups fitted on 51 HSPiP Si compounds, only 7 measured, all much smaller than the monomers)",0.0,17.369127876450978,17.369127876450978,3.7965001394272324,3.7965001394272324,4.09107447422317,4.09107447422317
COCO[C@@H]1C2CCC(=C[C@@H](Sc3ccccc3)[C@H]([C@@](COCc3ccc(OC)cc3)(OCc3ccccc3)[C@@H](CCO[Si](C)(C)C(C)(C)C)OCc3ccc(OC)cc3)[C@H](C)[C@@H]1O)C2(C)C,COCO[C@@H]1C2CCC(=C[C@@H](Sc3ccccc3)[C@H]([C@@](COCc3ccc(OC)cc3)(OCc3ccccc3)[C@@H](CCO[Si](C)(C)C(C)(C)C)OCc3ccc(OC)cc3)[C@H](C)[C@@H]1OC(=O)[C@@H]1[C@H](C(=O)O[C@H]3[C@@H](C)[C@@H]([C@@](COCc4ccc(OC)cc4)(OCc4ccccc4)[C@@H](CCO[Si](C)(C)C(C)(C)C)OCc4ccc(OC)cc4)[C@H](Sc4ccccc4)C=C4CCC([C@H]3OCOC)C4(C)C)[C@@H]3C=C[C@@H]1C3)C2(C)C,ester,Sigma-Aldrich,monoalcohol,955.384,False,,0,31.3992,19.4494,10.8722,0,True,2,True,0,0,0,True,,17.617473836137865,3.831680639674033,4.131893379111249,1916.247365426717,24.67922853906213,16.14956724752659,19.110409828055257,0.0,8.0,,gc_formula_si,"Si monomer: HSP NOT reliable (Si groups fitted on 51 HSPiP Si compounds, only 7 measured, all much smaller than the monomers)",0.0,17.617473836137865,17.617473836137865,3.831680639674033,3.831680639674033,4.131893379111249,4.131893379111249
COc1ccc(CO[C@H]2C(=O)[C@]3(C)[C@@H](OCOCc4ccccc4)C[C@@H](OCc4ccc(OC)cc4)[C@@]4(COC(C)(C)O4)[C@H]3C[C@H](O[Si](C)(C)C(C)(C)C)C3(O)CCC2C3(C)C)cc1,COc1ccc(CO[C@H]2C(=O)[C@]3(C)[C@@H](OCOCc4ccccc4)C[C@@H](OCc4ccc(OC)cc4)[C@@]4(COC(C)(C)O4)[C@H]3C[C@H](O[Si](C)(C)C(C)(C)C)C3(OC(=O)[C@@H]4[C@H](C(=O)OC56CCC([C@@H](OCc7ccc(OC)cc7)C(=O)[C@]7(C)[C@@H](OCOCc8ccccc8)C[C@@H](OCc8ccc(OC)cc8)[C@@]8(COC(C)(C)O8)[C@H]7C[C@@H]5O[Si](C)(C)C(C)(C)C)C6(C)C)[C@@H]5C=C[C@@H]4C5)CCC2C3(C)C)cc1,ester,Sigma-Aldrich,monoalcohol,903.239,False,,0,29.6634,10.8792,11.2154,0,True,2,True,2,2,4,True,,17.457794709522673,4.641589676521073,4.211191647243074,1810.2287071730996,23.676312380523324,13.370034143896468,15.387065747355534,0.0,8.0,,gc_formula_si,"Si monomer: HSP NOT reliable (Si groups fitted on 51 HSPiP Si compounds, only 7 measured, all much smaller than the monomers)",0.0,17.457794709522673,17.457794709522673,4.641589676521073,4.641589676521073,4.211191647243074,4.211191647243074
COc1ccc(CO[C@@H]2C3CCC(O)([C@@H](O)CCC[C@@H]2O[Si](C)(C)C(C)(C)C)C3(C)C)cc1,COc1ccc(CO[C@@H]2C3CCC(O)([C@@H](OC(=O)[C@@H]4[C@H](C(=O)O[C@H]5CCC[C@H](O[Si](C)(C)C(C)(C)C)[C@H](OCc6ccc(OC)cc6)C6CCC5(O)C6(C)C)[C@@H]5C=C[C@@H]4C5)CCC[C@@H]2O[Si](C)(C)C(C)(C)C)C3(C)C)cc1,ester,Sigma-Aldrich,diol,478.746,False,,0,22.3774,-6.2318,11.9725,0,True,2,True,0,0,0,True,,16.844305054602565,3.8777797139269574,4.1268540914277425,1084.9546221226421,17.3782718542933,8.611068298831327,6.161908059667373,0.0,8.0,,gc_formula_si,"Si monomer: HSP NOT reliable (Si groups fitted on 51 HSPiP Si compounds, only 7 measured, all much smaller than the monomers)",0.0,16.844305054602565,16.844305054602565,3.8777797139269574,3.8777797139269574,4.1268540914277425,4.1268540914277425
C=C[C@H](OCc1ccc(OC)cc1)C(OCc1ccc(OC)cc1)C(OCc1ccccc1)[C@H]1C[C@H](O)C2(OCOCC[Si](C)(C)C)CCC([C@@H](OCOC)[C@@H](OCOCCOC)[C@@H]1C)C2(C)C,C=C[C@H](OCc1ccc(OC)cc1)C(OCc1ccc(OC)cc1)C(OCc1ccccc1)[C@H]1C[C@H](OC(=O)[C@@H]2[C@H](C(=O)O[C@H]3C[C@H](C(OCc4ccccc4)C(OCc4ccc(OC)cc4)[C@H](C=C)OCc4ccc(OC)cc4)[C@@H](C)[C@H](OCOCCOC)[C@H](OCOC)C4CCC3(OCOCC[Si](C)(C)C)C4(C)C)[C@@H]3C=C[C@@H]2C3)C2(OCOCC[Si](C)(C)C)CCC([C@@H](OCOC)[C@@H](OCOCCOC)[C@@H]1C)C2(C)C,ester,Sigma-Aldrich,monoalcohol,967.323,False,,0,29.8855,18.5298,10.9206,4,True,2,True,0,2,0,True,,17.16271765822001,4.354048933084519,4.751884550842757,1958.8586089655314,21.823647984373352,21.224416546962836,25.092169981349944,0.0,12.0,,gc_formula_si,"Si monomer: HSP NOT reliable (Si groups fitted on 51 HSPiP Si compounds, only 7 measured, all much smaller than the monomers)",0.0,17.16271765822001,17.16271765822001,4.354048933084519,4.354048933084519,4.751884550842757,4.751884550842757
COc1ccc(CO[C@H]2C(=O)[C@H](C)[C@@H]([C@@]3([C@@H](CC=O)OCc4ccc(OC)cc4)COC(C)(C)O3)C[C@@H](O[Si](C)(C)C(C)(C)C)C3(O)CCC2C3(C)C)cc1,COc1ccc(CO[C@H]2C(=O)[C@H](C)[C@@H]([C@@]3([C@@H](CC=O)OCc4ccc(OC)cc4)COC(C)(C)O3)C[C@@H](O[Si](C)(C)C(C)(C)C)C3(OC(=O)[C@@H]4[C@H](C(=O)OC56CCC([C@@H](OCc7ccc(OC)cc7)C(=O)[C@H](C)[C@@H]([C@@]7([C@@H](CC=O)OCc8ccc(OC)cc8)COC(C)(C)O7)C[C@H]5O[Si](C)(C)C(C)(C)C)C6(C)C)[C@@H]5C=C[C@@H]4C5)CCC2C3(C)C)cc1,ester,Sigma-Aldrich,monoalcohol,783.088,False,,0,25.3187,16.0272,10.0998,0,True,2,True,2,2,2,True,,17.212275556748892,5.338859041509167,4.412166393215562,1610.39839130941,21.24748227933028,10.890968502082348,13.562599862480033,0.0,8.0,,gc_formula_si,"Si monomer: HSP NOT reliable (Si groups fitted on 51 HSPiP Si compounds, only 7 measured, all much smaller than the monomers)",0.0,17.212275556748892,17.212275556748892,5.338859041509167,5.338859041509167,4.412166393215562,4.412166393215562
COCO[C@@H]1C2CCC(/C=C\OCC[Si](C)(C)C)(C2(C)C)[C@@]1(O)/C=C\[C@@](COCc1ccc(OC)cc1)(OCc1ccccc1)[C@@H](CCO[Si](C)(C)C(C)(C)C)OCc1ccc(OC)cc1,COCO[C@@H]1C2CCC(/C=C\OCC[Si](C)(C)C)(C2(C)C)[C@]1(/C=C\[C@@](COCc1ccc(OC)cc1)(OCc1ccccc1)[C@@H](CCO[Si](C)(C)C(C)(C)C)OCc1ccc(OC)cc1)OC(=O)[C@@H]1[C@H](C(=O)O[C@]2(/C=C\[C@@](COCc3ccc(OC)cc3)(OCc3ccccc3)[C@@H](CCO[Si](C)(C)C(C)(C)C)OCc3ccc(OC)cc3)[C@H](OCOC)C3CCC2(/C=C\OCC[Si](C)(C)C)C3(C)C)[C@@H]2C=C[C@@H]1C2,ester,Sigma-Aldrich,monoalcohol,947.412,False,,0,27.0528,4.2502,14.4304,0,True,4,True,0,6,0,True,,16.966379907793087,3.981890865078138,4.277688695914501,1992.6964420715065,20.68161510898599,18.029662772061773,19.017512631883434,0.0,16.0,,gc_formula_si,"Si monomer: HSP NOT reliable (Si groups fitted on 51 HSPiP Si compounds, only 7 measured, all much smaller than the monomers)",0.0,16.966379907793087,16.966379907793087,3.981890865078138,3.981890865078138,4.277688695914501,4.277688695914501
COCO[C@H]1C(=O)[C@H](C)[C@@H]([C@@]2([C@@H](CC=O)OCc3ccc(OC)cc3)COC(C)(C)O2)C[C@H](O[Si](C)(C)C(C)(C)C)C2(O)CCC1C2(C)C,COCO[C@H]1C(=O)[C@H](C)[C@@H]([C@@]2([C@@H](CC=O)OCc3ccc(OC)cc3)COC(C)(C)O2)C[C@H](O[Si](C)(C)C(C)(C)C)C2(OC(=O)[C@@H]3[C@H](C(=O)OC45CCC([C@@H](OCOC)C(=O)[C@H](C)[C@@H]([C@@]6([C@@H](CC=O)OCc7ccc(OC)cc7)COC(C)(C)O6)C[C@@H]4O[Si](C)(C)C(C)(C)C)C5(C)C)[C@@H]4C=C[C@@H]3C4)CCC1C2(C)C,ester,Sigma-Aldrich,monoalcohol,706.99,False,,0,22.4218,16.682,9.7134,0,True,2,True,2,2,2,True,,16.78927520796233,5.383347497523159,4.313105001601725,1485.885628952182,18.43286842555581,10.270902362573114,12.500332877714227,0.0,8.0,,gc_formula_si,"Si monomer: HSP NOT reliable (Si groups fitted on 51 HSPiP Si compounds, only 7 measured, all much smaller than the monomers)",0.0,16.78927520796233,16.78927520796233,5.383347497523159,5.383347497523159,4.313105001601725,4.313105001601725
CC(C)(C)[Si](C)(C)OC1C2OC3OC(C2O)C2(CCCO2)C1O3,CC(C)(C)[Si](C)(C)OC1C2OC3OC(C2OC(=O)[C@@H]2[C@H](C(=O)OC4C5OC6OC4C4(CCCO4)C(O6)C5O[Si](C)(C)C(C)(C)C)[C@@H]4C=C[C@@H]2C4)C2(CCCO2)C1O3,ester,Sigma-Aldrich,monoalcohol,344.48,False,,0,24.7081,16.8292,5.1717,0,True,2,True,0,0,2,True,,16.687165614490503,4.436178575864749,3.3378176215685875,758.3806182328606,16.906595926864533,7.054609959550103,5.72131175065516,0.0,8.0,,gc_formula_si,"Si monomer: HSP NOT reliable (Si groups fitted on 51 HSPiP Si compounds, only 7 measured, all much smaller than the monomers)",0.0,16.687165614490503,16.687165614490503,4.436178575864749,4.436178575864749,3.3378176215685875,3.3378176215685875
CC(C)(C)[Si](C)(C)OCCC[C@@]1(O)C[C@H](COCc2ccccc2)C[C@]2(CCCO2)C1,CC(C)(C)[Si](C)(C)OCCC[C@@]1(OC(=O)[C@@H]2[C@H](C(=O)O[C@]3(CCCO[Si](C)(C)C(C)(C)C)C[C@H](COCc4ccccc4)C[C@]4(CCCO4)C3)[C@@H]3C=C[C@@H]2C3)C[C@H](COCc2ccccc2)C[C@]2(CCCO2)C1,ester,Sigma-Aldrich,monoalcohol,448.72,False,,0,21.7052,-6.7396,4.0964,0,True,2,True,0,2,4,True,,16.71016100588563,3.55802620362165,3.4081812010501813,1039.0857748737133,17.68761304978486,7.513371472670167,6.776188428080176,0.0,8.0,,gc_formula_si,"Si monomer: HSP NOT reliable (Si groups fitted on 51 HSPiP Si compounds, only 7 measured, all much smaller than the monomers)",0.0,16.71016100588563,16.71016100588563,3.55802620362165,3.55802620362165,3.4081812010501813,3.4081812010501813
C=CC[C@]1(O)C[C@H](CO[Si](C)(C)C(C)(C)C)C[C@]2(CCCO2)C1,C=CC[C@]1(OC(=O)[C@@H]2[C@H](C(=O)O[C@@]3(CC=C)C[C@H](CO[Si](C)(C)C(C)(C)C)C[C@]4(CCCO4)C3)[C@@H]3C=C[C@@H]2C3)C[C@H](CO[Si](C)(C)C(C)(C)C)C[C@]2(CCCO2)C1,ester,Sigma-Aldrich,monoalcohol,340.58,False,,0,18.4386,-3.9276,4.8692,4,True,2,True,0,2,4,True,,16.06947291034561,3.402998176954022,3.2538444024435806,856.4092926537892,13.54991746806822,5.3836897337524565,4.582003655435082,0.0,12.0,,gc_formula_si,"Si monomer: HSP NOT reliable (Si groups fitted on 51 HSPiP Si compounds, only 7 measured, all much smaller than the monomers)",0.0,16.06947291034561,16.06947291034561,3.402998176954022,3.402998176954022,3.2538444024435806,3.2538444024435806
CC(C)OC1=C(OC(C)C)[C@@]2(O)[C@H]([Si](C)(C)C)CC[C@@]2(C)C1=O,CC(C)OC1=C(OC(C)C)[C@@]2(OC(=O)[C@@H]3[C@H](C(=O)O[C@@]45C(OC(C)C)=C(OC(C)C)C(=O)[C@]4(C)CC[C@H]5[Si](C)(C)C)[C@@H]4C=C[C@@H]3C4)[C@H]([Si](C)(C)C)CC[C@@]2(C)C1=O,ester,Sigma-Aldrich,monoalcohol,340.536,False,,0,11.88,-7.599,6.9302,0,True,2,True,2,2,2,True,,16.19635608377618,5.327683611169805,4.432767743297892,852.269489385082,14.32502066311287,7.949181946341131,5.270800970958965,0.0,8.0,,gc_formula_si,"Si monomer: HSP NOT reliable (Si groups fitted on 51 HSPiP Si compounds, only 7 measured, all much smaller than the monomers)",0.0,16.19635608377618,16.19635608377618,5.327683611169805,5.327683611169805,4.432767743297892,4.432767743297892
CC(C)(C)[Si](OCC[C@@H]1O[C@H](c2ccccc2)OC[C@H]1O)(c1ccccc1)c1ccccc1,CC(C)(C)[Si](OCC[C@@H]1O[C@H](c2ccccc2)OC[C@H]1OC(=O)[C@@H]1[C@H](C(=O)O[C@@H]2CO[C@@H](c3ccccc3)O[C@H]2CCO[Si](c2ccccc2)(c2ccccc2)C(C)(C)C)[C@@H]2C=C[C@@H]1C2)(c1ccccc1)c1ccccc1,ester,Sigma-Aldrich,monoalcohol,462.662,False,,0,27.8133,5.3096,6.9038,0,True,2,True,0,2,2,True,,17.952295794432914,3.5607343613819715,3.6046078374853283,993.559007048123,23.617347908930263,4.847635157235246,7.879146223892107,0.0,4.0,,gc_formula_si,"Si monomer: HSP NOT reliable (Si groups fitted on 51 HSPiP Si compounds, only 7 measured, all much smaller than the monomers)",0.0,17.952295794432914,17.952295794432914,3.5607343613819715,3.5607343613819715,3.6046078374853283,3.6046078374853283
C=CC1(O)COC(C)(C)O[C@@H]1CCO[Si](C)(C)C(C)(C)C,C=CC1(OC(=O)[C@@H]2[C@H](C(=O)OC3(C=C)COC(C)(C)O[C@@H]3CCO[Si](C)(C)C(C)(C)C)[C@@H]3C=C[C@@H]2C3)COC(C)(C)O[C@@H]1CCO[Si](C)(C)C(C)(C)C,ester,Sigma-Aldrich,monoalcohol,316.514,False,,0,16.3971,7.7104,6.688,4,True,2,True,0,4,2,True,,15.642683732947228,3.831439509287501,3.572917602049903,827.9437865801376,11.210936954828627,5.790759842558794,5.221257678218676,0.0,12.0,,gc_formula_si,"Si monomer: HSP NOT reliable (Si groups fitted on 51 HSPiP Si compounds, only 7 measured, all much smaller than the monomers)",0.0,15.642683732947228,15.642683732947228,3.831439509287501,3.831439509287501,3.572917602049903,3.572917602049903
C=C[C@@]1(O)CO[C@@H](c2ccccc2)O[C@H]1CCO[Si](c1ccccc1)(c1ccccc1)C(C)(C)C,C=C[C@@]1(OC(=O)[C@@H]2[C@H](C(=O)O[C@]3(C=C)CO[C@@H](c4ccccc4)O[C@H]3CCO[Si](c3ccccc3)(c3ccccc3)C(C)(C)C)[C@@H]3C=C[C@@H]2C3)CO[C@@H](c2ccccc2)O[C@H]1CCO[Si](c1ccccc1)(c1ccccc1)C(C)(C)C,ester,Sigma-Aldrich,monoalcohol,488.7,False,,0,27.7743,5.3096,7.5882,4,True,2,True,0,4,2,True,,17.747076817501654,3.502017580896674,3.630499444177418,1075.1577681482866,23.173832271474,4.996907667840812,8.777205328752638,0.0,8.0,,gc_formula_si,"Si monomer: HSP NOT reliable (Si groups fitted on 51 HSPiP Si compounds, only 7 measured, all much smaller than the monomers)",0.0,17.747076817501654,17.747076817501654,3.502017580896674,3.502017580896674,3.630499444177418,3.630499444177418
C=C[C@]1(O)CO[C@@H](c2ccccc2)O[C@H]1CCO[Si](C)(C)C(C)(C)C,C=C[C@]1(OC(=O)[C@@H]2[C@H](C(=O)O[C@@]3(C=C)CO[C@@H](c4ccccc4)O[C@H]3CCO[Si](C)(C)C(C)(C)C)[C@@H]3C=C[C@@H]2C3)CO[C@@H](c2ccccc2)O[C@H]1CCO[Si](C)(C)C(C)(C)C,ester,Sigma-Aldrich,monoalcohol,364.558,False,,0,21.3614,7.2096,6.7742,4,True,2,True,0,4,2,True,,16.543742561800155,3.805883666253282,3.6839467498711813,888.1552092324149,16.735961208820946,6.032135227789853,6.458181949671327,0.0,12.0,,gc_formula_si,"Si monomer: HSP NOT reliable (Si groups fitted on 51 HSPiP Si compounds, only 7 measured, all much smaller than the monomers)",0.0,16.543742561800155,16.543742561800155,3.805883666253282,3.805883666253282,3.6839467498711813,3.6839467498711813
C=C[C@@]1(O)CO[C@@H](c2ccccc2)O[C@H]1CCO[Si](C)(C)C(C)(C)C,C=C[C@@]1(OC(=O)[C@@H]2[C@H](C(=O)O[C@]3(C=C)CO[C@@H](c4ccccc4)O[C@H]3CCO[Si](C)(C)C(C)(C)C)[C@@H]3C=C[C@@H]2C3)CO[C@@H](c2ccccc2)O[C@H]1CCO[Si](C)(C)C(C)(C)C,ester,Sigma-Aldrich,monoalcohol,364.558,False,,0,21.3614,7.2096,6.7742,4,True,2,True,0,4,2,True,,16.543742561800155,3.805883666253282,3.6839467498711813,888.1552092324149,16.735961208820946,6.032135227789853,6.458181949671327,0.0,12.0,,gc_formula_si,"Si monomer: HSP NOT reliable (Si groups fitted on 51 HSPiP Si compounds, only 7 measured, all much smaller than the monomers)",0.0,16.543742561800155,16.543742561800155,3.805883666253282,3.805883666253282,3.6839467498711813,3.6839467498711813
COc1ccc(CO[C@H]2C[C@H](CO[Si](c3ccccc3)(c3ccccc3)C(C)(C)C)O[C@@H](O)[C@@H]2C)cc1,COc1ccc(CO[C@H]2C[C@H](CO[Si](c3ccccc3)(c3ccccc3)C(C)(C)C)O[C@@H](OC(=O)[C@@H]3[C@H](C(=O)O[C@@H]4O[C@@H](CO[Si](c5ccccc5)(c5ccccc5)C(C)(C)C)C[C@H](OCc5ccc(OC)cc5)[C@H]4C)[C@@H]4C=C[C@@H]3C4)[C@@H]2C)cc1,ester,Sigma-Aldrich,monoalcohol,520.742,False,,0,27.9202,8.8724,7.7222,0,True,2,True,0,0,0,True,,17.754355755920752,3.6485616835708785,3.872360485899629,1105.447379198514,23.066923285509787,5.5529882618934865,9.085738499358396,0.0,4.0,,gc_formula_si,"Si monomer: HSP NOT reliable (Si groups fitted on 51 HSPiP Si compounds, only 7 measured, all much smaller than the monomers)",0.0,17.754355755920752,17.754355755920752,3.6485616835708785,3.6485616835708785,3.872360485899629,3.872360485899629
COC(=O)C[C@H](O)CO[Si](c1ccccc1)(c1ccccc1)C(C)(C)C,COC(=O)C[C@@H](CO[Si](c1ccccc1)(c1ccccc1)C(C)(C)C)OC(=O)[C@@H]1[C@H](C(=O)O[C@H](CO[Si](c2ccccc2)(c2ccccc2)C(C)(C)C)CC(=O)OC)[C@@H]2C=C[C@@H]1C2,ester,Sigma-Aldrich,monoalcohol,372.537,False,,0,23.7335,8.5618,7.827,0,True,2,True,0,0,0,True,,17.34378781993077,3.4793891131873456,4.264357610082139,834.8493778101576,20.732346071098615,4.350321114477033,6.815555584460347,0.0,4.0,,gc_formula_si,"Si monomer: HSP NOT reliable (Si groups fitted on 51 HSPiP Si compounds, only 7 measured, all much smaller than the monomers)",0.0,17.34378781993077,17.34378781993077,3.4793891131873456,3.4793891131873456,4.264357610082139,4.264357610082139
CC(C)(C)[Si](OC[C@@H]1C[C@H](O)CC(=O)O1)(c1ccccc1)c1ccccc1,CC(C)(C)[Si](OC[C@@H]1C[C@H](OC(=O)[C@@H]2[C@H](C(=O)O[C@@H]3CC(=O)O[C@H](CO[Si](c4ccccc4)(c4ccccc4)C(C)(C)C)C3)[C@@H]3C=C[C@@H]2C3)CC(=O)O1)(c1ccccc1)c1ccccc1,ester,Sigma-Aldrich,monoalcohol,384.548,False,,0,25.2549,18.2792,7.274,0,True,2,True,0,0,0,True,,17.694272432905457,5.335699004937605,4.016548282626362,830.8680713835743,22.4374677814819,5.9158448023157355,7.4399360257134814,0.0,4.0,,gc_formula_si,"Si monomer: HSP NOT reliable (Si groups fitted on 51 HSPiP Si compounds, only 7 measured, all much smaller than the monomers)",0.0,17.694272432905457,17.694272432905457,5.335699004937605,5.335699004937605,4.016548282626362,4.016548282626362
C=CCC[C@@H](O)C(C)(C)CO[Si](c1ccccc1)(c1ccccc1)C(C)(C)C,C=CCC[C@@H](OC(=O)[C@@H]1[C@H](C(=O)O[C@H](CCC=C)C(C)(C)CO[Si](c2ccccc2)(c2ccccc2)C(C)(C)C)[C@@H]2C=C[C@@H]1C2)C(C)(C)CO[Si](c1ccccc1)(c1ccccc1)C(C)(C)C,ester,Sigma-Aldrich,monoalcohol,396.647,False,,0,23.2163,-4.7894,8.0926,4,True,2,True,0,0,0,True,,17.02189207128182,2.5535125309552846,2.845642285693885,955.0471634687506,19.588422062823703,2.1646194996455193,5.118318975179593,0.0,8.0,,gc_formula_si,"Si monomer: HSP NOT reliable (Si groups fitted on 51 HSPiP Si compounds, only 7 measured, all much smaller than the monomers)",0.0,17.02189207128182,17.02189207128182,2.5535125309552846,2.5535125309552846,2.845642285693885,2.845642285693885
C=C[C@H](C)C[C@@H](O)C(C)(C)CO[Si](c1ccccc1)(c1ccccc1)C(C)(C)C,C=C[C@H](C)C[C@@H](OC(=O)[C@@H]1[C@H](C(=O)O[C@H](C[C@@H](C)C=C)C(C)(C)CO[Si](c2ccccc2)(c2ccccc2)C(C)(C)C)[C@@H]2C=C[C@@H]1C2)C(C)(C)CO[Si](c1ccccc1)(c1ccccc1)C(C)(C)C,ester,Sigma-Aldrich,monoalcohol,410.674,False,,0,23.0504,-5.5736,9.7524,4,True,2,True,0,2,0,True,,16.926812214433276,2.490104059994222,2.8246818480857967,995.7180848439276,19.28911492907098,1.780346868828667,4.56490258943404,0.0,8.0,,gc_formula_si,"Si monomer: HSP NOT reliable (Si groups fitted on 51 HSPiP Si compounds, only 7 measured, all much smaller than the monomers)",0.0,16.926812214433276,16.926812214433276,2.490104059994222,2.490104059994222,2.8246818480857967,2.8246818480857967
CCOC(=O)CC1(O)O[C@H](CO[Si](c2ccccc2)(c2ccccc2)C(C)(C)C)C[C@H](OCc2ccc(OC)cc2)[C@H]1C,CCOC(=O)CC1(OC(=O)[C@@H]2[C@H](C(=O)OC3(CC(=O)OCC)O[C@H](CO[Si](c4ccccc4)(c4ccccc4)C(C)(C)C)C[C@H](OCc4ccc(OC)cc4)[C@H]3C)[C@@H]3C=C[C@@H]2C3)O[C@H](CO[Si](c2ccccc2)(c2ccccc2)C(C)(C)C)C[C@H](OCc2ccc(OC)cc2)[C@H]1C,ester,Sigma-Aldrich,monoalcohol,606.832,False,,0,27.2889,11.9438,7.5262,0,True,2,True,0,2,2,True,,17.536881119122807,3.797768793390104,4.3426895561696774,1270.5333883551082,22.59059888194517,6.3876693309849415,10.396772854914827,0.0,4.0,,gc_formula_si,"Si monomer: HSP NOT reliable (Si groups fitted on 51 HSPiP Si compounds, only 7 measured, all much smaller than the monomers)",0.0,17.536881119122807,17.536881119122807,3.797768793390104,3.797768793390104,4.3426895561696774,4.3426895561696774
C=C[C@@](CCOS(=O)(=O)c1ccc(C)cc1)(OCc1ccccc1)[C@H](O)CCO[Si](C)(C)C(C)(C)C,C=C[C@@](CCOS(=O)(=O)c1ccc(C)cc1)(OCc1ccccc1)[C@@H](CCO[Si](C)(C)C(C)(C)C)OC(=O)[C@@H]1[C@H](C(=O)O[C@H](CCO[Si](C)(C)C(C)(C)C)[C@](C=C)(CCOS(=O)(=O)c2ccc(C)cc2)OCc2ccccc2)[C@@H]2C=C[C@@H]1C2,ester,Sigma-Aldrich,monoalcohol,534.791,False,,0,25.2599,26.2934,7.7998,4,True,2,True,0,2,0,True,,17.103708808901484,6.195845420356338,4.115558320760024,1125.5337288849573,20.45549237519315,8.467062814622835,9.894069846897374,0.0,12.0,,gc_formula_si,"Si monomer: HSP NOT reliable (Si groups fitted on 51 HSPiP Si compounds, only 7 measured, all much smaller than the monomers)",0.0,17.103708808901484,17.103708808901484,6.195845420356338,6.195845420356338,4.115558320760024,4.115558320760024
CCOC(=O)/C=C/[C@@H](C)[C@@H](O)CO[Si](C)(C)C(C)(C)C,CCOC(=O)/C=C/[C@@H](C)[C@H](CO[Si](C)(C)C(C)(C)C)OC(=O)[C@@H]1[C@H](C(=O)O[C@@H](CO[Si](C)(C)C(C)(C)C)[C@H](C)/C=C/C(=O)OCC)[C@@H]2C=C[C@@H]1C2,ester,Sigma-Aldrich,monoalcohol,302.487,False,,0,13.131,7.0676,10.2804,0,True,2,True,0,2,0,True,,15.705532282213499,3.7789546950575543,4.12767265855252,780.3741148739482,12.282454856424478,5.853835957275448,5.370126887737798,0.0,8.0,,gc_formula_si,"Si monomer: HSP NOT reliable (Si groups fitted on 51 HSPiP Si compounds, only 7 measured, all much smaller than the monomers)",0.0,15.705532282213499,15.705532282213499,3.7789546950575543,3.7789546950575543,4.12767265855252,4.12767265855252
CCOC(=O)[C@@H](O)[C@H](O)[C@@H](C)[C@H](CO[Si](C)(C)C(C)(C)C)OCc1ccc(OC)cc1,CCOC(=O)[C@@H](O)[C@H](OC(=O)[C@@H]1[C@H](C(=O)O[C@H]([C@@H](C)[C@H](CO[Si](C)(C)C(C)(C)C)OCc2ccc(OC)cc2)[C@H](O)C(=O)OCC)[C@@H]2C=C[C@@H]1C2)[C@@H](C)[C@H](CO[Si](C)(C)C(C)(C)C)OCc1ccc(OC)cc1,ester,Sigma-Aldrich,diol,456.652,False,,0,19.6782,14.734,11.7303,0,True,2,True,0,0,0,True,,16.643486904951413,4.753704375441877,6.139846803095746,1011.7416510442296,16.444094090488175,11.299258183622584,9.17156036864862,0.0,8.0,,gc_formula_si,"Si monomer: HSP NOT reliable (Si groups fitted on 51 HSPiP Si compounds, only 7 measured, all much smaller than the monomers)",0.0,16.643486904951413,16.643486904951413,4.753704375441877,4.753704375441877,6.139846803095746,6.139846803095746
C=CC12CCC([C@@H](OCc3ccc(OC)cc3)[C@]1(O)/C=C\C(=C)CCO[Si](CC)(CC)CC)C2(C)C,C=CC12CCC([C@@H](OCc3ccc(OC)cc3)[C@@]1(/C=C\C(=C)CCO[Si](CC)(CC)CC)OC(=O)[C@@H]1[C@H](C(=O)O[C@]3(/C=C\C(=C)CCO[Si](CC)(CC)CC)[C@H](OCc4ccc(OC)cc4)C4CCC3(C=C)C4(C)C)[C@@H]3C=C[C@@H]1C3)C2(C)C,ester,Sigma-Aldrich,monoalcohol,512.807,False,,0,21.1327,-4.955,9.4278,4,True,2,True,0,4,0,True,,16.776750488525582,3.311768089119253,3.684550945893177,1194.985490264416,18.02818816094309,6.099162568246362,8.000953686979782,0.0,8.0,,gc_formula_si,"Si monomer: HSP NOT reliable (Si groups fitted on 51 HSPiP Si compounds, only 7 measured, all much smaller than the monomers)",0.0,16.776750488525582,16.776750488525582,3.311768089119253,3.311768089119253,3.684550945893177,3.684550945893177
COC([C@@]1(O)[C@@H](CCO[Si](C)(C)C(C)(C)C)CCC2=CCC[C@]3(C)[C@H]1[C@H]23)P(=O)(c1ccccc1)c1ccccc1,COC([C@@]1(OC(=O)[C@@H]2[C@H](C(=O)O[C@]3(C(OC)P(=O)(c4ccccc4)c4ccccc4)[C@@H](CCO[Si](C)(C)C(C)(C)C)CCC4=CCC[C@]5(C)[C@H]3[C@H]45)[C@@H]3C=C[C@@H]2C3)[C@@H](CCO[Si](C)(C)C(C)(C)C)CCC2=CCC[C@]3(C)[C@H]1[C@H]23)P(=O)(c1ccccc1)c1ccccc1,ester,Sigma-Aldrich,monoalcohol,580.822,False,,0,24.7684,-1.975,8.3476,4,True,2,True,0,2,4,True,,17.551171087606605,5.273465731382114,3.9898183424115876,1232.6697048917326,22.09068493900777,2.526882748249349,3.0003367876000677,0.0,12.0,,gc_formula_si,"Si monomer: HSP NOT reliable (Si groups fitted on 51 HSPiP Si compounds, only 7 measured, all much smaller than the monomers)",0.0,17.551171087606605,17.551171087606605,5.273465731382114,5.273465731382114,3.9898183424115876,3.9898183424115876
C/C1=C/CC[C@@](C)(O)[C@@H]2O[C@H](C1)[C@H]1C[C@@H](O[Si](c3ccccc3)(c3ccccc3)C(C)(C)C)C=C[C@H]12,C/C1=C/CC[C@@](C)(OC(=O)[C@@H]2[C@H](C(=O)O[C@]3(C)CC/C=C(/C)C[C@H]4O[C@@H]3[C@@H]3C=C[C@H](O[Si](c5ccccc5)(c5ccccc5)C(C)(C)C)C[C@@H]34)[C@@H]3C=C[C@@H]2C3)[C@@H]2O[C@H](C1)[C@H]1C[C@@H](O[Si](c3ccccc3)(c3ccccc3)C(C)(C)C)C=C[C@H]12,ester,Sigma-Aldrich,monoalcohol,502.771,False,,0,26.41,-1.1574,7.6034,0,True,2,True,0,0,2,True,,17.53016079738209,2.839579457339416,2.9213566462024354,1121.234423877334,21.985337088830295,4.764758397664939,8.356561015829238,0.0,4.0,,gc_formula_si,"Si monomer: HSP NOT reliable (Si groups fitted on 51 HSPiP Si compounds, only 7 measured, all much smaller than the monomers)",0.0,17.53016079738209,17.53016079738209,2.839579457339416,2.839579457339416,2.9213566462024354,2.9213566462024354
CC(C)(C)[Si](C)(C)OCC[C@@H]1O[C@H](c2ccccc2)OC[C@H]1O,CC(C)(C)[Si](C)(C)OCC[C@@H]1O[C@H](c2ccccc2)OC[C@H]1OC(=O)[C@@H]1[C@H](C(=O)O[C@@H]2CO[C@@H](c3ccccc3)O[C@H]2CCO[Si](C)(C)C(C)(C)C)[C@@H]2C=C[C@@H]1C2,ester,Sigma-Aldrich,monoalcohol,338.52,False,,0,21.4181,7.2096,6.0898,0,True,2,True,0,2,2,True,,16.68968616514718,3.901315342578457,3.657902853119145,806.5564481322513,17.42990705929621,5.882862717184286,5.560122844810798,0.0,8.0,,gc_formula_si,"Si monomer: HSP NOT reliable (Si groups fitted on 51 HSPiP Si compounds, only 7 measured, all much smaller than the monomers)",0.0,16.68968616514718,16.68968616514718,3.901315342578457,3.901315342578457,3.657902853119145,3.657902853119145
CC1(C)C2CCC1(/C=C/[C@@](COCOCC[Si](C)(C)C)(OCc1ccccc1)[C@@H](CCO[Si](C)(C)C(C)(C)C)OCOCC[Si](C)(C)C)C(=O)[C@@H]2O,CC1(C)C2CCC1(/C=C/[C@@](COCOCC[Si](C)(C)C)(OCc1ccccc1)[C@@H](CCO[Si](C)(C)C(C)(C)C)OCOCC[Si](C)(C)C)C(=O)[C@@H]2OC(=O)[C@@H]1[C@H](C(=O)O[C@H]2C(=O)C3(/C=C/[C@@](COCOCC[Si](C)(C)C)(OCc4ccccc4)[C@@H](CCO[Si](C)(C)C(C)(C)C)OCOCC[Si](C)(C)C)CCC2C3(C)C)[C@@H]2C=C[C@@H]1C2,ester,Sigma-Aldrich,monoalcohol,779.293,False,,0,19.3631,-19.0634,14.4754,0,True,6,True,2,6,2,True,,15.969398050991302,4.0652441424087895,3.4038094917443558,1733.2801321612546,13.219983720106312,12.079922386304107,11.94757211675763,0.0,24.0,,gc_formula_si,"Si monomer: HSP NOT reliable (Si groups fitted on 51 HSPiP Si compounds, only 7 measured, all much smaller than the monomers)",0.0,15.969398050991302,15.969398050991302,4.0652441424087895,4.0652441424087895,3.4038094917443558,3.4038094917443558
CC1(C)OC[C@@](O)(C#CC23CCC(C[C@H]2O)C3(C)C)[C@@H](CCO[Si](C)(C)C(C)(C)C)O1,CC1(C)OC[C@@](O)(C#CC23CCC(C[C@H]2OC(=O)[C@@H]2[C@H](C(=O)O[C@@H]4CC5CCC4(C#C[C@]4(O)COC(C)(C)O[C@@H]4CCO[Si](C)(C)C(C)(C)C)C5(C)C)[C@@H]4C=C[C@@H]2C4)C3(C)C)[C@@H](CCO[Si](C)(C)C(C)(C)C)O1,ester,Sigma-Aldrich,diol,452.708,False,,0,19.1095,-11.047,11.0637,0,True,2,True,0,2,2,True,,16.311048715533907,4.079032294287577,3.992016325410842,1048.2388554762306,14.00251657659387,10.712516249955403,7.204035945042948,0.0,8.0,,gc_formula_si,"Si monomer: HSP NOT reliable (Si groups fitted on 51 HSPiP Si compounds, only 7 measured, all much smaller than the monomers)",0.0,16.311048715533907,16.311048715533907,4.079032294287577,4.079032294287577,3.992016325410842,3.992016325410842
CC1(C)OC[C@](O)(/C=C/C23CCC(CC2=O)C3(C)C)C(CCO[Si](C)(C)C(C)(C)C)O1,CC1(C)OC[C@@](/C=C/C23CCC(CC2=O)C3(C)C)(OC(=O)[C@@H]2[C@H](C(=O)O[C@]3(/C=C/C45CCC(CC4=O)C5(C)C)COC(C)(C)OC3CCO[Si](C)(C)C(C)(C)C)[C@@H]3C=C[C@@H]2C3)C(CCO[Si](C)(C)C(C)(C)C)O1,ester,Sigma-Aldrich,monoalcohol,452.708,False,,0,15.6049,-12.8594,10.1226,0,True,2,True,0,6,2,True,,16.396304687134986,4.777066411046787,3.649559598230179,1090.434961855594,16.07897486058588,8.52270292322775,6.5577178098901525,0.0,8.0,,gc_formula_si,"Si monomer: HSP NOT reliable (Si groups fitted on 51 HSPiP Si compounds, only 7 measured, all much smaller than the monomers)",0.0,16.396304687134986,16.396304687134986,4.777066411046787,4.777066411046787,3.649559598230179,3.649559598230179
CC1(C)OC2O[C@H](CCO[Si](C)(C)C(C)(C)C)[C@H](O)[C@H]2O1,CC1(C)OC2O[C@H](CCO[Si](C)(C)C(C)(C)C)[C@H](OC(=O)[C@@H]3[C@H](C(=O)O[C@H]4[C@@H](CCO[Si](C)(C)C(C)(C)C)OC5OC(C)(C)O[C@@H]54)[C@@H]4C=C[C@@H]3C4)[C@H]2O1,ester,Sigma-Aldrich,monoalcohol,318.486,False,,0,19.2693,14.524,4.3768,0,True,2,True,0,2,2,True,,15.833230071417473,3.877928691157098,2.998323450677313,771.7522154334483,12.207038030220135,5.406315445204106,4.600126699793789,0.0,8.0,,gc_formula_si,"Si monomer: HSP NOT reliable (Si groups fitted on 51 HSPiP Si compounds, only 7 measured, all much smaller than the monomers)",0.0,15.833230071417473,15.833230071417473,3.877928691157098,3.877928691157098,2.998323450677313,2.998323450677313
CC1(C)C2CCC1(/C=C/[C@@](CO)(OCc1ccccc1)[C@H](O)CCO[Si](C)(C)C(C)(C)C)C(=O)C2,CC1(C)C2CCC1(/C=C/[C@@](COC(=O)[C@@H]1[C@H](C(=O)OC[C@](/C=C/C34CCC(CC3=O)C4(C)C)(OCc3ccccc3)[C@H](O)CCO[Si](C)(C)C(C)(C)C)[C@@H]3C=C[C@@H]1C3)(OCc1ccccc1)[C@H](O)CCO[Si](C)(C)C(C)(C)C)C(=O)C2,ester,Sigma-Aldrich,diol,502.768,False,,0,21.2992,5.9366,11.584,0,True,2,True,0,4,0,True,,17.12807967151165,4.929810301021799,5.265307464982016,1112.4864407284126,20.140257549589307,12.25482776191144,9.23693889601778,0.0,8.0,,gc_formula_si,"Si monomer: HSP NOT reliable (Si groups fitted on 51 HSPiP Si compounds, only 7 measured, all much smaller than the monomers)",0.0,17.12807967151165,17.12807967151165,4.929810301021799,4.929810301021799,5.265307464982016,5.265307464982016
C/C=C/[C@@]1(O)[C@H](OCOC)C2CCC1(/C=C/[C@]1(OCc3ccccc3)CO[C@@H](c3ccccc3)O[C@H]1CCO[Si](C)(C)C(C)(C)C)C2(C)C,C/C=C/[C@@]1(OC(=O)[C@@H]2[C@H](C(=O)O[C@]3(/C=C/C)[C@H](OCOC)C4CCC3(/C=C/[C@]3(OCc5ccccc5)CO[C@@H](c5ccccc5)O[C@H]3CCO[Si](C)(C)C(C)(C)C)C4(C)C)[C@@H]3C=C[C@@H]2C3)[C@H](OCOC)C2CCC1(/C=C/[C@]1(OCc3ccccc3)CO[C@@H](c3ccccc3)O[C@H]1CCO[Si](C)(C)C(C)(C)C)C2(C)C,ester,Sigma-Aldrich,monoalcohol,693.01,False,,0,25.6317,-13.9344,13.6144,0,True,2,True,0,8,2,True,,17.144484205707233,3.6264784624829103,3.661829230302339,1491.2706707610573,21.159640488009973,11.147910230882935,12.591818073941626,0.0,8.0,,gc_formula_si,"Si monomer: HSP NOT reliable (Si groups fitted on 51 HSPiP Si compounds, only 7 measured, all much smaller than the monomers)",0.0,17.144484205707233,17.144484205707233,3.6264784624829103,3.6264784624829103,3.661829230302339,3.661829230302339
COCO[C@H]1C(=O)C(O)C[C@@H]([C@]2(OCc3ccccc3)CO[C@@H](c3ccccc3)OC2CCO[Si](C)(C)C(C)(C)C)/C=C2\CCC1C2(C)C,COCO[C@H]1C(=O)C(OC(=O)[C@@H]2[C@H](C(=O)OC3C[C@@H]([C@]4(OCc5ccccc5)CO[C@@H](c5ccccc5)OC4CCO[Si](C)(C)C(C)(C)C)/C=C4\CCC([C@@H](OCOC)C3=O)C4(C)C)[C@@H]3C=C[C@@H]2C3)C[C@@H]([C@]2(OCc3ccccc3)CO[C@@H](c3ccccc3)OC2CCO[Si](C)(C)C(C)(C)C)/C=C2\CCC1C2(C)C,ester,Sigma-Aldrich,monoalcohol,694.982,False,,0,26.3252,3.6242,8.7532,0,True,2,True,2,4,4,True,,17.258681227312202,4.533878880384212,3.89878254720807,1434.5154949145854,21.861730678465,10.688080924695548,13.620377548156599,0.0,8.0,,gc_formula_si,"Si monomer: HSP NOT reliable (Si groups fitted on 51 HSPiP Si compounds, only 7 measured, all much smaller than the monomers)",0.0,17.258681227312202,17.258681227312202,4.533878880384212,4.533878880384212,3.89878254720807,3.89878254720807
CC1(C)O[C@H]2O[C@H](CCO[Si](C)(C)C(C)(C)C)[C@](O)(/C=C/C34CCC(C[C@H]3O)C4(C)C)[C@H]2O1,CC1(C)O[C@H]2O[C@H](CCO[Si](C)(C)C(C)(C)C)[C@](O)(/C=C/C34CCC(C[C@H]3OC(=O)[C@@H]3[C@H](C(=O)O[C@@H]5CC6CCC5(/C=C/[C@@]5(O)[C@@H](CCO[Si](C)(C)C(C)(C)C)O[C@@H]7OC(C)(C)O[C@@H]75)C6(C)C)[C@@H]5C=C[C@@H]3C5)C4(C)C)[C@H]2O1,ester,Sigma-Aldrich,diol,482.734,False,,0,21.5288,3.8354,10.8539,0,True,2,True,0,6,2,True,,16.482020108581857,3.764854157435979,3.5007298162960154,1081.01682881004,15.016451263509047,8.394888352947453,5.924625915905051,0.0,8.0,,gc_formula_si,"Si monomer: HSP NOT reliable (Si groups fitted on 51 HSPiP Si compounds, only 7 measured, all much smaller than the monomers)",0.0,16.482020108581857,16.482020108581857,3.764854157435979,3.764854157435979,3.5007298162960154,3.5007298162960154
C=C[C@@]1(O)[C@H](OCOC)C2CCC1(/C=C/[C@]1(OCc3ccccc3)CO[C@@H](c3ccccc3)O[C@H]1CCO[Si](C)(C)C(C)(C)C)C2(C)C,C=C[C@@]1(OC(=O)[C@@H]2[C@H](C(=O)O[C@]3(C=C)[C@H](OCOC)C4CCC3(/C=C/[C@]3(OCc5ccccc5)CO[C@@H](c5ccccc5)O[C@H]3CCO[Si](C)(C)C(C)(C)C)C4(C)C)[C@@H]3C=C[C@@H]2C3)[C@H](OCOC)C2CCC1(/C=C/[C@]1(OCc3ccccc3)CO[C@@H](c3ccccc3)O[C@H]1CCO[Si](C)(C)C(C)(C)C)C2(C)C,ester,Sigma-Aldrich,monoalcohol,678.983,False,,0,26.4193,3.1592,12.1754,4,True,2,True,0,8,2,True,,17.103505602456142,3.6726353073533473,3.707250879859358,1459.6271732682858,20.66010537877439,10.80036263812273,12.402968148174494,0.0,12.0,,gc_formula_si,"Si monomer: HSP NOT reliable (Si groups fitted on 51 HSPiP Si compounds, only 7 measured, all much smaller than the monomers)",0.0,17.103505602456142,17.103505602456142,3.6726353073533473,3.6726353073533473,3.707250879859358,3.707250879859358
CC1(C)C2CCC1(C#C[C@]1(O)CO[C@@H](c3ccccc3)OC1CCO[Si](C)(C)C(C)(C)C)[C@H](O)C2,CC1(C)C2CCC1(C#C[C@]1(O)CO[C@@H](c3ccccc3)OC1CCO[Si](C)(C)C(C)(C)C)[C@H](OC(=O)[C@@H]1[C@H](C(=O)O[C@@H]3CC4CCC3(C#C[C@]3(O)CO[C@@H](c5ccccc5)OC3CCO[Si](C)(C)C(C)(C)C)C4(C)C)[C@@H]3C=C[C@@H]1C3)C2,ester,Sigma-Aldrich,diol,500.752,False,,0,23.3178,-8.4898,9.7921,0,True,2,True,0,2,2,True,,16.974339257047237,4.046693179914797,4.050872362215235,1108.4502781285078,18.47303623349412,10.953891635186462,8.440960216495599,0.0,8.0,,gc_formula_si,"Si monomer: HSP NOT reliable (Si groups fitted on 51 HSPiP Si compounds, only 7 measured, all much smaller than the monomers)",0.0,16.974339257047237,16.974339257047237,4.046693179914797,4.046693179914797,4.050872362215235,4.050872362215235
CC1(C)C2CCC1(/C=C/[C@]1(O)CO[C@@H](c3ccccc3)O[C@H]1CCO[Si](C)(C)C(C)(C)C)C(=O)C2,CC1(C)C2CCC1(/C=C/[C@]1(OC(=O)[C@@H]3[C@H](C(=O)O[C@@]4(/C=C/C56CCC(CC5=O)C6(C)C)CO[C@@H](c5ccccc5)O[C@H]4CCO[Si](C)(C)C(C)(C)C)[C@@H]4C=C[C@@H]3C4)CO[C@@H](c3ccccc3)O[C@H]1CCO[Si](C)(C)C(C)(C)C)C(=O)C2,ester,Sigma-Aldrich,monoalcohol,500.752,False,,0,20.8269,-10.3022,10.2088,0,True,2,True,0,6,2,True,,17.028245372513357,4.716326409470495,3.7299111228157926,1150.6463845078713,19.93963341999842,8.764078308458807,7.794642081342801,0.0,8.0,,gc_formula_si,"Si monomer: HSP NOT reliable (Si groups fitted on 51 HSPiP Si compounds, only 7 measured, all much smaller than the monomers)",0.0,17.028245372513357,17.028245372513357,4.716326409470495,4.716326409470495,3.7299111228157926,3.7299111228157926
C/C=C/[C@@]1(O)[C@H](OCOC)C2CCC1(/C=C/[C@@](COCOCC[Si](C)(C)C)(OCc1ccccc1)[C@@H](CCO[Si](C)(C)C(C)(C)C)OCOCC[Si](C)(C)C)C2(C)C,C/C=C/[C@@]1(OC(=O)[C@@H]2[C@H](C(=O)O[C@]3(/C=C/C)[C@H](OCOC)C4CCC3(/C=C/[C@@](COCOCC[Si](C)(C)C)(OCc3ccccc3)[C@@H](CCO[Si](C)(C)C(C)(C)C)OCOCC[Si](C)(C)C)C4(C)C)[C@@H]3C=C[C@@H]2C3)[C@H](OCOC)C2CCC1(/C=C/[C@@](COCOCC[Si](C)(C)C)(OCc1ccccc1)[C@@H](CCO[Si](C)(C)C(C)(C)C)OCOCC[Si](C)(C)C)C2(C)C,ester,Sigma-Aldrich,monoalcohol,865.427,False,,0,19.3894,-21.1146,16.876,0,True,6,True,0,6,0,True,,15.901720497965963,3.3728834382853914,3.465748782585472,1949.6393577974702,10.40630125717022,14.758069237152299,14.754574967204727,0.0,24.0,,gc_formula_si,"Si monomer: HSP NOT reliable (Si groups fitted on 51 HSPiP Si compounds, only 7 measured, all much smaller than the monomers)",0.0,15.901720497965963,15.901720497965963,3.3728834382853914,3.3728834382853914,3.465748782585472,3.465748782585472
CC1(C)C2CCC1(C#CC1(O)CO[C@@H](c3ccccc3)O[C@@H]1CCO[Si](C)(C)C(C)(C)C)C(O)C2,CC1(C)C2CCC1(C#CC1(O)CO[C@@H](c3ccccc3)O[C@@H]1CCO[Si](C)(C)C(C)(C)C)C(OC(=O)[C@@H]1[C@H](C(=O)OC3CC4CCC3(C#CC3(O)CO[C@@H](c5ccccc5)O[C@@H]3CCO[Si](C)(C)C(C)(C)C)C4(C)C)[C@@H]3C=C[C@@H]1C3)C2,ester,Sigma-Aldrich,diol,500.752,False,,0,23.3178,-8.4898,9.7921,0,True,2,True,0,2,2,True,,16.974339257047237,4.046693179914797,4.050872362215235,1108.4502781285078,18.47303623349412,10.953891635186462,8.440960216495599,0.0,8.0,,gc_formula_si,"Si monomer: HSP NOT reliable (Si groups fitted on 51 HSPiP Si compounds, only 7 measured, all much smaller than the monomers)",0.0,16.974339257047237,16.974339257047237,4.046693179914797,4.046693179914797,4.050872362215235,4.050872362215235
CC1(C)C2CCC1(/C=C/[C@]1(O)CO[C@@H](c3ccccc3)O[C@H]1CCO[Si](C)(C)C(C)(C)C)C(O)C2,CC1(C)C2CCC1(/C=C/[C@]1(O)CO[C@@H](c3ccccc3)O[C@H]1CCO[Si](C)(C)C(C)(C)C)C(OC(=O)[C@@H]1[C@H](C(=O)OC3CC4CCC3(/C=C/[C@]3(O)CO[C@@H](c5ccccc5)O[C@H]3CCO[Si](C)(C)C(C)(C)C)C4(C)C)[C@@H]3C=C[C@@H]1C3)C2,ester,Sigma-Aldrich,diol,502.768,False,,0,23.3952,-10.5744,7.4803,0,True,2,True,0,6,2,True,,17.062744482331638,3.785840560793706,3.914938147195708,1115.8210615088428,19.267838340303786,8.871435624927633,6.88462206092206,0.0,8.0,,gc_formula_si,"Si monomer: HSP NOT reliable (Si groups fitted on 51 HSPiP Si compounds, only 7 measured, all much smaller than the monomers)",0.0,17.062744482331638,17.062744482331638,3.785840560793706,3.785840560793706,3.914938147195708,3.914938147195708
CC(C)(C)[Si](C)(C)OCC[C@H]1O[C@@H](c2ccccc2)OC[C@H]1O,CC(C)(C)[Si](C)(C)OCC[C@H]1O[C@@H](c2ccccc2)OC[C@H]1OC(=O)[C@@H]1[C@H](C(=O)O[C@@H]2CO[C@H](c3ccccc3)O[C@@H]2CCO[Si](C)(C)C(C)(C)C)[C@@H]2C=C[C@@H]1C2,ester,Sigma-Aldrich,monoalcohol,338.52,False,,0,21.4181,7.2096,6.0898,0,True,2,True,0,2,2,True,,16.68968616514718,3.901315342578457,3.657902853119145,806.5564481322513,17.42990705929621,5.882862717184286,5.560122844810798,0.0,8.0,,gc_formula_si,"Si monomer: HSP NOT reliable (Si groups fitted on 51 HSPiP Si compounds, only 7 measured, all much smaller than the monomers)",0.0,16.68968616514718,16.68968616514718,3.901315342578457,3.901315342578457,3.657902853119145,3.657902853119145
CC1(C)C2CCC1(/C=C/[C@]1(OCc3ccccc3)C(O)C(O)O[C@@H]1CCO[Si](C)(C)C(C)(C)C)C(=O)C2,CC1(C)C2CCC1(/C=C/[C@]1(OCc3ccccc3)C(OC(=O)[C@@H]3[C@H](C(=O)OC4C(O)O[C@H](CCO[Si](C)(C)C(C)(C)C)[C@@]4(/C=C/C45CCC(CC4=O)C5(C)C)OCc4ccccc4)[C@@H]4C=C[C@@H]3C4)C(O)O[C@@H]1CCO[Si](C)(C)C(C)(C)C)C(=O)C2,ester,Sigma-Aldrich,diol,530.778,False,,0,21.8306,-9.7184,10.2088,0,True,2,True,0,6,2,True,,17.087179142231435,5.102903453048267,4.065915716371936,1168.0543849865378,19.379834369551055,13.615383986987567,9.900754037586129,0.0,8.0,,gc_formula_si,"Si monomer: HSP NOT reliable (Si groups fitted on 51 HSPiP Si compounds, only 7 measured, all much smaller than the monomers)",0.0,17.087179142231435,17.087179142231435,5.102903453048267,5.102903453048267,4.065915716371936,4.065915716371936
C=C[C@@H](C)[C@H](OCOCCOC)C1OC1C(O)CC[C@H](C#C[Si](C)(C)C)O[Si](C)(C)C(C)(C)C,C=C[C@@H](C)[C@H](OCOCCOC)C1OC1C(CC[C@H](C#C[Si](C)(C)C)O[Si](C)(C)C(C)(C)C)OC(=O)[C@@H]1[C@H](C(=O)OC(CC[C@H](C#C[Si](C)(C)C)O[Si](C)(C)C(C)(C)C)C2OC2[C@@H](OCOCCOC)[C@H](C)C=C)[C@@H]2C=C[C@@H]1C2,ester,Sigma-Aldrich,monoalcohol,514.852,False,,0,17.5329,8.5142,7.2974,4,True,4,True,0,2,0,True,,15.45706273248243,3.8535105581709823,3.5862538761347897,1250.463630110829,0.0,12.4659883453808,11.18842628786272,0.0,20.0,,gc_formula_si,"Si monomer: HSP NOT reliable (Si groups fitted on 51 HSPiP Si compounds, only 7 measured, all much smaller than the monomers)",0.0,15.45706273248243,15.45706273248243,3.8535105581709823,3.8535105581709823,3.5862538761347897,3.5862538761347897
CSCOCCC(O)C#C[Si](C)(C)C,CSCOCCC(C#C[Si](C)(C)C)OC(=O)[C@@H]1[C@H](C(=O)OC(C#C[Si](C)(C)C)CCOCSC)[C@@H]2C=C[C@@H]1C2,ester,Sigma-Aldrich,monoalcohol,232.421,False,,0,16.4935,6.6134,4.0524,0,True,2,True,2,0,0,True,,16.232391516634298,4.6406914447963725,4.822451100550507,616.471903694845,16.169615510075776,11.74709000590224,11.127735313865985,0.0,8.0,,gc_formula_si,"Si monomer: HSP NOT reliable (Si groups fitted on 51 HSPiP Si compounds, only 7 measured, all much smaller than the monomers)",0.0,16.232391516634298,16.232391516634298,4.6406914447963725,4.6406914447963725,4.822451100550507,4.822451100550507
C=C(C(=O)OC)[C@@H](C)[C@H](O)[C@H](O[Si](C)(C)C(C)(C)C)c1ccccc1,C=C(C(=O)OC)[C@@H](C)[C@H](OC(=O)[C@@H]1[C@H](C(=O)O[C@@H]([C@H](C)C(=C)C(=O)OC)[C@H](O[Si](C)(C)C(C)(C)C)c2ccccc2)[C@@H]2C=C[C@@H]1C2)[C@H](O[Si](C)(C)C(C)(C)C)c1ccccc1,ester,Sigma-Aldrich,monoalcohol,364.558,False,,0,19.4569,6.8884,9.1332,0,True,2,True,0,2,0,True,,16.554952341505988,3.6035753367496643,3.8145378854506387,869.5621849560085,16.32706951337113,5.785880133688771,5.495385740744219,0.0,8.0,,gc_formula_si,"Si monomer: HSP NOT reliable (Si groups fitted on 51 HSPiP Si compounds, only 7 measured, all much smaller than the monomers)",0.0,16.554952341505988,16.554952341505988,3.6035753367496643,3.6035753367496643,3.8145378854506387,3.8145378854506387
C=C(CO)C(CO[Si](C)(C)C(C)(C)C)c1ccccc1,C=C(COC(=O)[C@@H]1[C@H](C(=O)OCC(=C)C(CO[Si](C)(C)C(C)(C)C)c2ccccc2)[C@@H]2C=C[C@@H]1C2)C(CO[Si](C)(C)C(C)(C)C)c1ccccc1,ester,Sigma-Aldrich,monoalcohol,292.495,False,,0,19.0618,-0.8694,8.7366,0,True,2,True,0,2,0,True,,16.496669307500387,2.909541738048089,3.043293687985974,740.1027410251914,16.429620195769047,4.024018925929175,4.255076036726671,0.0,8.0,,gc_formula_si,"Si monomer: HSP NOT reliable (Si groups fitted on 51 HSPiP Si compounds, only 7 measured, all much smaller than the monomers)",0.0,16.496669307500387,16.496669307500387,2.909541738048089,2.909541738048089,3.043293687985974,3.043293687985974
CC(C)OC1=C(OC(C)C)[C@@]2(O)C3=CC[C@H](O[Si](C)(C)C(C)(C)C)C3[C@@H]3CCC[C@@]32C1=O,CC(C)OC1=C(OC(C)C)[C@@]2(OC(=O)[C@@H]3[C@H](C(=O)O[C@]45C6=CC[C@H](O[Si](C)(C)C(C)(C)C)C6[C@@H]6CCC[C@@]64C(=O)C(OC(C)C)=C5OC(C)C)[C@@H]4C=C[C@@H]3C4)C3=CC[C@H](O[Si](C)(C)C(C)(C)C)C3[C@@H]3CCC[C@@]32C1=O,ester,Sigma-Aldrich,monoalcohol,462.703,False,,0,15.0488,-9.58,7.2438,0,True,2,True,2,2,2,True,,16.60076904719665,4.911538934771576,3.8637488782843805,1061.4042940710792,16.105800044066484,8.236075768741516,5.978110423073687,0.0,8.0,,gc_formula_si,"Si monomer: HSP NOT reliable (Si groups fitted on 51 HSPiP Si compounds, only 7 measured, all much smaller than the monomers)",0.0,16.60076904719665,16.60076904719665,4.911538934771576,4.911538934771576,3.8637488782843805,3.8637488782843805
CC(C)OC1=C(OC(C)C)[C@]2(O)C3CCCC(O[Si](C)(C)C(C)(C)C)C3[C@H]3CCC[C@]32C1=O,CC(C)OC1=C(OC(C)C)[C@]2(OC(=O)[C@@H]3[C@H](C(=O)O[C@]45C(OC(C)C)=C(OC(C)C)C(=O)[C@]46CCC[C@@H]6C4C(O[Si](C)(C)C(C)(C)C)CCCC45)[C@@H]4C=C[C@@H]3C4)C3CCCC(O[Si](C)(C)C(C)(C)C)C3[C@H]3CCC[C@]32C1=O,ester,Sigma-Aldrich,monoalcohol,478.746,False,,0,16.3558,-11.3728,6.7292,0,True,2,True,2,2,4,True,,16.511075643416778,4.773069353721855,3.5577974127312606,1107.260135546082,15.405833481180027,6.926488824439143,3.367365510697007,0.0,8.0,,gc_formula_si,"Si monomer: HSP NOT reliable (Si groups fitted on 51 HSPiP Si compounds, only 7 measured, all much smaller than the monomers)",0.0,16.511075643416778,16.511075643416778,4.773069353721855,4.773069353721855,3.5577974127312606,3.5577974127312606
C=CC[C@]1(O)[C@H](O[Si](C)(C)C(C)(C)C)C[C@]2(CCCO2)[C@@]2(CCCO2)[C@]12CCCO2,C=CC[C@]1(OC(=O)[C@@H]2[C@H](C(=O)O[C@@]3(CC=C)[C@H](O[Si](C)(C)C(C)(C)C)C[C@]4(CCCO4)[C@@]4(CCCO4)[C@]34CCCO4)[C@@H]3C=C[C@@H]2C3)[C@H](O[Si](C)(C)C(C)(C)C)C[C@]2(CCCO2)[C@@]2(CCCO2)[C@]12CCCO2,ester,Sigma-Aldrich,monoalcohol,438.681,False,,0,23.6296,4.226,3.3142,4,True,2,True,0,2,4,True,,16.677387915616062,4.246323895478095,3.7700759422570305,990.8500371843439,16.535725945120255,11.000165176443886,8.504367584611868,0.0,12.0,,gc_formula_si,"Si monomer: HSP NOT reliable (Si groups fitted on 51 HSPiP Si compounds, only 7 measured, all much smaller than the monomers)",0.0,16.677387915616062,16.677387915616062,4.246323895478095,4.246323895478095,3.7700759422570305,3.7700759422570305
C=CC[C@H]1[C@H]2[C@@H](C[C@@H](OCOC)[C@]1(O)C1=C[C@H](O[Si](C)(C)C(C)(C)C)C[C@]1(C=C)OC)C2(C)C,C=CC[C@H]1[C@H]2[C@@H](C[C@@H](OCOC)[C@]1(OC(=O)[C@@H]1[C@H](C(=O)O[C@]3(C4=C[C@H](O[Si](C)(C)C(C)(C)C)C[C@]4(C=C)OC)[C@H](OCOC)C[C@@H]4[C@H]([C@@H]3CC=C)C4(C)C)[C@@H]3C=C[C@@H]1C3)C1=C[C@H](O[Si](C)(C)C(C)(C)C)C[C@]1(C=C)OC)C2(C)C,ester,Sigma-Aldrich,monoalcohol,492.773,False,,0,20.0031,-3.195,7.7918,8,True,2,True,0,4,4,True,,16.21316116659901,3.279482194034504,3.4468303313278517,1163.8536638011828,12.176165541994614,6.177133044965869,7.8102104740873,0.0,16.0,,gc_formula_si,"Si monomer: HSP NOT reliable (Si groups fitted on 51 HSPiP Si compounds, only 7 measured, all much smaller than the monomers)",0.0,16.21316116659901,16.21316116659901,3.279482194034504,3.279482194034504,3.4468303313278517,3.4468303313278517
CC(C)(C)[Si](OC[C@@H]1CCC(O)O1)(c1ccccc1)c1ccccc1,CC(C)(C)[Si](OC[C@@H]1CCC(OC(=O)[C@@H]2[C@H](C(=O)OC3CC[C@@H](CO[Si](c4ccccc4)(c4ccccc4)C(C)(C)C)O3)[C@@H]3C=C[C@@H]2C3)O1)(c1ccccc1)c1ccccc1,ester,Sigma-Aldrich,monoalcohol,356.538,False,,0,25.3,7.4646,5.9512,0,True,2,True,0,0,0,True,,17.51055993648826,3.1126820885953213,3.147609694127627,808.6440788911468,21.20233620039722,2.9245959272947566,5.498772171913065,0.0,4.0,,gc_formula_si,"Si monomer: HSP NOT reliable (Si groups fitted on 51 HSPiP Si compounds, only 7 measured, all much smaller than the monomers)",0.0,17.51055993648826,17.51055993648826,3.1126820885953213,3.1126820885953213,3.147609694127627,3.147609694127627
CC[C@@H](CCCO)O[Si](C)(C)C(C)(C)C,CC[C@@H](CCCOC(=O)[C@@H]1[C@H](C(=O)OCCC[C@H](CC)O[Si](C)(C)C(C)(C)C)[C@@H]2C=C[C@@H]1C2)O[Si](C)(C)C(C)(C)C,ester,Sigma-Aldrich,monoalcohol,232.44,False,,0,14.9135,3.1626,5.503,0,True,2,True,0,0,0,True,,15.525283862805875,2.991425541981,2.545962660634653,664.2743718971494,11.973586452689034,2.8585518725063706,1.4416125180109955,0.0,8.0,,gc_formula_si,"Si monomer: HSP NOT reliable (Si groups fitted on 51 HSPiP Si compounds, only 7 measured, all much smaller than the monomers)",0.0,15.525283862805875,15.525283862805875,2.991425541981,2.991425541981,2.545962660634653,2.545962660634653
CC(C)(C)[Si](C)(C)OC[C@@H]1C[C@@H]([Se]c2ccccc2)C2(O1)C(=O)N(Cc1ccccc1)C[C@H]2O,CC(C)(C)[Si](C)(C)OC[C@@H]1C[C@@H]([Se]c2ccccc2)C2(O1)C(=O)N(Cc1ccccc1)C[C@H]2OC(=O)[C@@H]1[C@H](C(=O)O[C@@H]2CN(Cc3ccccc3)C(=O)C23O[C@H](CO[Si](C)(C)C(C)(C)C)C[C@H]3[Se]c2ccccc2)[C@@H]2C=C[C@@H]1C2,ester,Sigma-Aldrich,monoalcohol,546.642,False,,0,27.2763,7.0216,6.0108,2,True,2,True,2,2,2,True,,17.60341000845063,5.011004471276807,3.7817179980979847,993.524726349197,21.817481872075998,7.244574789188883,7.925516171158885,2.0,10.0,,gc_formula_si,"Si monomer: HSP NOT reliable (Si groups fitted on 51 HSPiP Si compounds, only 7 measured, all much smaller than the monomers)",2.0,17.60341000845063,17.60341000845063,5.011004471276807,5.011004471276807,3.7817179980979847,3.7817179980979847
C=CC[C@H](C[C@H](O)CC(=O)C[C@H](C[C@H](COCOCC[Si](C)(C)C)OCc1ccc(OC)cc1)O[Si](c1ccccc1)(c1ccccc1)C(C)(C)C)OCc1ccc(OC)cc1,C=CC[C@H](C[C@@H](CC(=O)C[C@H](C[C@H](COCOCC[Si](C)(C)C)OCc1ccc(OC)cc1)O[Si](c1ccccc1)(c1ccccc1)C(C)(C)C)OC(=O)[C@@H]1[C@H](C(=O)O[C@H](CC(=O)C[C@H](C[C@H](COCOCC[Si](C)(C)C)OCc2ccc(OC)cc2)O[Si](c2ccccc2)(c2ccccc2)C(C)(C)C)C[C@@H](CC=C)OCc2ccc(OC)cc2)[C@@H]2C=C[C@@H]1C2)OCc1ccc(OC)cc1,ester,Sigma-Aldrich,monoalcohol,885.3,False,,0,30.2352,12.0076,8.5078,4,True,4,True,0,0,0,True,,17.372636011471126,4.377329918418202,4.136259924635417,1833.4847523318545,23.641482998330396,14.180581421908188,18.63654194986624,0.0,16.0,,gc_formula_si,"Si monomer: HSP NOT reliable (Si groups fitted on 51 HSPiP Si compounds, only 7 measured, all much smaller than the monomers)",0.0,17.372636011471126,17.372636011471126,4.377329918418202,4.377329918418202,4.136259924635417,4.136259924635417
COc1ccc(CO[C@@H](COCOCC[Si](C)(C)C)C[C@H](O)CC(=O)N2C(=S)SC[C@@H]2C(C)C)cc1,COc1ccc(CO[C@@H](COCOCC[Si](C)(C)C)C[C@@H](CC(=O)N2C(=S)SC[C@@H]2C(C)C)OC(=O)[C@@H]2[C@H](C(=O)O[C@H](CC(=O)N3C(=S)SC[C@@H]3C(C)C)C[C@H](COCOCC[Si](C)(C)C)OCc3ccc(OC)cc3)[C@@H]3C=C[C@@H]2C3)cc1,ester,Sigma-Aldrich,monoalcohol,557.851,False,,0,25.2058,13.1334,8.4535,0,True,2,True,0,0,0,True,,17.301298699560814,6.639576540815828,6.352945013315065,1166.3556011071391,22.555201499941052,7.429436759899158,15.313522987509574,0.0,8.0,,gc_formula_si,"Si monomer: HSP NOT reliable (Si groups fitted on 51 HSPiP Si compounds, only 7 measured, all much smaller than the monomers)",0.0,17.301298699560814,17.301298699560814,6.639576540815828,6.639576540815828,6.352945013315065,6.352945013315065
CON(C)C(=O)C[C@@H](O)C[C@H](CCOCC[Si](C)(C)C)OCOCc1ccccc1,CON(C)C(=O)C[C@H](C[C@H](CCOCC[Si](C)(C)C)OCOCc1ccccc1)OC(=O)[C@@H]1[C@H](C(=O)O[C@H](CC(=O)N(C)OC)C[C@H](CCOCC[Si](C)(C)C)OCOCc2ccccc2)[C@@H]2C=C[C@@H]1C2,ester,Sigma-Aldrich,monoalcohol,441.641,False,,0,20.7739,9.7414,5.8276,0,True,2,True,0,0,0,True,,16.677387742199944,5.511087279381046,4.972220786599461,998.6489621937037,17.672530540019057,12.66425578351721,13.713295805278042,0.0,8.0,,gc_formula_si,"Si monomer: HSP NOT reliable (Si groups fitted on 51 HSPiP Si compounds, only 7 measured, all much smaller than the monomers)",0.0,16.677387742199944,16.677387742199944,5.511087279381046,5.511087279381046,4.972220786599461,4.972220786599461
COc1ccc(CO[C@@H](COCOCC[Si](C)(C)C)C[C@H](O)CC(=O)N(C)OC)cc1,COc1ccc(CO[C@@H](COCOCC[Si](C)(C)C)C[C@@H](CC(=O)N(C)OC)OC(=O)[C@@H]2[C@H](C(=O)O[C@H](CC(=O)N(C)OC)C[C@H](COCOCC[Si](C)(C)C)OCc3ccc(OC)cc3)[C@@H]3C=C[C@@H]2C3)cc1,ester,Sigma-Aldrich,monoalcohol,457.64,False,,0,21.1524,14.63,4.2597,0,True,2,True,0,0,0,True,,16.773680521748744,5.805935543072663,5.429624653648158,1009.1544107972792,17.647143345422066,13.66110030351006,14.888728141348965,0.0,8.0,,gc_formula_si,"Si monomer: HSP NOT reliable (Si groups fitted on 51 HSPiP Si compounds, only 7 measured, all much smaller than the monomers)",0.0,16.773680521748744,16.773680521748744,5.805935543072663,5.805935543072663,5.429624653648158,5.429624653648158
CON(C)C(=O)CC(C[C@H](O)CO)O[Si](c1ccccc1)(c1ccccc1)C(C)(C)C,CON(C)C(=O)CC(C[C@H](O)COC(=O)[C@@H]1[C@H](C(=O)OC[C@@H](O)CC(CC(=O)N(C)OC)O[Si](c2ccccc2)(c2ccccc2)C(C)(C)C)[C@@H]2C=C[C@@H]1C2)O[Si](c1ccccc1)(c1ccccc1)C(C)(C)C,ester,Sigma-Aldrich,diol,445.632,False,,0,25.0779,11.69,15.0681,0,True,2,True,0,0,0,True,,17.59606504457224,5.50539569308086,5.901105709908781,948.2452416900356,21.3792013572872,9.36207826993824,9.801582886877666,0.0,4.0,,gc_formula_si,"Si monomer: HSP NOT reliable (Si groups fitted on 51 HSPiP Si compounds, only 7 measured, all much smaller than the monomers)",0.0,17.59606504457224,17.59606504457224,5.50539569308086,5.50539569308086,5.901105709908781,5.901105709908781
CC[Si](CC)(CC)O[C@@H](CO)CC(=O)N(C)OC,CC[Si](CC)(CC)O[C@@H](COC(=O)[C@@H]1[C@H](C(=O)OC[C@@H](CC(=O)N(C)OC)O[Si](CC)(CC)CC)[C@@H]2C=C[C@@H]1C2)CC(=O)N(C)OC,ester,Sigma-Aldrich,monoalcohol,277.437,False,,0,17.1028,8.742,7.8355,0,True,2,True,0,0,0,True,,16.091971742442123,5.820183003608479,4.640895438348338,693.7995691526004,14.801736470808303,4.02390712368557,6.933230901219617,0.0,4.0,,gc_formula_si,"Si monomer: HSP NOT reliable (Si groups fitted on 51 HSPiP Si compounds, only 7 measured, all much smaller than the monomers)",0.0,16.091971742442123,16.091971742442123,5.820183003608479,5.820183003608479,4.640895438348338,4.640895438348338
CC(C)[C@@H]1CSC(=S)N1C(=O)C[C@@H](O)C[C@H](COCOCC[Si](C)(C)C)O[Si](C)(C)C(C)(C)C,CC(C)[C@@H]1CSC(=S)N1C(=O)C[C@H](C[C@H](COCOCC[Si](C)(C)C)O[Si](C)(C)C(C)(C)C)OC(=O)[C@@H]1[C@H](C(=O)O[C@H](CC(=O)N2C(=S)SC[C@H]2C(C)C)C[C@H](COCOCC[Si](C)(C)C)O[Si](C)(C)C(C)(C)C)[C@@H]2C=C[C@@H]1C2,ester,Sigma-Aldrich,monoalcohol,551.964,False,,0,20.1661,7.4496,3.7835,0,True,4,True,0,0,0,True,,16.105023436445887,6.0153557332473335,5.328740975463021,1253.9876004340204,16.687914505904867,8.967126973065412,9.19258637846382,0.0,16.0,,gc_formula_si,"Si monomer: HSP NOT reliable (Si groups fitted on 51 HSPiP Si compounds, only 7 measured, all much smaller than the monomers)",0.0,16.105023436445887,16.105023436445887,6.0153557332473335,6.0153557332473335,5.328740975463021,5.328740975463021
COCO[C@H]1C(=O)C[C@@H]([C@]2(OCOCC[Si](C)(C)C)CO[C@H](c3ccc(OC)cc3)O[C@@H]2C(O)CO)[C@H](Oc2ccc(OC)cc2)C=C2CCC1C2(C)C,COCO[C@H]1C(=O)C[C@@H]([C@]2(OCOCC[Si](C)(C)C)CO[C@H](c3ccc(OC)cc3)O[C@@H]2C(O)COC(=O)[C@@H]2[C@H](C(=O)OCC(O)[C@H]3O[C@@H](c4ccc(OC)cc4)OC[C@@]3(OCOCC[Si](C)(C)C)[C@@H]3CC(=O)[C@H](OCOC)C4CCC(=C[C@H]3Oc3ccc(OC)cc3)C4(C)C)[C@@H]3C=C[C@@H]2C3)[C@H](Oc2ccc(OC)cc2)C=C2CCC1C2(C)C,ester,Sigma-Aldrich,diol,773.005,False,,0,29.6958,30.5272,8.8105,0,True,2,True,0,0,0,True,,17.77952030245101,5.74227637456318,6.1912163033196865,1502.0036580825245,24.579089033952194,21.21012975623767,21.79474804464275,0.0,8.0,,gc_formula_si,"Si monomer: HSP NOT reliable (Si groups fitted on 51 HSPiP Si compounds, only 7 measured, all much smaller than the monomers)",0.0,17.77952030245101,17.77952030245101,5.74227637456318,5.74227637456318,6.1912163033196865,6.1912163033196865
CC(C)(C)[Si](C)(C)OCC1OC=CC1O,CC(C)(C)[Si](C)(C)OCC1OC=CC1OC(=O)[C@@H]1[C@H](C(=O)OC2C=COC2CO[Si](C)(C)C(C)(C)C)[C@@H]2C=C[C@@H]1C2,ester,Sigma-Aldrich,monoalcohol,230.38,False,,0,17.7691,10.051,4.1313,0,True,2,True,0,0,0,True,,15.83285987247419,4.1289001228797035,3.9324937177317087,610.6293489962623,13.408186890555221,7.11574836944073,5.432715216899425,0.0,8.0,,gc_formula_si,"Si monomer: HSP NOT reliable (Si groups fitted on 51 HSPiP Si compounds, only 7 measured, all much smaller than the monomers)",0.0,15.83285987247419,15.83285987247419,4.1289001228797035,4.1289001228797035,3.9324937177317087,3.9324937177317087
C=C(CC(O)C1CCCCC1)C(C)CO[Si](C)(C)C(C)(C)C,C=C(CC(OC(=O)[C@@H]1[C@H](C(=O)OC(CC(=C)C(C)CO[Si](C)(C)C(C)(C)C)C2CCCCC2)[C@@H]2C=C[C@@H]1C2)C1CCCCC1)C(C)CO[Si](C)(C)C(C)(C)C,ester,Sigma-Aldrich,monoalcohol,326.597,False,,0,14.5636,-2.9706,7.2136,0,True,2,True,0,2,2,True,,15.844228928570134,2.580823366003225,2.6000532441412307,865.2666353823681,12.352050802134817,2.90023153621222,2.264698565759349,0.0,8.0,,gc_formula_si,"Si monomer: HSP NOT reliable (Si groups fitted on 51 HSPiP Si compounds, only 7 measured, all much smaller than the monomers)",0.0,15.844228928570134,15.844228928570134,2.580823366003225,2.580823366003225,2.6000532441412307,2.6000532441412307
C=C[C@H]1O[C@@H](c2ccccc2)OC[C@]1(/C=C\C1(O)C(OCOC)C2CCC1(/C=C\Sc1ccccc1)C2(C)C)OCOCC[Si](C)(C)C,C=C[C@H]1O[C@@H](c2ccccc2)OC[C@]1(/C=C\C1(OC(=O)[C@@H]2[C@H](C(=O)OC3(/C=C\[C@]4(OCOCC[Si](C)(C)C)CO[C@H](c5ccccc5)O[C@@H]4C=C)C(OCOC)C4CCC3(/C=C\Sc3ccccc3)C4(C)C)[C@@H]3C=C[C@@H]2C3)C(OCOC)C2CCC1(/C=C\Sc1ccccc1)C2(C)C)OCOCC[Si](C)(C)C,ester,Sigma-Aldrich,monoalcohol,695.007,False,,0,29.1401,22.5346,13.1894,4,True,2,True,0,8,0,True,,17.453800268246994,3.9408777480470603,4.178751902047114,1454.4647215850662,22.964076159547638,15.387983668792671,17.387691004305996,0.0,12.0,,gc_formula_si,"Si monomer: HSP NOT reliable (Si groups fitted on 51 HSPiP Si compounds, only 7 measured, all much smaller than the monomers)",0.0,17.453800268246994,17.453800268246994,3.9408777480470603,3.9408777480470603,4.178751902047114,4.178751902047114
C=C[C@H](c1ccccc1)[C@H](O)[C@@H](C)O[Si](C)(C)C(C)(C)C,C=C[C@H](c1ccccc1)[C@H](OC(=O)[C@@H]1[C@H](C(=O)O[C@@H]([C@H](C=C)c2ccccc2)[C@@H](C)O[Si](C)(C)C(C)(C)C)[C@@H]2C=C[C@@H]1C2)[C@@H](C)O[Si](C)(C)C(C)(C)C,ester,Sigma-Aldrich,monoalcohol,306.522,False,,0,19.5057,-3.7204,8.1662,4,True,2,True,0,2,0,True,,16.32397935537787,2.9190040426021286,2.8114535673380643,812.0543579857189,15.59516660348426,3.0048244214537014,3.0908740433319553,0.0,12.0,,gc_formula_si,"Si monomer: HSP NOT reliable (Si groups fitted on 51 HSPiP Si compounds, only 7 measured, all much smaller than the monomers)",0.0,16.32397935537787,16.32397935537787,2.9190040426021286,2.9190040426021286,2.8114535673380643,2.8114535673380643
C=C(C[C@]1(O)CN(Cc2ccccc2)C1=O)C(O[Si](C)(C)C(C)(C)C)C1CCCCC1,C=C(C[C@]1(OC(=O)[C@@H]2[C@H](C(=O)O[C@@]3(CC(=C)C(O[Si](C)(C)C(C)(C)C)C4CCCCC4)CN(Cc4ccccc4)C3=O)[C@@H]3C=C[C@@H]2C3)CN(Cc2ccccc2)C1=O)C(O[Si](C)(C)C(C)(C)C)C1CCCCC1,ester,Sigma-Aldrich,monoalcohol,443.704,False,,0,22.3155,-5.6182,4.3224,0,True,2,True,2,6,6,True,,16.964564674905834,4.648058875717572,3.4417985814256538,1031.3432246004377,18.709554278749412,3.9380643897712337,4.695399309221017,0.0,8.0,,gc_formula_si,"Si monomer: HSP NOT reliable (Si groups fitted on 51 HSPiP Si compounds, only 7 measured, all much smaller than the monomers)",0.0,16.964564674905834,16.964564674905834,4.648058875717572,4.648058875717572,3.4417985814256538,3.4417985814256538
C=C(C(=O)OC)[C@@H](C)[C@H](O)[C@H](O[Si](C)(C)C(C)(C)C)C1CCCCC1,C=C(C(=O)OC)[C@@H](C)[C@H](OC(=O)[C@@H]1[C@H](C(=O)O[C@@H]([C@H](C)C(=C)C(=O)OC)[C@H](O[Si](C)(C)C(C)(C)C)C2CCCCC2)[C@@H]2C=C[C@@H]1C2)[C@H](O[Si](C)(C)C(C)(C)C)C1CCCCC1,ester,Sigma-Aldrich,monoalcohol,370.606,False,,0,17.0501,0.2198,7.2444,0,True,2,True,0,2,2,True,,16.09648271471287,3.428639546471684,3.540679911070112,903.7217496816268,13.270657895771818,5.156077016678812,3.984202601823868,0.0,8.0,,gc_formula_si,"Si monomer: HSP NOT reliable (Si groups fitted on 51 HSPiP Si compounds, only 7 measured, all much smaller than the monomers)",0.0,16.09648271471287,16.09648271471287,3.428639546471684,3.428639546471684,3.540679911070112,3.540679911070112
C=C(CC(O)C(C)C)C(C)O[Si](C)(C)C(C)(C)C,C=C(CC(OC(=O)[C@@H]1[C@H](C(=O)OC(CC(=C)C(C)O[Si](C)(C)C(C)(C)C)C(C)C)[C@@H]2C=C[C@@H]1C2)C(C)C)C(C)O[Si](C)(C)C(C)(C)C,ester,Sigma-Aldrich,monoalcohol,272.505,False,,0,9.7147,-3.3756,8.48,0,True,2,True,0,2,0,True,,15.362349728302044,2.7713339507174717,2.5055829354051506,783.5712434045636,8.786786313677883,2.9230111001945986,1.9466265549132558,0.0,8.0,,gc_formula_si,"Si monomer: HSP NOT reliable (Si groups fitted on 51 HSPiP Si compounds, only 7 measured, all much smaller than the monomers)",0.0,15.362349728302044,15.362349728302044,2.7713339507174717,2.7713339507174717,2.5055829354051506,2.5055829354051506
C=C(CC(O)C1CCCCC1)C(C)O[Si](C)(C)C(C)(C)C,C=C(CC(OC(=O)[C@@H]1[C@H](C(=O)OC(CC(=C)C(C)O[Si](C)(C)C(C)(C)C)C2CCCCC2)[C@@H]2C=C[C@@H]1C2)C1CCCCC1)C(C)O[Si](C)(C)C(C)(C)C,ester,Sigma-Aldrich,monoalcohol,312.57,False,,0,14.8354,-4.266,6.123,0,True,2,True,0,2,2,True,,15.883755221591924,2.6869694805886213,2.423924529845108,841.8838065901301,12.45180221805875,2.7453537603949676,1.7906429520571343,0.0,8.0,,gc_formula_si,"Si monomer: HSP NOT reliable (Si groups fitted on 51 HSPiP Si compounds, only 7 measured, all much smaller than the monomers)",0.0,15.883755221591924,15.883755221591924,2.6869694805886213,2.6869694805886213,2.423924529845108,2.423924529845108
C=C(CC(O)C(C)C)C(C)CO[Si](C)(C)C(C)(C)C,C=C(CC(OC(=O)[C@@H]1[C@H](C(=O)OC(CC(=C)C(C)CO[Si](C)(C)C(C)(C)C)C(C)C)[C@@H]2C=C[C@@H]1C2)C(C)C)C(C)CO[Si](C)(C)C(C)(C)C,ester,Sigma-Aldrich,monoalcohol,286.532,False,,0,9.2057,-2.0802,9.5706,0,True,2,True,0,2,0,True,,15.333921883717444,2.658455704300514,2.6860921775050888,806.9540721968018,8.621660190607725,3.0778888760118517,2.4206821686154703,0.0,8.0,,gc_formula_si,"Si monomer: HSP NOT reliable (Si groups fitted on 51 HSPiP Si compounds, only 7 measured, all much smaller than the monomers)",0.0,15.333921883717444,15.333921883717444,2.658455704300514,2.658455704300514,2.6860921775050888,2.6860921775050888
CC[C@H](O)CCC/C=C(C)/C(=C1/C[C@@H]2[C@@H](C=C[C@@H]3C[C@@H](O[Si](C)(C)C(C)(C)C)C[C@@H]23)[C@@H]1CCO)c1ccccc1,CC[C@H](O)CCC/C=C(C)/C(=C1/C[C@@H]2[C@@H](C=C[C@@H]3C[C@@H](O[Si](C)(C)C(C)(C)C)C[C@@H]23)[C@@H]1CCOC(=O)[C@@H]1[C@H](C(=O)OCC[C@@H]2/C(=C(C(\C)=C\CCC[C@@H](O)CC)/c3ccccc3)C[C@@H]3[C@H]2C=C[C@@H]2C[C@@H](O[Si](C)(C)C(C)(C)C)C[C@@H]32)[C@@H]2C=C[C@@H]1C2)c1ccccc1,ester,Sigma-Aldrich,diol,564.927,False,,0,20.8839,-3.0198,9.3096,0,True,2,True,0,4,4,True,,17.19003138239655,2.866125381428966,4.29262732348112,1260.1890375499743,19.758088552756444,4.271066777737653,3.579907351692741,0.0,8.0,,gc_formula_si,"Si monomer: HSP NOT reliable (Si groups fitted on 51 HSPiP Si compounds, only 7 measured, all much smaller than the monomers)",0.0,17.19003138239655,17.19003138239655,2.866125381428966,2.866125381428966,4.29262732348112,4.29262732348112
CC(C)(C)[Si](C)(C)O[C@@H]1CCC[C@]12C=C[C@H](O)O2,CC(C)(C)[Si](C)(C)O[C@@H]1CCC[C@]12C=C[C@H](OC(=O)[C@@H]1[C@H](C(=O)O[C@H]3C=C[C@]4(CCC[C@H]4O[Si](C)(C)C(C)(C)C)O3)[C@@H]3C=C[C@@H]1C3)O2,ester,Sigma-Aldrich,monoalcohol,270.445,False,,0,19.2776,12.4674,6.2576,0,True,2,True,0,0,0,True,,16.14773174462909,3.0377832971858143,2.8906122369334764,681.0599413270552,15.020537959984676,4.408672727520515,3.955193397952872,0.0,8.0,,gc_formula_si,"Si monomer: HSP NOT reliable (Si groups fitted on 51 HSPiP Si compounds, only 7 measured, all much smaller than the monomers)",0.0,16.14773174462909,16.14773174462909,3.0377832971858143,3.0377832971858143,2.8906122369334764,2.8906122369334764
CC[C@H](O)CCC/C=C(\C)C1(c2ccccc2)OC12C[C@@H]1[C@@H](C=C[C@@H]3C[C@@H](O[Si](C)(C)C(C)(C)C)C[C@@H]13)[C@@H]2CCO,CC[C@H](O)CCC/C=C(\C)C1(c2ccccc2)OC12C[C@@H]1[C@@H](C=C[C@@H]3C[C@@H](O[Si](C)(C)C(C)(C)C)C[C@@H]13)[C@@H]2CCOC(=O)[C@@H]1[C@H](C(=O)OCC[C@H]2[C@@H]3C=C[C@@H]4C[C@@H](O[Si](C)(C)C(C)(C)C)C[C@H]4[C@@H]3CC23OC3(/C(C)=C/CCC[C@@H](O)CC)c2ccccc2)[C@@H]2C=C[C@@H]1C2,ester,Sigma-Aldrich,diol,580.926,False,,0,24.449,-5.4618,9.42,0,True,2,True,0,4,4,True,,17.263328027484796,3.052955952922138,4.34407452795246,1248.3350943813375,19.986839577451033,7.183548658431339,6.052966067474763,0.0,8.0,,gc_formula_si,"Si monomer: HSP NOT reliable (Si groups fitted on 51 HSPiP Si compounds, only 7 measured, all much smaller than the monomers)",0.0,17.263328027484796,17.263328027484796,3.052955952922138,3.052955952922138,4.34407452795246,4.34407452795246
CC[C@@H]1CC/C=C(\C)C(O)(c2ccccc2)[C@@H]2C[C@H]3[C@@H]4C[C@H](O[Si](C)(C)C(C)(C)C)C[C@H]4C=C[C@H]3C2CC(=O)O1,CC[C@@H]1CC/C=C(\C)C(OC(=O)[C@@H]2[C@H](C(=O)OC3(c4ccccc4)/C(C)=C/CC[C@@H](CC)OC(=O)CC4[C@H]3C[C@H]3[C@@H]5C[C@H](O[Si](C)(C)C(C)(C)C)C[C@H]5C=C[C@@H]43)[C@@H]3C=C[C@@H]2C3)(c2ccccc2)[C@@H]2C[C@H]3[C@@H]4C[C@H](O[Si](C)(C)C(C)(C)C)C[C@H]4C=C[C@H]3C2CC(=O)O1,ester,Sigma-Aldrich,monoalcohol,564.883,False,,0,22.6703,2.7744,9.468,0,True,2,True,0,2,4,True,,17.075762122208225,4.323739445222131,3.1667347209113483,1267.1542003965794,20.36818646001155,3.4776307532737216,5.984113428848243,0.0,8.0,,gc_formula_si,"Si monomer: HSP NOT reliable (Si groups fitted on 51 HSPiP Si compounds, only 7 measured, all much smaller than the monomers)",0.0,17.075762122208225,17.075762122208225,4.323739445222131,4.323739445222131,3.1667347209113483,3.1667347209113483
CC[C@H](O)CCC/C=C(\C)C1(c2ccccc2)OC12C[C@H]1[C@@H]3C[C@H](O[Si](C)(C)C(C)(C)C)C[C@H]3C3OC3[C@H]1[C@@H]2CCO,CC[C@H](O)CCC/C=C(\C)C1(c2ccccc2)OC12C[C@H]1[C@@H]3C[C@H](O[Si](C)(C)C(C)(C)C)C[C@H]3C3OC3[C@H]1[C@@H]2CCOC(=O)[C@@H]1[C@H](C(=O)OCC[C@H]2[C@@H]3C4OC4[C@@H]4C[C@@H](O[Si](C)(C)C(C)(C)C)C[C@H]4[C@@H]3CC23OC3(/C(C)=C/CCC[C@@H](O)CC)c2ccccc2)[C@@H]2C=C[C@@H]1C2,ester,Sigma-Aldrich,diol,596.925,False,,0,25.8367,-3.8658,7.92,0,True,2,True,0,4,4,True,,17.335617361606936,3.359815355611723,4.330586989344191,1244.1308394189848,19.918142999833048,8.242184107049244,5.985536186637925,0.0,8.0,,gc_formula_si,"Si monomer: HSP NOT reliable (Si groups fitted on 51 HSPiP Si compounds, only 7 measured, all much smaller than the monomers)",0.0,17.335617361606936,17.335617361606936,3.359815355611723,3.359815355611723,4.330586989344191,4.330586989344191
CC[C@H](O)CCC[C@@H](C[C@H](O)[C@@H]1C[C@@H]2[C@@H](C=C[C@@H]3C[C@@H](O[Si](C)(C)C(C)(C)C)C[C@@H]23)[C@@H]1CCOCc1ccc(OC)cc1)O[Si](C)(C)C(C)(C)C,CC[C@H](O)CCC[C@@H](C[C@H](OC(=O)[C@@H]1[C@H](C(=O)O[C@@H](C[C@H](CCC[C@@H](O)CC)O[Si](C)(C)C(C)(C)C)[C@@H]2C[C@@H]3[C@@H](C=C[C@@H]4C[C@@H](O[Si](C)(C)C(C)(C)C)C[C@@H]34)[C@@H]2CCOCc2ccc(OC)cc2)[C@@H]2C=C[C@@H]1C2)[C@@H]1C[C@@H]2[C@@H](C=C[C@@H]3C[C@@H](O[Si](C)(C)C(C)(C)C)C[C@@H]23)[C@@H]1CCOCc1ccc(OC)cc1)O[Si](C)(C)C(C)(C)C,ester,Sigma-Aldrich,diol,745.247,False,,0,21.639,-11.6046,8.3792,0,True,4,True,0,2,4,True,,16.406995591429872,3.35868545173605,4.038000701806817,1680.856826316456,14.373905861761116,7.693430055392675,4.387093588905423,0.0,16.0,,gc_formula_si,"Si monomer: HSP NOT reliable (Si groups fitted on 51 HSPiP Si compounds, only 7 measured, all much smaller than the monomers)",0.0,16.406995591429872,16.406995591429872,3.35868545173605,3.35868545173605,4.038000701806817,4.038000701806817
CC(=O)C[C@@H](O)C[C@H](COCOCC[Si](C)(C)C)O[Si](C)(C)C(C)(C)C,CC(=O)C[C@H](C[C@H](COCOCC[Si](C)(C)C)O[Si](C)(C)C(C)(C)C)OC(=O)[C@@H]1[C@H](C(=O)O[C@H](CC(C)=O)C[C@H](COCOCC[Si](C)(C)C)O[Si](C)(C)C(C)(C)C)[C@@H]2C=C[C@@H]1C2,ester,Sigma-Aldrich,monoalcohol,406.712,False,,0,14.3444,10.3566,6.699,0,True,4,True,0,0,0,True,,15.32021802558377,4.435532899201298,3.538172710171317,1022.8968115035065,7.477357131604886,10.396274939072912,7.296952327520347,0.0,16.0,,gc_formula_si,"Si monomer: HSP NOT reliable (Si groups fitted on 51 HSPiP Si compounds, only 7 measured, all much smaller than the monomers)",0.0,15.32021802558377,15.32021802558377,4.435532899201298,4.435532899201298,3.538172710171317,3.538172710171317
C=CC[C@@H](CC(=O)CC(O)C[C@H](C[C@H](COCOCC[Si](C)(C)C)OCOCc1ccccc1)O[Si](c1ccccc1)(c1ccccc1)C(C)(C)C)OCc1ccc(OC)cc1,C=CC[C@@H](CC(=O)CC(C[C@H](C[C@H](COCOCC[Si](C)(C)C)OCOCc1ccccc1)O[Si](c1ccccc1)(c1ccccc1)C(C)(C)C)OC(=O)[C@@H]1[C@H](C(=O)OC(CC(=O)C[C@H](CC=C)OCc2ccc(OC)cc2)C[C@H](C[C@H](COCOCC[Si](C)(C)C)OCOCc2ccccc2)O[Si](c2ccccc2)(c2ccccc2)C(C)(C)C)[C@@H]2C=C[C@@H]1C2)OCc1ccc(OC)cc1,ester,Sigma-Aldrich,monoalcohol,885.3,False,,0,30.2879,10.0322,9.1264,4,True,4,True,0,0,0,True,,17.305693204519905,4.2515839871059,3.918808207761493,1837.861019635587,23.767045714100096,13.893776627207957,18.802177731797897,0.0,16.0,,gc_formula_si,"Si monomer: HSP NOT reliable (Si groups fitted on 51 HSPiP Si compounds, only 7 measured, all much smaller than the monomers)",0.0,17.305693204519905,17.305693204519905,4.2515839871059,4.2515839871059,3.918808207761493,3.918808207761493
C=CC[C@@H](CC(=O)CC(O)C[C@H](C[C@H](COCOCC[Si](C)(C)C)OCOCc1ccccc1)O[Si](c1ccccc1)(c1ccccc1)C(C)(C)C)OCOCc1ccccc1,C=CC[C@@H](CC(=O)CC(C[C@H](C[C@H](COCOCC[Si](C)(C)C)OCOCc1ccccc1)O[Si](c1ccccc1)(c1ccccc1)C(C)(C)C)OC(=O)[C@@H]1[C@H](C(=O)OC(CC(=O)C[C@H](CC=C)OCOCc2ccccc2)C[C@H](C[C@H](COCOCC[Si](C)(C)C)OCOCc2ccccc2)O[Si](c2ccccc2)(c2ccccc2)C(C)(C)C)[C@@H]2C=C[C@@H]1C2)OCOCc1ccccc1,ester,Sigma-Aldrich,monoalcohol,885.3,False,,0,30.3405,8.0568,9.745,4,True,4,True,0,0,0,True,,17.238810340388426,4.12262910034487,3.68968714565384,1842.2372869393198,23.89167107301669,13.606971832507723,18.967813513729546,0.0,16.0,,gc_formula_si,"Si monomer: HSP NOT reliable (Si groups fitted on 51 HSPiP Si compounds, only 7 measured, all much smaller than the monomers)",0.0,17.238810340388426,17.238810340388426,4.12262910034487,4.12262910034487,3.68968714565384,3.68968714565384
C=CC[C@H](O)CC(=O)CC(C[C@H](C[C@H](COCOCC[Si](C)(C)C)OCOCc1ccccc1)O[Si](c1ccccc1)(c1ccccc1)C(C)(C)C)O[Si](C)(C)C,C=CC[C@@H](CC(=O)CC(C[C@H](C[C@H](COCOCC[Si](C)(C)C)OCOCc1ccccc1)O[Si](c1ccccc1)(c1ccccc1)C(C)(C)C)O[Si](C)(C)C)OC(=O)[C@@H]1[C@H](C(=O)O[C@@H](CC=C)CC(=O)CC(C[C@H](C[C@H](COCOCC[Si](C)(C)C)OCOCc2ccccc2)O[Si](c2ccccc2)(c2ccccc2)C(C)(C)C)O[Si](C)(C)C)[C@@H]2C=C[C@@H]1C2,ester,Sigma-Aldrich,monoalcohol,837.332,False,,0,27.1224,6.8762,9.4434,4,True,6,True,0,0,0,True,,16.631862719463317,3.9273846645104036,3.1411662040546897,1823.0145301992388,19.307192766810704,12.092161271862773,13.178098888134192,0.0,26.0,,gc_formula_si,"Si monomer: HSP NOT reliable (Si groups fitted on 51 HSPiP Si compounds, only 7 measured, all much smaller than the monomers)",0.0,16.631862719463317,16.631862719463317,3.9273846645104036,3.9273846645104036,3.1411662040546897,3.1411662040546897
CC(C)(C)[Si](C)(C)O[C@@H]1C[C@@]2(CCCO2)[C@@]2(CCCO2)[C@@]2(CCCO2)[C@@]1(O)CCCO,CC(C)(C)[Si](C)(C)O[C@@H]1C[C@@]2(CCCO2)[C@@]2(CCCO2)[C@@]2(CCCO2)[C@@]1(O)CCCOC(=O)[C@@H]1[C@H](C(=O)OCCC[C@@]2(O)[C@H](O[Si](C)(C)C(C)(C)C)C[C@@]3(CCCO3)[C@@]3(CCCO3)[C@@]23CCCO3)[C@@H]2C=C[C@@H]1C2,ester,Sigma-Aldrich,diol,456.696,False,,0,25.1279,7.176,15.0057,0,True,2,True,0,2,4,True,,17.03972156646779,4.666915739622395,4.485299147035491,969.4263321628276,18.15502154582511,13.957432855502129,8.935349833189525,0.0,8.0,,gc_formula_si,"Si monomer: HSP NOT reliable (Si groups fitted on 51 HSPiP Si compounds, only 7 measured, all much smaller than the monomers)",0.0,17.03972156646779,17.03972156646779,4.666915739622395,4.666915739622395,4.485299147035491,4.485299147035491
COc1ccc(CO[C@H]2[C@@H](CO)OC(=O)[C@@H]2O[Si](C)(C)C(C)(C)C)cc1,COc1ccc(CO[C@H]2[C@@H](COC(=O)[C@@H]3[C@H](C(=O)OC[C@H]4OC(=O)[C@H](O[Si](C)(C)C(C)(C)C)[C@H]4OCc4ccc(OC)cc4)[C@@H]4C=C[C@@H]3C4)OC(=O)[C@@H]2O[Si](C)(C)C(C)(C)C)cc1,ester,Sigma-Aldrich,monoalcohol,382.529,False,,0,21.4497,23.721,7.0092,0,True,2,True,0,0,0,True,,16.987482233201202,6.132016819320115,4.665396123339788,845.6103505627333,18.66934995808,8.098552283997384,8.623809923467038,0.0,8.0,,gc_formula_si,"Si monomer: HSP NOT reliable (Si groups fitted on 51 HSPiP Si compounds, only 7 measured, all much smaller than the monomers)",0.0,16.987482233201202,16.987482233201202,6.132016819320115,6.132016819320115,4.665396123339788,4.665396123339788
CC(C)(C)[Si](C)(C)OC1C[C@]2(CCCO2)[C@@]2(CCCO2)[C@]2(CCCO2)[C@@]1(O)CCCO,CC(C)(C)[Si](C)(C)OC1C[C@]2(CCCO2)[C@@]2(CCCO2)[C@]2(CCCO2)[C@@]1(O)CCCOC(=O)[C@@H]1[C@H](C(=O)OCCC[C@@]2(O)C(O[Si](C)(C)C(C)(C)C)C[C@]3(CCCO3)[C@@]3(CCCO3)[C@]23CCCO3)[C@@H]2C=C[C@@H]1C2,ester,Sigma-Aldrich,diol,456.696,False,,0,25.1279,7.176,15.0057,0,True,2,True,0,2,4,True,,17.03972156646779,4.666915739622395,4.485299147035491,969.4263321628276,18.15502154582511,13.957432855502129,8.935349833189525,0.0,8.0,,gc_formula_si,"Si monomer: HSP NOT reliable (Si groups fitted on 51 HSPiP Si compounds, only 7 measured, all much smaller than the monomers)",0.0,17.03972156646779,17.03972156646779,4.666915739622395,4.666915739622395,4.485299147035491,4.485299147035491
CC(C)(C)[Si](C)(C)OCC1OC1CO,CC(C)(C)[Si](C)(C)OCC1OC1COC(=O)[C@@H]1[C@H](C(=O)OCC2OC2CO[Si](C)(C)C(C)(C)C)[C@@H]2C=C[C@@H]1C2,ester,Sigma-Aldrich,monoalcohol,218.369,False,,0,18.1617,11.1726,5.8788,0,True,2,True,0,0,0,True,,15.723370375494516,3.8859227807146604,3.3458520033388917,568.423292139914,13.242237610973579,5.892077727233231,4.388837453934072,0.0,8.0,,gc_formula_si,"Si monomer: HSP NOT reliable (Si groups fitted on 51 HSPiP Si compounds, only 7 measured, all much smaller than the monomers)",0.0,15.723370375494516,15.723370375494516,3.8859227807146604,3.8859227807146604,3.3458520033388917,3.3458520033388917
C=CC(C)(CCC=C(C)C)C(O)C(C)O[Si](C)(C)C,C=CC(C)(CCC=C(C)C)C(OC(=O)[C@@H]1[C@H](C(=O)OC(C(C)O[Si](C)(C)C)C(C)(C=C)CCC=C(C)C)[C@@H]2C=C[C@@H]1C2)C(C)O[Si](C)(C)C,ester,Sigma-Aldrich,monoalcohol,284.516,False,,0,12.8404,-2.8352,6.8426,4,True,2,True,0,2,0,True,,15.746922070398163,2.96179349904965,2.891730915028217,800.4275637801516,11.861705354951948,4.689940706900205,3.764991514093704,0.0,14.0,,gc_formula_si,"Si monomer: HSP NOT reliable (Si groups fitted on 51 HSPiP Si compounds, only 7 measured, all much smaller than the monomers)",0.0,15.746922070398163,15.746922070398163,2.96179349904965,2.96179349904965,2.891730915028217,2.891730915028217
CSC(SC)(SC)C(O)(c1ccoc1)[C@H](OCc1ccccc1)[C@H](CO[Si](c1ccccc1)(c1ccccc1)C(C)(C)C)OCc1ccccc1,CSC(SC)(SC)C(OC(=O)[C@@H]1[C@H](C(=O)OC(c2ccoc2)([C@H](OCc2ccccc2)[C@H](CO[Si](c2ccccc2)(c2ccccc2)C(C)(C)C)OCc2ccccc2)C(SC)(SC)SC)[C@@H]2C=C[C@@H]1C2)(c1ccoc1)[C@H](OCc1ccccc1)[C@H](CO[Si](c1ccccc1)(c1ccccc1)C(C)(C)C)OCc1ccccc1,ester,Sigma-Aldrich,monoalcohol,759.144,False,,0,31.6887,5.6478,10.2572,2,True,2,True,6,0,0,True,,18.418561218016364,3.9434370978749804,4.167196874828878,1496.5624581957807,29.33417169274432,17.404430093325992,19.736196030551593,0.0,6.0,,gc_formula_si,"Si monomer: HSP NOT reliable (Si groups fitted on 51 HSPiP Si compounds, only 7 measured, all much smaller than the monomers)",0.0,18.418561218016364,18.418561218016364,3.9434370978749804,3.9434370978749804,4.167196874828878,4.167196874828878
CC1(C)OC(COCc2ccccc2)C(C(O)(CO[Si](C)(C)C(C)(C)C)/C(=C/CO[Si](C)(C)C(C)(C)C)CO[Si](C)(C)C(C)(C)C)O1,CC1(C)OC(COCc2ccccc2)C(C(CO[Si](C)(C)C(C)(C)C)(OC(=O)[C@@H]2[C@H](C(=O)OC(CO[Si](C)(C)C(C)(C)C)(/C(=C/CO[Si](C)(C)C(C)(C)C)CO[Si](C)(C)C(C)(C)C)C3OC(C)(C)OC3COCc3ccccc3)[C@@H]3C=C[C@@H]2C3)/C(=C/CO[Si](C)(C)C(C)(C)C)CO[Si](C)(C)C(C)(C)C)O1,ester,Sigma-Aldrich,monoalcohol,711.218,False,,0,14.642,-18.9426,12.4426,0,True,6,True,0,2,0,True,,15.538432577451772,3.079062723520537,2.2692738143864486,1662.663314856817,0.0,7.632457808756715,6.359789686180656,0.0,24.0,,gc_formula_si,"Si monomer: HSP NOT reliable (Si groups fitted on 51 HSPiP Si compounds, only 7 measured, all much smaller than the monomers)",0.0,15.538432577451772,15.538432577451772,3.079062723520537,3.079062723520537,2.2692738143864486,2.2692738143864486
CC(C)(C)[Si](OC[C@H]1OC(=O)[C@H](O)[C@H]1O)(c1ccccc1)c1ccccc1,CC(C)(C)[Si](OC[C@H]1OC(=O)[C@H](OC(=O)[C@@H]2[C@H](C(=O)O[C@H]3C(=O)O[C@H](CO[Si](c4ccccc4)(c4ccccc4)C(C)(C)C)[C@@H]3O)[C@@H]3C=C[C@@H]2C3)[C@H]1O)(c1ccccc1)c1ccccc1,ester,Sigma-Aldrich,diol,386.52,False,,0,24.5488,13.9768,13.3287,0,True,2,True,0,0,0,True,,17.74405126585161,6.0819484718773715,4.607122435235301,834.3753032796775,22.2500100687477,7.653564502497178,8.070599574223408,0.0,4.0,,gc_formula_si,"Si monomer: HSP NOT reliable (Si groups fitted on 51 HSPiP Si compounds, only 7 measured, all much smaller than the monomers)",0.0,17.74405126585161,17.74405126585161,6.0819484718773715,6.0819484718773715,4.607122435235301,4.607122435235301
CC(C)(C)[Si](OC[C@H](OCc1ccccc1)[C@H](CO)OCc1ccccc1)(c1ccccc1)c1ccccc1,CC(C)(C)[Si](OC[C@H](OCc1ccccc1)[C@H](COC(=O)[C@@H]1[C@H](C(=O)OC[C@H](OCc2ccccc2)[C@H](CO[Si](c2ccccc2)(c2ccccc2)C(C)(C)C)OCc2ccccc2)[C@@H]2C=C[C@@H]1C2)OCc1ccccc1)(c1ccccc1)c1ccccc1,ester,Sigma-Aldrich,monoalcohol,540.776,False,,0,29.3336,-2.0118,9.7934,0,True,2,True,0,0,0,True,,18.13008199819451,3.374242591038636,3.645515331004556,1127.2004667482086,25.122734710513445,7.047678882720592,10.853484987609468,0.0,4.0,,gc_formula_si,"Si monomer: HSP NOT reliable (Si groups fitted on 51 HSPiP Si compounds, only 7 measured, all much smaller than the monomers)",0.0,18.13008199819451,18.13008199819451,3.374242591038636,3.374242591038636,3.645515331004556,3.645515331004556
C=C1CC2CC[C@]1(C)C(OCOCC[Si](C)(C)C)C2(O)CS(=O)(=NC)c1ccccc1,C=C1CC2CC[C@]1(C)C(OCOCC[Si](C)(C)C)C2(CS(=O)(=NC)c1ccccc1)OC(=O)[C@@H]1[C@H](C(=O)OC2(CS(=O)(=NC)c3ccccc3)C3CC[C@@](C)(C(=C)C3)C2OCOCC[Si](C)(C)C)[C@@H]2C=C[C@@H]1C2,ester,Sigma-Aldrich,monoalcohol,465.732,False,,0,19.7695,-6.704,7.8528,6,True,2,True,0,2,6,True,,16.858708849346435,5.023162185887003,4.190655730943106,1017.9440304511772,19.11256640910257,4.926069716306845,4.132935692997289,2.0,14.0,,gc_formula_si,"Si monomer: HSP NOT reliable (Si groups fitted on 51 HSPiP Si compounds, only 7 measured, all much smaller than the monomers)",2.0,16.858708849346435,16.858708849346435,5.023162185887003,5.023162185887003,4.190655730943106,4.190655730943106
CC(C)(C)[Si](C)(C)O[C@@H]1CC[C@]2(C)CC1(O)CC[C@H]1CC(=O)O[C@H]1[C@@H]2OCOCC[Si](C)(C)C,CC(C)(C)[Si](C)(C)O[C@@H]1CC[C@]2(C)CC1(OC(=O)[C@@H]1[C@H](C(=O)OC34CC[C@H]5CC(=O)O[C@H]5[C@H](OCOCC[Si](C)(C)C)[C@](C)(CC[C@H]3O[Si](C)(C)C(C)(C)C)C4)[C@@H]3C=C[C@@H]1C3)CC[C@H]1CC(=O)O[C@H]1[C@@H]2OCOCC[Si](C)(C)C,ester,Sigma-Aldrich,monoalcohol,514.852,False,,0,19.7178,14.8746,7.432,0,True,4,True,0,0,2,True,,15.86013605569824,4.769422379618449,3.313278716873221,1186.544318087052,12.918544819383932,6.654074919272656,5.932219548667178,0.0,16.0,,gc_formula_si,"Si monomer: HSP NOT reliable (Si groups fitted on 51 HSPiP Si compounds, only 7 measured, all much smaller than the monomers)",0.0,15.86013605569824,15.86013605569824,4.769422379618449,4.769422379618449,3.313278716873221,3.313278716873221
CC(C)OC1=C(OC(C)C)[C@@]2(O)C(C)([Si](C)(C)C)CC[C@@]2(C)C1=O,CC(C)OC1=C(OC(C)C)[C@@]2(OC(=O)[C@@H]3[C@H](C(=O)O[C@@]45C(OC(C)C)=C(OC(C)C)C(=O)[C@]4(C)CCC5(C)[Si](C)(C)C)[C@@H]4C=C[C@@H]3C4)C(C)([Si](C)(C)C)CC[C@@]2(C)C1=O,ester,Sigma-Aldrich,monoalcohol,354.563,False,,0,11.2786,-10.3158,7.251,0,True,2,True,2,2,2,True,,16.14592253285665,5.191755697317613,4.288751423669275,885.5133401758371,13.875062499153472,7.895924121447832,5.0551495837403015,0.0,8.0,,gc_formula_si,"Si monomer: HSP NOT reliable (Si groups fitted on 51 HSPiP Si compounds, only 7 measured, all much smaller than the monomers)",0.0,16.14592253285665,16.14592253285665,5.191755697317613,5.191755697317613,4.288751423669275,4.288751423669275
CC(C)OC1=C(OC(C)C)[C@@]2(O)C([Si](C)(C)C)CC[C@@]2(C)C1=O,CC(C)OC1=C(OC(C)C)[C@@]2(OC(=O)[C@@H]3[C@H](C(=O)O[C@@]45C(OC(C)C)=C(OC(C)C)C(=O)[C@]4(C)CCC5[Si](C)(C)C)[C@@H]4C=C[C@@H]3C4)C([Si](C)(C)C)CC[C@@]2(C)C1=O,ester,Sigma-Aldrich,monoalcohol,340.536,False,,0,11.88,-7.599,6.9302,0,True,2,True,2,2,2,True,,16.19635608377618,5.327683611169805,4.432767743297892,852.269489385082,14.32502066311287,7.949181946341131,5.270800970958965,0.0,8.0,,gc_formula_si,"Si monomer: HSP NOT reliable (Si groups fitted on 51 HSPiP Si compounds, only 7 measured, all much smaller than the monomers)",0.0,16.19635608377618,16.19635608377618,5.327683611169805,5.327683611169805,4.432767743297892,4.432767743297892
CC(C)OC1=C(OC(C)C)[C@@]2(O)C=C([Si](C)(C)C)C[C@@]2(C)C1=O,CC(C)OC1=C(OC(C)C)[C@@]2(OC(=O)[C@@H]3[C@H](C(=O)O[C@]45C=C([Si](C)(C)C)C[C@@]4(C)C(=O)C(OC(C)C)=C5OC(C)C)[C@@H]4C=C[C@@H]3C4)C=C([Si](C)(C)C)C[C@@]2(C)C1=O,ester,Sigma-Aldrich,monoalcohol,338.52,False,,0,11.3188,-6.07,6.8238,0,True,2,True,2,2,2,True,,16.36199567870008,5.399858396738945,4.706240047329956,835.6254732002033,15.308557505859973,8.939396715836446,7.655042302629755,0.0,8.0,,gc_formula_si,"Si monomer: HSP NOT reliable (Si groups fitted on 51 HSPiP Si compounds, only 7 measured, all much smaller than the monomers)",0.0,16.36199567870008,16.36199567870008,5.399858396738945,5.399858396738945,4.706240047329956,4.706240047329956
C=C1[C@@H](OCOC)CC[C@]2(C)[C@@H]1CC1C(O[Si](C)(C)C)=CCC([C@@H](O)[C@@H]2OCOCC[Si](C)(C)C)C1(C)C,C=C1[C@@H](OCOC)CC[C@]2(C)[C@@H]1CC1C(O[Si](C)(C)C)=CCC([C@@H](OC(=O)[C@@H]3[C@H](C(=O)O[C@@H]4C5CC=C(O[Si](C)(C)C)C(C[C@@H]6C(=C)[C@@H](OCOC)CC[C@@]6(C)[C@H]4OCOCC[Si](C)(C)C)C5(C)C)[C@@H]4C=C[C@@H]3C4)[C@@H]2OCOCC[Si](C)(C)C)C1(C)C,ester,Sigma-Aldrich,monoalcohol,568.944,False,,0,19.839,-5.2086,10.5624,0,True,4,True,0,4,4,True,,15.941176218988113,3.126146193864344,3.43597172615008,1296.837959090224,11.435638379221235,9.607375044471638,8.57703987295167,0.0,18.0,,gc_formula_si,"Si monomer: HSP NOT reliable (Si groups fitted on 51 HSPiP Si compounds, only 7 measured, all much smaller than the monomers)",0.0,15.941176218988113,15.941176218988113,3.126146193864344,3.126146193864344,3.43597172615008,3.43597172615008
CC(C)[Si](OC/C=C(\CO[Si](C(C)C)(C(C)C)C(C)C)C(O)[C@@H]1OC(C)(C)O[C@H]1COCc1ccccc1)(C(C)C)C(C)C,CC(C)[Si](OC/C=C(\CO[Si](C(C)C)(C(C)C)C(C)C)C(OC(=O)[C@@H]1[C@H](C(=O)OC(/C(=C/CO[Si](C(C)C)(C(C)C)C(C)C)CO[Si](C(C)C)(C(C)C)C(C)C)[C@@H]2OC(C)(C)O[C@H]2COCc2ccccc2)[C@@H]2C=C[C@@H]1C2)[C@@H]1OC(C)(C)O[C@H]1COCc1ccccc1)(C(C)C)C(C)C,ester,Sigma-Aldrich,monoalcohol,651.09,False,,0,17.3585,-4.2108,12.3118,0,True,4,True,0,2,0,True,,15.94209119856359,2.9567021594667993,2.632312071402763,1521.3640391652432,11.674503809553729,5.603083039902742,7.685589158828653,0.0,8.0,,gc_formula_si,"Si monomer: HSP NOT reliable (Si groups fitted on 51 HSPiP Si compounds, only 7 measured, all much smaller than the monomers)",0.0,15.94209119856359,15.94209119856359,2.9567021594667993,2.9567021594667993,2.632312071402763,2.632312071402763
C[C@@H]1OC(C2(O)CCC2)=C[C@H](O[Si](C)(C)C(C)(C)C)[C@H]1O[Si](C)(C)C(C)(C)C,C[C@@H]1OC(C2(OC(=O)[C@@H]3[C@H](C(=O)OC4(C5=C[C@H](O[Si](C)(C)C(C)(C)C)[C@@H](O[Si](C)(C)C(C)(C)C)[C@H](C)O5)CCC4)[C@@H]4C=C[C@@H]3C4)CCC2)=C[C@H](O[Si](C)(C)C(C)(C)C)[C@H]1O[Si](C)(C)C(C)(C)C,ester,Sigma-Aldrich,monoalcohol,428.762,False,,0,15.9182,-7.9142,6.8048,0,True,4,True,0,0,0,True,,15.471548592385211,3.178214345814042,2.2919875076726304,1079.532413016084,1.2609228630855953,5.385042701606383,2.5011472565704844,0.0,16.0,,gc_formula_si,"Si monomer: HSP NOT reliable (Si groups fitted on 51 HSPiP Si compounds, only 7 measured, all much smaller than the monomers)",0.0,15.471548592385211,15.471548592385211,3.178214345814042,3.178214345814042,2.2919875076726304,2.2919875076726304
CC(C)[Si](O[C@H]1C=C(C2(O)CCC2)OC[C@H]1O[Si](C(C)C)(C(C)C)C(C)C)(C(C)C)C(C)C,CC(C)[Si](O[C@H]1C=C(C2(OC(=O)[C@@H]3[C@H](C(=O)OC4(C5=C[C@H](O[Si](C(C)C)(C(C)C)C(C)C)[C@H](O[Si](C(C)C)(C(C)C)C(C)C)CO5)CCC4)[C@@H]4C=C[C@@H]3C4)CCC2)OC[C@H]1O[Si](C(C)C)(C(C)C)C(C)C)(C(C)C)C(C)C,ester,Sigma-Aldrich,monoalcohol,498.897,False,,0,15.8226,0.5482,9.8794,0,True,4,True,0,0,0,True,,15.607824647326282,2.9481786645462282,2.668706491556659,1248.4126817356607,8.016970510237613,4.054224185356008,3.106381235005522,0.0,8.0,,gc_formula_si,"Si monomer: HSP NOT reliable (Si groups fitted on 51 HSPiP Si compounds, only 7 measured, all much smaller than the monomers)",0.0,15.607824647326282,15.607824647326282,2.9481786645462282,2.9481786645462282,2.668706491556659,2.668706491556659
CC(C)[Si](O[C@@H]1CC(O)(C2(O)CCCC2)O[C@H](CO[Si](C)(C)C(C)(C)C)[C@@H]1O[Si](C)(C)C(C)(C)C)(C(C)C)C(C)C,CC(C)[Si](O[C@@H]1CC(O)(C2(OC(=O)[C@@H]3[C@H](C(=O)OC4(C5(O)C[C@@H](O[Si](C(C)C)(C(C)C)C(C)C)[C@@H](O[Si](C)(C)C(C)(C)C)[C@@H](CO[Si](C)(C)C(C)(C)C)O5)CCCC4)[C@@H]4C=C[C@@H]3C4)CCCC2)O[C@H](CO[Si](C)(C)C(C)(C)C)[C@@H]1O[Si](C)(C)C(C)(C)C)(C(C)C)C(C)C,ester,Sigma-Aldrich,diol,633.148,False,,0,12.6664,-14.8154,3.0573,0,True,6,True,0,0,0,True,,15.25524459478799,3.0361613660884297,2.3775023077894346,1547.2151476535591,0.0,6.467994283157698,1.1257585044442495,0.0,20.0,,gc_formula_si,"Si monomer: HSP NOT reliable (Si groups fitted on 51 HSPiP Si compounds, only 7 measured, all much smaller than the monomers)",0.0,15.25524459478799,15.25524459478799,3.0361613660884297,3.0361613660884297,2.3775023077894346,2.3775023077894346
CC(C)[Si](OC[C@H]1OC(C2(O)CCCC2)=C[C@@H](O[Si](C(C)C)(C(C)C)C(C)C)[C@H]1O)(C(C)C)C(C)C,CC(C)[Si](OC[C@H]1OC(C2(OC(=O)[C@@H]3[C@H](C(=O)OC4(C5=C[C@@H](O[Si](C(C)C)(C(C)C)C(C)C)[C@@H](O)[C@@H](CO[Si](C(C)C)(C(C)C)C(C)C)O5)CCCC4)[C@@H]4C=C[C@@H]3C4)CCCC2)=C[C@@H](O[Si](C(C)C)(C(C)C)C(C)C)[C@H]1O)(C(C)C)C(C)C,ester,Sigma-Aldrich,diol,542.95,False,,0,14.9304,0.2238,5.4131,0,True,4,True,0,0,0,True,,15.66832071427057,3.4077818436530927,3.083433978752556,1331.7783987839446,6.433506216313468,6.635518204344823,3.572143805892301,0.0,8.0,,gc_formula_si,"Si monomer: HSP NOT reliable (Si groups fitted on 51 HSPiP Si compounds, only 7 measured, all much smaller than the monomers)",0.0,15.66832071427057,15.66832071427057,3.4077818436530927,3.4077818436530927,3.083433978752556,3.083433978752556
C[C@@H]1OC(O)(C2(O)CCCC2)C[C@H](O[Si](C)(C)C(C)(C)C)[C@@H]1O[Si](C)(C)C(C)(C)C,C[C@@H]1OC(O)(C2(OC(=O)[C@@H]3[C@H](C(=O)OC4(C5(O)C[C@H](O[Si](C)(C)C(C)(C)C)[C@H](O[Si](C)(C)C(C)(C)C)[C@H](C)O5)CCCC4)[C@@H]4C=C[C@@H]3C4)CCCC2)C[C@H](O[Si](C)(C)C(C)(C)C)[C@@H]1O[Si](C)(C)C(C)(C)C,ester,Sigma-Aldrich,diol,460.804,False,,0,15.4893,-12.9422,10.2041,0,True,4,True,0,0,0,True,,15.565282486431697,3.530701233460108,2.9515206881431566,1146.7313770989663,4.582768526550136,7.499621239338508,2.325107142840072,0.0,16.0,,gc_formula_si,"Si monomer: HSP NOT reliable (Si groups fitted on 51 HSPiP Si compounds, only 7 measured, all much smaller than the monomers)",0.0,15.565282486431697,15.565282486431697,3.530701233460108,3.530701233460108,2.9515206881431566,2.9515206881431566
CC1(C)C2CC=C(O[Si](C)(C)C(C)(C)C)C1C[C@@H]1C(=O)[C@@H](O)CC[C@@]1(C)C(=O)C2,CC1(C)C2CC=C(O[Si](C)(C)C(C)(C)C)C1C[C@@H]1C(=O)[C@@H](OC(=O)[C@@H]3[C@H](C(=O)O[C@H]4CC[C@@]5(C)C(=O)CC6CC=C(O[Si](C)(C)C(C)(C)C)C(C[C@@H]5C4=O)C6(C)C)[C@@H]4C=C[C@@H]3C4)CC[C@@]1(C)C(=O)C2,ester,Sigma-Aldrich,monoalcohol,420.666,False,,0,17.2872,-4.993,8.0504,0,True,2,True,2,2,6,True,,16.709573179764547,5.307383360718049,3.4993304841122796,979.9926139591095,18.020222377781785,5.243122035027502,5.220952505029716,0.0,8.0,,gc_formula_si,"Si monomer: HSP NOT reliable (Si groups fitted on 51 HSPiP Si compounds, only 7 measured, all much smaller than the monomers)",0.0,16.709573179764547,16.709573179764547,5.307383360718049,5.307383360718049,3.4993304841122796,3.4993304841122796
COCO[C@H]1CC[C@@]2(C)[C@H](O)CC3CC=C(O[Si](C)(C)C(C)(C)C)C(C[C@@H]2[C@]1(O)O[Si](C)(C)C(C)(C)C)C3(C)C,COCO[C@H]1CC[C@@]2(C)[C@H](OC(=O)[C@@H]3[C@H](C(=O)O[C@@H]4CC5CC=C(O[Si](C)(C)C(C)(C)C)C(C[C@H]6[C@@]4(C)CC[C@H](OCOC)[C@@]6(O)O[Si](C)(C)C(C)(C)C)C5(C)C)[C@@H]4C=C[C@@H]3C4)CC3CC=C(O[Si](C)(C)C(C)(C)C)C(C[C@@H]2[C@]1(O)O[Si](C)(C)C(C)(C)C)C3(C)C,ester,Sigma-Aldrich,diol,599.014,False,,0,19.0075,-12.9078,11.0854,0,True,4,True,0,0,4,True,,15.889243185308715,2.795799545518724,3.1123710299781666,1370.3222164735205,8.66238353388665,6.563474280039007,3.75516773612555,0.0,16.0,,gc_formula_si,"Si monomer: HSP NOT reliable (Si groups fitted on 51 HSPiP Si compounds, only 7 measured, all much smaller than the monomers)",0.0,15.889243185308715,15.889243185308715,2.795799545518724,2.795799545518724,3.1123710299781666,3.1123710299781666
CC(C)[Si](O[C@@H]1C=C(C2(O)CCCC2)OC[C@H]1O[Si](C(C)C)(C(C)C)C(C)C)(C(C)C)C(C)C,CC(C)[Si](O[C@@H]1C=C(C2(OC(=O)[C@@H]3[C@H](C(=O)OC4(C5=C[C@@H](O[Si](C(C)C)(C(C)C)C(C)C)[C@H](O[Si](C(C)C)(C(C)C)C(C)C)CO5)CCCC4)[C@@H]4C=C[C@@H]3C4)CCCC2)OC[C@H]1O[Si](C(C)C)(C(C)C)C(C)C)(C(C)C)C(C)C,ester,Sigma-Aldrich,monoalcohol,512.924,False,,0,14.441,-1.6554,10.036,0,True,4,True,0,0,0,True,,15.658218734922945,2.9793636655764386,2.723467908450277,1288.180307912922,8.846488693074727,3.9570788461703854,2.811665762534971,0.0,8.0,,gc_formula_si,"Si monomer: HSP NOT reliable (Si groups fitted on 51 HSPiP Si compounds, only 7 measured, all much smaller than the monomers)",0.0,15.658218734922945,15.658218734922945,2.9793636655764386,2.9793636655764386,2.723467908450277,2.723467908450277
CC(C)[Si](O[C@@H]1C=C(C2(O)CCC2)OC[C@H]1O[Si](C(C)C)(C(C)C)C(C)C)(C(C)C)C(C)C,CC(C)[Si](O[C@@H]1C=C(C2(OC(=O)[C@@H]3[C@H](C(=O)OC4(C5=C[C@@H](O[Si](C(C)C)(C(C)C)C(C)C)[C@H](O[Si](C(C)C)(C(C)C)C(C)C)CO5)CCC4)[C@@H]4C=C[C@@H]3C4)CCC2)OC[C@H]1O[Si](C(C)C)(C(C)C)C(C)C)(C(C)C)C(C)C,ester,Sigma-Aldrich,monoalcohol,498.897,False,,0,15.8226,0.5482,9.8794,0,True,4,True,0,0,0,True,,15.607824647326282,2.9481786645462282,2.668706491556659,1248.4126817356607,8.016970510237613,4.054224185356008,3.106381235005522,0.0,8.0,,gc_formula_si,"Si monomer: HSP NOT reliable (Si groups fitted on 51 HSPiP Si compounds, only 7 measured, all much smaller than the monomers)",0.0,15.607824647326282,15.607824647326282,2.9481786645462282,2.9481786645462282,2.668706491556659,2.668706491556659
C[C@@H]1OC(C2(O)CCCC2)=C[C@H](O[Si](C)(C)C(C)(C)C)[C@@H]1O[Si](C)(C)C(C)(C)C,C[C@@H]1OC(C2(OC(=O)[C@@H]3[C@H](C(=O)OC4(C5=C[C@H](O[Si](C)(C)C(C)(C)C)[C@H](O[Si](C)(C)C(C)(C)C)[C@H](C)O5)CCCC4)[C@@H]4C=C[C@@H]3C4)CCCC2)=C[C@H](O[Si](C)(C)C(C)(C)C)[C@@H]1O[Si](C)(C)C(C)(C)C,ester,Sigma-Aldrich,monoalcohol,442.789,False,,0,14.5497,-10.1178,6.9614,0,True,4,True,0,0,0,True,,15.534884896564304,3.203703555348926,2.378957421805658,1119.3000391933454,4.747075348302646,5.28789736242076,2.206431784099933,0.0,16.0,,gc_formula_si,"Si monomer: HSP NOT reliable (Si groups fitted on 51 HSPiP Si compounds, only 7 measured, all much smaller than the monomers)",0.0,15.534884896564304,15.534884896564304,3.203703555348926,3.203703555348926,2.378957421805658,2.378957421805658
CC(C)[Si](OC[C@H]1OC(C2(O)CCCC2)=C[C@@H](O[Si](C(C)C)(C(C)C)C(C)C)[C@H]1O[Si](C)(C)C(C)(C)C)(C(C)C)C(C)C,CC(C)[Si](OC[C@H]1OC(C2(OC(=O)[C@@H]3[C@H](C(=O)OC4(C5=C[C@@H](O[Si](C(C)C)(C(C)C)C(C)C)[C@@H](O[Si](C)(C)C(C)(C)C)[C@@H](CO[Si](C(C)C)(C(C)C)C(C)C)O5)CCCC4)[C@@H]4C=C[C@@H]3C4)CCCC2)=C[C@@H](O[Si](C(C)C)(C(C)C)C(C)C)[C@H]1O[Si](C)(C)C(C)(C)C)(C(C)C)C(C)C,ester,Sigma-Aldrich,monoalcohol,657.214,False,,0,10.4598,-8.1786,12.2126,0,True,6,True,0,0,0,True,,15.260196933951375,2.5649293076975974,1.830355005240703,1625.350163978672,0.0,3.105525868080088,0.9168773715154399,0.0,16.0,,gc_formula_si,"Si monomer: HSP NOT reliable (Si groups fitted on 51 HSPiP Si compounds, only 7 measured, all much smaller than the monomers)",0.0,15.260196933951375,15.260196933951375,2.5649293076975974,2.5649293076975974,1.830355005240703,1.830355005240703
CC(C)[Si](O[C@H]1C=C(C2(O)CCCC2)OC[C@H]1O[Si](C(C)C)(C(C)C)C(C)C)(C(C)C)C(C)C,CC(C)[Si](O[C@H]1C=C(C2(OC(=O)[C@@H]3[C@H](C(=O)OC4(C5=C[C@H](O[Si](C(C)C)(C(C)C)C(C)C)[C@H](O[Si](C(C)C)(C(C)C)C(C)C)CO5)CCCC4)[C@@H]4C=C[C@@H]3C4)CCCC2)OC[C@H]1O[Si](C(C)C)(C(C)C)C(C)C)(C(C)C)C(C)C,ester,Sigma-Aldrich,monoalcohol,512.924,False,,0,14.441,-1.6554,10.036,0,True,4,True,0,0,0,True,,15.658218734922945,2.9793636655764386,2.723467908450277,1288.180307912922,8.846488693074727,3.9570788461703854,2.811665762534971,0.0,8.0,,gc_formula_si,"Si monomer: HSP NOT reliable (Si groups fitted on 51 HSPiP Si compounds, only 7 measured, all much smaller than the monomers)",0.0,15.658218734922945,15.658218734922945,2.9793636655764386,2.9793636655764386,2.723467908450277,2.723467908450277
C[C@@H]1OC(C2(O)CCC2)=CC[C@H]1O[Si](C)(C)C(C)(C)C,C[C@@H]1OC(C2(OC(=O)[C@@H]3[C@H](C(=O)OC4(C5=CC[C@@H](O[Si](C)(C)C(C)(C)C)[C@H](C)O5)CCC4)[C@@H]4C=C[C@@H]3C4)CCC2)=CC[C@H]1O[Si](C)(C)C(C)(C)C,ester,Sigma-Aldrich,monoalcohol,298.499,False,,0,17.9889,4.627,4.396,0,True,2,True,0,0,0,True,,16.09235499580532,3.5972981501617216,3.3001627031853222,768.2923503343378,13.49517751657603,5.817425183964956,4.518668548710986,0.0,8.0,,gc_formula_si,"Si monomer: HSP NOT reliable (Si groups fitted on 51 HSPiP Si compounds, only 7 measured, all much smaller than the monomers)",0.0,16.09235499580532,16.09235499580532,3.5972981501617216,3.5972981501617216,3.3001627031853222,3.3001627031853222
CC(C)(C)[Si](C)(C)O[C@@H]1CCCC[C@H]1O,CC(C)(C)[Si](C)(C)O[C@@H]1CCCC[C@H]1OC(=O)[C@@H]1[C@H](C(=O)O[C@@H]2CCCC[C@H]2O[Si](C)(C)C(C)(C)C)[C@@H]2C=C[C@@H]1C2,ester,Sigma-Aldrich,monoalcohol,230.424,False,,0,16.5255,-4.1332,4.6728,0,True,2,True,0,0,2,True,,15.850042606344278,3.0964525393611035,2.671295746227482,642.2494937329764,13.754099452503866,2.9360186312206826,1.399587796881526,0.0,8.0,,gc_formula_si,"Si monomer: HSP NOT reliable (Si groups fitted on 51 HSPiP Si compounds, only 7 measured, all much smaller than the monomers)",0.0,15.850042606344278,15.850042606344278,3.0964525393611035,3.0964525393611035,2.671295746227482,2.671295746227482
C[C@@H]1CCC[C@@H](C(C)(C)O)[C@H](CCO[Si](C)(C)C(C)(C)C)[C@@H]1O,C[C@@H]1CCC[C@@H](C(C)(C)O)[C@H](CCO[Si](C)(C)C(C)(C)C)[C@@H]1OC(=O)[C@@H]1[C@H](C(=O)O[C@H]2[C@@H](CCO[Si](C)(C)C(C)(C)C)[C@H](C(C)(C)O)CCC[C@H]2C)[C@@H]2C=C[C@@H]1C2,ester,Sigma-Aldrich,diol,344.612,False,,0,14.8906,4.167,9.7985,0,True,2,True,0,2,2,True,,15.840865001364518,3.090413448351495,5.2036712393474645,871.923498456079,11.855770810137786,4.6733661469615395,2.6470605204252955,0.0,8.0,,gc_formula_si,"Si monomer: HSP NOT reliable (Si groups fitted on 51 HSPiP Si compounds, only 7 measured, all much smaller than the monomers)",0.0,15.840865001364518,15.840865001364518,3.090413448351495,3.090413448351495,5.2036712393474645,5.2036712393474645
C[C@@H]1CCC[C@@H](C(C)(C)O)C2CCO[Si](c3ccccc3)(c3ccccc3)O[C@@H]21,C[C@@H]1CCC[C@@H](C(C)(C)OC(=O)[C@@H]2[C@H](C(=O)OC(C)(C)[C@@H]3CCC[C@@H](C)[C@H]4O[Si](c5ccccc5)(c5ccccc5)OCCC34)[C@@H]3C=C[C@@H]2C3)C2CCO[Si](c3ccccc3)(c3ccccc3)O[C@@H]21,ester,Sigma-Aldrich,monoalcohol,410.63,False,,0,26.161,0.773,6.3184,0,True,2,True,0,0,0,True,,17.54825835637924,3.223405145206754,2.89925571774623,938.581460686794,21.695214060916136,3.814463079707906,3.2801495222641996,0.0,6.0,,gc_formula_si,"Si monomer: HSP NOT reliable (Si groups fitted on 51 HSPiP Si compounds, only 7 measured, all much smaller than the monomers)",0.0,17.54825835637924,17.54825835637924,3.223405145206754,3.223405145206754,2.89925571774623,2.89925571774623
C[C@@H]1CCC[C@@H](C(C)(C)O)[C@H](CCO[Si](C)(C)C(C)(C)C)C1=O,C[C@@H]1CCC[C@@H](C(C)(C)OC(=O)[C@@H]2[C@H](C(=O)OC(C)(C)[C@@H]3CCC[C@@H](C)C(=O)[C@H]3CCO[Si](C)(C)C(C)(C)C)[C@@H]3C=C[C@@H]2C3)[C@H](CCO[Si](C)(C)C(C)(C)C)C1=O,ester,Sigma-Aldrich,monoalcohol,342.596,False,,0,10.674,-2.5882,7.55,0,True,2,True,2,4,4,True,,15.664382989832854,4.252752046183603,2.8907037068374795,894.7476389431895,11.625357841255228,1.5084959054440872,1.6146962869214783,0.0,8.0,,gc_formula_si,"Si monomer: HSP NOT reliable (Si groups fitted on 51 HSPiP Si compounds, only 7 measured, all much smaller than the monomers)",0.0,15.664382989832854,15.664382989832854,4.252752046183603,4.252752046183603,2.8907037068374795,2.8907037068374795
CC(C)(C)[Si](C)(C)O[C@@H]1CCC=C2CC3(CC[C@]21CCO)OCCO3,CC(C)(C)[Si](C)(C)O[C@@H]1CCC=C2CC3(CC[C@]21CCOC(=O)[C@@H]1[C@H](C(=O)OCC[C@@]24CCC5(CC2=CCC[C@H]4O[Si](C)(C)C(C)(C)C)OCCO5)[C@@H]2C=C[C@@H]1C2)OCCO3,ester,Sigma-Aldrich,monoalcohol,368.59,False,,0,22.3201,-5.216,3.5852,0,True,2,True,0,2,6,True,,16.873914033084137,3.8671723384637584,3.6524774732523344,834.2608898028377,17.89705449654909,6.813732698173942,6.03268178982113,0.0,8.0,,gc_formula_si,"Si monomer: HSP NOT reliable (Si groups fitted on 51 HSPiP Si compounds, only 7 measured, all much smaller than the monomers)",0.0,16.873914033084137,16.873914033084137,3.8671723384637584,3.8671723384637584,3.6524774732523344,3.6524774732523344
COc1ccc(COCC[C@@H]2[C@@H]3C[C@H](O)[C@H]4C[C@@H](O[Si](C)(C)C(C)(C)C)C[C@H]4[C@@H]3C[C@H]2OC(=O)c2ccccc2)cc1,COc1ccc(COCC[C@@H]2[C@@H]3C[C@H](OC(=O)[C@@H]4[C@H](C(=O)O[C@H]5C[C@@H]6[C@@H](C[C@@H](OC(=O)c7ccccc7)[C@@H]6CCOCc6ccc(OC)cc6)[C@@H]6C[C@H](O[Si](C)(C)C(C)(C)C)C[C@@H]65)[C@@H]5C=C[C@@H]4C5)[C@H]4C[C@@H](O[Si](C)(C)C(C)(C)C)C[C@H]4[C@@H]3C[C@H]2OC(=O)c2ccccc2)cc1,ester,Sigma-Aldrich,monoalcohol,594.865,False,,0,24.6275,-2.5779,7.3549,0,True,2,True,0,2,4,True,,17.35309067159138,4.4228951157188545,3.372446293183395,1267.546622809784,20.808986033255636,8.059148414761804,6.0572358845964205,0.0,8.0,,gc_formula_si,"Si monomer: HSP NOT reliable (Si groups fitted on 51 HSPiP Si compounds, only 7 measured, all much smaller than the monomers)",0.0,17.35309067159138,17.35309067159138,4.4228951157188545,4.4228951157188545,3.372446293183395,3.372446293183395
COC1(OC)C2C=CC1C(O)(C1=CC[C@H](O[Si](C)(C)C(C)(C)C)C1)C2,COC1(OC)C2C=CC1C(OC(=O)[C@@H]1[C@H](C(=O)OC3(C4=CC[C@H](O[Si](C)(C)C(C)(C)C)C4)CC4C=CC3C4(OC)OC)[C@@H]3C=C[C@@H]1C3)(C1=CC[C@H](O[Si](C)(C)C(C)(C)C)C1)C2,ester,Sigma-Aldrich,monoalcohol,366.574,False,,0,18.1331,-4.3298,7.5282,0,True,2,True,0,0,0,True,,16.42393023233168,3.425845792126881,3.748745326764468,878.5111763254276,15.902329304194708,7.048566616368628,7.459398016760609,0.0,8.0,,gc_formula_si,"Si monomer: HSP NOT reliable (Si groups fitted on 51 HSPiP Si compounds, only 7 measured, all much smaller than the monomers)",0.0,16.42393023233168,16.42393023233168,3.425845792126881,3.425845792126881,3.748745326764468,3.748745326764468
COc1ccc(COC[C@@H](C)C#CC2(O)CC3C=CC2(C)CC3C(CO[Si](C)(C)C(C)(C)C)C(C)C)cc1,COc1ccc(COC[C@@H](C)C#CC2(OC(=O)[C@@H]3[C@H](C(=O)OC4(C#C[C@H](C)COCc5ccc(OC)cc5)CC5C=CC4(C)CC5C(CO[Si](C)(C)C(C)(C)C)C(C)C)[C@@H]4C=C[C@@H]3C4)CC3C=CC2(C)CC3C(CO[Si](C)(C)C(C)(C)C)C(C)C)cc1,ester,Sigma-Aldrich,monoalcohol,540.861,False,,0,20.3151,-8.6571,9.5537,0,True,2,True,0,0,6,True,,16.651947661249377,3.4973946968391236,3.66887976510182,1265.5658019478437,16.79415679685711,8.10343566555841,8.314731816388806,0.0,8.0,,gc_formula_si,"Si monomer: HSP NOT reliable (Si groups fitted on 51 HSPiP Si compounds, only 7 measured, all much smaller than the monomers)",0.0,16.651947661249377,16.651947661249377,3.4973946968391236,3.4973946968391236,3.66887976510182,3.66887976510182
C=CC12CCC(C(OCOC)C1(O)C1=CCCCC1[Si](C)(C)c1ccccc1)C2(C)C,C=CC12CCC(C(OCOC)C1(OC(=O)[C@@H]1[C@H](C(=O)OC3(C4=CCCCC4[Si](C)(C)c4ccccc4)C(OCOC)C4CCC3(C=C)C4(C)C)[C@@H]3C=C[C@@H]1C3)C1=CCCCC1[Si](C)(C)c1ccccc1)C2(C)C,ester,Sigma-Aldrich,monoalcohol,440.7,False,,0,23.1161,-3.6014,7.8932,4,True,2,True,0,2,2,True,,17.05049579844671,2.9875345232189634,3.712293346757874,1018.8098441623198,19.62608344552566,5.702544585341075,8.34646544819792,0.0,10.0,,gc_formula_si,"Si monomer: HSP NOT reliable (Si groups fitted on 51 HSPiP Si compounds, only 7 measured, all much smaller than the monomers)",0.0,17.05049579844671,17.05049579844671,2.9875345232189634,2.9875345232189634,3.712293346757874,3.712293346757874
COCO[C@H]1C(=O)[C@@H](C)[C@@H]([C@@]2([C@H](OCc3ccc(OC)cc3)C(O)CO[Si](C)(C)C(C)(C)C)COC(C)(C)O2)C[C@H](O[Si](C)(C)C(C)(C)C)[C@]2(O)CCC1C2(C)C,COCO[C@H]1C(=O)[C@@H](C)[C@@H]([C@@]2([C@H](OCc3ccc(OC)cc3)C(O)CO[Si](C)(C)C(C)(C)C)COC(C)(C)O2)C[C@H](O[Si](C)(C)C(C)(C)C)[C@]2(OC(=O)[C@@H]3[C@H](C(=O)O[C@]45CCC([C@@H](OCOC)C(=O)[C@@H](C)[C@@H]([C@@]6([C@H](OCc7ccc(OC)cc7)C(O)CO[Si](C)(C)C(C)(C)C)COC(C)(C)O6)C[C@@H]4O[Si](C)(C)C(C)(C)C)C5(C)C)[C@@H]4C=C[C@@H]3C4)CCC1C2(C)C,ester,Sigma-Aldrich,diol,839.269,False,,0,21.9965,15.1734,13.3234,0,True,4,True,2,2,2,True,,16.2864300898838,4.552026729443082,4.655604320261554,1797.5370303891536,13.84321023593531,12.901841467748001,10.18598936372562,0.0,16.0,,gc_formula_si,"Si monomer: HSP NOT reliable (Si groups fitted on 51 HSPiP Si compounds, only 7 measured, all much smaller than the monomers)",0.0,16.2864300898838,16.2864300898838,4.552026729443082,4.552026729443082,4.655604320261554,4.655604320261554
COCO[C@H]1C(=O)[C@@]2(C)[C@H](C[C@H](O[Si](C)(C)C(C)(C)C)[C@]3(O)CCC1C3(C)C)[C@]1(COC(C)(C)O1)[C@H](OCc1ccc(OC)cc1)C[C@@H]2O,COCO[C@H]1C(=O)[C@@]2(C)[C@H](C[C@H](O[Si](C)(C)C(C)(C)C)[C@]3(OC(=O)[C@@H]4[C@H](C(=O)O[C@]56CCC([C@@H](OCOC)C(=O)[C@@]7(C)[C@H](C[C@@H]5O[Si](C)(C)C(C)(C)C)[C@]5(COC(C)(C)O5)[C@H](OCc5ccc(OC)cc5)C[C@@H]7O)C6(C)C)[C@@H]5C=C[C@@H]4C5)CCC1C3(C)C)[C@]1(COC(C)(C)O1)[C@H](OCc1ccc(OC)cc1)C[C@@H]2O,ester,Sigma-Aldrich,diol,706.99,False,,0,24.8299,7.239,4.6731,0,True,2,True,2,2,4,True,,16.891425801205212,4.994273821444146,4.30071495678245,1475.3999116442928,18.633123884997325,13.006615646612339,10.69349280598918,0.0,8.0,,gc_formula_si,"Si monomer: HSP NOT reliable (Si groups fitted on 51 HSPiP Si compounds, only 7 measured, all much smaller than the monomers)",0.0,16.891425801205212,16.891425801205212,4.994273821444146,4.994273821444146,4.30071495678245,4.30071495678245
CC(C)(C)[Si](C)(C)O[C@H]1C[C@@H]2[C@@H]3C=CC(=O)[C@@H]3C[C@H](O)[C@H]2C1,CC(C)(C)[Si](C)(C)O[C@H]1C[C@@H]2[C@@H]3C=CC(=O)[C@@H]3C[C@H](OC(=O)[C@@H]3[C@H](C(=O)O[C@H]4C[C@H]5C(=O)C=C[C@H]5[C@H]5C[C@H](O[Si](C)(C)C(C)(C)C)C[C@@H]54)[C@@H]4C=C[C@@H]3C4)[C@H]2C1,ester,Sigma-Aldrich,monoalcohol,322.521,False,,0,18.5928,-2.8428,7.7552,0,True,2,True,2,2,4,True,,16.631210956442153,4.764090440071433,3.190949453541823,772.1411017028903,17.395212129055547,3.8534165181350053,3.595712072062465,0.0,8.0,,gc_formula_si,"Si monomer: HSP NOT reliable (Si groups fitted on 51 HSPiP Si compounds, only 7 measured, all much smaller than the monomers)",0.0,16.631210956442153,16.631210956442153,4.764090440071433,4.764090440071433,3.190949453541823,3.190949453541823
C#CC(O)C[C@H]1CC=C[C@H]1O[Si](c1ccccc1)(c1ccccc1)C(C)(C)C,C#CC(C[C@H]1CC=C[C@H]1O[Si](c1ccccc1)(c1ccccc1)C(C)(C)C)OC(=O)[C@@H]1[C@H](C(=O)OC(C#C)C[C@H]2CC=C[C@H]2O[Si](c2ccccc2)(c2ccccc2)C(C)(C)C)[C@@H]2C=C[C@@H]1C2,ester,Sigma-Aldrich,monoalcohol,390.599,False,,0,25.1043,-4.3314,7.8962,0,True,2,True,0,2,2,True,,17.51883953671413,2.9322785919373855,2.984911524020125,906.017188144421,21.003809938946418,4.579015712512659,6.671384458434963,0.0,4.0,,gc_formula_si,"Si monomer: HSP NOT reliable (Si groups fitted on 51 HSPiP Si compounds, only 7 measured, all much smaller than the monomers)",0.0,17.51883953671413,17.51883953671413,2.9322785919373855,2.9322785919373855,2.984911524020125,2.984911524020125
CC(C)(C)[Si](O[C@H]1C[C@H]2C(=O)C[C@H]3C(O)C[C@@H]1[C@@H]23)(c1ccccc1)c1ccccc1,CC(C)(C)[Si](O[C@H]1C[C@H]2C(=O)C[C@H]3C(OC(=O)[C@@H]4[C@H](C(=O)OC5C[C@@H]6[C@H]7[C@@H](C[C@@H]6O[Si](c6ccccc6)(c6ccccc6)C(C)(C)C)C(=O)C[C@@H]57)[C@@H]5C=C[C@@H]4C5)C[C@@H]1[C@@H]23)(c1ccccc1)c1ccccc1,ester,Sigma-Aldrich,monoalcohol,420.625,False,,0,25.5168,-3.893,7.9492,0,True,2,True,0,0,0,True,,18.07190315944009,4.628462017763219,3.3754228097630175,911.5930866135938,23.629990929753593,5.226365868185967,5.664110721819902,0.0,4.0,,gc_formula_si,"Si monomer: HSP NOT reliable (Si groups fitted on 51 HSPiP Si compounds, only 7 measured, all much smaller than the monomers)",0.0,18.07190315944009,18.07190315944009,4.628462017763219,4.628462017763219,3.3754228097630175,3.3754228097630175
CC#CC(O)C[C@H]1C=CC[C@H]1O[Si](c1ccccc1)(c1ccccc1)C(C)(C)C,CC#CC(C[C@H]1C=CC[C@H]1O[Si](c1ccccc1)(c1ccccc1)C(C)(C)C)OC(=O)[C@@H]1[C@H](C(=O)OC(C#CC)C[C@H]2C=CC[C@H]2O[Si](c2ccccc2)(c2ccccc2)C(C)(C)C)[C@@H]2C=C[C@@H]1C2,ester,Sigma-Aldrich,monoalcohol,404.626,False,,0,23.7131,-4.343,6.915,0,True,2,True,0,2,2,True,,17.390318237446355,3.1151851927983034,3.2202202182365864,945.741936907718,20.75497528567313,4.810941075314226,7.675266266650525,0.0,4.0,,gc_formula_si,"Si monomer: HSP NOT reliable (Si groups fitted on 51 HSPiP Si compounds, only 7 measured, all much smaller than the monomers)",0.0,17.390318237446355,17.390318237446355,3.1151851927983034,3.1151851927983034,3.2202202182365864,3.2202202182365864
COC(=O)[C@H]1C[C@@](C)(O[Si](C)(C)C(C)(C)C)[C@@H]2CC[C@@H](C(C)O)[C@H]12,COC(=O)[C@H]1C[C@@](C)(O[Si](C)(C)C(C)(C)C)[C@@H]2CC[C@@H](C(C)OC(=O)[C@@H]3[C@H](C(=O)OC(C)[C@@H]4CC[C@@H]5[C@H]4[C@@H](C(=O)OC)C[C@@]5(C)O[Si](C)(C)C(C)(C)C)[C@@H]4C=C[C@@H]3C4)[C@H]12,ester,Sigma-Aldrich,monoalcohol,356.579,False,,0,17.4408,9.8248,9.5448,0,True,2,True,0,0,0,True,,16.160401935506904,3.2347516865664723,3.411137386621783,843.6446073080581,14.013866650547257,3.9999793895301394,2.116309561136089,0.0,8.0,,gc_formula_si,"Si monomer: HSP NOT reliable (Si groups fitted on 51 HSPiP Si compounds, only 7 measured, all much smaller than the monomers)",0.0,16.160401935506904,16.160401935506904,3.2347516865664723,3.2347516865664723,3.411137386621783,3.411137386621783
COCO[C@H]1CC[C@@]2(C)[C@@H](OC(C)=O)[C@H](OC(C)=O)C3CC=C(O[Si](C)(C)C(C)(C)C)C(C[C@@H]2[C@]1(O)O[Si](C)(C)C(C)(C)C)C3(C)C,COCO[C@H]1CC[C@@]2(C)[C@@H](OC(C)=O)[C@H](OC(C)=O)C3CC=C(O[Si](C)(C)C(C)(C)C)C(C[C@@H]2[C@]1(OC(=O)[C@@H]1[C@H](C(=O)O[C@@]2(O[Si](C)(C)C(C)(C)C)[C@@H](OCOC)CC[C@@]4(C)[C@@H](OC(C)=O)[C@H](OC(C)=O)C5CC=C(O[Si](C)(C)C(C)(C)C)C(C[C@@H]42)C5(C)C)[C@@H]2C=C[C@@H]1C2)O[Si](C)(C)C(C)(C)C)C3(C)C,ester,Sigma-Aldrich,monoalcohol,699.087,False,,0,17.2321,-2.9604,11.872,0,True,4,True,0,0,4,True,,15.872638949211387,2.7377273954689905,3.599577894570348,1542.7300457599147,8.15562429848622,5.2404037920421604,6.740606680729903,0.0,16.0,,gc_formula_si,"Si monomer: HSP NOT reliable (Si groups fitted on 51 HSPiP Si compounds, only 7 measured, all much smaller than the monomers)",0.0,15.872638949211387,15.872638949211387,2.7377273954689905,2.7377273954689905,3.599577894570348,3.599577894570348
CC(C)C(CO[Si](C)(C)C(C)(C)C)C1CC2(C)C(=O)CC1CC2O,CC(C)C(CO[Si](C)(C)C(C)(C)C)C1CC2(C)C(=O)CC1CC2OC(=O)[C@@H]1[C@H](C(=O)OC2CC3CC(=O)C2(C)CC3C(CO[Si](C)(C)C(C)(C)C)C(C)C)[C@@H]2C=C[C@@H]1C2,ester,Sigma-Aldrich,monoalcohol,354.607,False,,0,14.6135,-6.0682,8.8534,0,True,2,True,0,0,6,True,,16.299875737977885,4.561639336822835,3.3036052109383927,903.7902884713336,15.781859802983513,4.828262615893221,2.377328607184632,0.0,8.0,,gc_formula_si,"Si monomer: HSP NOT reliable (Si groups fitted on 51 HSPiP Si compounds, only 7 measured, all much smaller than the monomers)",0.0,16.299875737977885,16.299875737977885,4.561639336822835,4.561639336822835,3.3036052109383927,3.3036052109383927
CC(C)[C@H](CCO)CO[Si](C)(C)C(C)(C)C,CC(C)[C@H](CCOC(=O)[C@@H]1[C@H](C(=O)OCC[C@H](CO[Si](C)(C)C(C)(C)C)C(C)C)[C@@H]2C=C[C@@H]1C2)CO[Si](C)(C)C(C)(C)C,ester,Sigma-Aldrich,monoalcohol,246.467,False,,0,13.9697,-1.1964,7.9332,0,True,2,True,0,0,0,True,,15.3695190786594,2.7898832552561497,2.666068062703238,689.9799520677196,10.961130607139921,2.9549061979754327,1.7459938303405458,0.0,8.0,,gc_formula_si,"Si monomer: HSP NOT reliable (Si groups fitted on 51 HSPiP Si compounds, only 7 measured, all much smaller than the monomers)",0.0,15.3695190786594,15.3695190786594,2.7898832552561497,2.7898832552561497,2.666068062703238,2.666068062703238
CC(C)C(CO[Si](C(C)C)(C(C)C)C(C)C)C1CC2(C)C=CC1CC2(O)/C=C/[C@H](C)COCc1ccccc1,CC(C)C(CO[Si](C(C)C)(C(C)C)C(C)C)C1CC2(C)C=CC1CC2(/C=C/[C@H](C)COCc1ccccc1)OC(=O)[C@@H]1[C@H](C(=O)OC2(/C=C/[C@H](C)COCc3ccccc3)CC3C=CC2(C)CC3C(CO[Si](C(C)C)(C(C)C)C(C)C)C(C)C)[C@@H]2C=C[C@@H]1C2,ester,Sigma-Aldrich,monoalcohol,554.932,False,,0,19.5269,-7.2684,14.046,0,True,2,True,0,4,6,True,,16.571971440641693,2.6012434968311036,2.8807776947035793,1333.9618930841184,17.602778920547408,4.092665025218029,5.738994718785237,0.0,4.0,,gc_formula_si,"Si monomer: HSP NOT reliable (Si groups fitted on 51 HSPiP Si compounds, only 7 measured, all much smaller than the monomers)",0.0,16.571971440641693,16.571971440641693,2.6012434968311036,2.6012434968311036,2.8807776947035793,2.8807776947035793
CC(C)[C@@H](CO[Si](C)(C)C(C)(C)C)C1CC2(C)C=CC1CC2(O)/C=C/[C@H](C)COCc1ccccc1,CC(C)[C@@H](CO[Si](C)(C)C(C)(C)C)C1CC2(C)C=CC1CC2(/C=C/[C@H](C)COCc1ccccc1)OC(=O)[C@@H]1[C@H](C(=O)OC2(/C=C/[C@H](C)COCc3ccccc3)CC3C=CC2(C)CC3[C@H](CO[Si](C)(C)C(C)(C)C)C(C)C)[C@@H]2C=C[C@@H]1C2,ester,Sigma-Aldrich,monoalcohol,512.851,False,,0,19.922,-11.0808,12.6164,0,True,2,True,0,4,6,True,,16.642024194340877,2.8229449865712333,2.953527278848062,1228.3955388533846,17.655015572617064,5.24340956337789,5.829200492973906,0.0,8.0,,gc_formula_si,"Si monomer: HSP NOT reliable (Si groups fitted on 51 HSPiP Si compounds, only 7 measured, all much smaller than the monomers)",0.0,16.642024194340877,16.642024194340877,2.8229449865712333,2.8229449865712333,2.953527278848062,2.953527278848062
CC(C)C(CO[Si](C)(C)C(C)(C)C)C1CCC(=O)CC1O,CC(C)C(CO[Si](C)(C)C(C)(C)C)C1CCC(=O)CC1OC(=O)[C@@H]1[C@H](C(=O)OC2CC(=O)CCC2C(CO[Si](C)(C)C(C)(C)C)C(C)C)[C@@H]2C=C[C@@H]1C2,ester,Sigma-Aldrich,monoalcohol,314.542,False,,0,16.1399,3.5428,8.2104,0,True,2,True,0,0,2,True,,16.179789107636537,4.770480651361288,3.339886738476979,793.1054339911892,15.197304520487554,5.852415165874583,3.6898371773110705,0.0,8.0,,gc_formula_si,"Si monomer: HSP NOT reliable (Si groups fitted on 51 HSPiP Si compounds, only 7 measured, all much smaller than the monomers)",0.0,16.179789107636537,16.179789107636537,4.770480651361288,4.770480651361288,3.339886738476979,3.339886738476979
C[C@@H](CO)COCOCC[Si](C)(C)C,C[C@H](COCOCC[Si](C)(C)C)COC(=O)[C@@H]1[C@H](C(=O)OC[C@H](C)COCOCC[Si](C)(C)C)[C@@H]2C=C[C@@H]1C2,ester,Sigma-Aldrich,monoalcohol,220.385,False,,0,16.4214,8.24,5.6298,0,True,2,True,0,0,0,True,,15.6214165228223,3.9636115304985218,4.3044625610670195,602.3818249870118,13.812431061729379,6.483852623525268,6.250140140352982,0.0,8.0,,gc_formula_si,"Si monomer: HSP NOT reliable (Si groups fitted on 51 HSPiP Si compounds, only 7 measured, all much smaller than the monomers)",0.0,15.6214165228223,15.6214165228223,3.9636115304985218,3.9636115304985218,4.3044625610670195,4.3044625610670195
C[C@@H](CO)CO[Si](c1ccccc1)(c1ccccc1)C(C)(C)C,C[C@@H](COC(=O)[C@@H]1[C@H](C(=O)OC[C@H](C)CO[Si](c2ccccc2)(c2ccccc2)C(C)(C)C)[C@@H]2C=C[C@@H]1C2)CO[Si](c1ccccc1)(c1ccccc1)C(C)(C)C,ester,Sigma-Aldrich,monoalcohol,328.528,False,,0,23.6773,-1.5666,8.1042,0,True,2,True,0,0,0,True,,17.362334698538422,2.8006989290568165,3.0827839177095147,774.1904741981311,20.53363106136159,2.28645923816115,4.481070036480885,0.0,4.0,,gc_formula_si,"Si monomer: HSP NOT reliable (Si groups fitted on 51 HSPiP Si compounds, only 7 measured, all much smaller than the monomers)",0.0,17.362334698538422,17.362334698538422,2.8006989290568165,2.8006989290568165,3.0827839177095147,3.0827839177095147
CC(C)(C)[Si](C)(C)OC(CCO)COCc1ccccc1,CC(C)(C)[Si](C)(C)OC(CCOC(=O)[C@@H]1[C@H](C(=O)OCCC(COCc2ccccc2)O[Si](C)(C)C(C)(C)C)[C@@H]2C=C[C@@H]1C2)COCc1ccccc1,ester,Sigma-Aldrich,monoalcohol,310.51,False,,0,20.1042,5.167,4.9608,0,True,2,True,0,0,0,True,,16.48235043961687,3.541986456818316,3.1971656765511747,769.6003157558753,16.565446786107362,5.824645503557501,5.296396649535588,0.0,8.0,,gc_formula_si,"Si monomer: HSP NOT reliable (Si groups fitted on 51 HSPiP Si compounds, only 7 measured, all much smaller than the monomers)",0.0,16.48235043961687,16.48235043961687,3.541986456818316,3.541986456818316,3.1971656765511747,3.1971656765511747
CC1(C)C2CCC1(O)C(=O)C[C@H]1[C@@H](O[Si](C)(C)C(C)(C)C)CCC[C@@]1(C)[C@H](OC(=O)c1ccccc1)C2,CC1(C)C2CCC1(OC(=O)[C@@H]1[C@H](C(=O)OC34CCC(C[C@@H](OC(=O)c5ccccc5)[C@]5(C)CCC[C@H](O[Si](C)(C)C(C)(C)C)[C@@H]5CC3=O)C4(C)C)[C@@H]3C=C[C@@H]1C3)C(=O)C[C@H]1[C@@H](O[Si](C)(C)C(C)(C)C)CCC[C@@]1(C)[C@H](OC(=O)c1ccccc1)C2,ester,Sigma-Aldrich,monoalcohol,528.806,False,,0,20.1379,-7.179,8.4624,0,True,2,True,2,2,4,True,,16.79406382745251,4.840654852187579,2.539687074237659,1193.9347895266117,18.337201429723276,5.162180268570703,2.837730305502185,0.0,8.0,,gc_formula_si,"Si monomer: HSP NOT reliable (Si groups fitted on 51 HSPiP Si compounds, only 7 measured, all much smaller than the monomers)",0.0,16.79406382745251,16.79406382745251,4.840654852187579,4.840654852187579,2.539687074237659,2.539687074237659
CC1(C)C2CCC1(O)[C@@H](O)C[C@H]1[C@@H](O[Si](C)(C)C(C)(C)C)CCC[C@@]1(C)[C@H](OC(=O)c1ccccc1)C2,CC1(C)C2CCC1(OC(=O)[C@@H]1[C@H](C(=O)OC34CCC(C[C@@H](OC(=O)c5ccccc5)[C@]5(C)CCC[C@H](O[Si](C)(C)C(C)(C)C)[C@@H]5C[C@@H]3O)C4(C)C)[C@@H]3C=C[C@@H]1C3)[C@@H](O)C[C@H]1[C@@H](O[Si](C)(C)C(C)(C)C)CCC[C@@]1(C)[C@H](OC(=O)c1ccccc1)C2,ester,Sigma-Aldrich,diol,530.822,False,,0,21.3455,-5.8836,5.1619,0,True,2,True,0,0,2,True,,16.742692293305897,4.308786138920961,2.765681994655865,1215.624753059274,17.086977324596276,7.933416003087223,2.1544209354185364,0.0,8.0,,gc_formula_si,"Si monomer: HSP NOT reliable (Si groups fitted on 51 HSPiP Si compounds, only 7 measured, all much smaller than the monomers)",0.0,16.742692293305897,16.742692293305897,4.308786138920961,4.308786138920961,2.765681994655865,2.765681994655865
C[Si](C)(C)CC1(O)C2CCCC(C2)C1(O)C[Si](C)(C)C,C[Si](C)(C)CC1(O)C2CCCC(C2)C1(C[Si](C)(C)C)OC(=O)[C@@H]1[C@H](C(=O)OC2(C[Si](C)(C)C)C3CCCC(C3)C2(O)C[Si](C)(C)C)[C@@H]2C=C[C@@H]1C2,ester,Sigma-Aldrich,diol,314.618,False,,0,14.6181,-5.4396,13.1825,0,True,4,True,0,4,6,True,,15.753150919417704,3.2462600327516573,3.9222218385853798,839.5038199015537,13.027858844971606,6.344091814160652,2.541960618552579,0.0,16.0,,gc_formula_si,"Si monomer: HSP NOT reliable (Si groups fitted on 51 HSPiP Si compounds, only 7 measured, all much smaller than the monomers)",0.0,15.753150919417704,15.753150919417704,3.2462600327516573,3.2462600327516573,3.9222218385853798,3.9222218385853798
CC1(C)C2CC=C(O[Si](C)(C)C(C)(C)C)C1(O)CC[C@@H]1[C@H](O[Si](C)(C)C(C)(C)C)CCC[C@@]1(C)C(=O)C2,CC1(C)C2CC=C(O[Si](C)(C)C(C)(C)C)C1(OC(=O)[C@@H]1[C@H](C(=O)OC34CC[C@@H]5[C@H](O[Si](C)(C)C(C)(C)C)CCC[C@@]5(C)C(=O)CC(CC=C3O[Si](C)(C)C(C)(C)C)C4(C)C)[C@@H]3C=C[C@@H]1C3)CC[C@@H]1[C@H](O[Si](C)(C)C(C)(C)C)CCC[C@@]1(C)C(=O)C2,ester,Sigma-Aldrich,monoalcohol,550.973,False,,0,14.5241,-13.9398,9.4854,0,True,4,True,0,0,4,True,,15.9140025949357,3.622876339197062,2.2626729004652866,1346.553197167932,11.108796495083809,4.387003449092667,1.8375051827533675,0.0,16.0,,gc_formula_si,"Si monomer: HSP NOT reliable (Si groups fitted on 51 HSPiP Si compounds, only 7 measured, all much smaller than the monomers)",0.0,15.9140025949357,15.9140025949357,3.622876339197062,3.622876339197062,2.2626729004652866,2.2626729004652866
CC1(C)C2CC=C(O[Si](C)(C)C(C)(C)C)C1C[C@@H]1C(=O)C(O)CC[C@@]1(C)C(=O)C2,CC1(C)C2CC=C(O[Si](C)(C)C(C)(C)C)C1C[C@@H]1C(=O)C(OC(=O)[C@@H]3[C@H](C(=O)OC4CC[C@@]5(C)C(=O)CC6CC=C(O[Si](C)(C)C(C)(C)C)C(C[C@@H]5C4=O)C6(C)C)[C@@H]4C=C[C@@H]3C4)CC[C@@]1(C)C(=O)C2,ester,Sigma-Aldrich,monoalcohol,420.666,False,,0,17.2872,-4.993,8.0504,0,True,2,True,2,2,6,True,,16.709573179764547,5.307383360718049,3.4993304841122796,979.9926139591095,18.020222377781785,5.243122035027502,5.220952505029716,0.0,8.0,,gc_formula_si,"Si monomer: HSP NOT reliable (Si groups fitted on 51 HSPiP Si compounds, only 7 measured, all much smaller than the monomers)",0.0,16.709573179764547,16.709573179764547,5.307383360718049,5.307383360718049,3.4993304841122796,3.4993304841122796
C=CC12CCC(CC1(O)C1=C[C@H](O[Si](C)(C)C(C)(C)C)CCC1)C2(C)C,C=CC12CCC(CC1(OC(=O)[C@@H]1[C@H](C(=O)OC3(C4=C[C@H](O[Si](C)(C)C(C)(C)C)CCC4)CC4CCC3(C=C)C4(C)C)[C@@H]3C=C[C@@H]1C3)C1=C[C@H](O[Si](C)(C)C(C)(C)C)CCC1)C2(C)C,ester,Sigma-Aldrich,monoalcohol,376.657,False,,0,17.9315,-8.4276,7.0822,4,True,2,True,0,2,2,True,,16.2882760736101,2.5304515574928965,2.4864765182604134,949.4396308799478,14.784673703712222,3.239376070550505,3.101505008238673,0.0,12.0,,gc_formula_si,"Si monomer: HSP NOT reliable (Si groups fitted on 51 HSPiP Si compounds, only 7 measured, all much smaller than the monomers)",0.0,16.2882760736101,16.2882760736101,2.5304515574928965,2.5304515574928965,2.4864765182604134,2.4864765182604134
C=CC12CCC(CC1(O)C1=C[C@@H](O[Si](C)(C)C(C)(C)C)CCC1)C2(C)C,C=CC12CCC(CC1(OC(=O)[C@@H]1[C@H](C(=O)OC3(C4=C[C@@H](O[Si](C)(C)C(C)(C)C)CCC4)CC4CCC3(C=C)C4(C)C)[C@@H]3C=C[C@@H]1C3)C1=C[C@@H](O[Si](C)(C)C(C)(C)C)CCC1)C2(C)C,ester,Sigma-Aldrich,monoalcohol,376.657,False,,0,17.9315,-8.4276,7.0822,4,True,2,True,0,2,2,True,,16.2882760736101,2.5304515574928965,2.4864765182604134,949.4396308799478,14.784673703712222,3.239376070550505,3.101505008238673,0.0,12.0,,gc_formula_si,"Si monomer: HSP NOT reliable (Si groups fitted on 51 HSPiP Si compounds, only 7 measured, all much smaller than the monomers)",0.0,16.2882760736101,16.2882760736101,2.5304515574928965,2.5304515574928965,2.4864765182604134,2.4864765182604134
C[C@@H]1O[C@]2(CCC[C@H]2O)C[C@H](O[Si](C)(C)C(C)(C)C)[C@H]1O[Si](C)(C)C(C)(C)C,C[C@@H]1O[C@]2(CCC[C@H]2OC(=O)[C@@H]2[C@H](C(=O)O[C@@H]3CCC[C@@]34C[C@H](O[Si](C)(C)C(C)(C)C)[C@@H](O[Si](C)(C)C(C)(C)C)[C@H](C)O4)[C@@H]3C=C[C@@H]2C3)C[C@H](O[Si](C)(C)C(C)(C)C)[C@H]1O[Si](C)(C)C(C)(C)C,ester,Sigma-Aldrich,monoalcohol,430.778,False,,0,16.1456,-12.67,7.0228,0,True,4,True,0,0,0,True,,15.419251949913498,2.987267851260365,1.4893044569520308,1078.9317193302622,0.0,4.635261989591972,0.9390081548452485,0.0,16.0,,gc_formula_si,"Si monomer: HSP NOT reliable (Si groups fitted on 51 HSPiP Si compounds, only 7 measured, all much smaller than the monomers)",0.0,15.419251949913498,15.419251949913498,2.987267851260365,2.987267851260365,1.4893044569520308,1.4893044569520308
COCO[C@H]1CC[C@@]2(C)[C@@H](O)CC3CC=C(O[Si](C)(C)C(C)(C)C)C(C[C@@H]2[C@]1(O)O[Si](C)(C)C(C)(C)C)C3(C)C,COCO[C@H]1CC[C@@]2(C)[C@@H](OC(=O)[C@@H]3[C@H](C(=O)O[C@H]4CC5CC=C(O[Si](C)(C)C(C)(C)C)C(C[C@H]6[C@@]4(C)CC[C@H](OCOC)[C@@]6(O)O[Si](C)(C)C(C)(C)C)C5(C)C)[C@@H]4C=C[C@@H]3C4)CC3CC=C(O[Si](C)(C)C(C)(C)C)C(C[C@@H]2[C@]1(O)O[Si](C)(C)C(C)(C)C)C3(C)C,ester,Sigma-Aldrich,diol,599.014,False,,0,19.0075,-12.9078,11.0854,0,True,4,True,0,0,4,True,,15.889243185308715,2.795799545518724,3.1123710299781666,1370.3222164735205,8.66238353388665,6.563474280039007,3.75516773612555,0.0,16.0,,gc_formula_si,"Si monomer: HSP NOT reliable (Si groups fitted on 51 HSPiP Si compounds, only 7 measured, all much smaller than the monomers)",0.0,15.889243185308715,15.889243185308715,2.795799545518724,2.795799545518724,3.1123710299781666,3.1123710299781666
COCO[C@H]1CC[C@@]2(C)[C@H]3CC4CCC(O[Si](C)(C)C(C)(C)C)(O3)C(C[C@@H]2[C@]1(O)O[Si](C)(C)C(C)(C)C)C4(C)C,COCO[C@H]1CC[C@@]2(C)[C@H]3CC4CCC(O[Si](C)(C)C(C)(C)C)(O3)C(C[C@@H]2[C@]1(OC(=O)[C@@H]1[C@H](C(=O)O[C@@]2(O[Si](C)(C)C(C)(C)C)[C@@H](OCOC)CC[C@@]3(C)[C@H]5CC6CCC(O[Si](C)(C)C(C)(C)C)(O5)C(C[C@@H]32)C6(C)C)[C@@H]2C=C[C@@H]1C2)O[Si](C)(C)C(C)(C)C)C4(C)C,ester,Sigma-Aldrich,monoalcohol,599.014,False,,0,20.5501,8.7196,10.1012,0,True,4,True,0,0,4,True,,15.722860284197656,2.18065265158439,1.6871398881846205,1379.564358963446,6.739597047463927,1.2236651879453344,0.0,0.0,16.0,,gc_formula_si,"Si monomer: HSP NOT reliable (Si groups fitted on 51 HSPiP Si compounds, only 7 measured, all much smaller than the monomers)",0.0,15.722860284197656,15.722860284197656,2.18065265158439,2.18065265158439,1.6871398881846205,1.6871398881846205
COCO[C@H]1CC[C@@]2(C)[C@H](OC(C)=O)[C@@H](OC(C)=O)C3CC=C(O[Si](C)(C)C(C)(C)C)C(C[C@@H]2[C@]1(O)O[Si](C)(C)C(C)(C)C)C3(C)C,COCO[C@H]1CC[C@@]2(C)[C@H](OC(C)=O)[C@@H](OC(C)=O)C3CC=C(O[Si](C)(C)C(C)(C)C)C(C[C@@H]2[C@]1(OC(=O)[C@@H]1[C@H](C(=O)O[C@@]2(O[Si](C)(C)C(C)(C)C)[C@@H](OCOC)CC[C@@]4(C)[C@H](OC(C)=O)[C@@H](OC(C)=O)C5CC=C(O[Si](C)(C)C(C)(C)C)C(C[C@@H]42)C5(C)C)[C@@H]2C=C[C@@H]1C2)O[Si](C)(C)C(C)(C)C)C3(C)C,ester,Sigma-Aldrich,monoalcohol,699.087,False,,0,17.2321,-2.9604,11.872,0,True,4,True,0,0,4,True,,15.872638949211387,2.7377273954689905,3.599577894570348,1542.7300457599147,8.15562429848622,5.2404037920421604,6.740606680729903,0.0,16.0,,gc_formula_si,"Si monomer: HSP NOT reliable (Si groups fitted on 51 HSPiP Si compounds, only 7 measured, all much smaller than the monomers)",0.0,15.872638949211387,15.872638949211387,2.7377273954689905,2.7377273954689905,3.599577894570348,3.599577894570348
COCO[C@H]1CC[C@@]2(C)[C@H]3OC(C)(C)O[C@@H]3C3CC=C(O[Si](C)(C)C(C)(C)C)C(C[C@@H]2[C@]1(O)O[Si](C)(C)C(C)(C)C)C3(C)C,COCO[C@H]1CC[C@@]2(C)[C@H]3OC(C)(C)O[C@@H]3C3CC=C(O[Si](C)(C)C(C)(C)C)C(C[C@@H]2[C@]1(OC(=O)[C@@H]1[C@H](C(=O)O[C@@]2(O[Si](C)(C)C(C)(C)C)[C@@H](OCOC)CC[C@@]4(C)[C@H]5OC(C)(C)O[C@@H]5C5CC=C(O[Si](C)(C)C(C)(C)C)C(C[C@@H]42)C5(C)C)[C@@H]2C=C[C@@H]1C2)O[Si](C)(C)C(C)(C)C)C3(C)C,ester,Sigma-Aldrich,monoalcohol,655.078,False,,0,19.9754,5.491,10.8868,0,True,4,True,0,0,4,True,,15.794117786342062,2.569607644884192,2.2029408880264896,1498.8903304447124,5.820826166573715,3.6051848191537044,2.9059434273540283,0.0,16.0,,gc_formula_si,"Si monomer: HSP NOT reliable (Si groups fitted on 51 HSPiP Si compounds, only 7 measured, all much smaller than the monomers)",0.0,15.794117786342062,15.794117786342062,2.569607644884192,2.569607644884192,2.2029408880264896,2.2029408880264896
CC1(C)C2CC=C(O[Si](C)(C)C(C)(C)C)C1C[C@@H]1[C@](O)(O[Si](C)(C)C(C)(C)C)[C@@H](O[Si](C)(C)C(C)(C)C)CC[C@@]1(C)C(=O)C2,CC1(C)C2CC=C(O[Si](C)(C)C(C)(C)C)C1C[C@@H]1[C@](OC(=O)[C@@H]3[C@H](C(=O)O[C@@]4(O[Si](C)(C)C(C)(C)C)[C@@H](O[Si](C)(C)C(C)(C)C)CC[C@@]5(C)C(=O)CC6CC=C(O[Si](C)(C)C(C)(C)C)C(C[C@H]45)C6(C)C)[C@@H]4C=C[C@@H]3C4)(O[Si](C)(C)C(C)(C)C)[C@@H](O[Si](C)(C)C(C)(C)C)CC[C@@]1(C)C(=O)C2,ester,Sigma-Aldrich,monoalcohol,667.209,False,,0,11.9874,-20.318,13.217,0,True,6,True,0,0,4,True,,15.503210327003481,3.122919603746745,1.457526667557975,1619.2116745105866,0.0,1.68114135853674,0.0,0.0,24.0,,gc_formula_si,"Si monomer: HSP NOT reliable (Si groups fitted on 51 HSPiP Si compounds, only 7 measured, all much smaller than the monomers)",0.0,15.503210327003481,15.503210327003481,3.122919603746745,3.122919603746745,1.457526667557975,1.457526667557975
CC1(C)C2CC=C(O[Si](C)(C)C(C)(C)C)C1C[C@@H]1[C@](O)(O[Si](C)(C)C(C)(C)C)[C@@H]([Si](C)(C)C)CC[C@@]1(C)C(=O)C2,CC1(C)C2CC=C(O[Si](C)(C)C(C)(C)C)C1C[C@@H]1[C@](OC(=O)[C@@H]3[C@H](C(=O)O[C@]4(O[Si](C)(C)C(C)(C)C)[C@H]5CC6C(O[Si](C)(C)C(C)(C)C)=CCC(CC(=O)[C@]5(C)CC[C@@H]4[Si](C)(C)C)C6(C)C)[C@@H]4C=C[C@@H]3C4)(O[Si](C)(C)C(C)(C)C)[C@@H]([Si](C)(C)C)CC[C@@]1(C)C(=O)C2,ester,Sigma-Aldrich,monoalcohol,609.129,False,,0,12.7981,-16.1798,13.1116,0,True,6,True,0,0,4,True,,15.526243947507492,3.111157611540249,1.9156300946666842,1495.9853073373854,0.0,2.1542227864297736,0.0,0.0,24.0,,gc_formula_si,"Si monomer: HSP NOT reliable (Si groups fitted on 51 HSPiP Si compounds, only 7 measured, all much smaller than the monomers)",0.0,15.526243947507492,15.526243947507492,3.111157611540249,3.111157611540249,1.9156300946666842,1.9156300946666842
C=C1[C@@H](OCOC)CC[C@]2(C)[C@@H]1CC1C(O[Si](C)(C)C(C)(C)C)=CCC([C@@H](O)[C@@H]2O)C1(C)C,C=C1[C@@H](OCOC)CC[C@]2(C)[C@@H]1CC1C(O[Si](C)(C)C(C)(C)C)=CCC([C@@H](O)[C@@H]2OC(=O)[C@@H]2[C@H](C(=O)O[C@H]3[C@H](O)C4CC=C(O[Si](C)(C)C(C)(C)C)C(C[C@@H]5C(=C)[C@@H](OCOC)CC[C@]53C)C4(C)C)[C@@H]3C=C[C@@H]2C3)C1(C)C,ester,Sigma-Aldrich,diol,480.762,False,,0,20.3354,-3.515,10.1966,0,True,2,True,0,4,4,True,,16.37982699464126,3.4457805214157897,3.6249108666317973,1100.657705964112,14.203783592656515,7.959037262847177,6.091173270062068,0.0,8.0,,gc_formula_si,"Si monomer: HSP NOT reliable (Si groups fitted on 51 HSPiP Si compounds, only 7 measured, all much smaller than the monomers)",0.0,16.37982699464126,16.37982699464126,3.4457805214157897,3.4457805214157897,3.6249108666317973,3.6249108666317973
C=C1[C@@H](OCOC)CC[C@]2(C)[C@@H]1CC1C(O[Si](C)(C)C(C)(C)C)=CCC(C[C@@H]2O)C1(C)C,C=C1[C@@H](OCOC)CC[C@@]2(C)[C@@H](OC(=O)[C@@H]3[C@H](C(=O)O[C@H]4CC5CC=C(O[Si](C)(C)C(C)(C)C)C(C[C@@H]6C(=C)[C@@H](OCOC)CC[C@@]46C)C5(C)C)[C@@H]4C=C[C@@H]3C4)CC3CC=C(O[Si](C)(C)C(C)(C)C)C(C[C@H]12)C3(C)C,ester,Sigma-Aldrich,monoalcohol,464.763,False,,0,19.6236,-5.0826,9.6872,0,True,2,True,0,4,4,True,,16.290755673500634,2.602184827370137,3.029939148262118,1082.9894084770929,14.16141111512242,4.861427408941012,5.453428127825709,0.0,8.0,,gc_formula_si,"Si monomer: HSP NOT reliable (Si groups fitted on 51 HSPiP Si compounds, only 7 measured, all much smaller than the monomers)",0.0,16.290755673500634,16.290755673500634,2.602184827370137,2.602184827370137,3.029939148262118,3.029939148262118
CC(C)(C)[Si](C)(C)OC1CC2C=CC1(CO)O2,CC(C)(C)[Si](C)(C)OC1CC2C=CC1(COC(=O)[C@@H]1[C@H](C(=O)OCC34C=CC(CC3O[Si](C)(C)C(C)(C)C)O4)[C@@H]3C=C[C@@H]1C3)O2,ester,Sigma-Aldrich,monoalcohol,256.418,False,,0,20.8927,13.9504,5.5198,0,True,2,True,0,0,0,True,,16.21846486735437,3.6329801628589564,2.8960023615646797,628.5750460074532,14.617567227163368,6.876659659090113,5.672463289872261,0.0,8.0,,gc_formula_si,"Si monomer: HSP NOT reliable (Si groups fitted on 51 HSPiP Si compounds, only 7 measured, all much smaller than the monomers)",0.0,16.21846486735437,16.21846486735437,3.6329801628589564,3.6329801628589564,2.8960023615646797,2.8960023615646797
CC1C2CC(O[Si](C)(C)C(C)(C)C)C(CO)(O2)C1O,CC1C2CC(O[Si](C)(C)C(C)(C)C)C(CO)(O2)C1OC(=O)[C@@H]1[C@H](C(=O)OC2C(C)C3CC(O[Si](C)(C)C(C)(C)C)C2(CO)O3)[C@@H]2C=C[C@@H]1C2,ester,Sigma-Aldrich,diol,288.46,False,,0,19.7964,14.3684,14.5839,0,True,2,True,0,0,0,True,,16.091391094662146,4.62414630399671,7.454095953404323,697.8238234048399,13.828556694768228,8.825594104205875,4.504545738505461,0.0,8.0,,gc_formula_si,"Si monomer: HSP NOT reliable (Si groups fitted on 51 HSPiP Si compounds, only 7 measured, all much smaller than the monomers)",0.0,16.091391094662146,16.091391094662146,4.62414630399671,4.62414630399671,7.454095953404323,7.454095953404323
COc1ccc(O/C=C/C23CCC(CC2(O)C2=C[C@H](O[Si](C)(C)C(C)(C)C)CCC2)C3(C)C)cc1,COc1ccc(O/C=C/C23CCC(CC2(OC(=O)[C@@H]2[C@H](C(=O)OC4(C5=C[C@H](O[Si](C)(C)C(C)(C)C)CCC5)CC5CCC4(/C=C/Oc4ccc(OC)cc4)C5(C)C)[C@@H]4C=C[C@@H]2C4)C2=C[C@H](O[Si](C)(C)C(C)(C)C)CCC2)C3(C)C)cc1,ester,Sigma-Aldrich,monoalcohol,498.78,False,,0,21.623,-10.2942,8.4324,2,True,2,True,0,2,2,True,,16.975434518757346,3.297516510764515,3.52707762366354,1139.4376267558857,17.874658839772387,6.9348422379946655,5.337104532875394,0.0,10.0,,gc_formula_si,"Si monomer: HSP NOT reliable (Si groups fitted on 51 HSPiP Si compounds, only 7 measured, all much smaller than the monomers)",0.0,16.975434518757346,16.975434518757346,3.297516510764515,3.297516510764515,3.52707762366354,3.52707762366354
C[C@H]1CC[C@@](CO)([Si](C)(C)C)C1,C[C@H]1CC[C@@](COC(=O)[C@@H]2[C@H](C(=O)OC[C@@]3([Si](C)(C)C)CC[C@H](C)C3)[C@@H]3C=C[C@@H]2C3)([Si](C)(C)C)C1,ester,Sigma-Aldrich,monoalcohol,186.371,False,,0,17.0738,3.0156,5.7864,0,True,2,True,0,0,0,True,,15.93678509477521,2.8569035571807513,3.255127614112554,538.7358211837254,14.832814810474403,3.567071626689721,2.3353595760061587,0.0,8.0,,gc_formula_si,"Si monomer: HSP NOT reliable (Si groups fitted on 51 HSPiP Si compounds, only 7 measured, all much smaller than the monomers)",0.0,15.93678509477521,15.93678509477521,2.8569035571807513,2.8569035571807513,3.255127614112554,3.255127614112554
C/C(=C\CC[C@H](C)O)CO[Si](C)(C)C(C)(C)C,C/C(=C\CC[C@H](C)OC(=O)[C@@H]1[C@H](C(=O)O[C@@H](C)CC/C=C(\C)CO[Si](C)(C)C(C)(C)C)[C@@H]2C=C[C@@H]1C2)CO[Si](C)(C)C(C)(C)C,ester,Sigma-Aldrich,monoalcohol,258.478,False,,0,9.7651,-1.8922,7.2264,0,True,2,True,0,0,0,True,,15.637864299032401,2.880720229567178,2.941542628940358,722.8672685970797,12.231441971895464,3.217002518170898,3.5859683594045357,0.0,8.0,,gc_formula_si,"Si monomer: HSP NOT reliable (Si groups fitted on 51 HSPiP Si compounds, only 7 measured, all much smaller than the monomers)",0.0,15.637864299032401,15.637864299032401,2.880720229567178,2.880720229567178,2.941542628940358,2.941542628940358
C/C(=C\CCC(C)O)CO[Si](C)(C)C(C)(C)C,C/C(=C\CCC(C)OC(=O)[C@@H]1[C@H](C(=O)OC(C)CC/C=C(\C)CO[Si](C)(C)C(C)(C)C)[C@@H]2C=C[C@@H]1C2)CO[Si](C)(C)C(C)(C)C,ester,Sigma-Aldrich,monoalcohol,258.478,False,,0,9.7651,-1.8922,7.2264,0,True,2,True,0,0,0,True,,15.637864299032401,2.880720229567178,2.941542628940358,722.8672685970797,12.231441971895464,3.217002518170898,3.5859683594045357,0.0,8.0,,gc_formula_si,"Si monomer: HSP NOT reliable (Si groups fitted on 51 HSPiP Si compounds, only 7 measured, all much smaller than the monomers)",0.0,15.637864299032401,15.637864299032401,2.880720229567178,2.880720229567178,2.941542628940358,2.941542628940358
CC1=CC[C@H]([C@@H](C)CCO[Si](C)(C)C(C)(C)C)[C@@H]1O,CC1=CC[C@H]([C@@H](C)CCO[Si](C)(C)C(C)(C)C)[C@@H]1OC(=O)[C@@H]1[C@H](C(=O)O[C@@H]2C(C)=CC[C@@H]2[C@@H](C)CCO[Si](C)(C)C(C)(C)C)[C@@H]2C=C[C@@H]1C2,ester,Sigma-Aldrich,monoalcohol,284.516,False,,0,13.4687,-1.297,8.0284,0,True,2,True,0,0,0,True,,15.796309438447413,2.7922494171550407,3.00214680228759,766.1669549552151,13.141826607941367,3.401734007775185,3.451490344040576,0.0,8.0,,gc_formula_si,"Si monomer: HSP NOT reliable (Si groups fitted on 51 HSPiP Si compounds, only 7 measured, all much smaller than the monomers)",0.0,15.796309438447413,15.796309438447413,2.7922494171550407,2.7922494171550407,3.00214680228759,3.00214680228759
CC1CCC(CO)([Si](C)(C)C)C1,CC1CCC(COC(=O)[C@@H]2[C@H](C(=O)OCC3([Si](C)(C)C)CCC(C)C3)[C@@H]3C=C[C@@H]2C3)([Si](C)(C)C)C1,ester,Sigma-Aldrich,monoalcohol,186.371,False,,0,17.0738,3.0156,5.7864,0,True,2,True,0,0,0,True,,15.93678509477521,2.8569035571807513,3.255127614112554,538.7358211837254,14.832814810474403,3.567071626689721,2.3353595760061587,0.0,8.0,,gc_formula_si,"Si monomer: HSP NOT reliable (Si groups fitted on 51 HSPiP Si compounds, only 7 measured, all much smaller than the monomers)",0.0,15.93678509477521,15.93678509477521,2.8569035571807513,2.8569035571807513,3.255127614112554,3.255127614112554
CC(C)(C)C1CCC(CO)([Si](C)(C)C)CC1,CC(C)(C)C1CCC(COC(=O)[C@@H]2[C@H](C(=O)OCC3([Si](C)(C)C)CCC(C(C)(C)C)CC3)[C@@H]3C=C[C@@H]2C3)([Si](C)(C)C)CC1,ester,Sigma-Aldrich,monoalcohol,242.479,False,,0,16.9817,-4.2592,6.3614,0,True,2,True,0,0,2,True,,15.857111837112699,2.278398496259294,2.5551457140445017,670.3801292221757,13.563036186558532,2.1948966588002587,1.473759424611549,0.0,8.0,,gc_formula_si,"Si monomer: HSP NOT reliable (Si groups fitted on 51 HSPiP Si compounds, only 7 measured, all much smaller than the monomers)",0.0,15.857111837112699,15.857111837112699,2.278398496259294,2.278398496259294,2.5551457140445017,2.5551457140445017
C/C(=C\CO)[Si](C)(C)C,C/C(=C\COC(=O)[C@@H]1[C@H](C(=O)OC/C=C(\C)[Si](C)(C)C)[C@@H]2C=C[C@@H]1C2)[Si](C)(C)C,ester,Sigma-Aldrich,monoalcohol,144.29,False,,0,14.3703,1.986,6.4492,0,True,2,True,0,2,0,True,,15.85659383264211,3.275553255564109,4.055010992246651,453.55184070050973,14.923217779166492,4.390674362803583,4.859705689467362,0.0,8.0,,gc_formula_si,"Si monomer: HSP NOT reliable (Si groups fitted on 51 HSPiP Si compounds, only 7 measured, all much smaller than the monomers)",0.0,15.85659383264211,15.85659383264211,3.275553255564109,3.275553255564109,4.055010992246651,4.055010992246651
CC1(C)C2CC[C@@]13C(Cl)C(=O)C3C[C@H]1[C@@H](O[Si](C)(C)C(C)(C)C)CCC[C@@]1(C)[C@@H](O)C2,CC1(C)C2CC[C@@]13C(Cl)C(=O)C3C[C@H]1[C@@H](O[Si](C)(C)C(C)(C)C)CCC[C@@]1(C)[C@@H](OC(=O)[C@@H]1[C@H](C(=O)O[C@H]3CC4CC[C@@]5(C(Cl)C(=O)C5C[C@H]5[C@@H](O[Si](C)(C)C(C)(C)C)CCC[C@@]35C)C4(C)C)[C@@H]3C=C[C@@H]1C3)C2,ester,Sigma-Aldrich,monoalcohol,469.182,False,,0,21.2504,3.539,7.2506,0,True,2,True,2,2,4,True,,16.574888275151917,4.2799497347722655,1.9693766172625307,1037.1013687052618,16.52768330858451,5.1957046188542675,1.6425409653939167,0.0,8.0,,gc_formula_si,"Si monomer: HSP NOT reliable (Si groups fitted on 51 HSPiP Si compounds, only 7 measured, all much smaller than the monomers)",0.0,16.574888275151917,16.574888275151917,4.2799497347722655,4.2799497347722655,1.9693766172625307,1.9693766172625307
C/C(=C\CC[C@@H](C)CC(O)CI)COCOCC[Si](C)(C)C,C/C(=C\CC[C@@H](C)CC(CI)OC(=O)[C@@H]1[C@H](C(=O)OC(CI)C[C@H](C)CC/C=C(\C)COCOCC[Si](C)(C)C)[C@@H]2C=C[C@@H]1C2)COCOCC[Si](C)(C)C,ester,Sigma-Aldrich,monoalcohol,442.454,False,,0,17.5987,1.1572,5.3788,0,True,2,True,0,0,0,True,,16.42264162032241,3.6298843851838116,3.9741782793416336,886.8973818489898,16.946154304654545,8.344880409786494,9.50233794475494,0.0,8.0,,gc_formula_si,"Si monomer: HSP NOT reliable (Si groups fitted on 51 HSPiP Si compounds, only 7 measured, all much smaller than the monomers)",0.0,16.42264162032241,16.42264162032241,3.6298843851838116,3.6298843851838116,3.9741782793416336,3.9741782793416336
C/C(=C\CC[C@@H](C)CCO[Si](C)(C)C(C)(C)C)CO,C/C(=C\CC[C@@H](C)CCO[Si](C)(C)C(C)(C)C)COC(=O)[C@@H]1[C@H](C(=O)OC/C(C)=C/CC[C@@H](C)CCO[Si](C)(C)C(C)(C)C)[C@@H]2C=C[C@@H]1C2,ester,Sigma-Aldrich,monoalcohol,286.532,False,,0,12.087,-0.869,7.2714,0,True,2,True,0,0,0,True,,15.771817303079077,2.6997657745802766,2.7197124689081424,772.0376995227753,12.518421442720106,3.006107352570953,3.384461351534008,0.0,8.0,,gc_formula_si,"Si monomer: HSP NOT reliable (Si groups fitted on 51 HSPiP Si compounds, only 7 measured, all much smaller than the monomers)",0.0,15.771817303079077,15.771817303079077,2.6997657745802766,2.6997657745802766,2.7197124689081424,2.7197124689081424
C/C(=C\CC[C@H](C)CCO)COCOCC[Si](C)(C)C,C/C(=C\CC[C@H](C)CCOC(=O)[C@@H]1[C@H](C(=O)OCC[C@@H](C)CC/C=C(\C)COCOCC[Si](C)(C)C)[C@@H]2C=C[C@@H]1C2)COCOCC[Si](C)(C)C,ester,Sigma-Aldrich,monoalcohol,302.531,False,,0,14.4269,1.4294,5.611,0,True,2,True,0,0,0,True,,15.98720355091534,3.444322181741419,3.843904749567319,787.2316092275278,14.290305122964334,6.168273177986029,7.472554834487414,0.0,8.0,,gc_formula_si,"Si monomer: HSP NOT reliable (Si groups fitted on 51 HSPiP Si compounds, only 7 measured, all much smaller than the monomers)",0.0,15.98720355091534,15.98720355091534,3.444322181741419,3.444322181741419,3.843904749567319,3.843904749567319
C/C(=C\CC[C@H](C)CC(O)CI)COCOCC[Si](C)(C)C,C/C(=C\CC[C@H](C)CC(CI)OC(=O)[C@@H]1[C@H](C(=O)OC(CI)C[C@@H](C)CC/C=C(\C)COCOCC[Si](C)(C)C)[C@@H]2C=C[C@@H]1C2)COCOCC[Si](C)(C)C,ester,Sigma-Aldrich,monoalcohol,442.454,False,,0,17.5987,1.1572,5.3788,0,True,2,True,0,0,0,True,,16.42264162032241,3.6298843851838116,3.9741782793416336,886.8973818489898,16.946154304654545,8.344880409786494,9.50233794475494,0.0,8.0,,gc_formula_si,"Si monomer: HSP NOT reliable (Si groups fitted on 51 HSPiP Si compounds, only 7 measured, all much smaller than the monomers)",0.0,16.42264162032241,16.42264162032241,3.6298843851838116,3.6298843851838116,3.9741782793416336,3.9741782793416336
C[C@H]1CCC[C@]2(O)C(O)[C@H](O[Si](c3ccccc3)(c3ccccc3)C(C)(C)C)CC[C@]12C,C[C@H]1CCC[C@]2(O)C(OC(=O)[C@@H]3[C@H](C(=O)OC4[C@H](O[Si](c5ccccc5)(c5ccccc5)C(C)(C)C)CC[C@]5(C)[C@@H](C)CCC[C@]45O)[C@@H]4C=C[C@@H]3C4)[C@H](O[Si](c3ccccc3)(c3ccccc3)C(C)(C)C)CC[C@]12C,ester,Sigma-Aldrich,diol,452.711,False,,0,25.8482,-8.195,8.9527,0,True,2,True,0,0,4,True,,17.627100197029257,3.1377460207492835,3.498599395625343,1012.581347231654,21.93689697411723,4.123193576750008,3.9582981888762516,0.0,4.0,,gc_formula_si,"Si monomer: HSP NOT reliable (Si groups fitted on 51 HSPiP Si compounds, only 7 measured, all much smaller than the monomers)",0.0,17.627100197029257,17.627100197029257,3.1377460207492835,3.1377460207492835,3.498599395625343,3.498599395625343
C=C1C(C/C=C(\C)CC/C=N/Nc2ccc([N+](=O)[O-])cc2[N+](=O)[O-])CC[C@H](C)[C@@]1(C)CC[C@H](O[Si](c1ccccc1)(c1ccccc1)C(C)(C)C)C(=O)OC(C)(C)C,C=C1C(C/C=C(\C)CC/C=N/N(C(=O)[C@@H]2[C@H](C(=O)N(/N=C/CC/C(C)=C/CC3CC[C@H](C)[C@@](C)(CC[C@H](O[Si](c4ccccc4)(c4ccccc4)C(C)(C)C)C(=O)OC(C)(C)C)C3=C)c3ccc([N+](=O)[O-])cc3[N+](=O)[O-])[C@@H]3C=C[C@@H]2C3)c2ccc([N+](=O)[O-])cc2[N+](=O)[O-])CC[C@H](C)[C@@]1(C)CC[C@H](O[Si](c1ccccc1)(c1ccccc1)C(C)(C)C)C(=O)OC(C)(C)C,amide,Sigma-Aldrich,monoamine,811.109,False,,0,22.0608,-9.094,9.1378,14,True,2,True,0,8,6,True,,17.769184201783325,5.9971612024060175,3.8002222340382583,1577.2368501869544,23.121329294918144,1.0716263643635258,0.0,0.0,18.0,,gc_formula_si,"Si monomer: HSP NOT reliable (Si groups fitted on 51 HSPiP Si compounds, only 7 measured, all much smaller than the monomers)",0.0,17.769184201783325,17.769184201783325,5.9971612024060175,5.9971612024060175,3.8002222340382583,3.8002222340382583
C/C(=C\CCO)CCCO[Si](C)(C)C(C)(C)C,C/C(=C\CCOC(=O)[C@@H]1[C@H](C(=O)OCC/C=C(\C)CCCO[Si](C)(C)C(C)(C)C)[C@@H]2C=C[C@@H]1C2)CCCO[Si](C)(C)C(C)(C)C,ester,Sigma-Aldrich,monoalcohol,258.478,False,,0,12.9902,-0.743,6.3962,0,True,2,True,0,0,0,True,,15.81829102838479,2.8687279909615873,2.909482203758268,698.8424625702735,13.262113566563457,3.5054820243535145,3.9009103409939305,0.0,8.0,,gc_formula_si,"Si monomer: HSP NOT reliable (Si groups fitted on 51 HSPiP Si compounds, only 7 measured, all much smaller than the monomers)",0.0,15.81829102838479,15.81829102838479,2.8687279909615873,2.8687279909615873,2.909482203758268,2.909482203758268
C=C(C)C(O)CC1CC[C@H](C)[C@@](C)(CC[C@H](O[Si](c2ccccc2)(c2ccccc2)C(C)(C)C)C(=O)OC(C)(C)C)C1=C,C=C(C)C(CC1CC[C@H](C)[C@@](C)(CC[C@H](O[Si](c2ccccc2)(c2ccccc2)C(C)(C)C)C(=O)OC(C)(C)C)C1=C)OC(=O)[C@@H]1[C@H](C(=O)OC(CC2CC[C@H](C)[C@@](C)(CC[C@H](O[Si](c3ccccc3)(c3ccccc3)C(C)(C)C)C(=O)OC(C)(C)C)C2=C)C(=C)C)[C@@H]2C=C[C@@H]1C2,ester,Sigma-Aldrich,monoalcohol,604.948,False,,0,19.1177,-7.6118,11.3938,0,True,2,True,0,10,6,True,,16.737495355798266,2.7138484791044473,3.0724890558261753,1419.524942206699,17.58772378463952,1.288860779110553,4.547306897130948,0.0,4.0,,gc_formula_si,"Si monomer: HSP NOT reliable (Si groups fitted on 51 HSPiP Si compounds, only 7 measured, all much smaller than the monomers)",0.0,16.737495355798266,16.737495355798266,2.7138484791044473,2.7138484791044473,3.0724890558261753,3.0724890558261753
C=C1C(CCO)CC[C@H](C)[C@@]1(C)CC[C@@H](CO)O[Si](c1ccccc1)(c1ccccc1)C(C)(C)C,C=C1C(CCO)CC[C@H](C)[C@@]1(C)CC[C@@H](COC(=O)[C@@H]1[C@H](C(=O)OC[C@H](CC[C@@]2(C)C(=C)C(CCO)CC[C@@H]2C)O[Si](c2ccccc2)(c2ccccc2)C(C)(C)C)[C@@H]2C=C[C@@H]1C2)O[Si](c1ccccc1)(c1ccccc1)C(C)(C)C,ester,Sigma-Aldrich,diol,494.792,False,,0,24.0778,-5.6416,7.241,0,True,2,True,0,8,6,True,,17.283877381904187,3.288151329155636,6.026561187542822,1111.139861762845,20.450752652888923,3.76226727310437,3.8948369528865667,0.0,4.0,,gc_formula_si,"Si monomer: HSP NOT reliable (Si groups fitted on 51 HSPiP Si compounds, only 7 measured, all much smaller than the monomers)",0.0,17.283877381904187,17.283877381904187,3.288151329155636,3.288151329155636,6.026561187542822,6.026561187542822
COC(=O)C1=C(O)[C@](C)(CC[C@H](O[Si](C)(C)C(C)(C)C)C(=O)OC)[C@@H](C)CC1,COC(=O)C1=C(OC(=O)[C@@H]2[C@H](C(=O)OC3=C(C(=O)OC)CC[C@H](C)[C@@]3(C)CC[C@H](O[Si](C)(C)C(C)(C)C)C(=O)OC)[C@@H]3C=C[C@@H]2C3)[C@](C)(CC[C@H](O[Si](C)(C)C(C)(C)C)C(=O)OC)[C@@H](C)CC1,ester,Sigma-Aldrich,monoalcohol,414.615,False,,0,16.828,10.5338,7.0722,2,True,2,True,0,2,4,True,,16.359299075254437,3.939678113308451,4.163799229561926,916.5169032958065,13.56610105721157,7.187836303604462,5.065865150399729,0.0,10.0,,gc_formula_si,"Si monomer: HSP NOT reliable (Si groups fitted on 51 HSPiP Si compounds, only 7 measured, all much smaller than the monomers)",0.0,16.359299075254437,16.359299075254437,3.939678113308451,3.939678113308451,4.163799229561926,4.163799229561926
CC(CO)(Cc1ccccc1)[Si](C)(C)C,CC(COC(=O)[C@@H]1[C@H](C(=O)OCC(C)(Cc2ccccc2)[Si](C)(C)C)[C@@H]2C=C[C@@H]1C2)(Cc1ccccc1)[Si](C)(C)C,ester,Sigma-Aldrich,monoalcohol,222.404,False,,0,20.0619,4.2574,5.4084,0,True,2,True,0,0,0,True,,16.666122159133117,2.889622148401919,3.3123273870128043,599.6759332152975,17.508989309344052,3.9050418919861807,3.784012769764592,0.0,8.0,,gc_formula_si,"Si monomer: HSP NOT reliable (Si groups fitted on 51 HSPiP Si compounds, only 7 measured, all much smaller than the monomers)",0.0,16.666122159133117,16.666122159133117,2.889622148401919,2.889622148401919,3.3123273870128043,3.3123273870128043
C[C@](CO)(Cc1ccccc1)[Si](C)(C)C,C[C@](COC(=O)[C@@H]1[C@H](C(=O)OC[C@@](C)(Cc2ccccc2)[Si](C)(C)C)[C@@H]2C=C[C@@H]1C2)(Cc1ccccc1)[Si](C)(C)C,ester,Sigma-Aldrich,monoalcohol,222.404,False,,0,20.0619,4.2574,5.4084,0,True,2,True,0,0,0,True,,16.666122159133117,2.889622148401919,3.3123273870128043,599.6759332152975,17.508989309344052,3.9050418919861807,3.784012769764592,0.0,8.0,,gc_formula_si,"Si monomer: HSP NOT reliable (Si groups fitted on 51 HSPiP Si compounds, only 7 measured, all much smaller than the monomers)",0.0,16.666122159133117,16.666122159133117,2.889622148401919,2.889622148401919,3.3123273870128043,3.3123273870128043
C[C@@H]1CC23CCCCC(C[C@H](C#N)[C@@H](O)[C@@]24OC(C)(C)O[C@@H]14)C3O[Si](C)(C)C(C)(C)C,C[C@@H]1CC23CCCCC(C[C@H](C#N)[C@@H](OC(=O)[C@@H]4[C@H](C(=O)O[C@@H]5[C@@H](C#N)CC6CCCCC7(C[C@@H](C)[C@@H]8OC(C)(C)O[C@@]587)C6O[Si](C)(C)C(C)(C)C)[C@@H]5C=C[C@@H]4C5)[C@@]24OC(C)(C)O[C@@H]14)C3O[Si](C)(C)C(C)(C)C,ester,Sigma-Aldrich,monoalcohol,449.708,False,,0,23.3209,29.3952,6.4094,0,True,2,True,0,0,0,True,,16.339555086353073,4.6071978535606855,2.3576497859532237,1012.26970793431,14.325543391053586,4.228732357769426,2.732857105483827,0.0,8.0,,gc_formula_si,"Si monomer: HSP NOT reliable (Si groups fitted on 51 HSPiP Si compounds, only 7 measured, all much smaller than the monomers)",0.0,16.339555086353073,16.339555086353073,4.6071978535606855,4.6071978535606855,2.3576497859532237,2.3576497859532237
COCO[C@H]1[C@H](C)CC23CCCCC(C[C@H]4O[C@H]4[C@]12O)C3O[Si](C)(C)C(C)(C)C,COCO[C@H]1[C@H](C)CC23CCCCC(C[C@H]4O[C@H]4[C@]12OC(=O)[C@@H]1[C@H](C(=O)O[C@]24[C@@H]5O[C@@H]5CC5CCCCC2(C[C@@H](C)[C@@H]4OCOC)C5O[Si](C)(C)C(C)(C)C)[C@@H]2C=C[C@@H]1C2)C3O[Si](C)(C)C(C)(C)C,ester,Sigma-Aldrich,monoalcohol,426.67,False,,0,21.7823,10.937,5.4906,0,True,2,True,0,0,0,True,,16.247928921879517,3.462168879415475,2.9489486876748656,980.8084886208635,13.844881234037787,7.045412225284955,5.475282930742403,0.0,8.0,,gc_formula_si,"Si monomer: HSP NOT reliable (Si groups fitted on 51 HSPiP Si compounds, only 7 measured, all much smaller than the monomers)",0.0,16.247928921879517,16.247928921879517,3.462168879415475,3.462168879415475,2.9489486876748656,2.9489486876748656
C[C@@H]1CC23CCCCC(CCC=C2[C@H]1O)C3O[Si](C)(C)C(C)(C)C,C[C@@H]1CC23CCCCC(CCC=C2[C@H]1OC(=O)[C@@H]1[C@H](C(=O)O[C@@H]2C4=CCCC5CCCCC4(C[C@H]2C)C5O[Si](C)(C)C(C)(C)C)[C@@H]2C=C[C@@H]1C2)C3O[Si](C)(C)C(C)(C)C,ester,Sigma-Aldrich,monoalcohol,350.619,False,,0,19.6913,-1.2366,5.456,0,True,2,True,0,0,0,True,,16.334019458767074,2.3347778790847675,2.093075914538747,859.8089885538865,15.022218128734934,3.246014704967788,2.906527115328645,0.0,8.0,,gc_formula_si,"Si monomer: HSP NOT reliable (Si groups fitted on 51 HSPiP Si compounds, only 7 measured, all much smaller than the monomers)",0.0,16.334019458767074,16.334019458767074,2.3347778790847675,2.3347778790847675,2.093075914538747,2.093075914538747
C[C@@H]1OC=C[C@H](O[Si](C)(C)C(C)(C)C)[C@H]1O,C[C@@H]1OC=C[C@H](O[Si](C)(C)C(C)(C)C)[C@H]1OC(=O)[C@@H]1[C@H](C(=O)O[C@H]2[C@H](C)OC=C[C@@H]2O[Si](C)(C)C(C)(C)C)[C@@H]2C=C[C@@H]1C2,ester,Sigma-Aldrich,monoalcohol,244.407,False,,0,17.4219,8.336,3.8535,0,True,2,True,0,0,0,True,,15.827129893384653,4.006394470653376,3.5524962281743284,660.441757156526,12.772985341209756,6.461495921840917,4.442210613737288,0.0,8.0,,gc_formula_si,"Si monomer: HSP NOT reliable (Si groups fitted on 51 HSPiP Si compounds, only 7 measured, all much smaller than the monomers)",0.0,15.827129893384653,15.827129893384653,4.006394470653376,4.006394470653376,3.5524962281743284,3.5524962281743284
C=C[C@]1(C)[C@H]2C=CC[C@H]2[C@]1(O)C1=C[C@@H](O[Si](c2ccccc2)(c2ccccc2)C(C)(C)C)CC1,C=C[C@]1(C)[C@H]2C=CC[C@H]2[C@]1(OC(=O)[C@@H]1[C@H](C(=O)O[C@]2(C3=C[C@@H](O[Si](c4ccccc4)(c4ccccc4)C(C)(C)C)CC3)[C@@H]3CC=C[C@@H]3[C@@]2(C)C=C)[C@@H]2C=C[C@@H]1C2)C1=C[C@@H](O[Si](c2ccccc2)(c2ccccc2)C(C)(C)C)CC1,ester,Sigma-Aldrich,monoalcohol,470.729,False,,0,26.1413,-3.591,9.2358,4,True,2,True,0,2,0,True,,17.594492812586036,2.511690311666817,2.915494687434775,1059.363994507812,22.216994781828124,3.7890570414722093,8.017296690855286,0.0,8.0,,gc_formula_si,"Si monomer: HSP NOT reliable (Si groups fitted on 51 HSPiP Si compounds, only 7 measured, all much smaller than the monomers)",0.0,17.594492812586036,17.594492812586036,2.511690311666817,2.511690311666817,2.915494687434775,2.915494687434775
C=C1CC2CCCCC3(C[C@@H](C)[C@@H]4OC(C)(C)O[C@@]43[C@@H]1O)C2O[Si](C)(C)C(C)(C)C,C=C1CC2CCCCC3(C[C@@H](C)[C@@H]4OC(C)(C)O[C@@]43[C@@H]1OC(=O)[C@@H]1[C@H](C(=O)O[C@@H]3C(=C)CC4CCCCC5(C[C@@H](C)[C@@H]6OC(C)(C)O[C@@]365)C4O[Si](C)(C)C(C)(C)C)[C@@H]3C=C[C@@H]1C3)C2O[Si](C)(C)C(C)(C)C,ester,Sigma-Aldrich,monoalcohol,436.709,False,,0,21.3495,8.9958,7.1716,0,True,2,True,0,2,0,True,,16.263270365876615,2.6851916820493402,1.9502837870086223,1007.8288008523812,13.343426520378395,4.851089707588407,3.5266280573420503,0.0,8.0,,gc_formula_si,"Si monomer: HSP NOT reliable (Si groups fitted on 51 HSPiP Si compounds, only 7 measured, all much smaller than the monomers)",0.0,16.263270365876615,16.263270365876615,2.6851916820493402,2.6851916820493402,1.9502837870086223,1.9502837870086223
CC1=CC23CCCCC(CC[C@H]4O[C@]42[C@H]1O)C3O[Si](C)(C)C(C)(C)C,CC1=CC23CCCCC(CC[C@H]4O[C@]42[C@H]1OC(=O)[C@@H]1[C@H](C(=O)O[C@H]2C(C)=CC45CCCCC(CC[C@H]6O[C@@]624)C5O[Si](C)(C)C(C)(C)C)[C@@H]2C=C[C@@H]1C2)C3O[Si](C)(C)C(C)(C)C,ester,Sigma-Aldrich,monoalcohol,364.602,False,,0,21.9756,6.8498,4.5976,0,True,2,True,0,0,0,True,,16.551425767576553,2.933823347199188,2.2983714654729503,840.7984543999203,15.625963492120952,5.865900192459718,4.999792699873267,0.0,8.0,,gc_formula_si,"Si monomer: HSP NOT reliable (Si groups fitted on 51 HSPiP Si compounds, only 7 measured, all much smaller than the monomers)",0.0,16.551425767576553,16.551425767576553,2.933823347199188,2.933823347199188,2.2983714654729503,2.2983714654729503
CC1=CC23CCCCC(C[C@@](CO)([Se]c4ccccc4)C(=O)[C@@]24OC(C)(C)O[C@@H]14)C3O[Si](C)(C)C(C)(C)C,CC1=CC23CCCCC(C[C@@](COC(=O)[C@@H]4[C@H](C(=O)OC[C@@]5([Se]c6ccccc6)CC6CCCCC7(C=C(C)[C@@H]8OC(C)(C)O[C@@]87C5=O)C6O[Si](C)(C)C(C)(C)C)[C@@H]5C=C[C@@H]4C5)([Se]c4ccccc4)C(=O)[C@@]24OC(C)(C)O[C@@H]14)C3O[Si](C)(C)C(C)(C)C,ester,Sigma-Aldrich,monoalcohol,605.75,False,,0,25.3316,12.8638,7.0308,2,True,2,True,2,2,2,True,,17.1630604081584,4.055646979166257,2.684060753631785,1103.573121481442,19.78099043990884,5.5774285988366525,6.7642818953845385,2.0,10.0,,gc_formula_si,"Si monomer: HSP NOT reliable (Si groups fitted on 51 HSPiP Si compounds, only 7 measured, all much smaller than the monomers)",2.0,17.1630604081584,17.1630604081584,4.055646979166257,4.055646979166257,2.684060753631785,2.684060753631785
CC(C)(C)[Si](C)(C)OC1CCC2C3(CC4CC(O)C=CC412)SCCCS3,CC(C)(C)[Si](C)(C)OC1CCC2C3(CC4CC(OC(=O)[C@@H]5[C@H](C(=O)OC6C=CC78C(C6)CC6(SCCCS6)C7CCC8O[Si](C)(C)C(C)(C)C)[C@@H]6C=C[C@@H]5C6)C=CC412)SCCCS3,ester,Sigma-Aldrich,monoalcohol,412.737,False,,0,26.1683,-5.978,7.3208,0,True,2,True,0,0,2,True,,17.28524539129704,4.154533968403101,3.605637275568381,914.8441293868134,21.296608236612766,7.542940010331646,7.451177071964011,0.0,8.0,,gc_formula_si,"Si monomer: HSP NOT reliable (Si groups fitted on 51 HSPiP Si compounds, only 7 measured, all much smaller than the monomers)",0.0,17.28524539129704,17.28524539129704,4.154533968403101,4.154533968403101,3.605637275568381,3.605637275568381
CC(C)(C)[Si](C)(C)OC1C=CC23C(O)CCC2C2(CC3C1)SCCCS2,CC(C)(C)[Si](C)(C)OC1C=CC23C(C1)CC1(SCCCS1)C2CCC3OC(=O)[C@@H]1[C@H](C(=O)OC2CCC3C4(CC5CC(O[Si](C)(C)C(C)(C)C)C=CC523)SCCCS4)[C@@H]2C=C[C@@H]1C2,ester,Sigma-Aldrich,monoalcohol,412.737,False,,0,26.1683,-5.978,7.3208,0,True,2,True,0,0,2,True,,17.28524539129704,4.154533968403101,3.605637275568381,914.8441293868134,21.296608236612766,7.542940010331646,7.451177071964011,0.0,8.0,,gc_formula_si,"Si monomer: HSP NOT reliable (Si groups fitted on 51 HSPiP Si compounds, only 7 measured, all much smaller than the monomers)",0.0,17.28524539129704,17.28524539129704,4.154533968403101,4.154533968403101,3.605637275568381,3.605637275568381
C[C@@H](CO)CO[Si](C)(C)C(C)(C)C,C[C@@H](COC(=O)[C@@H]1[C@H](C(=O)OC[C@H](C)CO[Si](C)(C)C(C)(C)C)[C@@H]2C=C[C@@H]1C2)CO[Si](C)(C)C(C)(C)C,ester,Sigma-Aldrich,monoalcohol,204.386,False,,0,14.5446,4.6836,7.2902,0,True,2,True,0,0,0,True,,15.321083879408272,3.129700084814105,2.9872834173525344,587.1879152822594,11.935944189261786,3.3216867981101905,2.162046657399576,0.0,8.0,,gc_formula_si,"Si monomer: HSP NOT reliable (Si groups fitted on 51 HSPiP Si compounds, only 7 measured, all much smaller than the monomers)",0.0,15.321083879408272,15.321083879408272,3.129700084814105,3.129700084814105,2.9872834173525344,2.9872834173525344
C=C1C2C3C2(C)CCC1C3(O)C(=C)C(CCCC1(CC/C=C(\C)COCOC)SCCCS1)CO[Si](C)(C)C(C)(C)C,C=C1C2C3C2(C)CCC1C3(OC(=O)[C@@H]1[C@H](C(=O)OC2(C(=C)C(CCCC3(CC/C=C(\C)COCOC)SCCCS3)CO[Si](C)(C)C(C)(C)C)C3CCC4(C)C(C3=C)C42)[C@@H]2C=C[C@@H]1C2)C(=C)C(CCCC1(CC/C=C(\C)COCOC)SCCCS1)CO[Si](C)(C)C(C)(C)C,ester,Sigma-Aldrich,monoalcohol,637.081,False,,0,23.6972,-5.899,10.3048,0,True,2,True,0,10,6,True,,16.931495452853277,3.733435031268863,3.7160846933947864,1412.6518774307542,20.051057404437284,7.52104757456635,10.303515386572972,0.0,8.0,,gc_formula_si,"Si monomer: HSP NOT reliable (Si groups fitted on 51 HSPiP Si compounds, only 7 measured, all much smaller than the monomers)",0.0,16.931495452853277,16.931495452853277,3.733435031268863,3.733435031268863,3.7160846933947864,3.7160846933947864
COC1=C(C)C2CC(O)(C3=C[C@H](O[Si](C)(C)C(C)(C)C)[C@@H](O[Si](C)(C)C(C)(C)C)[C@H](C)O3)C1CC2(C)C,COC1=C(C)C2CC(OC(=O)[C@@H]3[C@H](C(=O)OC4(C5=C[C@H](O[Si](C)(C)C(C)(C)C)[C@@H](O[Si](C)(C)C(C)(C)C)[C@H](C)O5)CC5C(C)=C(OC)C4CC5(C)C)[C@@H]4C=C[C@@H]3C4)(C3=C[C@H](O[Si](C)(C)C(C)(C)C)[C@@H](O[Si](C)(C)C(C)(C)C)[C@H](C)O3)C1CC2(C)C,ester,Sigma-Aldrich,monoalcohol,552.945,False,,0,14.2926,-15.8044,9.143,0,True,4,True,0,0,6,True,,15.82941326349812,3.3046634872329315,2.9890464527453937,1328.143720501084,4.954245265939315,6.283309489225473,2.207937781684147,0.0,16.0,,gc_formula_si,"Si monomer: HSP NOT reliable (Si groups fitted on 51 HSPiP Si compounds, only 7 measured, all much smaller than the monomers)",0.0,15.82941326349812,15.82941326349812,3.3046634872329315,3.3046634872329315,2.9890464527453937,2.9890464527453937
C[C@@H]1OC(C(O)c2ccccc2)=C[C@H](O[Si](C)(C)C)[C@H]1O[Si](C)(C)C(C)(C)C,C[C@@H]1OC(C(OC(=O)[C@@H]2[C@H](C(=O)OC(C3=C[C@H](O[Si](C)(C)C)[C@@H](O[Si](C)(C)C(C)(C)C)[C@H](C)O3)c3ccccc3)[C@@H]3C=C[C@@H]2C3)c2ccccc2)=C[C@H](O[Si](C)(C)C)[C@H]1O[Si](C)(C)C(C)(C)C,ester,Sigma-Aldrich,monoalcohol,422.714,False,,0,20.0493,-5.8358,7.3104,0,True,4,True,0,0,0,True,,16.14270770431841,3.4964129879667913,2.8396556317751984,1027.554480117941,13.713133178076633,7.248719655680584,3.868588275054707,0.0,18.0,,gc_formula_si,"Si monomer: HSP NOT reliable (Si groups fitted on 51 HSPiP Si compounds, only 7 measured, all much smaller than the monomers)",0.0,16.14270770431841,16.14270770431841,3.4964129879667913,3.4964129879667913,2.8396556317751984,2.8396556317751984
CC(O)C1=C[C@@H](O[Si](C)(C)C(C)(C)C)[C@H](O[Si](C)(C)C(C)(C)C)[C@@H](CO[Si](C)(C)C(C)(C)C)O1,CC(OC(=O)[C@@H]1[C@H](C(=O)OC(C)C2=C[C@@H](O[Si](C)(C)C(C)(C)C)[C@H](O[Si](C)(C)C(C)(C)C)[C@@H](CO[Si](C)(C)C(C)(C)C)O2)[C@@H]2C=C[C@@H]1C2)C1=C[C@@H](O[Si](C)(C)C(C)(C)C)[C@H](O[Si](C)(C)C(C)(C)C)[C@@H](CO[Si](C)(C)C(C)(C)C)O1,ester,Sigma-Aldrich,monoalcohol,532.987,False,,0,10.9794,-14.2046,10.4914,0,True,6,True,0,0,0,True,,14.969350709229658,2.9975614109486743,1.8244431286131177,1331.4951117619974,0.0,5.421185543927198,1.241314761231514,0.0,24.0,,gc_formula_si,"Si monomer: HSP NOT reliable (Si groups fitted on 51 HSPiP Si compounds, only 7 measured, all much smaller than the monomers)",0.0,14.969350709229658,14.969350709229658,2.9975614109486743,2.9975614109486743,1.8244431286131177,1.8244431286131177
CC(C)(C)[Si](C)(C)OC[C@H]1OC(C(O)c2ccccc2)=C[C@@H](O[Si](C)(C)C(C)(C)C)[C@@H]1O[Si](C)(C)C(C)(C)C,CC(C)(C)[Si](C)(C)OC[C@H]1OC(C(OC(=O)[C@@H]2[C@H](C(=O)OC(C3=C[C@@H](O[Si](C)(C)C(C)(C)C)[C@H](O[Si](C)(C)C(C)(C)C)[C@@H](CO[Si](C)(C)C(C)(C)C)O3)c3ccccc3)[C@@H]3C=C[C@@H]2C3)c2ccccc2)=C[C@@H](O[Si](C)(C)C(C)(C)C)[C@@H]1O[Si](C)(C)C(C)(C)C,ester,Sigma-Aldrich,monoalcohol,595.058,False,,0,17.8143,-14.3642,10.8984,0,True,6,True,0,0,0,True,,15.585488609904926,2.9442040490137447,1.9569807400824308,1424.9503852050295,0.0,5.609303104264957,2.2625876454655014,0.0,24.0,,gc_formula_si,"Si monomer: HSP NOT reliable (Si groups fitted on 51 HSPiP Si compounds, only 7 measured, all much smaller than the monomers)",0.0,15.585488609904926,15.585488609904926,2.9442040490137447,2.9442040490137447,1.9569807400824308,1.9569807400824308
CC(C)(C)[Si](C)(C)OC[C@@H]1C[C@H](O[Si](C)(C)C(C)(C)C)C=C(C(O)c2ccccc2)O1,CC(C)(C)[Si](C)(C)OC[C@@H]1C[C@H](O[Si](C)(C)C(C)(C)C)C=C(C(OC(=O)[C@@H]2[C@H](C(=O)OC(C3=C[C@@H](O[Si](C)(C)C(C)(C)C)C[C@@H](CO[Si](C)(C)C(C)(C)C)O3)c3ccccc3)[C@@H]3C=C[C@@H]2C3)c2ccccc2)O1,ester,Sigma-Aldrich,monoalcohol,464.795,False,,0,19.6136,-7.5294,8.4896,0,True,4,True,0,0,0,True,,16.044127286593262,3.197933987348162,2.705782090966112,1113.710322523283,12.956204842312658,6.0416855866235295,4.280108937606002,0.0,16.0,,gc_formula_si,"Si monomer: HSP NOT reliable (Si groups fitted on 51 HSPiP Si compounds, only 7 measured, all much smaller than the monomers)",0.0,16.044127286593262,16.044127286593262,3.197933987348162,3.197933987348162,2.705782090966112,2.705782090966112
CC(C)(C)[Si](C)(C)OC[C@H]1OC=C[C@@H](OC(=O)c2ccccc2)[C@@H]1O,CC(C)(C)[Si](C)(C)OC[C@H]1OC=C[C@@H](OC(=O)c2ccccc2)[C@@H]1OC(=O)[C@@H]1[C@H](C(=O)O[C@H]2[C@H](OC(=O)c3ccccc3)C=CO[C@@H]2CO[Si](C)(C)C(C)(C)C)[C@@H]2C=C[C@@H]1C2,ester,Sigma-Aldrich,monoalcohol,364.514,False,,0,20.6796,13.2264,8.3144,0,True,2,True,0,0,0,True,,16.743862557324373,5.1642562417627484,3.7382847481116674,839.3744533471814,17.139988417914473,10.351257044955727,7.396791473179456,0.0,8.0,,gc_formula_si,"Si monomer: HSP NOT reliable (Si groups fitted on 51 HSPiP Si compounds, only 7 measured, all much smaller than the monomers)",0.0,16.743862557324373,16.743862557324373,5.1642562417627484,5.1642562417627484,3.7382847481116674,3.7382847481116674
C[Si](C)(C)C(C#N)C1(O)C2C=CC1C1C=CC2C1=CC#N,C[Si](C)(C)C(C#N)C1(OC(=O)[C@@H]2[C@H](C(=O)OC3(C(C#N)[Si](C)(C)C)C4C=CC3C3C=CC4C3=CC#N)[C@@H]3C=C[C@@H]2C3)C2C=CC1C1C=CC2C1=CC#N,ester,Sigma-Aldrich,monoalcohol,296.446,False,,0,21.5409,18.1768,10.6176,0,True,2,True,0,4,2,True,,17.117937009699162,7.023117827063191,4.659903564619412,704.9333908406672,19.101757934120197,8.33636444904899,7.880170262952566,0.0,8.0,,gc_formula_si,"Si monomer: HSP NOT reliable (Si groups fitted on 51 HSPiP Si compounds, only 7 measured, all much smaller than the monomers)",0.0,17.117937009699162,17.117937009699162,7.023117827063191,7.023117827063191,4.659903564619412,4.659903564619412
CCOC(OCC)C1C[C@@H]2[C@H]3C[C@@H](C)[C@@H](CC)[C@@H]3[C@H](O[Si](C)(C)C(C)(C)C)C[C@@H]2C1O,CCOC(OCC)C1C[C@@H]2[C@H]3C[C@@H](C)[C@@H](CC)[C@@H]3[C@H](O[Si](C)(C)C(C)(C)C)C[C@@H]2C1OC(=O)[C@@H]1[C@H](C(=O)OC2C(C(OCC)OCC)C[C@@H]3[C@H]4C[C@@H](C)[C@@H](CC)[C@@H]4[C@H](O[Si](C)(C)C(C)(C)C)C[C@H]23)[C@@H]2C=C[C@@H]1C2,ester,Sigma-Aldrich,monoalcohol,454.768,False,,0,16.705,-3.3184,9.4982,0,True,2,True,0,2,4,True,,16.024539205129457,3.0287845175904926,2.6158925979707597,1102.8745356411614,12.295675123100295,2.939576090576539,1.6883149150910894,0.0,8.0,,gc_formula_si,"Si monomer: HSP NOT reliable (Si groups fitted on 51 HSPiP Si compounds, only 7 measured, all much smaller than the monomers)",0.0,16.024539205129457,16.024539205129457,3.0287845175904926,3.0287845175904926,2.6158925979707597,2.6158925979707597
C=CCC1(O)C(C(OCC)OCC)C[C@@H]2[C@H]3C[C@@H](C)[C@@H](CC)[C@@H]3[C@H](O[Si](C)(C)C(C)(C)C)C[C@@H]21,C=CCC1(OC(=O)[C@@H]2[C@H](C(=O)OC3(CC=C)C(C(OCC)OCC)C[C@@H]4[C@H]5C[C@@H](C)[C@@H](CC)[C@@H]5[C@H](O[Si](C)(C)C(C)(C)C)C[C@@H]43)[C@@H]3C=C[C@@H]2C3)C(C(OCC)OCC)C[C@@H]2[C@H]3C[C@@H](C)[C@@H](CC)[C@@H]3[C@H](O[Si](C)(C)C(C)(C)C)C[C@@H]21,ester,Sigma-Aldrich,monoalcohol,494.833,False,,0,15.4068,-3.5522,8.8362,4,True,2,True,0,4,6,True,,15.937817587064046,2.922493904253165,2.593157650737872,1214.7397191083398,9.89455073507097,2.3466928080367184,2.198465388502929,0.0,12.0,,gc_formula_si,"Si monomer: HSP NOT reliable (Si groups fitted on 51 HSPiP Si compounds, only 7 measured, all much smaller than the monomers)",0.0,15.937817587064046,15.937817587064046,2.922493904253165,2.922493904253165,2.593157650737872,2.593157650737872
COC(=O)c1cc(CO[Si](c2ccccc2)(c2ccccc2)C(C)(C)C)oc1CO,COC(=O)c1cc(CO[Si](c2ccccc2)(c2ccccc2)C(C)(C)C)oc1COC(=O)[C@@H]1[C@H](C(=O)OCc2oc(CO[Si](c3ccccc3)(c3ccccc3)C(C)(C)C)cc2C(=O)OC)[C@@H]2C=C[C@@H]1C2,ester,Sigma-Aldrich,monoalcohol,424.569,False,,0,26.6503,15.7188,7.1996,2,True,2,True,0,0,0,True,,18.045917883634488,4.652219668179517,3.674627833048805,853.8563290613304,21.98266457702415,8.797089670603697,6.8311219616055885,0.0,6.0,,gc_formula_si,"Si monomer: HSP NOT reliable (Si groups fitted on 51 HSPiP Si compounds, only 7 measured, all much smaller than the monomers)",0.0,18.045917883634488,18.045917883634488,4.652219668179517,4.652219668179517,3.674627833048805,3.674627833048805
CC(C)(C)[Si](C)(C)O[C@]12CC[C@@]1(C)C[C@@H]1C[C@](C)(CO)CC1=C2CO,CC(C)(C)[Si](C)(C)O[C@]12CC[C@@]1(C)C[C@@H]1C[C@](C)(COC(=O)[C@@H]3[C@H](C(=O)OC[C@]4(C)CC5=C(CO)[C@@]6(O[Si](C)(C)C(C)(C)C)CC[C@@]6(C)C[C@@H]5C4)[C@@H]4C=C[C@@H]3C4)CC1=C2CO,ester,Sigma-Aldrich,diol,366.618,False,,0,19.6273,7.2402,4.7355,0,True,2,True,0,0,2,True,,16.4922949706935,3.328581082638642,6.728239070444285,831.9548428562579,15.688145982662572,6.245005172244498,2.424863381708074,0.0,8.0,,gc_formula_si,"Si monomer: HSP NOT reliable (Si groups fitted on 51 HSPiP Si compounds, only 7 measured, all much smaller than the monomers)",0.0,16.4922949706935,16.4922949706935,3.328581082638642,3.328581082638642,6.728239070444285,6.728239070444285
C=C1[C@H]2C[C@@](C)(CO)C[C@H]2C[C@]2(C)CC[C@]12O[Si](C)(C)C(C)(C)C,C=C1[C@H]2C[C@@](C)(COC(=O)[C@@H]3[C@H](C(=O)OC[C@@]4(C)C[C@H]5C[C@]6(C)CC[C@]6(O[Si](C)(C)C(C)(C)C)C(=C)[C@H]5C4)[C@@H]4C=C[C@@H]3C4)C[C@H]2C[C@]2(C)CC[C@]12O[Si](C)(C)C(C)(C)C,ester,Sigma-Aldrich,monoalcohol,350.619,False,,0,19.8473,3.1594,8.985,0,True,2,True,0,4,2,True,,16.283948898580007,1.8362234268673008,1.764164992263717,840.370582580905,14.380219136957741,2.6229850669769608,1.0345339790095915,0.0,8.0,,gc_formula_si,"Si monomer: HSP NOT reliable (Si groups fitted on 51 HSPiP Si compounds, only 7 measured, all much smaller than the monomers)",0.0,16.283948898580007,16.283948898580007,1.8362234268673008,1.8362234268673008,1.764164992263717,1.764164992263717
C=C(CO)[Si](C)(C)C,C=C(COC(=O)[C@@H]1[C@H](C(=O)OCC(=C)[Si](C)(C)C)[C@@H]2C=C[C@@H]1C2)[Si](C)(C)C,ester,Sigma-Aldrich,monoalcohol,130.263,False,,0,14.9716,2.259,6.2584,0,True,2,True,0,2,0,True,,15.467032460339116,3.4070016070226825,4.085870448623246,427.66544794197034,13.776181352590001,4.899861568333958,4.5817625362540895,0.0,8.0,,gc_formula_si,"Si monomer: HSP NOT reliable (Si groups fitted on 51 HSPiP Si compounds, only 7 measured, all much smaller than the monomers)",0.0,15.467032460339116,15.467032460339116,3.4070016070226825,3.4070016070226825,4.085870448623246,4.085870448623246
CC(C)CC1=C2CC[C@H](OCOCC[Si](C)(C)C)[C@@]2(C)CC[C@@H]1O,CC(C)CC1=C2CC[C@H](OCOCC[Si](C)(C)C)[C@@]2(C)CC[C@@H]1OC(=O)[C@@H]1[C@H](C(=O)O[C@H]2CC[C@@]3(C)C(=C2CC(C)C)CC[C@@H]3OCOCC[Si](C)(C)C)[C@@H]2C=C[C@@H]1C2,ester,Sigma-Aldrich,monoalcohol,354.607,False,,0,15.1538,-4.9904,5.7588,0,True,2,True,0,2,4,True,,16.107565948567075,3.081161994326989,3.632277065619983,873.5890848271124,14.25973306393251,5.3947064332951005,5.355552907683138,0.0,8.0,,gc_formula_si,"Si monomer: HSP NOT reliable (Si groups fitted on 51 HSPiP Si compounds, only 7 measured, all much smaller than the monomers)",0.0,16.107565948567075,16.107565948567075,3.081161994326989,3.081161994326989,3.632277065619983,3.632277065619983
CC(C)(C)[Si](C)(C)OC1C2CCC(=O)C3=C(O)CCC31CC1OC1C2,CC(C)(C)[Si](C)(C)OC1C2CCC(=O)C3=C(OC(=O)[C@@H]4[C@H](C(=O)OC5=C6C(=O)CCC7CC8OC8CC6(CC5)C7O[Si](C)(C)C(C)(C)C)[C@@H]5C=C[C@@H]4C5)CCC31CC1OC1C2,ester,Sigma-Aldrich,monoalcohol,364.558,False,,0,22.2539,17.7458,4.5704,0,True,2,True,0,0,0,True,,16.81646907736044,4.960075609559766,3.0222797800390167,826.9833120034892,17.282108135176937,8.45925529442505,5.535026820851584,0.0,8.0,,gc_formula_si,"Si monomer: HSP NOT reliable (Si groups fitted on 51 HSPiP Si compounds, only 7 measured, all much smaller than the monomers)",0.0,16.81646907736044,16.81646907736044,4.960075609559766,4.960075609559766,3.0222797800390167,3.0222797800390167
CC(C)(C)[Si](C)(C)OC1C2CCC(=O)CC13CC[C@H](O)C=C3CC2,CC(C)(C)[Si](C)(C)OC1C2CCC(=O)CC13CC[C@H](OC(=O)[C@@H]1[C@H](C(=O)O[C@@H]4C=C5CCC6CCC(=O)CC5(CC4)C6O[Si](C)(C)C(C)(C)C)[C@@H]4C=C[C@@H]1C4)C=C3CC2,ester,Sigma-Aldrich,monoalcohol,350.575,False,,0,21.1997,-2.4808,4.6564,0,True,2,True,0,0,4,True,,17.036441253340367,4.700621894435214,3.2368744936090215,802.8011042845309,18.53446951181254,6.739926101966763,5.506075229381308,0.0,8.0,,gc_formula_si,"Si monomer: HSP NOT reliable (Si groups fitted on 51 HSPiP Si compounds, only 7 measured, all much smaller than the monomers)",0.0,17.036441253340367,17.036441253340367,4.700621894435214,4.700621894435214,3.2368744936090215,3.2368744936090215
C[C@@H]1CC23CC(=O)CCC(CCC2=C[C@H]1O)C3O[Si](C)(C)C(C)(C)C,C[C@@H]1CC23CC(=O)CCC(CCC2=C[C@H]1OC(=O)[C@@H]1[C@H](C(=O)O[C@@H]2C=C4CCC5CCC(=O)CC4(C[C@H]2C)C5O[Si](C)(C)C(C)(C)C)[C@@H]2C=C[C@@H]1C2)C3O[Si](C)(C)C(C)(C)C,ester,Sigma-Aldrich,monoalcohol,364.602,False,,0,20.7456,-2.3346,5.7638,0,True,2,True,0,0,4,True,,16.91850344857704,4.5777349233822155,3.122890660794606,842.5065794346566,18.095644604828422,6.34330381344639,5.071752415150174,0.0,8.0,,gc_formula_si,"Si monomer: HSP NOT reliable (Si groups fitted on 51 HSPiP Si compounds, only 7 measured, all much smaller than the monomers)",0.0,16.91850344857704,16.91850344857704,4.5777349233822155,4.5777349233822155,3.122890660794606,3.122890660794606
C[Si](C)(C)C1(C(O)C=C2CCC2)CC1,C[Si](C)(C)C1(C(C=C2CCC2)OC(=O)[C@@H]2[C@H](C(=O)OC(C=C3CCC3)C3([Si](C)(C)C)CC3)[C@@H]3C=C[C@@H]2C3)CC1,ester,Sigma-Aldrich,monoalcohol,210.393,False,,0,18.9416,2.0974,4.945,0,True,2,True,0,2,0,True,,16.689241255292803,2.7076865945800157,3.274717880433188,564.6769699433318,16.57673811664187,2.9015800648385097,3.6550096657797844,0.0,8.0,,gc_formula_si,"Si monomer: HSP NOT reliable (Si groups fitted on 51 HSPiP Si compounds, only 7 measured, all much smaller than the monomers)",0.0,16.689241255292803,16.689241255292803,2.7076865945800157,2.7076865945800157,3.274717880433188,3.274717880433188
C[Si]1(C)C2CCC1C1C(O)=CC(=O)C12,C[Si]1(C)C2CCC1C1C(OC(=O)[C@@H]3[C@H](C(=O)OC4=CC(=O)C5C4C4CCC5[Si]4(C)C)[C@@H]4C=C[C@@H]3C4)=CC(=O)C12,ester,Sigma-Aldrich,monoalcohol,208.333,False,,0,18.4533,1.9858,3.7233,2,True,2,True,2,2,2,True,,16.81526280422366,5.3461982885320385,3.8968101150254184,509.1935637172588,18.37948304729487,3.688079298065088,4.4910914936546895,0.0,8.0,,gc_formula_si,"Si monomer: HSP NOT reliable (Si groups fitted on 51 HSPiP Si compounds, only 7 measured, all much smaller than the monomers)",0.0,16.81526280422366,16.81526280422366,5.3461982885320385,5.3461982885320385,3.8968101150254184,3.8968101150254184
C[Si]1(C)C2C=CC1C1C(O)=CC(=O)C12,C[Si]1(C)C2C=CC1C1C(OC(=O)[C@@H]3[C@H](C(=O)OC4=CC(=O)C5C4C4C=CC5[Si]4(C)C)[C@@H]4C=C[C@@H]3C4)=CC(=O)C12,ester,Sigma-Aldrich,monoalcohol,206.317,False,,0,18.7746,2.2296,5.0235,2,True,2,True,2,2,2,True,,16.952087786018105,5.460525278938094,4.214501400619867,500.8489088850158,18.78818087295957,4.905964873312039,6.4331155320236775,0.0,8.0,,gc_formula_si,"Si monomer: HSP NOT reliable (Si groups fitted on 51 HSPiP Si compounds, only 7 measured, all much smaller than the monomers)",0.0,16.952087786018105,16.952087786018105,5.460525278938094,5.460525278938094,4.214501400619867,4.214501400619867
CC1=C(CO)[C@](C)(CCC2=CCCC2O[Si](C)(C)C(C)(C)C)CCC1,CC1=C(COC(=O)[C@@H]2[C@H](C(=O)OCC3=C(C)CCC[C@@]3(C)CCC3=CCCC3O[Si](C)(C)C(C)(C)C)[C@@H]3C=C[C@@H]2C3)[C@](C)(CCC2=CCCC2O[Si](C)(C)C(C)(C)C)CCC1,ester,Sigma-Aldrich,monoalcohol,364.646,False,,0,14.2367,-7.1718,4.1336,0,True,2,True,0,4,6,True,,16.272897745559487,2.279361711970195,2.5847126594354433,896.4478782846724,14.026786010471831,2.1856997508644658,2.6388102332373373,0.0,8.0,,gc_formula_si,"Si monomer: HSP NOT reliable (Si groups fitted on 51 HSPiP Si compounds, only 7 measured, all much smaller than the monomers)",0.0,16.272897745559487,16.272897745559487,2.279361711970195,2.279361711970195,2.5847126594354433,2.5847126594354433
CC(O)C1CC(CO[Si](C)(C)C(C)(C)C)OC1=O,CC(OC(=O)[C@@H]1[C@H](C(=O)OC(C)C2CC(CO[Si](C)(C)C(C)(C)C)OC2=O)[C@@H]2C=C[C@@H]1C2)C1CC(CO[Si](C)(C)C(C)(C)C)OC1=O,ester,Sigma-Aldrich,monoalcohol,274.433,False,,0,14.4844,16.5822,7.802,0,True,2,True,0,0,0,True,,15.843855670281076,5.92589732758213,3.931986245393127,702.8996838292885,14.566246999085875,3.0372959019204124,4.5973820634458145,0.0,8.0,,gc_formula_si,"Si monomer: HSP NOT reliable (Si groups fitted on 51 HSPiP Si compounds, only 7 measured, all much smaller than the monomers)",0.0,15.843855670281076,15.843855670281076,5.92589732758213,5.92589732758213,3.931986245393127,3.931986245393127
CC(O)C1COC(=O)C1[Si](C)(c1ccccc1)c1ccccc1,CC(OC(=O)[C@@H]1[C@H](C(=O)OC(C)C2COC(=O)C2[Si](C)(c2ccccc2)c2ccccc2)[C@@H]2C=C[C@@H]1C2)C1COC(=O)C1[Si](C)(c1ccccc1)c1ccccc1,ester,Sigma-Aldrich,monoalcohol,326.468,False,,0,24.8091,15.1034,7.9294,0,True,2,True,0,0,0,True,,18.03002415621079,5.717722575284447,4.331002700532015,725.4839541006644,22.859288730502133,6.0620944553992215,7.449395589691103,0.0,4.0,,gc_formula_si,"Si monomer: HSP NOT reliable (Si groups fitted on 51 HSPiP Si compounds, only 7 measured, all much smaller than the monomers)",0.0,18.03002415621079,18.03002415621079,5.717722575284447,5.717722575284447,4.331002700532015,4.331002700532015
C=C(C(C)O)[Si](C)(C)C,C=C(C(C)OC(=O)[C@@H]1[C@H](C(=O)OC(C)C(=C)[Si](C)(C)C)[C@@H]2C=C[C@@H]1C2)[Si](C)(C)C,ester,Sigma-Aldrich,monoalcohol,144.29,False,,0,13.0747,-0.0928,7.4088,0,True,2,True,0,4,0,True,,15.29112666823165,3.270869424205161,4.024499251945391,486.1454619962039,12.971219572215073,4.520979336592673,4.065600807921488,0.0,8.0,,gc_formula_si,"Si monomer: HSP NOT reliable (Si groups fitted on 51 HSPiP Si compounds, only 7 measured, all much smaller than the monomers)",0.0,15.29112666823165,15.29112666823165,3.270869424205161,3.270869424205161,4.024499251945391,4.024499251945391
CCC(O)(CC)C1([Si](C)(C)C)CC1,CCC(CC)(OC(=O)[C@@H]1[C@H](C(=O)OC(CC)(CC)C2([Si](C)(C)C)CC2)[C@@H]2C=C[C@@H]1C2)C1([Si](C)(C)C)CC1,ester,Sigma-Aldrich,monoalcohol,200.398,False,,0,15.4076,6.2154,5.4862,0,True,2,True,0,0,0,True,,15.742835786171117,2.7661772318071227,3.1651143446219288,618.0880613418633,13.60326148202748,2.2063940173753602,1.3058748297167673,0.0,8.0,,gc_formula_si,"Si monomer: HSP NOT reliable (Si groups fitted on 51 HSPiP Si compounds, only 7 measured, all much smaller than the monomers)",0.0,15.742835786171117,15.742835786171117,2.7661772318071227,2.7661772318071227,3.1651143446219288,3.1651143446219288
C[Si](C)(C)C1(C(O)C2CCCCC2)CC1,C[Si](C)(C)C1(C(OC(=O)[C@@H]2[C@H](C(=O)OC(C3CCCCC3)C3([Si](C)(C)C)CC3)[C@@H]3C=C[C@@H]2C3)C2CCCCC2)CC1,ester,Sigma-Aldrich,monoalcohol,226.436,False,,0,19.7049,4.7864,3.8708,0,True,2,True,0,0,2,True,,16.434507705180383,2.6382616449018172,2.9987187341913177,621.2088080765793,16.103497000590124,2.3614451166723436,1.3772850823061653,0.0,8.0,,gc_formula_si,"Si monomer: HSP NOT reliable (Si groups fitted on 51 HSPiP Si compounds, only 7 measured, all much smaller than the monomers)",0.0,16.434507705180383,16.434507705180383,2.6382616449018172,2.6382616449018172,2.9987187341913177,2.9987187341913177
C[Si](C)(C)C[C@]1(Cl)C(=O)[C@@H]2CCC[C@@]21O,C[Si](C)(C)C[C@]1(Cl)C(=O)[C@@H]2CCC[C@@]21OC(=O)[C@@H]1[C@H](C(=O)O[C@]23CCC[C@H]2C(=O)[C@@]3(Cl)C[Si](C)(C)C)[C@@H]2C=C[C@@H]1C2,ester,Sigma-Aldrich,monoalcohol,246.81,False,,0,20.0101,5.66,4.3944,0,True,2,True,2,4,4,True,,16.746926537910582,5.380764515354613,3.889595306312868,583.71481064825,17.580972773567925,4.542528710369945,3.4057031996732388,0.0,8.0,,gc_formula_si,"Si monomer: HSP NOT reliable (Si groups fitted on 51 HSPiP Si compounds, only 7 measured, all much smaller than the monomers)",0.0,16.746926537910582,16.746926537910582,5.380764515354613,5.380764515354613,3.889595306312868,3.889595306312868
CC(C)C(O)(C1CC1)C1([Si](C)(C)C)CC1,CC(C)C(OC(=O)[C@@H]1[C@H](C(=O)OC(C(C)C)(C2CC2)C2([Si](C)(C)C)CC2)[C@@H]2C=C[C@@H]1C2)(C1CC1)C1([Si](C)(C)C)CC1,ester,Sigma-Aldrich,monoalcohol,226.436,False,,0,18.2107,12.3012,6.0406,0,True,2,True,0,0,0,True,,16.096058875212428,2.563874850749857,2.8454177144905626,655.8628816438685,14.426972153667142,1.2562258327412843,0.36737495793704955,0.0,8.0,,gc_formula_si,"Si monomer: HSP NOT reliable (Si groups fitted on 51 HSPiP Si compounds, only 7 measured, all much smaller than the monomers)",0.0,16.096058875212428,16.096058875212428,2.563874850749857,2.563874850749857,2.8454177144905626,2.8454177144905626
C[Si](C)(C)C1(CN)CCC1,C[Si](C)(C)C1(CNC(=O)[C@@H]2[C@H](C(=O)NCC3([Si](C)(C)C)CCC3)[C@@H]3C=C[C@@H]2C3)CCC1,amide,Sigma-Aldrich,monoamine,157.333,False,,0,16.6161,3.9094,6.4083,0,True,2,True,2,0,0,True,,16.4705055201375,6.364122957721833,4.085231936635388,456.83244465614644,16.17541115215487,6.104146780395404,3.182221737790404,0.0,8.0,,gc_formula_si,"Si monomer: HSP NOT reliable (Si groups fitted on 51 HSPiP Si compounds, only 7 measured, all much smaller than the monomers)",0.0,16.4705055201375,16.4705055201375,6.364122957721833,6.364122957721833,4.085231936635388,4.085231936635388
C[Si](C)(C)/C=C\CO,C[Si](C)(C)/C=C\COC(=O)[C@@H]1[C@H](C(=O)OC/C=C\[Si](C)(C)C)[C@@H]2C=C[C@@H]1C2,ester,Sigma-Aldrich,monoalcohol,130.263,False,,0,15.9785,0.5672,6.9992,0,True,2,True,0,2,0,True,,15.78300145328203,3.4972050065183913,4.168364632977312,424.23049163402356,14.971267954787923,4.892914394103386,4.884340121137704,0.0,8.0,,gc_formula_si,"Si monomer: HSP NOT reliable (Si groups fitted on 51 HSPiP Si compounds, only 7 measured, all much smaller than the monomers)",0.0,15.78300145328203,15.78300145328203,3.4972050065183913,3.4972050065183913,4.168364632977312,4.168364632977312
C[Si](C)(C)C1CC1CO,C[Si](C)(C)C1CC1COC(=O)[C@@H]1[C@H](C(=O)OCC2CC2[Si](C)(C)C)[C@@H]2C=C[C@@H]1C2,ester,Sigma-Aldrich,monoalcohol,144.29,False,,0,18.6722,13.0482,5.5412,0,True,2,True,0,0,0,True,,16.058262667353212,3.2368281546739004,3.6264395705637384,442.5410264381171,15.221550286982367,2.850998099162276,2.045592066798241,0.0,8.0,,gc_formula_si,"Si monomer: HSP NOT reliable (Si groups fitted on 51 HSPiP Si compounds, only 7 measured, all much smaller than the monomers)",0.0,16.058262667353212,16.058262667353212,3.2368281546739004,3.2368281546739004,3.6264395705637384,3.6264395705637384
C/C(=C\C[C@@H]1C=CC(=O)C[C@H]1CCCCO)[Si](C)(C)C,C/C(=C\C[C@@H]1C=CC(=O)C[C@H]1CCCCOC(=O)[C@@H]1[C@H](C(=O)OCCCC[C@@H]2CC(=O)C=C[C@H]2C/C=C(\C)[Si](C)(C)C)[C@@H]2C=C[C@@H]1C2)[Si](C)(C)C,ester,Sigma-Aldrich,monoalcohol,294.511,False,,0,16.1912,1.565,4.9512,2,True,2,True,0,6,6,True,,16.762395589972883,4.709839987501368,3.7567014255543505,735.6317354737544,17.64386786580912,5.787084253592278,5.828392168680842,0.0,10.0,,gc_formula_si,"Si monomer: HSP NOT reliable (Si groups fitted on 51 HSPiP Si compounds, only 7 measured, all much smaller than the monomers)",0.0,16.762395589972883,16.762395589972883,4.709839987501368,4.709839987501368,3.7567014255543505,3.7567014255543505
C=C(CCO)[Si](C)(C)C,C=C(CCOC(=O)[C@@H]1[C@H](C(=O)OCCC(=C)[Si](C)(C)C)[C@@H]2C=C[C@@H]1C2)[Si](C)(C)C,ester,Sigma-Aldrich,monoalcohol,144.29,False,,0,15.0035,1.9868,6.0262,0,True,2,True,0,2,0,True,,15.538326066310004,3.267473657281698,3.9318487414821406,461.1552097443464,13.757787305345365,4.797109185071769,4.499636361025301,0.0,8.0,,gc_formula_si,"Si monomer: HSP NOT reliable (Si groups fitted on 51 HSPiP Si compounds, only 7 measured, all much smaller than the monomers)",0.0,15.538326066310004,15.538326066310004,3.267473657281698,3.267473657281698,3.9318487414821406,3.9318487414821406
CC(C)(CO)CO[Si](C)(C)C(C)(C)C,CC(C)(COC(=O)[C@@H]1[C@H](C(=O)OCC(C)(C)CO[Si](C)(C)C(C)(C)C)[C@@H]2C=C[C@@H]1C2)CO[Si](C)(C)C(C)(C)C,ester,Sigma-Aldrich,monoalcohol,218.413,False,,0,14.1003,4.2344,7.611,0,True,2,True,0,0,0,True,,15.293321831038444,2.9580831706520656,2.775944619770372,620.4317660730144,11.34481980758135,3.268428973216891,1.9463952701809124,0.0,8.0,,gc_formula_si,"Si monomer: HSP NOT reliable (Si groups fitted on 51 HSPiP Si compounds, only 7 measured, all much smaller than the monomers)",0.0,15.293321831038444,15.293321831038444,2.9580831706520656,2.9580831706520656,2.775944619770372,2.775944619770372
C[Si](C)(C)C1(C(O)c2ccccc2)CC1(c1ccccc1)c1ccccc1,C[Si](C)(C)C1(C(OC(=O)[C@@H]2[C@H](C(=O)OC(c3ccccc3)C3([Si](C)(C)C)CC3(c3ccccc3)c3ccccc3)[C@@H]3C=C[C@@H]2C3)c2ccccc2)CC1(c1ccccc1)c1ccccc1,ester,Sigma-Aldrich,monoalcohol,372.584,False,,0,27.5423,6.011,8.0018,0,True,2,True,0,0,0,True,,18.2771151549583,2.5162224882248934,3.1317049495928044,846.9091161779064,23.599364022303853,2.917603240944148,4.281039788244693,0.0,8.0,,gc_formula_si,"Si monomer: HSP NOT reliable (Si groups fitted on 51 HSPiP Si compounds, only 7 measured, all much smaller than the monomers)",0.0,18.2771151549583,18.2771151549583,2.5162224882248934,2.5162224882248934,3.1317049495928044,3.1317049495928044
C[Si](C)(C)C#CCC1(O)CCCCC1,C[Si](C)(C)C#CCC1(OC(=O)[C@@H]2[C@H](C(=O)OC3(CC#C[Si](C)(C)C)CCCCC3)[C@@H]3C=C[C@@H]2C3)CCCCC1,ester,Sigma-Aldrich,monoalcohol,210.393,False,,0,15.0927,-1.8348,2.5618,0,True,2,True,0,2,4,True,,15.946063615930752,3.455382257841294,3.8668221831925225,617.6833466675669,14.088499282166119,5.286757383960418,4.785719333646355,0.0,8.0,,gc_formula_si,"Si monomer: HSP NOT reliable (Si groups fitted on 51 HSPiP Si compounds, only 7 measured, all much smaller than the monomers)",0.0,15.946063615930752,15.946063615930752,3.455382257841294,3.455382257841294,3.8668221831925225,3.8668221831925225
C=C=C(C1(O)CCCCC1)[Si](C)(C)C,C=C=C(C1(OC(=O)[C@@H]2[C@H](C(=O)OC3(C(=C=C)[Si](C)(C)C)CCCCC3)[C@@H]3C=C[C@@H]2C3)CCCCC1)[Si](C)(C)C,ester,Sigma-Aldrich,monoalcohol,210.393,False,,0,15.9143,0.9682,4.058,0,True,2,True,0,2,2,True,,15.857518339472445,3.0965048273034648,3.876199060483754,620.8679446529999,13.817249195737098,5.836217356464367,4.232740810009564,0.0,8.0,,gc_formula_si,"Si monomer: HSP NOT reliable (Si groups fitted on 51 HSPiP Si compounds, only 7 measured, all much smaller than the monomers)",0.0,15.857518339472445,15.857518339472445,3.0965048273034648,3.0965048273034648,3.876199060483754,3.876199060483754
C=C=C(C(C)(C)O)[Si](C)(C)C,C=C=C(C(C)(C)OC(=O)[C@@H]1[C@H](C(=O)OC(C)(C)C(=C=C)[Si](C)(C)C)[C@@H]2C=C[C@@H]1C2)[Si](C)(C)C,ester,Sigma-Aldrich,monoalcohol,170.328,False,,0,11.3431,1.4094,6.415,0,True,2,True,0,2,0,True,,15.13201274702822,3.284085323235808,4.078293608073714,566.4483434368511,10.926869896022565,5.778528241354005,4.206202075236004,0.0,8.0,,gc_formula_si,"Si monomer: HSP NOT reliable (Si groups fitted on 51 HSPiP Si compounds, only 7 measured, all much smaller than the monomers)",0.0,15.13201274702822,15.13201274702822,3.284085323235808,3.284085323235808,4.078293608073714,4.078293608073714
C=C=C(C(O)(CCC)CCC)[Si](C)(C)C,C=C=C(C(CCC)(CCC)OC(=O)[C@@H]1[C@H](C(=O)OC(CCC)(CCC)C(=C=C)[Si](C)(C)C)[C@@H]2C=C[C@@H]1C2)[Si](C)(C)C,ester,Sigma-Aldrich,monoalcohol,226.436,False,,0,11.5301,0.3206,5.4862,0,True,2,True,0,2,0,True,,15.387009970320882,2.9137382724526675,3.65951096292158,700.4073906463553,10.823947722955985,5.367518708305249,3.8776973743208494,0.0,8.0,,gc_formula_si,"Si monomer: HSP NOT reliable (Si groups fitted on 51 HSPiP Si compounds, only 7 measured, all much smaller than the monomers)",0.0,15.387009970320882,15.387009970320882,2.9137382724526675,2.9137382724526675,3.65951096292158,3.65951096292158
C[Si](C)(C)C1(CO)CC1,C[Si](C)(C)C1(COC(=O)[C@@H]2[C@H](C(=O)OCC3([Si](C)(C)C)CC3)[C@@H]3C=C[C@@H]2C3)CC1,ester,Sigma-Aldrich,monoalcohol,144.29,False,,0,18.9012,14.0494,4.7546,0,True,2,True,0,0,0,True,,16.11472688310537,3.17546333500807,3.5692971812544596,436.07940207874645,15.387804872941258,3.19436256278935,2.2642634938107116,0.0,8.0,,gc_formula_si,"Si monomer: HSP NOT reliable (Si groups fitted on 51 HSPiP Si compounds, only 7 measured, all much smaller than the monomers)",0.0,16.11472688310537,16.11472688310537,3.17546333500807,3.17546333500807,3.5692971812544596,3.5692971812544596
C[Si](C)(C)C1CCCCC1O,C[Si](C)(C)C1CCCCC1OC(=O)[C@@H]1[C@H](C(=O)OC2CCCCC2[Si](C)(C)C)[C@@H]2C=C[C@@H]1C2,ester,Sigma-Aldrich,monoalcohol,172.344,False,,0,17.0517,0.005,4.5674,0,True,2,True,0,0,2,True,,15.9958018169128,3.0557472369185525,3.5748479144416856,519.023126559775,15.225089968164593,3.4091000591137157,2.4438882151606705,0.0,8.0,,gc_formula_si,"Si monomer: HSP NOT reliable (Si groups fitted on 51 HSPiP Si compounds, only 7 measured, all much smaller than the monomers)",0.0,15.9958018169128,15.9958018169128,3.0557472369185525,3.0557472369185525,3.5748479144416856,3.5748479144416856
CCCCCC(C)(O)[Si](C)(C)C,CCCCCC(C)(OC(=O)[C@@H]1[C@H](C(=O)OC(C)(CCCCC)[Si](C)(C)C)[C@@H]2C=C[C@@H]1C2)[Si](C)(C)C,ester,Sigma-Aldrich,monoalcohol,188.387,False,,0,11.3597,-2.2102,5.4862,0,True,2,True,0,0,0,True,,15.35334552305205,2.8848933861967643,3.419582149749374,616.3716652321871,12.39823342027453,2.9457918100301654,2.1260994368849064,0.0,8.0,,gc_formula_si,"Si monomer: HSP NOT reliable (Si groups fitted on 51 HSPiP Si compounds, only 7 measured, all much smaller than the monomers)",0.0,15.35334552305205,15.35334552305205,2.8848933861967643,2.8848933861967643,3.419582149749374,3.419582149749374
C[Si](C)(C)C#CCC(O)c1ccccc1,C[Si](C)(C)C#CCC(OC(=O)[C@@H]1[C@H](C(=O)OC(CC#C[Si](C)(C)C)c2ccccc2)[C@@H]2C=C[C@@H]1C2)c1ccccc1,ester,Sigma-Aldrich,monoalcohol,218.372,False,,0,19.6165,-0.1318,5.2896,0,True,2,True,0,0,0,True,,16.769683569799952,3.6407421862447307,4.128028043318542,601.4623442755781,17.598709751242325,6.435471470812298,6.602397667659285,0.0,8.0,,gc_formula_si,"Si monomer: HSP NOT reliable (Si groups fitted on 51 HSPiP Si compounds, only 7 measured, all much smaller than the monomers)",0.0,16.769683569799952,16.769683569799952,3.6407421862447307,3.6407421862447307,4.128028043318542,4.128028043318542
C[Si](C)(C)C#CCC(O)C1CCCCC1,C[Si](C)(C)C#CCC(OC(=O)[C@@H]1[C@H](C(=O)OC(CC#C[Si](C)(C)C)C2CCCCC2)[C@@H]2C=C[C@@H]1C2)C1CCCCC1,ester,Sigma-Aldrich,monoalcohol,224.42,False,,0,17.2423,-0.5394,3.4008,0,True,2,True,0,0,2,True,,16.110677833477844,3.389906456439786,3.7473870156366833,635.6219090011964,14.92513083497037,5.805668353802338,5.091214528738935,0.0,8.0,,gc_formula_si,"Si monomer: HSP NOT reliable (Si groups fitted on 51 HSPiP Si compounds, only 7 measured, all much smaller than the monomers)",0.0,16.110677833477844,16.110677833477844,3.389906456439786,3.389906456439786,3.7473870156366833,3.7473870156366833
CCCC(O)(CC#C[Si](C)(C)C)CCC,CCCC(CC#C[Si](C)(C)C)(CCC)OC(=O)[C@@H]1[C@H](C(=O)OC(CC#C[Si](C)(C)C)(CCC)CCC)[C@@H]2C=C[C@@H]1C2,ester,Sigma-Aldrich,monoalcohol,226.436,False,,0,11.6497,-2.4824,4.5518,0,True,2,True,0,0,0,True,,15.518020290532167,3.302382470360279,3.6874550082667916,699.4806858712323,12.014968718274911,5.4451124879809765,4.85555192569196,0.0,8.0,,gc_formula_si,"Si monomer: HSP NOT reliable (Si groups fitted on 51 HSPiP Si compounds, only 7 measured, all much smaller than the monomers)",0.0,15.518020290532167,15.518020290532167,3.302382470360279,3.302382470360279,3.6874550082667916,3.6874550082667916
C=CCCC(O)C(C)(C)CC#C[Si](C)(C)C,C=CCCC(OC(=O)[C@@H]1[C@H](C(=O)OC(CCC=C)C(C)(C)CC#C[Si](C)(C)C)[C@@H]2C=C[C@@H]1C2)C(C)(C)CC#C[Si](C)(C)C,ester,Sigma-Aldrich,monoalcohol,238.447,False,,0,14.7617,-1.8996,5.1482,4,True,2,True,0,0,0,True,,15.57724489421077,3.2426658512628324,3.5872738933816852,704.5444292264849,11.598258458735586,6.017371389621151,6.0989928894822665,0.0,12.0,,gc_formula_si,"Si monomer: HSP NOT reliable (Si groups fitted on 51 HSPiP Si compounds, only 7 measured, all much smaller than the monomers)",0.0,15.57724489421077,15.57724489421077,3.2426658512628324,3.2426658512628324,3.5872738933816852,3.5872738933816852
CC1(CCC(O)C(C)(C)CC#C[Si](C)(C)C)OCCO1,CC1(CCC(OC(=O)[C@@H]2[C@H](C(=O)OC(CCC3(C)OCCO3)C(C)(C)CC#C[Si](C)(C)C)[C@@H]3C=C[C@@H]2C3)C(C)(C)CC#C[Si](C)(C)C)OCCO1,ester,Sigma-Aldrich,monoalcohol,298.499,False,,0,17.3718,3.2512,5.0524,0,True,2,True,0,2,2,True,,16.04302121643145,4.243105975527401,4.324134186005894,780.5212599573217,14.315084604782273,8.774297342111122,7.594314841647134,0.0,8.0,,gc_formula_si,"Si monomer: HSP NOT reliable (Si groups fitted on 51 HSPiP Si compounds, only 7 measured, all much smaller than the monomers)",0.0,16.04302121643145,16.04302121643145,4.243105975527401,4.243105975527401,4.324134186005894,4.324134186005894
C[Si](C)(C)C1(CCO)CC1,C[Si](C)(C)C1(CCOC(=O)[C@@H]2[C@H](C(=O)OCCC3([Si](C)(C)C)CC3)[C@@H]3C=C[C@@H]2C3)CC1,ester,Sigma-Aldrich,monoalcohol,158.317,False,,0,18.2278,13.4212,3.9606,0,True,2,True,0,2,2,True,,16.064626128365703,2.9607142828278126,3.3744766243623645,467.31127067081235,14.813741966144326,2.464556427347484,1.757261290847604,0.0,8.0,,gc_formula_si,"Si monomer: HSP NOT reliable (Si groups fitted on 51 HSPiP Si compounds, only 7 measured, all much smaller than the monomers)",0.0,16.064626128365703,16.064626128365703,2.9607142828278126,2.9607142828278126,3.3744766243623645,3.3744766243623645
C=C(C(O)C1CC=CCC1)[Si](C)(C)C,C=C(C(OC(=O)[C@@H]1[C@H](C(=O)OC(C(=C)[Si](C)(C)C)C2CC=CCC2)[C@@H]2C=C[C@@H]1C2)C1CC=CCC1)[Si](C)(C)C,ester,Sigma-Aldrich,monoalcohol,210.393,False,,0,16.8233,-0.4162,7.3552,0,True,2,True,0,4,2,True,,16.115169083809615,2.9590968716772577,3.7994659737919845,605.4156453326115,15.313333981553455,5.297179355167423,5.517714591604113,0.0,8.0,,gc_formula_si,"Si monomer: HSP NOT reliable (Si groups fitted on 51 HSPiP Si compounds, only 7 measured, all much smaller than the monomers)",0.0,16.115169083809615,16.115169083809615,2.9590968716772577,2.9590968716772577,3.7994659737919845,3.7994659737919845
C[Si](C)(C)/C=C/C1(O)CCCCC1,C[Si](C)(C)/C=C/C1(OC(=O)[C@@H]2[C@H](C(=O)OC3(/C=C/[Si](C)(C)C)CCCCC3)[C@@H]3C=C[C@@H]2C3)CCCCC1,ester,Sigma-Aldrich,monoalcohol,198.382,False,,0,16.0935,-3.6472,6.3906,0,True,2,True,0,4,2,True,,16.11351602338147,3.0346264994401335,3.7452581984831985,594.6446747335883,15.63468781626975,4.180489388027656,3.997648970760477,0.0,8.0,,gc_formula_si,"Si monomer: HSP NOT reliable (Si groups fitted on 51 HSPiP Si compounds, only 7 measured, all much smaller than the monomers)",0.0,16.11351602338147,16.11351602338147,3.0346264994401335,3.0346264994401335,3.7452581984831985,3.7452581984831985
COC(=O)C12C3CC(O)(C/C=C/[Si](C)(C)C)C4C3C3C(CC(O)(C/C=C/[Si](C)(C)C)C31)C42C(=O)OC,COC(=O)C12C3CC(C/C=C/[Si](C)(C)C)(OC(=O)[C@@H]4[C@H](C(=O)OC5(C/C=C/[Si](C)(C)C)CC6C7C8C9CC(O)(C/C=C/[Si](C)(C)C)C8C6(C(=O)OC)C9(C(=O)OC)C75)[C@@H]5C=C[C@@H]4C5)C4C3C3C(CC(O)(C/C=C/[Si](C)(C)C)C31)C42C(=O)OC,ester,Sigma-Aldrich,diol,532.826,False,,0,19.6775,-3.8428,13.5797,0,True,4,True,0,8,4,True,,16.7992616531511,4.060154527752799,4.750912101209115,1112.3528556259469,17.285521401863452,11.383691261066373,8.245513590741826,0.0,16.0,,gc_formula_si,"Si monomer: HSP NOT reliable (Si groups fitted on 51 HSPiP Si compounds, only 7 measured, all much smaller than the monomers)",0.0,16.7992616531511,16.7992616531511,4.060154527752799,4.060154527752799,4.750912101209115,4.750912101209115
CC[Si](/C=C/CCCO)(CC)CC,CC[Si](/C=C/CCCOC(=O)[C@@H]1[C@H](C(=O)OCCC/C=C/[Si](CC)(CC)CC)[C@@H]2C=C[C@@H]1C2)(CC)CC,ester,Sigma-Aldrich,monoalcohol,200.398,False,,0,16.1234,-0.7938,5.8382,0,True,2,True,0,2,0,True,,15.965312350046615,2.6963662692569477,3.5408131505113625,591.8173186906149,15.601793856536133,2.261958456855604,4.888425660913762,0.0,2.0,,gc_formula_si,"Si monomer: HSP NOT reliable (Si groups fitted on 51 HSPiP Si compounds, only 7 measured, all much smaller than the monomers)",0.0,15.965312350046615,15.965312350046615,2.6963662692569477,2.6963662692569477,3.5408131505113625,3.5408131505113625
CCC=C(C(O)CC)[Si](C)(C)C,CCC=C(C(CC)OC(=O)[C@@H]1[C@H](C(=O)OC(CC)C(=CCC)[Si](C)(C)C)[C@@H]2C=C[C@@H]1C2)[Si](C)(C)C,ester,Sigma-Aldrich,monoalcohol,186.371,False,,0,11.8238,-0.8592,7.39,0,True,2,True,0,4,0,True,,15.755524443853034,2.957049274400331,3.7446735065036325,579.3082835876957,14.04640349954768,3.425502764977991,4.069648503208057,0.0,8.0,,gc_formula_si,"Si monomer: HSP NOT reliable (Si groups fitted on 51 HSPiP Si compounds, only 7 measured, all much smaller than the monomers)",0.0,15.755524443853034,15.755524443853034,2.957049274400331,2.957049274400331,3.7446735065036325,3.7446735065036325
C[Si](C)(C)C1=CCCCCCCCCCC1O,C[Si](C)(C)C1=CCCCCCCCCCC1OC(=O)[C@@H]1[C@H](C(=O)OC2CCCCCCCCCC=C2[Si](C)(C)C)[C@@H]2C=C[C@@H]1C2,ester,Sigma-Aldrich,monoalcohol,254.49,False,,0,17.2651,1.8238,3.0678,0,True,2,True,0,0,0,True,,16.196883727605986,2.4806157034867797,3.316895125476748,701.3177533265192,15.471990324675545,3.9938132765042003,4.692339198177593,0.0,8.0,,gc_formula_si,"Si monomer: HSP NOT reliable (Si groups fitted on 51 HSPiP Si compounds, only 7 measured, all much smaller than the monomers)",0.0,16.196883727605986,16.196883727605986,2.4806157034867797,2.4806157034867797,3.316895125476748,3.316895125476748
C[Si](C)(C)/C1=C\CCCCCCCCCC1O,C[Si](C)(C)/C1=C\CCCCCCCCCC1OC(=O)[C@@H]1[C@H](C(=O)OC2CCCCCCCCC/C=C/2[Si](C)(C)C)[C@@H]2C=C[C@@H]1C2,ester,Sigma-Aldrich,monoalcohol,254.49,False,,0,17.2651,1.8238,3.0678,0,True,2,True,0,0,0,True,,16.196883727605986,2.4806157034867797,3.316895125476748,701.3177533265192,15.471990324675545,3.9938132765042003,4.692339198177593,0.0,8.0,,gc_formula_si,"Si monomer: HSP NOT reliable (Si groups fitted on 51 HSPiP Si compounds, only 7 measured, all much smaller than the monomers)",0.0,16.196883727605986,16.196883727605986,2.4806157034867797,2.4806157034867797,3.316895125476748,3.316895125476748
CC(C)(C)[C@H]1CC[C@H]([Si](C)(C)C)[C@H](O)C1,CC(C)(C)[C@H]1CC[C@H]([Si](C)(C)C)[C@H](OC(=O)[C@@H]2[C@H](C(=O)O[C@@H]3C[C@@H](C(C)(C)C)CC[C@@H]3[Si](C)(C)C)[C@@H]3C=C[C@@H]2C3)C1,ester,Sigma-Aldrich,monoalcohol,228.452,False,,0,15.3995,-2.6916,6.8708,0,True,2,True,0,0,2,True,,15.711014015128034,2.4750374835803606,2.797634394703802,661.1610844582269,13.08288294973489,1.959674977510941,1.374468830240817,0.0,8.0,,gc_formula_si,"Si monomer: HSP NOT reliable (Si groups fitted on 51 HSPiP Si compounds, only 7 measured, all much smaller than the monomers)",0.0,15.711014015128034,15.711014015128034,2.4750374835803606,2.4750374835803606,2.797634394703802,2.797634394703802
CC(C)(C)C1CC=C([Si](C)(C)C)[C@@H](O)C1,CC(C)(C)C1CC=C([Si](C)(C)C)[C@@H](OC(=O)[C@@H]2[C@H](C(=O)O[C@H]3CC(C(C)(C)C)CC=C3[Si](C)(C)C)[C@@H]3C=C[C@@H]2C3)C1,ester,Sigma-Aldrich,monoalcohol,226.436,False,,0,15.018,-1.1626,6.7644,0,True,2,True,0,0,2,True,,15.919424915619297,2.5602433071643405,3.280515570028834,644.5170682733482,14.189759917421265,2.9498897470062544,3.7587101619116075,0.0,8.0,,gc_formula_si,"Si monomer: HSP NOT reliable (Si groups fitted on 51 HSPiP Si compounds, only 7 measured, all much smaller than the monomers)",0.0,15.919424915619297,15.919424915619297,2.5602433071643405,2.5602433071643405,3.280515570028834,3.280515570028834
CCCC(C(O)CC)[Si](C)(C)C,CCCC(C(CC)OC(=O)[C@@H]1[C@H](C(=O)OC(CC)C(CCC)[Si](C)(C)C)[C@@H]2C=C[C@@H]1C2)[Si](C)(C)C,ester,Sigma-Aldrich,monoalcohol,188.387,False,,0,13.2383,-0.6426,5.9956,0,True,2,True,0,0,0,True,,15.429783184038254,2.8435078268424565,3.341732840355238,598.5625725531304,12.721143246215634,2.940401410954598,2.0888447794719562,0.0,8.0,,gc_formula_si,"Si monomer: HSP NOT reliable (Si groups fitted on 51 HSPiP Si compounds, only 7 measured, all much smaller than the monomers)",0.0,15.429783184038254,15.429783184038254,2.8435078268424565,2.8435078268424565,3.341732840355238,3.341732840355238
C[Si](C)(C)C1CCCC/C=C(/c2ccccc2)C1O,C[Si](C)(C)C1CCCC/C=C(/c2ccccc2)C1OC(=O)[C@@H]1[C@H](C(=O)OC2/C(c3ccccc3)=C\CCCCC2[Si](C)(C)C)[C@@H]2C=C[C@@H]1C2,ester,Sigma-Aldrich,monoalcohol,274.48,False,,0,21.2082,2.8992,5.511,0,True,2,True,0,0,0,True,,17.05560111743841,2.613032615142727,3.5013168574429594,700.5194547101731,18.841940540639044,4.196318081370342,5.607793969095601,0.0,8.0,,gc_formula_si,"Si monomer: HSP NOT reliable (Si groups fitted on 51 HSPiP Si compounds, only 7 measured, all much smaller than the monomers)",0.0,17.05560111743841,17.05560111743841,2.613032615142727,2.613032615142727,3.5013168574429594,3.5013168574429594
CC(C)[SiH](c1ccc(CO)cc1)C(C)C,CC(C)[SiH](c1ccc(COC(=O)[C@@H]2[C@H](C(=O)OCc3ccc([SiH](C(C)C)C(C)C)cc3)[C@@H]3C=C[C@@H]2C3)cc1)C(C)C,ester,Sigma-Aldrich,monoalcohol,222.404,False,,0,19.8125,4.2386,7.035,0,True,2,True,0,0,0,True,,16.873480184617538,2.7076201537575595,3.397668208856512,604.814243853198,16.40475753203693,3.3731268372240213,3.942982921390592,2.0,2.0,,gc_formula_si,"Si monomer: HSP NOT reliable (Si groups fitted on 51 HSPiP Si compounds, only 7 measured, all much smaller than the monomers)",2.0,16.873480184617538,16.873480184617538,2.7076201537575595,2.7076201537575595,3.397668208856512,3.397668208856512
CC(C)(O)C#C[Si](C)(C)C,CC(C)(C#C[Si](C)(C)C)OC(=O)[C@@H]1[C@H](C(=O)OC(C)(C)C#C[Si](C)(C)C)[C@@H]2C=C[C@@H]1C2,ester,Sigma-Aldrich,monoalcohol,156.301,False,,0,11.4186,-1.1214,5.7128,0,True,2,True,0,0,0,True,,15.222554377357497,3.836778622510895,4.239639127154373,532.0318768593521,12.125876078780006,5.958874404291922,5.266182801835903,0.0,8.0,,gc_formula_si,"Si monomer: HSP NOT reliable (Si groups fitted on 51 HSPiP Si compounds, only 7 measured, all much smaller than the monomers)",0.0,15.222554377357497,15.222554377357497,3.836778622510895,3.836778622510895,4.239639127154373,4.239639127154373
C[Si](C)(C)CC(Nc1ccccc1)c1ccccc1,C[Si](C)(C)CC(c1ccccc1)N(C(=O)[C@@H]1[C@H](C(=O)N(c2ccccc2)C(C[Si](C)(C)C)c2ccccc2)[C@@H]2C=C[C@@H]1C2)c1ccccc1,amide,Sigma-Aldrich,monoamine,269.464,False,,0,21.478,-3.374,6.4194,2,True,2,True,0,0,0,True,,17.95945038422883,4.423437036874361,2.9862699907565746,663.4040797209993,21.165652589602946,2.5401162633861465,4.393909715041235,0.0,10.0,,gc_formula_si,"Si monomer: HSP NOT reliable (Si groups fitted on 51 HSPiP Si compounds, only 7 measured, all much smaller than the monomers)",0.0,17.95945038422883,17.95945038422883,4.423437036874361,4.423437036874361,2.9862699907565746,2.9862699907565746
C[Si](C)(C)CC(O)Cc1ccccc1,C[Si](C)(C)CC(Cc1ccccc1)OC(=O)[C@@H]1[C@H](C(=O)OC(Cc2ccccc2)C[Si](C)(C)C)[C@@H]2C=C[C@@H]1C2,ester,Sigma-Aldrich,monoalcohol,208.377,False,,0,19.3841,-1.0522,4.5782,0,True,2,True,0,0,0,True,,16.655879438771393,3.1014874794646614,3.597602434992973,584.241175103599,17.637690100063285,3.963690115955047,4.036918814396206,0.0,8.0,,gc_formula_si,"Si monomer: HSP NOT reliable (Si groups fitted on 51 HSPiP Si compounds, only 7 measured, all much smaller than the monomers)",0.0,16.655879438771393,16.655879438771393,3.1014874794646614,3.1014874794646614,3.597602434992973,3.597602434992973
C[Si](C)(C)NCCCCO[Si](C)(C)C,C[Si](C)(C)OCCCCN(C(=O)[C@@H]1[C@H](C(=O)N(CCCCO[Si](C)(C)C)[Si](C)(C)C)[C@@H]2C=C[C@@H]1C2)[Si](C)(C)C,amide,Sigma-Aldrich,monoamine,233.504,False,,0,15.1614,3.2078,5.4618,0,True,4,True,0,0,0,True,,14.976400715908566,4.532491077440515,2.799707586307348,675.9381027959106,10.696576368811701,4.871075195347634,4.501058980810609,0.0,20.0,,gc_formula_si,"Si monomer: HSP NOT reliable (Si groups fitted on 51 HSPiP Si compounds, only 7 measured, all much smaller than the monomers)",0.0,14.976400715908566,14.976400715908566,4.532491077440515,4.532491077440515,2.799707586307348,2.799707586307348
OCc1ccc([Si](c2ccccc2)(c2ccccc2)c2ccccc2)cc1,O=C(OCc1ccc([Si](c2ccccc2)(c2ccccc2)c2ccccc2)cc1)[C@@H]1[C@H](C(=O)OCc2ccc([Si](c3ccccc3)(c3ccccc3)c3ccccc3)cc2)[C@@H]2C=C[C@@H]1C2,ester,Sigma-Aldrich,monoalcohol,366.536,False,,0,29.6658,0.3966,6.8264,0,True,2,True,0,0,0,True,,19.235825426058746,2.5589659452217193,3.645393769587794,776.4803584975234,26.024867285100438,2.7597813538788327,7.400772592068839,0.0,2.0,,gc_formula_si,"Si monomer: HSP NOT reliable (Si groups fitted on 51 HSPiP Si compounds, only 7 measured, all much smaller than the monomers)",0.0,19.235825426058746,19.235825426058746,2.5589659452217193,2.5589659452217193,3.645393769587794,3.645393769587794
Oc1ccc([Si](c2ccccc2)(c2ccccc2)c2ccccc2)cc1,O=C(Oc1ccc([Si](c2ccccc2)(c2ccccc2)c2ccccc2)cc1)[C@@H]1[C@H](C(=O)Oc2ccc([Si](c3ccccc3)(c3ccccc3)c3ccccc3)cc2)[C@@H]2C=C[C@@H]1C2,ester,Sigma-Aldrich,monoalcohol,352.509,False,,0,29.0014,0.0476,7.1744,0,True,2,True,0,0,0,True,,19.04235040710567,2.7235296420023523,3.7387174471214806,769.9660545461686,25.893347182996074,2.479907157945919,7.255661517004002,0.0,2.0,,gc_formula_si,"Si monomer: HSP NOT reliable (Si groups fitted on 51 HSPiP Si compounds, only 7 measured, all much smaller than the monomers)",0.0,19.04235040710567,19.04235040710567,2.7235296420023523,2.7235296420023523,3.7387174471214806,3.7387174471214806
c1ccc(NC(c2ccccc2)(c2ccccc2)[Si](c2ccccc2)(c2ccccc2)c2ccccc2)cc1,O=C([C@@H]1[C@H](C(=O)N(c2ccccc2)C(c2ccccc2)(c2ccccc2)[Si](c2ccccc2)(c2ccccc2)c2ccccc2)[C@@H]2C=C[C@@H]1C2)N(c1ccccc1)C(c1ccccc1)(c1ccccc1)[Si](c1ccccc1)(c1ccccc1)c1ccccc1,amide,Sigma-Aldrich,monoamine,517.748,False,,0,32.4819,-6.457,8.6004,2,True,2,True,0,0,0,True,,19.719886462891797,3.617035715330968,3.053365296622374,1037.1172805262186,29.923283842573692,1.2248870421692364,8.760192455907312,0.0,4.0,,gc_formula_si,"Si monomer: HSP NOT reliable (Si groups fitted on 51 HSPiP Si compounds, only 7 measured, all much smaller than the monomers)",0.0,19.719886462891797,19.719886462891797,3.617035715330968,3.617035715330968,3.053365296622374,3.053365296622374
CC(O)([Si](c1ccccc1)(c1ccccc1)c1ccccc1)[Si](c1ccccc1)(c1ccccc1)c1ccccc1,CC(OC(=O)[C@@H]1[C@H](C(=O)OC(C)([Si](c2ccccc2)(c2ccccc2)c2ccccc2)[Si](c2ccccc2)(c2ccccc2)c2ccccc2)[C@@H]2C=C[C@@H]1C2)([Si](c1ccccc1)(c1ccccc1)c1ccccc1)[Si](c1ccccc1)(c1ccccc1)c1ccccc1,ester,Sigma-Aldrich,monoalcohol,562.861,False,,0,32.6656,-4.9218,10.053,0,True,4,True,0,0,0,True,,18.740819457884157,2.242002049860911,3.3218036481541318,1191.7285151287178,28.86650716694696,0.6884398972866363,8.872776215413767,0.0,4.0,,gc_formula_si,"Si monomer: HSP NOT reliable (Si groups fitted on 51 HSPiP Si compounds, only 7 measured, all much smaller than the monomers)",0.0,18.740819457884157,18.740819457884157,2.242002049860911,2.242002049860911,3.3218036481541318,3.3218036481541318
C[Si](C)(CO)c1ccccc1,C[Si](C)(COC(=O)[C@@H]1[C@H](C(=O)OC[Si](C)(C)c2ccccc2)[C@@H]2C=C[C@@H]1C2)c1ccccc1,ester,Sigma-Aldrich,monoalcohol,166.296,False,,0,20.8884,4.395,5.626,0,True,2,True,0,0,0,True,,17.118768819752304,3.3067676712559466,4.074331362619173,460.88476182225406,18.6400113977154,3.6216513419940135,4.4082521409770825,0.0,6.0,,gc_formula_si,"Si monomer: HSP NOT reliable (Si groups fitted on 51 HSPiP Si compounds, only 7 measured, all much smaller than the monomers)",0.0,17.118768819752304,17.118768819752304,3.3067676712559466,3.3067676712559466,4.074331362619173,4.074331362619173
CC(O)[Si](c1ccccc1)(c1ccccc1)c1ccccc1,CC(OC(=O)[C@@H]1[C@H](C(=O)OC(C)[Si](c2ccccc2)(c2ccccc2)c2ccccc2)[C@@H]2C=C[C@@H]1C2)[Si](c1ccccc1)(c1ccccc1)c1ccccc1,ester,Sigma-Aldrich,monoalcohol,304.465,False,,0,26.52,-0.1788,7.038,0,True,2,True,0,0,0,True,,18.50481666798447,2.809423266168258,3.78334803980824,705.4018885673082,24.00034526368732,2.195191892600168,6.330207363240208,0.0,2.0,,gc_formula_si,"Si monomer: HSP NOT reliable (Si groups fitted on 51 HSPiP Si compounds, only 7 measured, all much smaller than the monomers)",0.0,18.50481666798447,18.50481666798447,2.809423266168258,2.809423266168258,3.78334803980824,3.78334803980824
CC(N)[Si](c1ccccc1)(c1ccccc1)c1ccccc1,CC(NC(=O)[C@@H]1[C@H](C(=O)NC(C)[Si](c2ccccc2)(c2ccccc2)c2ccccc2)[C@@H]2C=C[C@@H]1C2)[Si](c1ccccc1)(c1ccccc1)c1ccccc1,amide,Sigma-Aldrich,monoamine,303.481,False,,0,25.9543,-1.84,6.4606,0,True,2,True,2,0,0,True,,18.937806813964606,5.38703896067931,4.17769731179156,685.1625206880598,24.722621156275412,5.586413857019636,6.410776580909818,0.0,2.0,,gc_formula_si,"Si monomer: HSP NOT reliable (Si groups fitted on 51 HSPiP Si compounds, only 7 measured, all much smaller than the monomers)",0.0,18.937806813964606,18.937806813964606,5.38703896067931,5.38703896067931,4.17769731179156,4.17769731179156
CCCCCCCCCCCCCCCC(O)(CC)[Si](c1ccccc1)(c1ccccc1)c1ccccc1,CCCCCCCCCCCCCCCC(CC)(OC(=O)[C@@H]1[C@H](C(=O)OC(CC)(CCCCCCCCCCCCCCC)[Si](c2ccccc2)(c2ccccc2)c2ccccc2)[C@@H]2C=C[C@@H]1C2)[Si](c1ccccc1)(c1ccccc1)c1ccccc1,ester,Sigma-Aldrich,monoalcohol,528.897,False,,0,25.7618,-5.6832,4.153,0,True,2,True,0,0,0,True,,17.510591628584354,2.0201594921487427,2.8489628562533316,1265.2628834321313,23.438883632207922,0.2626742542225262,4.7012465779901955,0.0,2.0,,gc_formula_si,"Si monomer: HSP NOT reliable (Si groups fitted on 51 HSPiP Si compounds, only 7 measured, all much smaller than the monomers)",0.0,17.510591628584354,17.510591628584354,2.0201594921487427,2.0201594921487427,2.8489628562533316,2.8489628562533316
C[Si](C)(C)CCCCO,C[Si](C)(C)CCCCOC(=O)[C@@H]1[C@H](C(=O)OCCCC[Si](C)(C)C)[C@@H]2C=C[C@@H]1C2,ester,Sigma-Aldrich,monoalcohol,146.306,False,,0,16.1663,5.779,4.5224,0,True,2,True,0,0,0,True,,15.636048585655288,3.1886490736707596,3.744758707403813,467.85276777144634,14.377171349984721,3.831007972181966,3.002361925750062,0.0,8.0,,gc_formula_si,"Si monomer: HSP NOT reliable (Si groups fitted on 51 HSPiP Si compounds, only 7 measured, all much smaller than the monomers)",0.0,15.636048585655288,15.636048585655288,3.1886490736707596,3.1886490736707596,3.744758707403813,3.744758707403813
OC1([Si](c2ccccc2)(c2ccccc2)c2ccccc2)CCCCC1,O=C(OC1([Si](c2ccccc2)(c2ccccc2)c2ccccc2)CCCCC1)[C@@H]1[C@H](C(=O)OC2([Si](c3ccccc3)(c3ccccc3)c3ccccc3)CCCCC2)[C@@H]2C=C[C@@H]1C2,ester,Sigma-Aldrich,monoalcohol,358.557,False,,0,27.3248,-2.0414,5.279,0,True,2,True,0,0,2,True,,18.47273442726549,2.6218142397610436,3.5555236914377906,817.3360576126395,24.686089877991485,1.8616491182657235,5.959677941195585,0.0,2.0,,gc_formula_si,"Si monomer: HSP NOT reliable (Si groups fitted on 51 HSPiP Si compounds, only 7 measured, all much smaller than the monomers)",0.0,18.47273442726549,18.47273442726549,2.6218142397610436,2.6218142397610436,3.5555236914377906,3.5555236914377906
OC(C[Si](c1ccccc1)(c1ccccc1)c1ccccc1)C(O)C[Si](c1ccccc1)(c1ccccc1)c1ccccc1,O=C(OC(C[Si](c1ccccc1)(c1ccccc1)c1ccccc1)C(O)C[Si](c1ccccc1)(c1ccccc1)c1ccccc1)[C@@H]1[C@H](C(=O)OC(C[Si](c2ccccc2)(c2ccccc2)c2ccccc2)C(O)C[Si](c2ccccc2)(c2ccccc2)c2ccccc2)[C@@H]2C=C[C@@H]1C2,ester,Sigma-Aldrich,diol,606.914,False,,0,33.7703,-2.7494,9.2678,0,True,4,True,0,0,0,True,,18.88618828395619,2.9587334802476564,4.9378818433394445,1233.2756374120845,29.475945858030826,4.0605735532734695,10.40224245919559,0.0,4.0,,gc_formula_si,"Si monomer: HSP NOT reliable (Si groups fitted on 51 HSPiP Si compounds, only 7 measured, all much smaller than the monomers)",0.0,18.88618828395619,18.88618828395619,2.9587334802476564,2.9587334802476564,4.9378818433394445,4.9378818433394445
C[Si](CC(O)c1ccccc1)(c1ccccc1)c1ccccc1,C[Si](CC(OC(=O)[C@@H]1[C@H](C(=O)OC(C[Si](C)(c2ccccc2)c2ccccc2)c2ccccc2)[C@@H]2C=C[C@@H]1C2)c1ccccc1)(c1ccccc1)c1ccccc1,ester,Sigma-Aldrich,monoalcohol,318.492,False,,0,26.5341,-0.451,6.8058,0,True,2,True,0,0,0,True,,18.415866540853116,2.7907398500931406,3.6886758431214965,738.8456443547806,23.867000447049566,2.7981708496502575,6.109842382704753,0.0,4.0,,gc_formula_si,"Si monomer: HSP NOT reliable (Si groups fitted on 51 HSPiP Si compounds, only 7 measured, all much smaller than the monomers)",0.0,18.415866540853116,18.415866540853116,2.7907398500931406,2.7907398500931406,3.6886758431214965,3.6886758431214965
C[Si](CCCCO)(c1ccccc1)c1ccccc1,C[Si](CCCCOC(=O)[C@@H]1[C@H](C(=O)OCCCC[Si](C)(c2ccccc2)c2ccccc2)[C@@H]2C=C[C@@H]1C2)(c1ccccc1)c1ccccc1,ester,Sigma-Aldrich,monoalcohol,270.448,False,,0,24.5313,0.5856,5.3364,0,True,2,True,0,0,0,True,,17.904588414068357,2.7846832575036995,3.640379461314724,654.8553266873182,21.776117373873273,2.7957804122329266,5.321385304831371,0.0,4.0,,gc_formula_si,"Si monomer: HSP NOT reliable (Si groups fitted on 51 HSPiP Si compounds, only 7 measured, all much smaller than the monomers)",0.0,17.904588414068357,17.904588414068357,2.7846832575036995,2.7846832575036995,3.640379461314724,3.640379461314724
OCCC[Si](c1ccccc1)(c1ccccc1)c1ccccc1,O=C(OCCC[Si](c1ccccc1)(c1ccccc1)c1ccccc1)[C@@H]1[C@H](C(=O)OCCC[Si](c2ccccc2)(c2ccccc2)c2ccccc2)[C@@H]2C=C[C@@H]1C2,ester,Sigma-Aldrich,monoalcohol,318.492,False,,0,27.478,0.6982,5.9756,0,True,2,True,0,0,0,True,,18.650939971247748,2.7175525760427583,3.692626915274693,714.866844342878,24.405861347561306,2.380919015520596,6.5630231696008146,0.0,2.0,,gc_formula_si,"Si monomer: HSP NOT reliable (Si groups fitted on 51 HSPiP Si compounds, only 7 measured, all much smaller than the monomers)",0.0,18.650939971247748,18.650939971247748,2.7175525760427583,2.7175525760427583,3.692626915274693,3.692626915274693
CC(C)(O)[Si](c1ccccc1)(c1ccccc1)c1ccccc1,CC(C)(OC(=O)[C@@H]1[C@H](C(=O)OC(C)(C)[Si](c2ccccc2)(c2ccccc2)c2ccccc2)[C@@H]2C=C[C@@H]1C2)[Si](c1ccccc1)(c1ccccc1)c1ccccc1,ester,Sigma-Aldrich,monoalcohol,318.492,False,,0,25.5397,-1.6002,7.636,0,True,2,True,0,0,0,True,,18.192111144399938,2.751170476410585,3.696664940476493,762.9164563964906,23.567728540574045,1.8039600031553618,5.933139206422024,0.0,2.0,,gc_formula_si,"Si monomer: HSP NOT reliable (Si groups fitted on 51 HSPiP Si compounds, only 7 measured, all much smaller than the monomers)",0.0,18.192111144399938,18.192111144399938,2.751170476410585,2.751170476410585,3.696664940476493,3.696664940476493
OC(C[Si](c1ccccc1)(c1ccccc1)c1ccccc1)C[Si](c1ccccc1)(c1ccccc1)c1ccccc1,O=C(OC(C[Si](c1ccccc1)(c1ccccc1)c1ccccc1)C[Si](c1ccccc1)(c1ccccc1)c1ccccc1)[C@@H]1[C@H](C(=O)OC(C[Si](c2ccccc2)(c2ccccc2)c2ccccc2)C[Si](c2ccccc2)(c2ccccc2)c2ccccc2)[C@@H]2C=C[C@@H]1C2,ester,Sigma-Aldrich,monoalcohol,576.888,False,,0,33.3848,-4.0448,8.9906,0,True,4,True,0,0,0,True,,18.82498888147584,2.178754411512358,3.264442496252383,1201.1934709042876,29.17963589813428,0.8741670202070639,9.105592021774372,0.0,4.0,,gc_formula_si,"Si monomer: HSP NOT reliable (Si groups fitted on 51 HSPiP Si compounds, only 7 measured, all much smaller than the monomers)",0.0,18.82498888147584,18.82498888147584,2.178754411512358,2.178754411512358,3.264442496252383,3.264442496252383
OC(Cc1ccccc1)C[Si](c1ccccc1)(c1ccccc1)c1ccccc1,O=C(OC(Cc1ccccc1)C[Si](c1ccccc1)(c1ccccc1)c1ccccc1)[C@@H]1[C@H](C(=O)OC(Cc2ccccc2)C[Si](c2ccccc2)(c2ccccc2)c2ccccc2)[C@@H]2C=C[C@@H]1C2,ester,Sigma-Aldrich,monoalcohol,394.59,False,,0,29.1506,-1.531,5.7992,0,True,2,True,0,0,0,True,,18.79271589935923,2.656324925709596,3.5238605945931516,864.7450134774067,26.10332561992833,2.4108487760314876,7.515453883018169,0.0,2.0,,gc_formula_si,"Si monomer: HSP NOT reliable (Si groups fitted on 51 HSPiP Si compounds, only 7 measured, all much smaller than the monomers)",0.0,18.79271589935923,18.79271589935923,2.656324925709596,2.656324925709596,3.5238605945931516,3.5238605945931516
OC(C[Si](c1ccccc1)(c1ccccc1)c1ccccc1)c1ccccc1,O=C(OC(C[Si](c1ccccc1)(c1ccccc1)c1ccccc1)c1ccccc1)[C@@H]1[C@H](C(=O)OC(C[Si](c2ccccc2)(c2ccccc2)c2ccccc2)c2ccccc2)[C@@H]2C=C[C@@H]1C2,ester,Sigma-Aldrich,monoalcohol,380.563,False,,0,29.2168,-0.6106,7.2128,0,True,2,True,0,0,0,True,,18.932571991899966,2.6657586949714966,3.6537545502909583,832.3469238127166,26.203267406727655,2.2805570696757376,7.269354072245407,0.0,2.0,,gc_formula_si,"Si monomer: HSP NOT reliable (Si groups fitted on 51 HSPiP Si compounds, only 7 measured, all much smaller than the monomers)",0.0,18.932571991899966,18.932571991899966,2.6657586949714966,2.6657586949714966,3.6537545502909583,3.6537545502909583
Oc1ccccc1[Si](c1ccccc1)(c1ccccc1)c1ccccc1,O=C(Oc1ccccc1[Si](c1ccccc1)(c1ccccc1)c1ccccc1)[C@@H]1[C@H](C(=O)Oc2ccccc2[Si](c2ccccc2)(c2ccccc2)c2ccccc2)[C@@H]2C=C[C@@H]1C2,ester,Sigma-Aldrich,monoalcohol,352.509,False,,0,29.0014,0.0476,7.1744,0,True,2,True,0,0,0,True,,19.04235040710567,2.7235296420023523,3.7387174471214806,769.9660545461686,25.893347182996074,2.479907157945919,7.255661517004002,0.0,2.0,,gc_formula_si,"Si monomer: HSP NOT reliable (Si groups fitted on 51 HSPiP Si compounds, only 7 measured, all much smaller than the monomers)",0.0,19.04235040710567,19.04235040710567,2.7235296420023523,2.7235296420023523,3.7387174471214806,3.7387174471214806
OCCCC[Si](c1ccccc1)(c1ccccc1)c1ccccc1,O=C(OCCCC[Si](c1ccccc1)(c1ccccc1)c1ccccc1)[C@@H]1[C@H](C(=O)OCCCC[Si](c2ccccc2)(c2ccccc2)c2ccccc2)[C@@H]2C=C[C@@H]1C2,ester,Sigma-Aldrich,monoalcohol,332.519,False,,0,27.4915,0.426,5.7434,0,True,2,True,0,0,0,True,,18.556898288407282,2.645785712952281,3.607132308314588,748.3566061452541,24.397718409918934,2.2781666322584067,6.480896994372025,0.0,2.0,,gc_formula_si,"Si monomer: HSP NOT reliable (Si groups fitted on 51 HSPiP Si compounds, only 7 measured, all much smaller than the monomers)",0.0,18.556898288407282,18.556898288407282,2.645785712952281,2.645785712952281,3.607132308314588,3.607132308314588
CC(O)C[Si](c1ccccc1)(c1ccccc1)c1ccccc1,CC(C[Si](c1ccccc1)(c1ccccc1)c1ccccc1)OC(=O)[C@@H]1[C@H](C(=O)OC(C)C[Si](c2ccccc2)(c2ccccc2)c2ccccc2)[C@@H]2C=C[C@@H]1C2,ester,Sigma-Aldrich,monoalcohol,318.492,False,,0,26.5341,-0.451,6.8058,0,True,2,True,0,0,0,True,,18.415493758457504,2.73495966285704,3.694712126442537,738.8916503696843,23.99200567130348,2.0924395093379786,6.24808118801142,0.0,2.0,,gc_formula_si,"Si monomer: HSP NOT reliable (Si groups fitted on 51 HSPiP Si compounds, only 7 measured, all much smaller than the monomers)",0.0,18.415493758457504,18.415493758457504,2.73495966285704,2.73495966285704,3.694712126442537,3.694712126442537
C[Si](c1ccccc1)(c1ccccc1)c1ccccc1O,C[Si](c1ccccc1)(c1ccccc1)c1ccccc1OC(=O)[C@@H]1[C@H](C(=O)Oc2ccccc2[Si](C)(c2ccccc2)c2ccccc2)[C@@H]2C=C[C@@H]1C2,ester,Sigma-Aldrich,monoalcohol,290.438,False,,0,26.2867,0.2072,6.7674,0,True,2,True,0,0,0,True,,18.496204669923234,2.8645235077187654,3.787462801316114,676.4647750882326,23.512240925242608,2.997520937920439,6.096149827463347,0.0,4.0,,gc_formula_si,"Si monomer: HSP NOT reliable (Si groups fitted on 51 HSPiP Si compounds, only 7 measured, all much smaller than the monomers)",0.0,18.496204669923234,18.496204669923234,2.8645235077187654,2.8645235077187654,3.787462801316114,3.787462801316114
OC(COCC[Si](c1ccccc1)(c1ccccc1)c1ccccc1)C[Si](c1ccccc1)(c1ccccc1)c1ccccc1,O=C(OC(COCC[Si](c1ccccc1)(c1ccccc1)c1ccccc1)C[Si](c1ccccc1)(c1ccccc1)c1ccccc1)[C@@H]1[C@H](C(=O)OC(COCC[Si](c2ccccc2)(c2ccccc2)c2ccccc2)C[Si](c2ccccc2)(c2ccccc2)c2ccccc2)[C@@H]2C=C[C@@H]1C2,ester,Sigma-Aldrich,monoalcohol,620.941,False,,0,33.4697,-4.317,8.7584,0,True,4,True,0,0,0,True,,18.677381548992116,2.6083035102500465,3.4983261898107174,1281.1353370624192,29.12426317495013,3.2135942347781183,11.446624932605848,0.0,4.0,,gc_formula_si,"Si monomer: HSP NOT reliable (Si groups fitted on 51 HSPiP Si compounds, only 7 measured, all much smaller than the monomers)",0.0,18.677381548992116,18.677381548992116,2.6083035102500465,2.6083035102500465,3.4983261898107174,3.4983261898107174
OCC(O)CO[Si](c1ccccc1)(c1ccccc1)c1ccccc1,O=C(OCC(O)CO[Si](c1ccccc1)(c1ccccc1)c1ccccc1)[C@@H]1[C@H](C(=O)OCC(O)CO[Si](c2ccccc2)(c2ccccc2)c2ccccc2)[C@@H]2C=C[C@@H]1C2,ester,Sigma-Aldrich,diol,350.49,False,,0,28.0543,7.9222,11.2415,0,True,2,True,0,0,0,True,,18.800304740019794,4.136839903936493,6.120058537492432,724.1001944481324,24.640666886453932,7.213160796430278,6.484563480369284,0.0,4.0,,gc_formula_si,"Si monomer: HSP NOT reliable (Si groups fitted on 51 HSPiP Si compounds, only 7 measured, all much smaller than the monomers)",0.0,18.800304740019794,18.800304740019794,4.136839903936493,4.136839903936493,6.120058537492432,6.120058537492432
C[Si](C)(C)c1ccc(C(O)(c2ccccc2)c2ccccc2)cc1,C[Si](C)(C)c1ccc(C(OC(=O)[C@@H]2[C@H](C(=O)OC(c3ccccc3)(c3ccccc3)c3ccc([Si](C)(C)C)cc3)[C@@H]3C=C[C@@H]2C3)(c2ccccc2)c2ccccc2)cc1,ester,Sigma-Aldrich,monoalcohol,332.519,False,,0,25.0914,-2.2866,7.6154,0,True,2,True,0,0,0,True,,18.100045003496184,2.694348183829942,3.513464356655725,797.9162026681448,22.4967755665666,3.906394035588298,5.170646978278484,0.0,8.0,,gc_formula_si,"Si monomer: HSP NOT reliable (Si groups fitted on 51 HSPiP Si compounds, only 7 measured, all much smaller than the monomers)",0.0,18.100045003496184,18.100045003496184,2.694348183829942,2.694348183829942,3.513464356655725,3.513464356655725
C[Si](C)(C)c1ccc(C(O)c2ccccc2)cc1,C[Si](C)(C)c1ccc(C(OC(=O)[C@@H]2[C@H](C(=O)OC(c3ccccc3)c3ccc([Si](C)(C)C)cc3)[C@@H]3C=C[C@@H]2C3)c2ccccc2)cc1,ester,Sigma-Aldrich,monoalcohol,256.421,False,,0,22.869,-0.7056,6.6104,0,True,2,True,0,0,0,True,,17.700751299235055,2.8344628318980356,3.6238763613671825,646.9463613959302,20.218813888264282,4.109508364695346,4.54644225086268,0.0,8.0,,gc_formula_si,"Si monomer: HSP NOT reliable (Si groups fitted on 51 HSPiP Si compounds, only 7 measured, all much smaller than the monomers)",0.0,17.700751299235055,17.700751299235055,2.8344628318980356,2.8344628318980356,3.6238763613671825,3.6238763613671825
C[Si](C)(C)c1ccc2c(N=Nc3ccc(-c4ccc(N=Nc5c(O)ccc6cc([Si](C)(C)C)ccc56)cc4)cc3)c(O)ccc2c1,C[Si](C)(C)c1ccc2c(N=Nc3ccc(-c4ccc(N=Nc5c(OC(=O)[C@@H]6[C@H](C(=O)Oc7ccc8cc([Si](C)(C)C)ccc8c7N=Nc7ccc(-c8ccc(N=Nc9c(O)ccc%10cc([Si](C)(C)C)ccc9%10)cc8)cc7)[C@@H]7C=C[C@@H]6C7)ccc6cc([Si](C)(C)C)ccc56)cc4)cc3)c(O)ccc2c1,ester,Sigma-Aldrich,diol,638.92,False,,0,30.9311,-4.6862,7.7054,8,True,4,True,0,0,0,True,,18.729103094052192,4.792090116339126,4.170018057353527,1276.0831140487146,25.287398753935992,6.025258834626468,7.77624524158874,0.0,24.0,,gc_formula_si,"Si monomer: HSP NOT reliable (Si groups fitted on 51 HSPiP Si compounds, only 7 measured, all much smaller than the monomers)",0.0,18.729103094052192,18.729103094052192,4.792090116339126,4.792090116339126,4.170018057353527,4.170018057353527
C[Si](C)(C)c1ccc2c(N=Nc3ccc(C(=O)O)cc3)c(O)ccc2c1,C[Si](C)(C)c1ccc2c(N=Nc3ccc(C(=O)O)cc3)c(OC(=O)c3ccc(N=Nc4c(OC(=O)[C@H]5[C@@H](C(=O)O)[C@@H]6C=C[C@@H]5C6)ccc5cc([Si](C)(C)C)ccc45)cc3)ccc2c1,ester,Sigma-Aldrich,monoalcohol,364.477,False,,0,24.572,4.4364,5.4799,4,True,2,True,1,0,0,True,,18.554091861535667,5.913778932171254,6.843470637454012,752.3365344777086,22.320450449539532,8.999237926487147,6.089738364366962,0.0,12.0,,gc_formula_si,"Si monomer: HSP NOT reliable (Si groups fitted on 51 HSPiP Si compounds, only 7 measured, all much smaller than the monomers)",0.0,18.554091861535667,18.554091861535667,5.913778932171254,5.913778932171254,6.843470637454012,6.843470637454012
C[Si](C)(C)c1ccc2c(N=Nc3ccc([N+](=O)[O-])cc3)c(O)ccc2c1,C[Si](C)(C)c1ccc2c(N=Nc3ccc([N+](=O)[O-])cc3)c(OC(=O)[C@@H]3[C@H](C(=O)Oc4ccc5cc([Si](C)(C)C)ccc5c4N=Nc4ccc([N+](=O)[O-])cc4)[C@@H]4C=C[C@@H]3C4)ccc2c1,ester,Sigma-Aldrich,monoalcohol,365.465,False,,0,25.2185,3.5122,5.7392,10,True,2,True,0,0,0,True,,18.841038869608067,6.925180396636256,4.899074319948405,720.8239392997008,22.60610528793077,3.669435179050753,2.381175777380612,0.0,18.0,,gc_formula_si,"Si monomer: HSP NOT reliable (Si groups fitted on 51 HSPiP Si compounds, only 7 measured, all much smaller than the monomers)",0.0,18.841038869608067,18.841038869608067,6.925180396636256,6.925180396636256,4.899074319948405,4.899074319948405
C[Si](C)(CCCO)CCCO,C[Si](C)(CCCO)CCCOC(=O)[C@@H]1[C@H](C(=O)OCCC[Si](C)(C)CCCO)[C@@H]2C=C[C@@H]1C2,ester,Sigma-Aldrich,diol,176.332,False,,0,17.5939,7.6102,17.1177,0,True,2,True,0,0,0,True,,16.06465451104464,4.7670902315032535,9.080087025931004,498.5623769769377,15.814211911078822,6.874446063673201,12.341074080183157,0.0,6.0,,gc_formula_si,"Si monomer: HSP NOT reliable (Si groups fitted on 51 HSPiP Si compounds, only 7 measured, all much smaller than the monomers)",0.0,16.06465451104464,16.06465451104464,4.7670902315032535,4.7670902315032535,9.080087025931004,9.080087025931004
C[Si](C)(C)c1ccc(O)cc1,C[Si](C)(C)c1ccc(OC(=O)[C@@H]2[C@H](C(=O)Oc3ccc([Si](C)(C)C)cc3)[C@@H]3C=C[C@@H]2C3)cc1,ester,Sigma-Aldrich,monoalcohol,166.296,False,,0,19.1157,4.579,5.9534,0,True,2,True,0,0,0,True,,16.661581018993367,3.268685424860805,3.936889490883162,489.46221617236085,17.26736169185007,4.032748497869478,3.777126448382039,0.0,8.0,,gc_formula_si,"Si monomer: HSP NOT reliable (Si groups fitted on 51 HSPiP Si compounds, only 7 measured, all much smaller than the monomers)",0.0,16.661581018993367,16.661581018993367,3.268685424860805,3.268685424860805,3.936889490883162,3.936889490883162
COC1OC(CO)C(O[Si](C)(C)C)[C@H](O[Si](C)(C)C)C1O[Si](C)(C)C,COC1OC(COC(=O)[C@@H]2[C@H](C(=O)OCC3OC(OC)C(O[Si](C)(C)C)[C@@H](O[Si](C)(C)C)C3O[Si](C)(C)C)[C@@H]3C=C[C@@H]2C3)C(O[Si](C)(C)C)[C@H](O[Si](C)(C)C)C1O[Si](C)(C)C,ester,Sigma-Aldrich,monoalcohol,410.732,False,,0,17.8173,15.355,5.8306,0,True,6,True,0,0,0,True,,14.99449427756026,3.800191127547569,2.4128364041910437,1013.1976044704892,0.0,9.905301506135123,1.7419232724898284,0.0,30.0,,gc_formula_si,"Si monomer: HSP NOT reliable (Si groups fitted on 51 HSPiP Si compounds, only 7 measured, all much smaller than the monomers)",0.0,14.99449427756026,14.99449427756026,3.800191127547569,3.800191127547569,2.4128364041910437,2.4128364041910437
C[Si](C)(C)CC12OC3(O)C4C5CC(C6C5C3C61)C42,C[Si](C)(C)CC12OC3(OC(=O)[C@@H]4[C@H](C(=O)OC56OC7(C[Si](C)(C)C)C8C9CC(C%10C9C7C%105)C86)[C@@H]5C=C[C@@H]4C5)C4C5CC(C6C5C3C61)C42,ester,Sigma-Aldrich,monoalcohol,262.425,False,,0,22.4002,8.9084,7.9656,0,True,2,True,0,2,2,True,,17.097889645087065,2.681358461875931,2.8696028908138524,594.3072205668606,18.20151145950191,3.231947385818569,1.8304145833319334,0.0,8.0,,gc_formula_si,"Si monomer: HSP NOT reliable (Si groups fitted on 51 HSPiP Si compounds, only 7 measured, all much smaller than the monomers)",0.0,17.097889645087065,17.097889645087065,2.681358461875931,2.681358461875931,2.8696028908138524,2.8696028908138524
C[Si](C)(C)C#CC1(O)CCCCC1,C[Si](C)(C)C#CC1(OC(=O)[C@@H]2[C@H](C(=O)OC3(C#C[Si](C)(C)C)CCCCC3)[C@@H]3C=C[C@@H]2C3)CCCCC1,ester,Sigma-Aldrich,monoalcohol,196.366,False,,0,15.9611,-1.5626,3.3558,0,True,2,True,0,0,2,True,,15.977285385651035,3.6178098797899483,4.018470226946844,586.451478075501,14.702993185200645,6.0165635194022835,5.292721536609463,0.0,8.0,,gc_formula_si,"Si monomer: HSP NOT reliable (Si groups fitted on 51 HSPiP Si compounds, only 7 measured, all much smaller than the monomers)",0.0,15.977285385651035,15.977285385651035,3.6178098797899483,3.6178098797899483,4.018470226946844,4.018470226946844
COc1ccc(C(OC[C@H]2O[C@@H](n3cnc4c(NC(=O)c5ccccc5)ncnc43)[C@H](O)[C@@H]2O[Si](C)(C)C(C)(C)C)(c2ccccc2)c2ccccc2)cc1,COc1ccc(C(OC[C@H]2O[C@@H](n3cnc4c(NC(=O)c5ccccc5)ncnc43)[C@H](OC(=O)[C@@H]3[C@H](C(=O)O[C@@H]4[C@H](O[Si](C)(C)C(C)(C)C)[C@@H](COC(c5ccccc5)(c5ccccc5)c5ccc(OC)cc5)O[C@H]4n4cnc5c(NC(=O)c6ccccc6)ncnc54)[C@@H]4C=C[C@@H]3C4)[C@@H]2O[Si](C)(C)C(C)(C)C)(c2ccccc2)c2ccccc2)cc1,ester,Sigma-Aldrich,monoalcohol,757.964,False,,0,31.3521,9.5542,7.8534,10,True,2,True,0,0,0,True,,18.821052993104736,6.806090589295092,5.577915057144316,1430.3213295464425,28.217263461243505,8.46304379342061,15.484120202977229,0.0,18.0,,gc_formula_si,"Si monomer: HSP NOT reliable (Si groups fitted on 51 HSPiP Si compounds, only 7 measured, all much smaller than the monomers)",0.0,18.821052993104736,18.821052993104736,6.806090589295092,6.806090589295092,5.577915057144316,5.577915057144316
CC(C)(C)[Si](C)(C)OC[C@H]1O[C@@H](n2cnc3c(NC(=O)c4ccccc4)ncnc32)C[C@@H]1O,CC(C)(C)[Si](C)(C)OC[C@H]1O[C@@H](n2cnc3c(NC(=O)c4ccccc4)ncnc32)C[C@@H]1OC(=O)[C@@H]1[C@H](C(=O)O[C@H]2C[C@H](n3cnc4c(NC(=O)c5ccccc5)ncnc43)O[C@@H]2CO[Si](C)(C)C(C)(C)C)[C@@H]2C=C[C@@H]1C2,ester,Sigma-Aldrich,monoalcohol,469.618,False,,0,23.4124,10.132,6.0382,10,True,2,True,0,0,0,True,,18.137442141745527,7.909787518032017,6.13422666561389,936.7464603544943,22.486052319228136,10.157754457886519,10.5443151079848,0.0,18.0,,gc_formula_si,"Si monomer: HSP NOT reliable (Si groups fitted on 51 HSPiP Si compounds, only 7 measured, all much smaller than the monomers)",0.0,18.137442141745527,18.137442141745527,7.909787518032017,7.909787518032017,6.13422666561389,6.13422666561389
CC(C)[Si]1(C(C)C)OC[C@H]2O[C@@H](n3ccc(N)nc3=O)[C@H](O)[C@@H]2O[Si](C(C)C)(C(C)C)O1,CC(C)[Si]1(C(C)C)OC[C@H]2O[C@@H](n3ccc(N)nc3=O)[C@H](OC(=O)[C@@H]3[C@H](C(=O)O[C@@H]4[C@@H]5O[Si](C(C)C)(C(C)C)O[Si](C(C)C)(C(C)C)OC[C@H]5O[C@H]4n4ccc(N)nc4=O)[C@@H]4C=C[C@@H]3C4)[C@@H]2O[Si](C(C)C)(C(C)C)O1,ester,Sigma-Aldrich,"monoalcohol,monoamine",485.73,False,,0,25.6146,18.361,8.0873,6,True,4,True,0,0,0,True,,16.53134830615878,5.873361424920465,5.891016131266134,1034.0259848371047,19.826840457401584,7.265415743122467,3.316900029027975,0.0,16.0,,gc_formula_si,"Si monomer: HSP NOT reliable (Si groups fitted on 51 HSPiP Si compounds, only 7 measured, all much smaller than the monomers)",0.0,16.53134830615878,16.53134830615878,5.873361424920465,5.873361424920465,5.891016131266134,5.891016131266134
CC(C)[Si]1(C(C)C)OC[C@H]2O[C@@H](n3ccc(N)nc3=O)[C@H](O)[C@@H]2O[Si](C(C)C)(C(C)C)O1,CC(C)[Si]1(C(C)C)OC[C@H]2O[C@@H](n3ccc(NC(=O)[C@@H]4[C@H](C(=O)Nc5ccn([C@@H]6O[C@@H]7CO[Si](C(C)C)(C(C)C)O[Si](C(C)C)(C(C)C)O[C@H]7[C@H]6O)c(=O)n5)[C@@H]5C=C[C@@H]4C5)nc3=O)[C@H](O)[C@@H]2O[Si](C(C)C)(C(C)C)O1,amide,Sigma-Aldrich,"monoalcohol,monoamine",485.73,False,,0,22.5413,6.5082,15.0907,8,True,4,True,0,0,0,True,,16.778936606927992,7.162732990809905,5.4637828352506945,1015.9572201375217,19.025395389424528,14.062613794675357,3.9707858126792734,0.0,18.0,,gc_formula_si,"Si monomer: HSP NOT reliable (Si groups fitted on 51 HSPiP Si compounds, only 7 measured, all much smaller than the monomers)",0.0,16.778936606927992,16.778936606927992,7.162732990809905,7.162732990809905,5.4637828352506945,5.4637828352506945
C=CC(O)[Si](C)(C)C,C=CC(OC(=O)[C@@H]1[C@H](C(=O)OC(C=C)[Si](C)(C)C)[C@@H]2C=C[C@@H]1C2)[Si](C)(C)C,ester,Sigma-Aldrich,monoalcohol,130.263,False,,0,15.9948,7.6636,5.9034,4,True,2,True,0,2,0,True,,15.344273185856038,3.489718500585613,4.182348596344444,448.98224346448177,13.504605557226691,4.2885376325741,4.1467995562969575,0.0,12.0,,gc_formula_si,"Si monomer: HSP NOT reliable (Si groups fitted on 51 HSPiP Si compounds, only 7 measured, all much smaller than the monomers)",0.0,15.344273185856038,15.344273185856038,3.489718500585613,3.489718500585613,4.182348596344444,4.182348596344444
C[Si](C)(C)Nc1ccnc(O[Si](C)(C)C)n1,C[Si](C)(C)Oc1nccc(N(C(=O)[C@@H]2[C@H](C(=O)N(c3ccnc(O[Si](C)(C)C)n3)[Si](C)(C)C)[C@@H]3C=C[C@@H]2C3)[Si](C)(C)C)n1,amide,Sigma-Aldrich,monoamine,255.47,False,,0,15.2865,-5.5734,6.0036,8,True,4,True,0,0,0,True,,16.064002118883113,6.692308334958788,3.6919052151350162,650.5893609944757,14.032260806657263,2.0259833700441003,3.448038740671832,0.0,28.0,,gc_formula_si,"Si monomer: HSP NOT reliable (Si groups fitted on 51 HSPiP Si compounds, only 7 measured, all much smaller than the monomers)",0.0,16.064002118883113,16.064002118883113,6.692308334958788,6.692308334958788,3.6919052151350162,3.6919052151350162
C[Si](C)(C)OCCCO,C[Si](C)(C)OCCCOC(=O)[C@@H]1[C@H](C(=O)OCCCO[Si](C)(C)C)[C@@H]2C=C[C@@H]1C2,ester,Sigma-Aldrich,monoalcohol,148.278,False,,0,16.3185,8.6618,3.3819,0,True,2,True,0,0,0,True,,15.537513413355176,3.901922090571382,3.869934655844958,445.00395136890376,14.0567267178504,5.476843220025245,3.093227237012762,0.0,10.0,,gc_formula_si,"Si monomer: HSP NOT reliable (Si groups fitted on 51 HSPiP Si compounds, only 7 measured, all much smaller than the monomers)",0.0,15.537513413355176,15.537513413355176,3.901922090571382,3.901922090571382,3.869934655844958,3.869934655844958
CC(C)(C)[Si](C)(C)CCN,CC(C)(C)[Si](C)(C)CCNC(=O)[C@@H]1[C@H](C(=O)NCC[Si](C)(C)C(C)(C)C)[C@@H]2C=C[C@@H]1C2,amide,Sigma-Aldrich,monoamine,159.349,False,,0,11.9539,-4.6224,4.9759,0,True,2,True,2,0,0,True,,15.831033677971602,6.077820640409386,3.9299240392381622,500.921457729732,14.456693125674857,4.486363084771781,2.7875803859081474,0.0,6.0,,gc_formula_si,"Si monomer: HSP NOT reliable (Si groups fitted on 51 HSPiP Si compounds, only 7 measured, all much smaller than the monomers)",0.0,15.831033677971602,15.831033677971602,6.077820640409386,6.077820640409386,3.9299240392381622,3.9299240392381622
C[Si](C)(C)CC1(O)CCCCC1,C[Si](C)(C)CC1(OC(=O)[C@@H]2[C@H](C(=O)OC3(C[Si](C)(C)C)CCCCC3)[C@@H]3C=C[C@@H]2C3)CCCCC1,ester,Sigma-Aldrich,monoalcohol,186.371,False,,0,14.9258,-1.8348,3.264,0,True,2,True,0,2,4,True,,15.924123682256216,2.989145607518495,3.5396902045470853,570.3219810412077,14.9603571155406,3.311738074927094,2.399016697344832,0.0,8.0,,gc_formula_si,"Si monomer: HSP NOT reliable (Si groups fitted on 51 HSPiP Si compounds, only 7 measured, all much smaller than the monomers)",0.0,15.924123682256216,15.924123682256216,2.989145607518495,2.989145607518495,3.5396902045470853,3.5396902045470853
C[Si](C)(C)C#CCCN,C[Si](C)(C)C#CCCNC(=O)[C@@H]1[C@H](C(=O)NCCC#C[Si](C)(C)C)[C@@H]2C=C[C@@H]1C2,amide,Sigma-Aldrich,monoamine,141.29,False,,0,13.5682,-1.7796,5.9465,0,True,2,True,2,0,0,True,,16.18723292310542,7.004552489832239,5.017501431544856,448.06222780317154,15.342735403553826,5.743335450706914,6.096016815326041,0.0,8.0,,gc_formula_si,"Si monomer: HSP NOT reliable (Si groups fitted on 51 HSPiP Si compounds, only 7 measured, all much smaller than the monomers)",0.0,16.18723292310542,16.18723292310542,7.004552489832239,7.004552489832239,5.017501431544856,5.017501431544856
CC(C)(C)[Si](C)(C)OC[C@H]1OC=CC(=O)[C@@H]1O,CC(C)(C)[Si](C)(C)OC[C@H]1OC=CC(=O)[C@@H]1OC(=O)[C@@H]1[C@H](C(=O)O[C@H]2C(=O)C=CO[C@@H]2CO[Si](C)(C)C(C)(C)C)[C@@H]2C=C[C@@H]1C2,ester,Sigma-Aldrich,monoalcohol,258.39,False,,0,17.1128,10.4454,3.2321,0,True,2,True,2,2,2,True,,16.10254394292987,5.797155972142152,4.393459457368336,640.0974447529949,15.132769884035337,7.339370105568185,6.671643553990645,0.0,8.0,,gc_formula_si,"Si monomer: HSP NOT reliable (Si groups fitted on 51 HSPiP Si compounds, only 7 measured, all much smaller than the monomers)",0.0,16.10254394292987,16.10254394292987,5.797155972142152,5.797155972142152,4.393459457368336,4.393459457368336
CC(C)(C)[Si](OC[C@@H]1C[C@H]1CO)(c1ccccc1)c1ccccc1,CC(C)(C)[Si](OC[C@@H]1C[C@H]1COC(=O)[C@@H]1[C@H](C(=O)OC[C@@H]2C[C@H]2CO[Si](c2ccccc2)(c2ccccc2)C(C)(C)C)[C@@H]2C=C[C@@H]1C2)(c1ccccc1)c1ccccc1,ester,Sigma-Aldrich,monoalcohol,340.539,False,,0,25.5998,10.2468,7.5512,0,True,2,True,0,0,0,True,,17.695082332565203,2.7697265922833285,2.957878452343876,776.1527813194284,21.3899311703432,1.4975668871374548,3.7943706413026197,0.0,4.0,,gc_formula_si,"Si monomer: HSP NOT reliable (Si groups fitted on 51 HSPiP Si compounds, only 7 measured, all much smaller than the monomers)",0.0,17.695082332565203,17.695082332565203,2.7697265922833285,2.7697265922833285,2.957878452343876,2.957878452343876
CC(C)(C)[Si](OC[C@H]1C[C@@H]1CO)(c1ccccc1)c1ccccc1,CC(C)(C)[Si](OC[C@H]1C[C@@H]1COC(=O)[C@@H]1[C@H](C(=O)OC[C@H]2C[C@@H]2CO[Si](c2ccccc2)(c2ccccc2)C(C)(C)C)[C@@H]2C=C[C@@H]1C2)(c1ccccc1)c1ccccc1,ester,Sigma-Aldrich,monoalcohol,340.539,False,,0,25.5998,10.2468,7.5512,0,True,2,True,0,0,0,True,,17.695082332565203,2.7697265922833285,2.957878452343876,776.1527813194284,21.3899311703432,1.4975668871374548,3.7943706413026197,0.0,4.0,,gc_formula_si,"Si monomer: HSP NOT reliable (Si groups fitted on 51 HSPiP Si compounds, only 7 measured, all much smaller than the monomers)",0.0,17.695082332565203,17.695082332565203,2.7697265922833285,2.7697265922833285,2.957878452343876,2.957878452343876
C[Si](C)(C)CCOCn1ncc2cc(N)ccc21,C[Si](C)(C)CCOCn1ncc2cc(NC(=O)[C@@H]3[C@H](C(=O)Nc4ccc5c(cnn5COCC[Si](C)(C)C)c4)[C@@H]4C=C[C@@H]3C4)ccc21,amide,Sigma-Aldrich,monoamine,263.417,False,,0,19.8381,-2.2766,3.9384,6,True,2,True,0,0,0,True,,18.06249888971966,7.475654003616903,6.376667722232319,605.5858087479155,20.008077961544725,6.34183970332926,7.82598217001759,0.0,14.0,,gc_formula_si,"Si monomer: HSP NOT reliable (Si groups fitted on 51 HSPiP Si compounds, only 7 measured, all much smaller than the monomers)",0.0,18.06249888971966,18.06249888971966,7.475654003616903,7.475654003616903,6.376667722232319,6.376667722232319
C#C[C@@H](O)CO[Si](c1ccccc1)(c1ccccc1)C(C)(C)C,C#C[C@H](CO[Si](c1ccccc1)(c1ccccc1)C(C)(C)C)OC(=O)[C@@H]1[C@H](C(=O)O[C@H](C#C)CO[Si](c2ccccc2)(c2ccccc2)C(C)(C)C)[C@@H]2C=C[C@@H]1C2,ester,Sigma-Aldrich,monoalcohol,324.496,False,,0,24.4433,-2.8504,8.106,0,True,2,True,0,0,0,True,,17.424801373872093,3.1356355615792406,3.3201304393720257,768.4043151481839,20.465946062446463,4.76474971891034,6.408147724942903,0.0,4.0,,gc_formula_si,"Si monomer: HSP NOT reliable (Si groups fitted on 51 HSPiP Si compounds, only 7 measured, all much smaller than the monomers)",0.0,17.424801373872093,17.424801373872093,3.1356355615792406,3.1356355615792406,3.3201304393720257,3.3201304393720257
C#C[C@@H](O)CO[Si](C)(C)C(C)(C)C,C#C[C@H](CO[Si](C)(C)C(C)(C)C)OC(=O)[C@@H]1[C@H](C(=O)O[C@H](C#C)CO[Si](C)(C)C(C)(C)C)[C@@H]2C=C[C@@H]1C2,ester,Sigma-Aldrich,monoalcohol,200.354,False,,0,16.0068,3.7328,3.6679,0,True,2,True,0,0,0,True,,15.39297344726581,3.5273578338146536,3.305541279194727,581.4017562323121,11.788465789709113,5.79997727885938,4.089124345861594,0.0,8.0,,gc_formula_si,"Si monomer: HSP NOT reliable (Si groups fitted on 51 HSPiP Si compounds, only 7 measured, all much smaller than the monomers)",0.0,15.39297344726581,15.39297344726581,3.5273578338146536,3.5273578338146536,3.305541279194727,3.305541279194727
C[Si](C)(C)c1cc2ncc(O)cc2o1,C[Si](C)(C)c1cc2ncc(OC(=O)[C@@H]3[C@H](C(=O)Oc4cnc5cc([Si](C)(C)C)oc5c4)[C@@H]4C=C[C@@H]3C4)cc2o1,ester,Sigma-Aldrich,monoalcohol,207.305,False,,0,21.6118,7.7826,4.9868,4,True,2,True,0,0,0,True,,17.173657522716134,5.278961464004529,5.299663788382201,519.992230798932,18.60529933422774,5.370177334709159,3.1793392569473307,0.0,12.0,,gc_formula_si,"Si monomer: HSP NOT reliable (Si groups fitted on 51 HSPiP Si compounds, only 7 measured, all much smaller than the monomers)",0.0,17.173657522716134,17.173657522716134,5.278961464004529,5.278961464004529,5.299663788382201,5.299663788382201
CC(C)(C)[Si](C)(C)OCc1cc2ncc(CO)cc2o1,CC(C)(C)[Si](C)(C)OCc1cc2ncc(COC(=O)[C@@H]3[C@H](C(=O)OCc4cnc5cc(CO[Si](C)(C)C(C)(C)C)oc5c4)[C@@H]4C=C[C@@H]3C4)cc2o1,ester,Sigma-Aldrich,monoalcohol,293.439,False,,0,22.1059,8.4134,5.8348,4,True,2,True,0,0,0,True,,17.01346526020473,4.698659319229084,4.397013220389903,673.1157307157264,17.698666763321057,5.331847878566293,2.7542055274352384,0.0,12.0,,gc_formula_si,"Si monomer: HSP NOT reliable (Si groups fitted on 51 HSPiP Si compounds, only 7 measured, all much smaller than the monomers)",0.0,17.01346526020473,17.01346526020473,4.698659319229084,4.698659319229084,4.397013220389903,4.397013220389903
CC(C)(C)[Si](C)(C)OCc1cc2ncc(C#CCO)cc2o1,CC(C)(C)[Si](C)(C)OCc1cc2ncc(C#CCOC(=O)[C@@H]3[C@H](C(=O)OCC#Cc4cnc5cc(CO[Si](C)(C)C(C)(C)C)oc5c4)[C@@H]4C=C[C@@H]3C4)cc2o1,ester,Sigma-Aldrich,monoalcohol,317.461,False,,0,22.2017,6.503,5.1326,4,True,2,True,0,0,0,True,,17.003421556871718,4.906635430324666,4.605208614004939,722.7349895523957,17.48383288646857,7.933920939779294,5.565784191471081,0.0,12.0,,gc_formula_si,"Si monomer: HSP NOT reliable (Si groups fitted on 51 HSPiP Si compounds, only 7 measured, all much smaller than the monomers)",0.0,17.003421556871718,17.003421556871718,4.906635430324666,4.906635430324666,4.605208614004939,4.605208614004939
CC(C)(C)[Si](C)(C)OCc1cc2ncc(O)cc2o1,CC(C)(C)[Si](C)(C)OCc1cc2ncc(OC(=O)[C@@H]3[C@H](C(=O)Oc4cnc5cc(CO[Si](C)(C)C(C)(C)C)oc5c4)[C@@H]4C=C[C@@H]3C4)cc2o1,ester,Sigma-Aldrich,monoalcohol,279.412,False,,0,21.0781,6.8812,6.1828,4,True,2,True,0,0,0,True,,16.736681385773597,4.820089177509728,4.493191011917092,666.6014267643716,17.469671088887036,5.051973682633379,2.6090944523704005,0.0,12.0,,gc_formula_si,"Si monomer: HSP NOT reliable (Si groups fitted on 51 HSPiP Si compounds, only 7 measured, all much smaller than the monomers)",0.0,16.736681385773597,16.736681385773597,4.820089177509728,4.820089177509728,4.493191011917092,4.493191011917092
C[Si](C)(C)C#Cc1ncccc1N,C[Si](C)(C)C#Cc1ncccc1NC(=O)[C@@H]1[C@H](C(=O)Nc2cccnc2C#C[Si](C)(C)C)[C@@H]2C=C[C@@H]1C2,amide,Sigma-Aldrich,monoamine,190.322,False,,0,18.827,-1.6952,3.778,4,True,2,True,0,0,0,True,,17.573594757877565,8.061416816048771,6.731522539636099,501.79428017386067,19.2280908768671,6.4061857441338965,3.0825974926312654,0.0,12.0,,gc_formula_si,"Si monomer: HSP NOT reliable (Si groups fitted on 51 HSPiP Si compounds, only 7 measured, all much smaller than the monomers)",0.0,17.573594757877565,17.573594757877565,8.061416816048771,8.061416816048771,6.731522539636099,6.731522539636099
C[Si](C)(C)C#Cc1ncccc1O,C[Si](C)(C)C#Cc1ncccc1OC(=O)[C@@H]1[C@H](C(=O)Oc2cccnc2C#C[Si](C)(C)C)[C@@H]2C=C[C@@H]1C2,ester,Sigma-Aldrich,monoalcohol,191.306,False,,0,19.5154,0.9124,4.9806,2,True,2,True,0,0,0,True,,16.677350927366163,5.450871956580573,5.103141977089958,529.9310723141319,17.846851353105645,5.582894130809139,5.7381163197176495,0.0,10.0,,gc_formula_si,"Si monomer: HSP NOT reliable (Si groups fitted on 51 HSPiP Si compounds, only 7 measured, all much smaller than the monomers)",0.0,16.677350927366163,16.677350927366163,5.450871956580573,5.450871956580573,5.103141977089958,5.103141977089958
C[Si](C)(C)C#Cc1cc(Br)nc(Cl)c1N,C[Si](C)(C)C#Cc1cc(Br)nc(Cl)c1NC(=O)[C@@H]1[C@H](C(=O)Nc2c(C#C[Si](C)(C)C)cc(Br)nc2Cl)[C@@H]2C=C[C@@H]1C2,amide,Sigma-Aldrich,monoamine,303.663,False,,0,20.2094,-1.1086,4.1216,4,True,2,True,2,2,2,True,,18.330136716886685,8.278226325429996,6.794625679263255,551.9023536299925,21.167298333699936,7.074690218387815,7.9843016364561405,0.0,12.0,,gc_formula_si,"Si monomer: HSP NOT reliable (Si groups fitted on 51 HSPiP Si compounds, only 7 measured, all much smaller than the monomers)",0.0,18.330136716886685,18.330136716886685,8.278226325429996,8.278226325429996,6.794625679263255,6.794625679263255
C[Si](C)(C)C#Cc1cc(Br)cnc1N,C[Si](C)(C)C#Cc1cc(Br)cnc1NC(=O)[C@@H]1[C@H](C(=O)Nc2ncc(Br)cc2C#C[Si](C)(C)C)[C@@H]2C=C[C@@H]1C2,amide,Sigma-Aldrich,monoamine,269.218,False,,0,18.8709,-1.3092,3.5074,4,True,2,True,2,2,2,True,,18.04834536696661,8.34752961105989,6.960171064123264,528.6342552947173,20.37631214291073,7.261914173410149,3.381046944713777,0.0,12.0,,gc_formula_si,"Si monomer: HSP NOT reliable (Si groups fitted on 51 HSPiP Si compounds, only 7 measured, all much smaller than the monomers)",0.0,18.04834536696661,18.04834536696661,8.34752961105989,8.34752961105989,6.960171064123264,6.960171064123264
C[Si](C)(C)C#Cc1cc(Cl)cnc1N,C[Si](C)(C)C#Cc1cc(Cl)cnc1NC(=O)[C@@H]1[C@H](C(=O)Nc2ncc(Cl)cc2C#C[Si](C)(C)C)[C@@H]2C=C[C@@H]1C2,amide,Sigma-Aldrich,monoamine,224.767,False,,0,20.1696,-1.4946,4.3922,4,True,2,True,0,0,0,True,,17.89848659600525,7.998960738073879,6.561911844426763,525.0623785091359,20.08375711406861,6.218961789111562,5.9901867656181755,0.0,12.0,,gc_formula_si,"Si monomer: HSP NOT reliable (Si groups fitted on 51 HSPiP Si compounds, only 7 measured, all much smaller than the monomers)",0.0,17.89848659600525,17.89848659600525,7.998960738073879,7.998960738073879,6.561911844426763,6.561911844426763
C[Si](C)(C)C#Cc1c(N)ccnc1Cl,C[Si](C)(C)C#Cc1c(NC(=O)[C@@H]2[C@H](C(=O)Nc3ccnc(Cl)c3C#C[Si](C)(C)C)[C@@H]3C=C[C@@H]2C3)ccnc1Cl,amide,Sigma-Aldrich,monoamine,224.767,False,,0,20.1696,-1.4946,4.3922,4,True,2,True,0,0,0,True,,17.89848659600525,7.998960738073879,6.561911844426763,525.0623785091359,20.08375711406861,6.218961789111562,5.9901867656181755,0.0,12.0,,gc_formula_si,"Si monomer: HSP NOT reliable (Si groups fitted on 51 HSPiP Si compounds, only 7 measured, all much smaller than the monomers)",0.0,17.89848659600525,17.89848659600525,7.998960738073879,7.998960738073879,6.561911844426763,6.561911844426763
COc1ccnc(N)c1C#C[Si](C)(C)C,COc1ccnc(NC(=O)[C@@H]2[C@H](C(=O)Nc3nccc(OC)c3C#C[Si](C)(C)C)[C@@H]3C=C[C@@H]2C3)c1C#C[Si](C)(C)C,amide,Sigma-Aldrich,monoamine,220.348,False,,0,19.2832,3.4584,3.1594,4,True,2,True,0,0,0,True,,17.657662483895663,8.150317023046563,7.1354572917559524,545.7894905798122,19.194125394865203,6.502865326428344,3.4101190585727785,0.0,12.0,,gc_formula_si,"Si monomer: HSP NOT reliable (Si groups fitted on 51 HSPiP Si compounds, only 7 measured, all much smaller than the monomers)",0.0,17.657662483895663,17.657662483895663,8.150317023046563,8.150317023046563,7.1354572917559524,7.1354572917559524
Cc1cnc(N)c(C#C[Si](C)(C)C)c1,Cc1cnc(NC(=O)[C@@H]2[C@H](C(=O)Nc3ncc(C)cc3C#C[Si](C)(C)C)[C@@H]3C=C[C@@H]2C3)c(C#C[Si](C)(C)C)c1,amide,Sigma-Aldrich,monoamine,204.349,False,,0,18.7992,-2.2078,2.9328,4,True,2,True,0,0,0,True,,17.548092266224742,7.779973607846959,6.471339011844089,532.9148619046729,19.193571979153578,4.629238687122741,5.679364420161469,0.0,12.0,,gc_formula_si,"Si monomer: HSP NOT reliable (Si groups fitted on 51 HSPiP Si compounds, only 7 measured, all much smaller than the monomers)",0.0,17.548092266224742,17.548092266224742,7.779973607846959,7.779973607846959,6.471339011844089,6.471339011844089
CC(C)(C)[Si](C)(C)OCc1ccnc(N)c1,CC(C)(C)[Si](C)(C)OCc1ccnc(NC(=O)[C@@H]2[C@H](C(=O)Nc3cc(CO[Si](C)(C)C(C)(C)C)ccn3)[C@@H]3C=C[C@@H]2C3)c1,amide,Sigma-Aldrich,monoamine,238.407,False,,0,18.0451,-4.538,5.6762,4,True,2,True,0,0,0,True,,17.05726234360789,7.203023301437104,5.673973412642266,598.7842173026309,18.352197403644002,4.757312583168484,2.5996707428134425,0.0,12.0,,gc_formula_si,"Si monomer: HSP NOT reliable (Si groups fitted on 51 HSPiP Si compounds, only 7 measured, all much smaller than the monomers)",0.0,17.05726234360789,17.05726234360789,7.203023301437104,7.203023301437104,5.673973412642266,5.673973412642266
C=C[Si](C)(C)CCCOc1cc(-n2nc3ccc(OC)cc3n2)c(O)c(C(C)(C)C)c1,C=C[Si](C)(C)CCCOc1cc(-n2nc3ccc(OC)cc3n2)c(OC(=O)[C@@H]2[C@H](C(=O)Oc3c(-n4nc5ccc(OC)cc5n4)cc(OCCC[Si](C)(C)C=C)cc3C(C)(C)C)[C@@H]3C=C[C@@H]2C3)c(C(C)(C)C)c1,ester,Sigma-Aldrich,monoalcohol,439.632,False,,0,24.0551,12.0582,5.9,10,True,2,True,0,2,0,True,,17.669379983480134,5.616567551952197,5.167998192632526,957.2896518581985,20.304619323984603,3.362103792053157,9.88893046938601,0.0,16.0,,gc_formula_si,"Si monomer: HSP NOT reliable (Si groups fitted on 51 HSPiP Si compounds, only 7 measured, all much smaller than the monomers)",0.0,17.669379983480134,17.669379983480134,5.616567551952197,5.616567551952197,5.167998192632526,5.167998192632526
C[Si](C)(C)CO,C[Si](C)(C)COC(=O)[C@@H]1[C@H](C(=O)OC[Si](C)(C)C)[C@@H]2C=C[C@@H]1C2,ester,Sigma-Aldrich,monoalcohol,104.225,False,,0,16.0803,7.6636,4.3965,0,True,2,True,0,0,0,True,,15.414264892280272,3.6442508151123576,4.23592326317517,367.3834823643182,14.42891687142334,4.139265121968533,3.2487404514364284,0.0,8.0,,gc_formula_si,"Si monomer: HSP NOT reliable (Si groups fitted on 51 HSPiP Si compounds, only 7 measured, all much smaller than the monomers)",0.0,15.414264892280272,15.414264892280272,3.6442508151123576,3.6442508151123576,4.23592326317517,4.23592326317517
CC(C)(C)[Si](C)(C)OC(c1ccccc1)(c1ccccc1)[C@H]1CCCN1,CC(C)(C)[Si](C)(C)OC(c1ccccc1)(c1ccccc1)[C@H]1CCCN1C(=O)[C@@H]1[C@H](C(=O)N2CCC[C@@H]2C(O[Si](C)(C)C(C)(C)C)(c2ccccc2)c2ccccc2)[C@@H]2C=C[C@@H]1C2,amide,Sigma-Aldrich,monoamine,367.609,False,,0,25.6956,3.0084,7.151,0,True,2,True,0,0,0,True,,17.598126917641004,4.369120992818106,2.9902526202258133,857.5181435141715,21.11349589153587,2.141255797207537,3.8572584777160035,0.0,8.0,,gc_formula_si,"Si monomer: HSP NOT reliable (Si groups fitted on 51 HSPiP Si compounds, only 7 measured, all much smaller than the monomers)",0.0,17.598126917641004,17.598126917641004,4.369120992818106,4.369120992818106,2.9902526202258133,2.9902526202258133
CC(C)(C)[Si](C)(C)OCCOCCOCCOCCO,CC(C)(C)[Si](C)(C)OCCOCCOCCOCCOC(=O)[C@@H]1[C@H](C(=O)OCCOCCOCCOCCO[Si](C)(C)C(C)(C)C)[C@@H]2C=C[C@@H]1C2,ester,Sigma-Aldrich,monoalcohol,308.491,False,,0,16.0036,9.7568,5.7184,0,True,2,True,0,0,0,True,,15.638946695512137,4.448449342498582,4.321825791978707,753.8182768041524,12.170209531903929,10.839343113605915,9.70159437935393,0.0,8.0,,gc_formula_si,"Si monomer: HSP NOT reliable (Si groups fitted on 51 HSPiP Si compounds, only 7 measured, all much smaller than the monomers)",0.0,15.638946695512137,15.638946695512137,4.448449342498582,4.448449342498582,4.321825791978707,4.321825791978707
CC(C)(C)[Si](C)(C)OCCOCCN,CC(C)(C)[Si](C)(C)OCCOCCNC(=O)[C@@H]1[C@H](C(=O)NCCOCCO[Si](C)(C)C(C)(C)C)[C@@H]2C=C[C@@H]1C2,amide,Sigma-Aldrich,monoamine,219.401,False,,0,12.5773,-4.6224,4.4975,0,True,2,True,2,0,0,True,,15.863778583939672,6.302496431748734,4.254766523623347,591.5042692876972,13.964460151201145,4.645153938376189,5.137352432773534,0.0,8.0,,gc_formula_si,"Si monomer: HSP NOT reliable (Si groups fitted on 51 HSPiP Si compounds, only 7 measured, all much smaller than the monomers)",0.0,15.863778583939672,15.863778583939672,6.302496431748734,6.302496431748734,4.254766523623347,4.254766523623347
C=C(C)C(=O)OCC(O)COCCC[Si]1(C)O[Si](C)(CCCOCC2CO2)O[Si](C)(CCCOCC2CO2)O[Si](C)(CCCOCC2CO2)O1,C=C(C)C(=O)OCC(COCCC[Si]1(C)O[Si](C)(CCCOCC2CO2)O[Si](C)(CCCOCC2CO2)O[Si](C)(CCCOCC2CO2)O1)OC(=O)[C@@H]1[C@H](C(=O)OC(COCCC[Si]2(C)O[Si](C)(CCCOCC3CO3)O[Si](C)(CCCOCC3CO3)O[Si](C)(CCCOCC3CO3)O2)COC(=O)C(=C)C)[C@@H]2C=C[C@@H]1C2,ester,Sigma-Aldrich,monoalcohol,783.178,False,,0,24.518,50.6456,3.0572,0,True,8,True,0,8,8,True,,15.717496536741383,4.694928513384404,4.832326966620271,1544.7823062975008,18.635828429228095,10.986442658017555,23.297998208563765,0.0,24.0,,gc_formula_si,"Si monomer: HSP NOT reliable (Si groups fitted on 51 HSPiP Si compounds, only 7 measured, all much smaller than the monomers)",0.0,15.717496536741383,15.717496536741383,4.694928513384404,4.694928513384404,4.832326966620271,4.832326966620271
CCO[Si](CCCN)(OCC)OCC,CCO[Si](CCCNC(=O)[C@@H]1[C@H](C(=O)NCCC[Si](OCC)(OCC)OCC)[C@@H]2C=C[C@@H]1C2)(OCC)OCC,amide,Sigma-Aldrich,monoamine,221.373,False,,0,15.8488,5.0242,8.3897,0,True,2,True,2,0,0,True,,16.064125675132164,6.592482972197394,4.060223341106472,564.462870420218,15.336978741724161,8.528872685092763,3.3968672743967794,0.0,8.0,,gc_formula_si,"Si monomer: HSP NOT reliable (Si groups fitted on 51 HSPiP Si compounds, only 7 measured, all much smaller than the monomers)",0.0,16.064125675132164,16.064125675132164,6.592482972197394,6.592482972197394,4.060223341106472,4.060223341106472
CC(C)(C)[Si](C)(C)OC(c1ccccc1)(c1ccccc1)[C@@H]1CCCN1,CC(C)(C)[Si](C)(C)OC(c1ccccc1)(c1ccccc1)[C@@H]1CCCN1C(=O)[C@@H]1[C@H](C(=O)N2CCC[C@H]2C(O[Si](C)(C)C(C)(C)C)(c2ccccc2)c2ccccc2)[C@@H]2C=C[C@@H]1C2,amide,Sigma-Aldrich,monoamine,367.609,False,,0,25.6956,3.0084,7.151,0,True,2,True,0,0,0,True,,17.598126917641004,4.369120992818106,2.9902526202258133,857.5181435141715,21.11349589153587,2.141255797207537,3.8572584777160035,0.0,8.0,,gc_formula_si,"Si monomer: HSP NOT reliable (Si groups fitted on 51 HSPiP Si compounds, only 7 measured, all much smaller than the monomers)",0.0,17.598126917641004,17.598126917641004,4.369120992818106,4.369120992818106,2.9902526202258133,2.9902526202258133
C[Si](C)(C)OC(c1ccccc1)(c1ccccc1)[C@H]1CCCN1,C[Si](C)(C)OC(c1ccccc1)(c1ccccc1)[C@H]1CCCN1C(=O)[C@@H]1[C@H](C(=O)N2CCC[C@@H]2C(O[Si](C)(C)C)(c2ccccc2)c2ccccc2)[C@@H]2C=C[C@@H]1C2,amide,Sigma-Aldrich,monoamine,325.528,False,,0,26.2069,5.5362,5.955,0,True,2,True,0,0,0,True,,17.95144930091965,4.7880667823362,3.4327914875438807,755.0396547509417,21.80257245273392,3.899789930602217,4.354116243098056,0.0,10.0,,gc_formula_si,"Si monomer: HSP NOT reliable (Si groups fitted on 51 HSPiP Si compounds, only 7 measured, all much smaller than the monomers)",0.0,17.95144930091965,17.95144930091965,4.7880667823362,4.7880667823362,3.4327914875438807,3.4327914875438807
C[Si](C)(C)OC(c1ccccc1)(c1ccccc1)[C@@H]1CCCN1,C[Si](C)(C)OC(c1ccccc1)(c1ccccc1)[C@@H]1CCCN1C(=O)[C@@H]1[C@H](C(=O)N2CCC[C@H]2C(O[Si](C)(C)C)(c2ccccc2)c2ccccc2)[C@@H]2C=C[C@@H]1C2,amide,Sigma-Aldrich,monoamine,325.528,False,,0,26.2069,5.5362,5.955,0,True,2,True,0,0,0,True,,17.95144930091965,4.7880667823362,3.4327914875438807,755.0396547509417,21.80257245273392,3.899789930602217,4.354116243098056,0.0,10.0,,gc_formula_si,"Si monomer: HSP NOT reliable (Si groups fitted on 51 HSPiP Si compounds, only 7 measured, all much smaller than the monomers)",0.0,17.95144930091965,17.95144930091965,4.7880667823362,4.7880667823362,3.4327914875438807,3.4327914875438807
CC(C)(C)[Si](C)(C)OCC1NC1C1OC(O)C2C(CO[Si](C)(C)C(C)(C)C)N12,CC(C)(C)[Si](C)(C)OCC1NC1C1OC(OC(=O)[C@@H]2[C@H](C(=O)OC3OC(C4NC4CO[Si](C)(C)C(C)(C)C)N4C(CO[Si](C)(C)C(C)(C)C)C34)[C@@H]3C=C[C@@H]2C3)C2C(CO[Si](C)(C)C(C)(C)C)N12,ester,Sigma-Aldrich,monoalcohol,430.738,False,,0,22.8222,8.6052,9.7004,0,True,4,True,2,0,0,True,,15.932434458768576,4.691113420262477,3.723068584684142,987.7249871850137,11.456304621542266,5.748871547789759,2.6170648566792307,0.0,16.0,,gc_formula_si,"Si monomer: HSP NOT reliable (Si groups fitted on 51 HSPiP Si compounds, only 7 measured, all much smaller than the monomers)",0.0,15.932434458768576,15.932434458768576,4.691113420262477,4.691113420262477,3.723068584684142,3.723068584684142
C[Si](C)(C)C#Cc1ccc(N)cc1,C[Si](C)(C)C#Cc1ccc(NC(=O)[C@@H]2[C@H](C(=O)Nc3ccc(C#C[Si](C)(C)C)cc3)[C@@H]3C=C[C@@H]2C3)cc1,amide,Sigma-Aldrich,monoamine,189.334,False,,0,18.5299,-2.0812,4.0486,2,True,2,True,0,0,0,True,,17.561157811213427,6.943438168659751,6.0719205603115665,510.9446828687589,18.51071264742716,7.3164021312743674,6.832083004126445,0.0,10.0,,gc_formula_si,"Si monomer: HSP NOT reliable (Si groups fitted on 51 HSPiP Si compounds, only 7 measured, all much smaller than the monomers)",0.0,17.561157811213427,17.561157811213427,6.943438168659751,6.943438168659751,6.0719205603115665,6.0719205603115665
Cc1cc(CC(C)C[Si](C)(O[Si](C)(C)C)O[Si](C)(C)C)c(O)c(-n2nc3ccccc3n2)c1,Cc1cc(CC(C)C[Si](C)(O[Si](C)(C)C)O[Si](C)(C)C)c(OC(=O)[C@@H]2[C@H](C(=O)Oc3c(CC(C)C[Si](C)(O[Si](C)(C)C)O[Si](C)(C)C)cc(C)cc3-n3nc4ccccc4n3)[C@@H]3C=C[C@@H]2C3)c(-n2nc3ccccc3n2)c1,ester,Sigma-Aldrich,monoalcohol,501.852,False,,0,22.1714,15.0104,6.4974,6,True,6,True,0,0,0,True,,16.41765538538693,4.545652655111132,3.7151327613184892,1120.1911611558505,19.21382869515397,1.6333530135579948,5.362772682013672,0.0,30.0,,gc_formula_si,"Si monomer: HSP NOT reliable (Si groups fitted on 51 HSPiP Si compounds, only 7 measured, all much smaller than the monomers)",0.0,16.41765538538693,16.41765538538693,4.545652655111132,4.545652655111132,3.7151327613184892,3.7151327613184892
CC(C)C[Si]12O[Si]3(CCCOCC(O)CO)O[Si]4(CC(C)C)O[Si](CC(C)C)(O1)O[Si]1(CC(C)C)O[Si](CC(C)C)(O2)O[Si](CC(C)C)(O3)O[Si](CC(C)C)(O4)O1,CC(C)C[Si]12O[Si]3(CCCOCC(O)COC(=O)[C@@H]4[C@H](C(=O)OCC(O)COCCC[Si]56O[Si]7(CC(C)C)O[Si]8(CC(C)C)O[Si](CC(C)C)(O5)O[Si]5(CC(C)C)O[Si](CC(C)C)(O6)O[Si](CC(C)C)(O7)O[Si](CC(C)C)(O8)O5)[C@@H]5C=C[C@@H]4C5)O[Si]4(CC(C)C)O[Si](CC(C)C)(O1)O[Si]1(CC(C)C)O[Si](CC(C)C)(O2)O[Si](CC(C)C)(O3)O[Si](CC(C)C)(O4)O1,ester,Sigma-Aldrich,diol,949.655,False,,0,28.0654,106.046,9.6265,0,True,16,True,0,16,16,True,,14.239929647858256,2.2727938125292235,3.7026193296443584,1812.716398791056,20.25002560902414,37.96304342956577,3.5991007414614913,0.0,40.0,,gc_formula_si,"Si monomer: HSP NOT reliable (Si groups fitted on 51 HSPiP Si compounds, only 7 measured, all much smaller than the monomers)",0.0,14.239929647858256,14.239929647858256,2.2727938125292235,2.2727938125292235,3.7026193296443584,3.7026193296443584
CC(C)C[Si]12O[Si]3(CCC4CCC(O)C(O)C4)O[Si]4(CC(C)C)O[Si](CC(C)C)(O1)O[Si]1(CC(C)C)O[Si](CC(C)C)(O2)O[Si](CC(C)C)(O3)O[Si](CC(C)C)(O4)O1,CC(C)C[Si]12O[Si]3(CCC4CCC(O)C(OC(=O)[C@@H]5[C@H](C(=O)OC6CC(CC[Si]78O[Si]9(CC(C)C)O[Si]%10(CC(C)C)O[Si](CC(C)C)(O7)O[Si]7(CC(C)C)O[Si](CC(C)C)(O8)O[Si](CC(C)C)(O9)O[Si](CC(C)C)(O%10)O7)CCC6O)[C@@H]6C=C[C@@H]5C6)C4)O[Si]4(CC(C)C)O[Si](CC(C)C)(O1)O[Si]1(CC(C)C)O[Si](CC(C)C)(O2)O[Si](CC(C)C)(O3)O[Si](CC(C)C)(O4)O1,ester,Sigma-Aldrich,diol,959.694,False,,0,27.9691,89.8282,9.0693,0,True,16,True,0,18,20,True,,14.335793231512614,1.893736833494939,2.2000422089365705,1867.7424145972932,20.007890676232844,32.97098572091566,4.406006504923302,0.0,40.0,,gc_formula_si,"Si monomer: HSP NOT reliable (Si groups fitted on 51 HSPiP Si compounds, only 7 measured, all much smaller than the monomers)",0.0,14.335793231512614,14.335793231512614,1.893736833494939,1.893736833494939,2.2000422089365705,2.2000422089365705
C[Si](C)(C)O[Si](CCCN)(O[Si](C)(C)C)O[Si](C)(C)C,C[Si](C)(C)O[Si](CCCNC(=O)[C@@H]1[C@H](C(=O)NCCC[Si](O[Si](C)(C)C)(O[Si](C)(C)C)O[Si](C)(C)C)[C@@H]2C=C[C@@H]1C2)(O[Si](C)(C)C)O[Si](C)(C)C,amide,Sigma-Aldrich,monoamine,353.76,False,,0,12.4873,20.6662,7.2558,0,True,8,True,2,0,0,True,,14.190377830589348,4.726302945634298,3.2069620833998522,897.6626834096062,11.56400820406656,4.540355429193376,2.3277704223410165,0.0,32.0,,gc_formula_si,"Si monomer: HSP NOT reliable (Si groups fitted on 51 HSPiP Si compounds, only 7 measured, all much smaller than the monomers)",0.0,14.190377830589348,14.190377830589348,4.726302945634298,4.726302945634298,3.2069620833998522,3.2069620833998522
C[Si](C)(C)CN,C[Si](C)(C)CNC(=O)[C@@H]1[C@H](C(=O)NC[Si](C)(C)C)[C@@H]2C=C[C@@H]1C2,amide,Sigma-Aldrich,monoamine,103.241,False,,0,13.3361,-1.5074,8.7571,0,True,2,True,2,0,0,True,,16.07085343282396,7.30689059971127,4.959497147956699,364.9532071641262,15.616037759137331,7.240140303377937,3.455721380120952,0.0,8.0,,gc_formula_si,"Si monomer: HSP NOT reliable (Si groups fitted on 51 HSPiP Si compounds, only 7 measured, all much smaller than the monomers)",0.0,16.07085343282396,16.07085343282396,7.30689059971127,7.30689059971127,4.959497147956699,4.959497147956699
CCO[Si](CCCN(CCO)CCO)(OCC)OCC,CCO[Si](CCCN(CCO)CCOC(=O)[C@@H]1[C@H](C(=O)OCCN(CCO)CCC[Si](OCC)(OCC)OCC)[C@@H]2C=C[C@@H]1C2)(OCC)OCC,ester,Sigma-Aldrich,"diol,monoamine",309.479,False,,0,19.6148,18.2796,18.0717,0,True,2,True,0,0,0,True,,16.032687329852205,4.888547802288844,6.701637224774381,714.3134479986089,14.876032447583487,11.098883697107464,6.356264467324134,0.0,8.0,,gc_formula_si,"Si monomer: HSP NOT reliable (Si groups fitted on 51 HSPiP Si compounds, only 7 measured, all much smaller than the monomers)",0.0,16.032687329852205,16.032687329852205,4.888547802288844,4.888547802288844,6.701637224774381,6.701637224774381
Oc1c([Si](c2ccccc2)(c2ccccc2)c2ccccc2)cc2ccccc2c1-c1c(O)c([Si](c2ccccc2)(c2ccccc2)c2ccccc2)cc2ccccc12,O=C(Oc1c([Si](c2ccccc2)(c2ccccc2)c2ccccc2)cc2ccccc2c1-c1c(O)c([Si](c2ccccc2)(c2ccccc2)c2ccccc2)cc2ccccc12)[C@@H]1[C@H](C(=O)Oc2c([Si](c3ccccc3)(c3ccccc3)c3ccccc3)cc3ccccc3c2-c2c(O)c([Si](c3ccccc3)(c3ccccc3)c3ccccc3)cc3ccccc23)[C@@H]2C=C[C@@H]1C2,ester,Sigma-Aldrich,diol,803.122,False,,0,39.2216,-3.9518,9.3746,0,True,4,True,0,0,0,True,,19.73936526221948,2.3847051683107017,4.302501522642842,1520.5656288462428,33.61639026385302,2.5728610111116312,13.386321234811772,0.0,4.0,,gc_formula_si,"Si monomer: HSP NOT reliable (Si groups fitted on 51 HSPiP Si compounds, only 7 measured, all much smaller than the monomers)",0.0,19.73936526221948,19.73936526221948,2.3847051683107017,2.3847051683107017,4.302501522642842,4.302501522642842
CN[C@H](C)[C@H](OB1C2CCCC(CCC2)[C@H]1[Si](C)(C)C)c1ccccc1,C[C@H]([C@H](OB1C2CCCC(CCC2)[C@H]1[Si](C)(C)C)c1ccccc1)N(C)C(=O)[C@@H]1[C@H](C(=O)N(C)[C@H](C)[C@H](OB2C3CCCC(CCC3)[C@H]2[Si](C)(C)C)c2ccccc2)[C@@H]2C=C[C@@H]1C2,amide,Sigma-Aldrich,monoamine,371.45,False,,0,22.9005,-2.1106,5.4676,2,True,2,True,0,0,0,True,,16.845800811710404,3.836595128562931,2.474549085736073,904.9249154795482,18.54420518859466,0.5454039546847573,2.742430920545103,0.0,10.0,,gc_formula_si,"Si monomer: HSP NOT reliable (Si groups fitted on 51 HSPiP Si compounds, only 7 measured, all much smaller than the monomers)",0.0,16.845800811710404,16.845800811710404,3.836595128562931,3.836595128562931,2.474549085736073,2.474549085736073
CN[C@@H](C)[C@@H](OB1C2CCCC(CCC2)[C@@H]1[Si](C)(C)C)c1ccccc1,C[C@@H]([C@@H](OB1C2CCCC(CCC2)[C@@H]1[Si](C)(C)C)c1ccccc1)N(C)C(=O)[C@@H]1[C@H](C(=O)N(C)[C@@H](C)[C@@H](OB2C3CCCC(CCC3)[C@@H]2[Si](C)(C)C)c2ccccc2)[C@@H]2C=C[C@@H]1C2,amide,Sigma-Aldrich,monoamine,371.45,False,,0,22.9005,-2.1106,5.4676,2,True,2,True,0,0,0,True,,16.845800811710404,3.836595128562931,2.474549085736073,904.9249154795482,18.54420518859466,0.5454039546847573,2.742430920545103,0.0,10.0,,gc_formula_si,"Si monomer: HSP NOT reliable (Si groups fitted on 51 HSPiP Si compounds, only 7 measured, all much smaller than the monomers)",0.0,16.845800811710404,16.845800811710404,3.836595128562931,3.836595128562931,2.474549085736073,2.474549085736073
CC(O)C#C[Si](C)(C)C,CC(C#C[Si](C)(C)C)OC(=O)[C@@H]1[C@H](C(=O)OC(C)C#C[Si](C)(C)C)[C@@H]2C=C[C@@H]1C2,ester,Sigma-Aldrich,monoalcohol,142.274,False,,0,14.118,0.3,5.1148,0,True,2,True,0,0,0,True,,15.386945469653003,4.008648093697263,4.411430633658263,474.5173090301698,13.187711578469587,6.350106293736728,5.6632509586540865,0.0,8.0,,gc_formula_si,"Si monomer: HSP NOT reliable (Si groups fitted on 51 HSPiP Si compounds, only 7 measured, all much smaller than the monomers)",0.0,15.386945469653003,15.386945469653003,4.008648093697263,4.008648093697263,4.411430633658263,4.411430633658263
C[Si](C)(C)C#Cc1ccc(CO)cc1,C[Si](C)(C)C#Cc1ccc(COC(=O)[C@@H]2[C@H](C(=O)OCc3ccc(C#C[Si](C)(C)C)cc3)[C@@H]3C=C[C@@H]2C3)cc1,ester,Sigma-Aldrich,monoalcohol,204.345,False,,0,20.3949,4.2008,4.9032,0,True,2,True,0,0,0,True,,17.023165678212138,3.6180831683991155,4.163132745343402,545.595778960385,17.28176005479352,6.9146957550153925,6.733816187482717,0.0,8.0,,gc_formula_si,"Si monomer: HSP NOT reliable (Si groups fitted on 51 HSPiP Si compounds, only 7 measured, all much smaller than the monomers)",0.0,17.023165678212138,17.023165678212138,3.6180831683991155,3.6180831683991155,4.163132745343402,4.163132745343402
C[Si](C)(C)C#CC(O)c1ccccc1,C[Si](C)(C)C#CC(OC(=O)[C@@H]1[C@H](C(=O)OC(C#C[Si](C)(C)C)c2ccccc2)[C@@H]2C=C[C@@H]1C2)c1ccccc1,ester,Sigma-Aldrich,monoalcohol,204.345,False,,0,19.5948,0.1404,5.5218,0,True,2,True,0,0,0,True,,16.789985049775172,3.7560977032911285,4.250140076841026,567.972582473202,17.611670445471415,6.538223854074487,6.6845238428880736,0.0,8.0,,gc_formula_si,"Si monomer: HSP NOT reliable (Si groups fitted on 51 HSPiP Si compounds, only 7 measured, all much smaller than the monomers)",0.0,16.789985049775172,16.789985049775172,3.7560977032911285,3.7560977032911285,4.250140076841026,4.250140076841026
CCC(C)N[Si](C)(C)C,CCC(C)N(C(=O)[C@@H]1[C@H](C(=O)N(C(C)CC)[Si](C)(C)C)[C@@H]2C=C[C@@H]1C2)[Si](C)(C)C,amide,Sigma-Aldrich,monoamine,145.322,False,,0,15.2779,-3.0548,3.9629,0,True,2,True,0,0,0,True,,15.448270531521768,4.985631450220254,3.3460366378063005,489.71488858303127,14.049367987472175,2.699553574715717,4.761147440633365,0.0,10.0,,gc_formula_si,"Si monomer: HSP NOT reliable (Si groups fitted on 51 HSPiP Si compounds, only 7 measured, all much smaller than the monomers)",0.0,15.448270531521768,15.448270531521768,4.985631450220254,4.985631450220254,3.3460366378063005,3.3460366378063005
C[Si](CCO)c1ccccc1,C[Si](CCOC(=O)[C@@H]1[C@H](C(=O)OCC[Si](C)c2ccccc2)[C@@H]2C=C[C@@H]1C2)c1ccccc1,ester,Sigma-Aldrich,monoalcohol,165.288,False,,0,20.2499,3.0058,3.1471,2,True,2,True,0,0,0,True,,17.363312157068897,3.583650138087948,4.166449942200739,464.5156853581367,18.25901141875723,4.518922216523149,4.738247056739159,2.0,4.0,,gc_formula_si,"Si monomer: HSP NOT reliable (Si groups fitted on 51 HSPiP Si compounds, only 7 measured, all much smaller than the monomers)",2.0,17.363312157068897,17.363312157068897,3.583650138087948,3.583650138087948,4.166449942200739,4.166449942200739
C[Si](C)(C)C#CCCCO,C[Si](C)(C)C#CCCCOC(=O)[C@@H]1[C@H](C(=O)OCCCC#C[Si](C)(C)C)[C@@H]2C=C[C@@H]1C2,ester,Sigma-Aldrich,monoalcohol,156.301,False,,0,16.2872,4.4968,4.0524,0,True,2,True,0,0,0,True,,15.71127012729473,3.893502310575953,4.284656850458376,483.9822648057396,14.10447345684595,6.535833416657156,5.896066765014693,0.0,8.0,,gc_formula_si,"Si monomer: HSP NOT reliable (Si groups fitted on 51 HSPiP Si compounds, only 7 measured, all much smaller than the monomers)",0.0,15.71127012729473,15.71127012729473,3.893502310575953,3.893502310575953,4.284656850458376,4.284656850458376
COC(=O)[C@@H](O)CCO[Si](C)(C)C(C)(C)C,COC(=O)[C@H](CCO[Si](C)(C)C(C)(C)C)OC(=O)[C@@H]1[C@H](C(=O)O[C@@H](CCO[Si](C)(C)C(C)(C)C)C(=O)OC)[C@@H]2C=C[C@@H]1C2,ester,Sigma-Aldrich,monoalcohol,248.395,False,,0,15.7414,12.8142,6.9268,0,True,2,True,0,0,0,True,,15.723027379023254,4.132843291225478,4.376392782450254,625.3416163998833,13.214867944001362,5.875691205402254,4.685011760600259,0.0,8.0,,gc_formula_si,"Si monomer: HSP NOT reliable (Si groups fitted on 51 HSPiP Si compounds, only 7 measured, all much smaller than the monomers)",0.0,15.723027379023254,15.723027379023254,4.132843291225478,4.132843291225478,4.376392782450254,4.376392782450254
CC(C)(C)[Si](C)(C)Oc1ccc(O)cc1,CC(C)(C)[Si](C)(C)Oc1ccc(OC(=O)[C@@H]2[C@H](C(=O)Oc3ccc(O[Si](C)(C)C(C)(C)C)cc3)[C@@H]3C=C[C@@H]2C3)cc1,ester,Sigma-Aldrich,monoalcohol,224.376,False,,0,18.7639,3.6074,7.1494,2,True,2,True,0,0,0,True,,16.17519818236041,3.003991948431115,3.0141843653875675,608.4385575852234,14.407399918260149,3.660127188548193,0.6833642007972986,0.0,10.0,,gc_formula_si,"Si monomer: HSP NOT reliable (Si groups fitted on 51 HSPiP Si compounds, only 7 measured, all much smaller than the monomers)",0.0,16.17519818236041,16.17519818236041,3.003991948431115,3.003991948431115,3.0141843653875675,3.0141843653875675
CCO[Si](C)(C)CCCN,CCO[Si](C)(C)CCCNC(=O)[C@@H]1[C@H](C(=O)NCCC[Si](C)(C)OCC)[C@@H]2C=C[C@@H]1C2,amide,Sigma-Aldrich,monoamine,161.321,False,,0,13.6821,-2.0518,7.3519,0,True,2,True,2,0,0,True,,16.101416597790838,6.659208585744524,4.365224362400067,476.1094439859915,15.503120439064325,6.873780270896979,3.2671637421732003,0.0,8.0,,gc_formula_si,"Si monomer: HSP NOT reliable (Si groups fitted on 51 HSPiP Si compounds, only 7 measured, all much smaller than the monomers)",0.0,16.101416597790838,16.101416597790838,6.659208585744524,6.659208585744524,4.365224362400067,4.365224362400067
CC(C)(C)[Si](C)(C)OCCCCO,CC(C)(C)[Si](C)(C)OCCCCOC(=O)[C@@H]1[C@H](C(=O)OCCCCO[Si](C)(C)C(C)(C)C)[C@@H]2C=C[C@@H]1C2,ester,Sigma-Aldrich,monoalcohol,204.386,False,,0,15.3132,5.5058,5.9506,0,True,2,True,0,0,0,True,,15.451963237887863,3.158019053944546,3.0555906504677766,580.9722019345096,12.686777109551054,3.615556703368375,2.514243296401921,0.0,8.0,,gc_formula_si,"Si monomer: HSP NOT reliable (Si groups fitted on 51 HSPiP Si compounds, only 7 measured, all much smaller than the monomers)",0.0,15.451963237887863,15.451963237887863,3.158019053944546,3.158019053944546,3.0555906504677766,3.0555906504677766
CC(C)(C)[Si](C)(C)OCCCO,CC(C)(C)[Si](C)(C)OCCCOC(=O)[C@@H]1[C@H](C(=O)OCCCO[Si](C)(C)C(C)(C)C)[C@@H]2C=C[C@@H]1C2,ester,Sigma-Aldrich,monoalcohol,190.359,False,,0,15.2823,6.134,6.1828,0,True,2,True,0,0,0,True,,15.390670327031637,3.264587035242195,3.1506734030096424,547.4824401321335,12.707416484001842,3.7183090866305637,2.5963694716307097,0.0,8.0,,gc_formula_si,"Si monomer: HSP NOT reliable (Si groups fitted on 51 HSPiP Si compounds, only 7 measured, all much smaller than the monomers)",0.0,15.390670327031637,15.390670327031637,3.264587035242195,3.264587035242195,3.1506734030096424,3.1506734030096424
CNCCC[Si](OC)(OC)OC,CO[Si](CCCN(C)C(=O)[C@@H]1[C@H](C(=O)N(C)CCC[Si](OC)(OC)OC)[C@@H]2C=C[C@@H]1C2)(OC)OC,amide,Sigma-Aldrich,monoamine,193.319,False,,0,19.5522,11.3676,12.2979,0,True,2,True,0,0,0,True,,15.959970772199144,6.018492313231692,3.915155383364563,503.5800205350181,14.731325022362244,6.108233583640752,2.934026461264027,0.0,8.0,,gc_formula_si,"Si monomer: HSP NOT reliable (Si groups fitted on 51 HSPiP Si compounds, only 7 measured, all much smaller than the monomers)",0.0,15.959970772199144,15.959970772199144,6.018492313231692,6.018492313231692,3.915155383364563,3.915155383364563
CC(C)(C)OC(=O)N[C@H](CO)CO[Si](C)(C)C(C)(C)C,CC(C)(C)OC(=O)N[C@H](COC(=O)[C@@H]1[C@H](C(=O)OC[C@H](CO[Si](C)(C)C(C)(C)C)NC(=O)OC(C)(C)C)[C@@H]2C=C[C@@H]1C2)CO[Si](C)(C)C(C)(C)C,ester,Sigma-Aldrich,monoalcohol,305.491,False,,0,9.2691,6.9556,9.2302,0,True,2,True,2,0,0,True,,15.661080990267367,4.854681358590437,4.545336121884128,778.6357740571344,10.738413724472915,5.681377661876917,3.6552396723902456,0.0,8.0,,gc_formula_si,"Si monomer: HSP NOT reliable (Si groups fitted on 51 HSPiP Si compounds, only 7 measured, all much smaller than the monomers)",0.0,15.661080990267367,15.661080990267367,4.854681358590437,4.854681358590437,4.545336121884128,4.545336121884128
C[Si](C)(C)C#Cc1ccccc1N,C[Si](C)(C)C#Cc1ccccc1NC(=O)[C@@H]1[C@H](C(=O)Nc2ccccc2C#C[Si](C)(C)C)[C@@H]2C=C[C@@H]1C2,amide,Sigma-Aldrich,monoamine,189.334,False,,0,18.5299,-2.0812,4.0486,2,True,2,True,0,0,0,True,,17.561157811213427,6.943438168659751,6.0719205603115665,510.9446828687589,18.51071264742716,7.3164021312743674,6.832083004126445,0.0,10.0,,gc_formula_si,"Si monomer: HSP NOT reliable (Si groups fitted on 51 HSPiP Si compounds, only 7 measured, all much smaller than the monomers)",0.0,17.561157811213427,17.561157811213427,6.943438168659751,6.943438168659751,6.0719205603115665,6.0719205603115665
CC(C)(C)[Si](C)(C)OC[C@H]1OC=C[C@@H](O)[C@H]1O,CC(C)(C)[Si](C)(C)OC[C@H]1OC=C[C@@H](OC(=O)[C@@H]2[C@H](C(=O)O[C@@H]3C=CO[C@H](CO[Si](C)(C)C(C)(C)C)[C@@H]3O)[C@@H]3C=C[C@@H]2C3)[C@H]1O,ester,Sigma-Aldrich,diol,260.406,False,,0,18.6069,6.6388,19.1169,0,True,2,True,0,0,0,True,,16.02725373760201,4.933022820349321,4.591692927299362,661.7874082856572,13.434948854378941,10.110605840084705,5.988334183906996,0.0,8.0,,gc_formula_si,"Si monomer: HSP NOT reliable (Si groups fitted on 51 HSPiP Si compounds, only 7 measured, all much smaller than the monomers)",0.0,16.02725373760201,16.02725373760201,4.933022820349321,4.933022820349321,4.591692927299362,4.591692927299362
CC(C)(C)[Si](OC[C@@H](O)[C@@H]1OC(=O)O[C@H](C=O)[C@H]1O)(c1ccccc1)c1ccccc1,CC(C)(C)[Si](OC[C@@H](O)[C@@H]1OC(=O)O[C@H](C=O)[C@H]1OC(=O)[C@@H]1[C@H](C(=O)O[C@H]2[C@H]([C@H](O)CO[Si](c3ccccc3)(c3ccccc3)C(C)(C)C)OC(=O)O[C@@H]2C=O)[C@@H]2C=C[C@@H]1C2)(c1ccccc1)c1ccccc1,ester,Sigma-Aldrich,diol,444.556,False,,0,24.5885,31.3804,16.9797,0,True,2,True,0,0,0,True,,17.962845289845227,7.983708062734996,6.190870728740673,889.6078184464207,23.530244077557054,22.174244756970012,3.664338229490787,0.0,4.0,,gc_formula_si,"Si monomer: HSP NOT reliable (Si groups fitted on 51 HSPiP Si compounds, only 7 measured, all much smaller than the monomers)",0.0,17.962845289845227,17.962845289845227,7.983708062734996,7.983708062734996,6.190870728740673,6.190870728740673
CC(=O)O[C@@H]([C@H](OC(C)=O)[C@@H](O)C=O)[C@H](O)CO[Si](C)(C)C(C)(C)C,CC(=O)O[C@@H]([C@H](OC(C)=O)[C@@H](CO[Si](C)(C)C(C)(C)C)OC(=O)[C@@H]1[C@H](C(=O)O[C@H](CO[Si](C)(C)C(C)(C)C)[C@@H](OC(C)=O)[C@H](OC(C)=O)[C@@H](O)C=O)[C@@H]2C=C[C@@H]1C2)[C@@H](O)C=O,ester,Sigma-Aldrich,diol,378.494,False,,0,13.776,11.8308,25.9169,0,True,2,True,0,0,0,True,,16.266996246058557,5.947570414337317,7.124751557151243,815.1458980451066,14.990413760907805,10.999585806413364,10.080076581592172,0.0,8.0,,gc_formula_si,"Si monomer: HSP NOT reliable (Si groups fitted on 51 HSPiP Si compounds, only 7 measured, all much smaller than the monomers)",0.0,16.266996246058557,16.266996246058557,5.947570414337317,5.947570414337317,7.124751557151243,7.124751557151243
OCCO[Si]12OCCN(CCO1)CCO2,O=C(OCCO[Si]12OCCN(CCO1)CCO2)[C@@H]1[C@H](C(=O)OCCO[Si]23OCCN(CCO2)CCO3)[C@@H]2C=C[C@@H]1C2,ester,Sigma-Aldrich,"monoalcohol,monoamine",235.312,False,,0,26.0356,22.2472,14.6413,0,True,2,True,0,0,0,True,,17.392983549625267,6.082726902258242,5.35566544416593,498.4855930921129,19.296803507998618,6.347969310392334,6.316763130370045,0.0,10.0,,gc_formula_si,"Si monomer: HSP NOT reliable (Si groups fitted on 51 HSPiP Si compounds, only 7 measured, all much smaller than the monomers)",0.0,17.392983549625267,17.392983549625267,6.082726902258242,6.082726902258242,5.35566544416593,5.35566544416593
C[Si](C)(C)CC(O)CO,C[Si](C)(C)CC(O)COC(=O)[C@@H]1[C@H](C(=O)OCC(O)C[Si](C)(C)C)[C@@H]2C=C[C@@H]1C2,ester,Sigma-Aldrich,diol,148.278,False,,0,17.1569,10.8362,17.4395,0,True,2,True,0,0,0,True,,15.978348768648672,4.789699899648404,7.42226601115248,432.955410674491,15.195866203644718,7.222919271772749,12.164853286536243,0.0,8.0,,gc_formula_si,"Si monomer: HSP NOT reliable (Si groups fitted on 51 HSPiP Si compounds, only 7 measured, all much smaller than the monomers)",0.0,15.978348768648672,15.978348768648672,4.789699899648404,4.789699899648404,7.42226601115248,7.42226601115248
CO[Si](CCCNc1ccccc1)(OC)OC,CO[Si](CCCN(C(=O)[C@@H]1[C@H](C(=O)N(CCC[Si](OC)(OC)OC)c2ccccc2)[C@@H]2C=C[C@@H]1C2)c1ccccc1)(OC)OC,amide,Sigma-Aldrich,monoamine,255.39,False,,0,20.747,5.9752,7.1939,2,True,2,True,0,0,0,True,,17.359886298690032,5.2301000171620835,3.3972008629983104,589.9619639277727,18.63202039533452,4.576529594307174,3.299499120754543,0.0,10.0,,gc_formula_si,"Si monomer: HSP NOT reliable (Si groups fitted on 51 HSPiP Si compounds, only 7 measured, all much smaller than the monomers)",0.0,17.359886298690032,17.359886298690032,5.2301000171620835,5.2301000171620835,3.3972008629983104,3.3972008629983104
CC(C)(C)[Si](C)(C)OCCCCCO,CC(C)(C)[Si](C)(C)OCCCCCOC(=O)[C@@H]1[C@H](C(=O)OCCCCCO[Si](C)(C)C(C)(C)C)[C@@H]2C=C[C@@H]1C2,ester,Sigma-Aldrich,monoalcohol,218.413,False,,0,15.344,4.8776,5.7184,0,True,2,True,0,0,0,True,,15.506370805293777,3.0599425033938386,2.96830767322055,614.4619637368857,12.66608982199851,3.5128043201061856,2.4321171211731323,0.0,8.0,,gc_formula_si,"Si monomer: HSP NOT reliable (Si groups fitted on 51 HSPiP Si compounds, only 7 measured, all much smaller than the monomers)",0.0,15.506370805293777,15.506370805293777,3.0599425033938386,3.0599425033938386,2.96830767322055,2.96830767322055
CO[Si](CCCNCCC[Si](OC)(OC)OC)(OC)OC,CO[Si](CCCN(CCC[Si](OC)(OC)OC)C(=O)[C@@H]1[C@H](C(=O)N(CCC[Si](OC)(OC)OC)CCC[Si](OC)(OC)OC)[C@@H]2C=C[C@@H]1C2)(OC)OC,amide,Sigma-Aldrich,monoamine,341.553,False,,0,21.7761,18.8508,14.5625,0,True,4,True,0,0,0,True,,15.572900695543291,5.237193532313192,3.3941561676002605,778.5863972981209,11.614027599584832,4.450259273630031,1.7234155268923876,0.0,16.0,,gc_formula_si,"Si monomer: HSP NOT reliable (Si groups fitted on 51 HSPiP Si compounds, only 7 measured, all much smaller than the monomers)",0.0,15.572900695543291,15.572900695543291,5.237193532313192,5.237193532313192,3.3941561676002605,3.3941561676002605
CCO[Si](C)(CCCN)OCC,CCO[Si](C)(CCCNC(=O)[C@@H]1[C@H](C(=O)NCCC[Si](C)(OCC)OCC)[C@@H]2C=C[C@@H]1C2)OCC,amide,Sigma-Aldrich,monoamine,191.347,False,,0,14.538,-2.0518,7.6181,0,True,2,True,2,0,0,True,,16.081198709831614,6.623096418008141,4.202523170915754,520.2861572031047,15.420368141857525,7.701326477994871,3.3320155082849903,0.0,8.0,,gc_formula_si,"Si monomer: HSP NOT reliable (Si groups fitted on 51 HSPiP Si compounds, only 7 measured, all much smaller than the monomers)",0.0,16.081198709831614,16.081198709831614,6.623096418008141,6.623096418008141,4.202523170915754,4.202523170915754
C[Si](C)(C)C/C=C/O,C[Si](C)(C)C/C=C/OC(=O)[C@@H]1[C@H](C(=O)O/C=C/C[Si](C)(C)C)[C@@H]2C=C[C@@H]1C2,ester,Sigma-Aldrich,monoalcohol,130.263,False,,0,15.6308,1.4876,5.1188,2,True,2,True,0,0,0,True,,15.62539913512706,3.272522767698265,3.7910902672855307,432.9158676014622,14.955790056840478,4.049941944754034,3.3469229792659903,0.0,10.0,,gc_formula_si,"Si monomer: HSP NOT reliable (Si groups fitted on 51 HSPiP Si compounds, only 7 measured, all much smaller than the monomers)",0.0,15.62539913512706,15.62539913512706,3.272522767698265,3.272522767698265,3.7910902672855307,3.7910902672855307
C[Si](CCO)(c1ccccc1)c1ccccc1,C[Si](CCOC(=O)[C@@H]1[C@H](C(=O)OCC[Si](C)(c2ccccc2)c2ccccc2)[C@@H]2C=C[C@@H]1C2)(c1ccccc1)c1ccccc1,ester,Sigma-Aldrich,monoalcohol,242.394,False,,0,24.4997,1.13,5.8008,0,True,2,True,0,0,0,True,,18.06583344169635,2.962518087756092,3.8467680200692085,587.8758030825661,21.795256702595825,3.0012851787573047,5.485637655288948,0.0,4.0,,gc_formula_si,"Si monomer: HSP NOT reliable (Si groups fitted on 51 HSPiP Si compounds, only 7 measured, all much smaller than the monomers)",0.0,18.06583344169635,18.06583344169635,2.962518087756092,2.962518087756092,3.8467680200692085,3.8467680200692085
CC(C)(C)N[Si](C)(C)C,CC(C)(C)N(C(=O)[C@@H]1[C@H](C(=O)N(C(C)(C)C)[Si](C)(C)C)[C@@H]2C=C[C@@H]1C2)[Si](C)(C)C,amide,Sigma-Aldrich,monoamine,145.322,False,,0,14.8318,3.466,3.2521,0,True,2,True,0,0,0,True,,15.250342909513456,4.8933555157980715,3.0225028683829622,485.4623725764796,13.15928894795766,2.2488778366780657,4.724626034633356,0.0,10.0,,gc_formula_si,"Si monomer: HSP NOT reliable (Si groups fitted on 51 HSPiP Si compounds, only 7 measured, all much smaller than the monomers)",0.0,15.250342909513456,15.250342909513456,4.8933555157980715,4.8933555157980715,3.0225028683829622,3.0225028683829622
C[Si](C)(C)C#CCO,C[Si](C)(C)C#CCOC(=O)[C@@H]1[C@H](C(=O)OCC#C[Si](C)(C)C)[C@@H]2C=C[C@@H]1C2,ester,Sigma-Aldrich,monoalcohol,128.247,False,,0,16.2305,5.7532,4.5168,0,True,2,True,0,0,0,True,,15.594167651052567,4.217771759857642,4.621348241059405,417.0027412009875,14.139951204626284,6.741338183181534,6.06031911547227,0.0,8.0,,gc_formula_si,"Si monomer: HSP NOT reliable (Si groups fitted on 51 HSPiP Si compounds, only 7 measured, all much smaller than the monomers)",0.0,15.594167651052567,15.594167651052567,4.217771759857642,4.217771759857642,4.621348241059405,4.621348241059405
C[Si](C)(C)CNCc1ccccc1,C[Si](C)(C)CN(Cc1ccccc1)C(=O)[C@@H]1[C@H](C(=O)N(Cc2ccccc2)C[Si](C)(C)C)[C@@H]2C=C[C@@H]1C2,amide,Sigma-Aldrich,monoamine,193.366,False,,0,20.6835,-4.0088,3.3453,0,True,2,True,0,0,0,True,,16.964504265888696,5.358086852132307,3.5236645589212277,536.2249890404331,18.353665264048406,4.150099114318477,4.790985855783404,0.0,8.0,,gc_formula_si,"Si monomer: HSP NOT reliable (Si groups fitted on 51 HSPiP Si compounds, only 7 measured, all much smaller than the monomers)",0.0,16.964504265888696,16.964504265888696,5.358086852132307,5.358086852132307,3.5236645589212277,3.5236645589212277
CO[Si](CCCN)(OC)OC,CO[Si](CCCNC(=O)[C@@H]1[C@H](C(=O)NCCC[Si](OC)(OC)OC)[C@@H]2C=C[C@@H]1C2)(OC)OC,amide,Sigma-Aldrich,monoamine,179.292,False,,0,17.7043,10.0648,15.1877,0,True,2,True,2,0,0,True,,16.38654694471092,7.070768080988449,4.830211892137548,458.1616017664336,15.815110312047855,11.263423870102201,2.776977627006361,0.0,8.0,,gc_formula_si,"Si monomer: HSP NOT reliable (Si groups fitted on 51 HSPiP Si compounds, only 7 measured, all much smaller than the monomers)",0.0,16.38654694471092,16.38654694471092,7.070768080988449,7.070768080988449,4.830211892137548,4.830211892137548
C[Si](C)(C)CCCO,C[Si](C)(C)CCCOC(=O)[C@@H]1[C@H](C(=O)OCCC[Si](C)(C)C)[C@@H]2C=C[C@@H]1C2,ester,Sigma-Aldrich,monoalcohol,132.279,False,,0,16.1377,6.4072,4.7546,0,True,2,True,0,0,0,True,,15.57384020143564,3.3234263127146275,3.889517416450148,434.3630059690703,14.394449286868728,3.9337603554441554,3.0844881009788505,0.0,8.0,,gc_formula_si,"Si monomer: HSP NOT reliable (Si groups fitted on 51 HSPiP Si compounds, only 7 measured, all much smaller than the monomers)",0.0,15.57384020143564,15.57384020143564,3.3234263127146275,3.3234263127146275,3.889517416450148,3.889517416450148
C[Si](C)(C)CCO,C[Si](C)(C)CCOC(=O)[C@@H]1[C@H](C(=O)OCC[Si](C)(C)C)[C@@H]2C=C[C@@H]1C2,ester,Sigma-Aldrich,monoalcohol,118.252,False,,0,16.109,7.0354,3.6211,0,True,2,True,0,0,0,True,,15.500922081994657,3.47411690159547,4.051928298900366,400.87324416669423,14.411697748851706,4.036512738706344,3.16661427620764,0.0,8.0,,gc_formula_si,"Si monomer: HSP NOT reliable (Si groups fitted on 51 HSPiP Si compounds, only 7 measured, all much smaller than the monomers)",0.0,15.500922081994657,15.500922081994657,3.47411690159547,3.47411690159547,4.051928298900366,4.051928298900366
CC(C)(C)[Si](C)(C)OCCOCCOCCO,CC(C)(C)[Si](C)(C)OCCOCCOCCOC(=O)[C@@H]1[C@H](C(=O)OCCOCCOCCO[Si](C)(C)C(C)(C)C)[C@@H]2C=C[C@@H]1C2,ester,Ambeed,monoalcohol,264.438,False,,0,15.7585,8.7586,5.9506,0,True,2,True,0,0,0,True,,15.558749535969232,4.202835322998836,4.077099275590472,673.8764106460209,12.360133148478972,8.49991589903486,7.360561468522451,0.0,8.0,,gc_formula_si,"Si monomer: HSP NOT reliable (Si groups fitted on 51 HSPiP Si compounds, only 7 measured, all much smaller than the monomers)",0.0,15.558749535969232,15.558749535969232,4.202835322998836,4.202835322998836,4.077099275590472,4.077099275590472
CC(C)(C)[Si](C)(C)OCCOCCO,CC(C)(C)[Si](C)(C)OCCOCCOC(=O)[C@@H]1[C@H](C(=O)OCCOCCO[Si](C)(C)C(C)(C)C)[C@@H]2C=C[C@@H]1C2,ester,Ambeed,monoalcohol,220.385,False,,0,15.5078,7.7604,6.1828,0,True,2,True,0,0,0,True,,15.456364566325448,3.868713410077376,3.7435259314055074,593.9345444878892,12.545990371700096,6.1604886844638065,5.0195285576909745,0.0,8.0,,gc_formula_si,"Si monomer: HSP NOT reliable (Si groups fitted on 51 HSPiP Si compounds, only 7 measured, all much smaller than the monomers)",0.0,15.456364566325448,15.456364566325448,3.868713410077376,3.868713410077376,3.7435259314055074,3.7435259314055074
COc1ccc(C(OC[C@H]2O[C@@H](n3ccc(=O)[nH]c3=O)[C@H](O[Si](C)(C)C(C)(C)C)[C@@H]2O)(c2ccccc2)c2ccc(OC)cc2)cc1,COc1ccc(C(OC[C@H]2O[C@@H](n3ccc(=O)[nH]c3=O)[C@H](O[Si](C)(C)C(C)(C)C)[C@@H]2OC(=O)[C@@H]2[C@H](C(=O)O[C@H]3[C@@H](O[Si](C)(C)C(C)(C)C)[C@H](n4ccc(=O)[nH]c4=O)O[C@@H]3COC(c3ccccc3)(c3ccc(OC)cc3)c3ccc(OC)cc3)[C@@H]3C=C[C@@H]2C3)(c2ccccc2)c2ccc(OC)cc2)cc1,ester,Ambeed,monoalcohol,660.84,False,,0,30.2023,14.983,6.6884,8,True,2,True,0,0,0,True,,18.22632434729479,6.058807091721771,5.7280995718316365,1285.5957164474014,25.808689958465916,9.326423942282345,8.06829822539207,0.0,16.0,,gc_formula_si,"Si monomer: HSP NOT reliable (Si groups fitted on 51 HSPiP Si compounds, only 7 measured, all much smaller than the monomers)",0.0,18.22632434729479,18.22632434729479,6.058807091721771,6.058807091721771,5.7280995718316365,5.7280995718316365
CC(C)(C)[Si](C)(C)OCC(O)CCl,CC(C)(C)[Si](C)(C)OCC(CCl)OC(=O)[C@@H]1[C@H](C(=O)OC(CCl)CO[Si](C)(C)C(C)(C)C)[C@@H]2C=C[C@@H]1C2,ester,Ambeed,monoalcohol,224.804,False,,0,16.0276,7.7648,7.394,0,True,2,True,0,0,0,True,,15.663593149302898,4.642307270054458,3.267740468892983,589.6526707265598,14.06629531922166,7.005734119984204,3.5056007648667116,0.0,8.0,,gc_formula_si,"Si monomer: HSP NOT reliable (Si groups fitted on 51 HSPiP Si compounds, only 7 measured, all much smaller than the monomers)",0.0,15.663593149302898,15.663593149302898,4.642307270054458,4.642307270054458,3.267740468892983,3.267740468892983
CC(C)(C)[Si](OCc1ccc(CO)cc1)(c1ccccc1)c1ccccc1,CC(C)(C)[Si](OCc1ccc(COC(=O)[C@@H]2[C@H](C(=O)OCc3ccc(CO[Si](c4ccccc4)(c4ccccc4)C(C)(C)C)cc3)[C@@H]3C=C[C@@H]2C3)cc1)(c1ccccc1)c1ccccc1,ester,Ambeed,monoalcohol,376.572,False,,0,26.6626,3.3098,7.6154,0,True,2,True,0,0,0,True,,18.137214737584618,2.6714605504084417,3.1272095181463233,829.5882750050268,22.872591282257428,2.9591914817775713,5.671016097951255,0.0,4.0,,gc_formula_si,"Si monomer: HSP NOT reliable (Si groups fitted on 51 HSPiP Si compounds, only 7 measured, all much smaller than the monomers)",0.0,18.137214737584618,18.137214737584618,2.6714605504084417,2.6714605504084417,3.1272095181463233,3.1272095181463233
CC(C)(C)[Si](C)(C)OCC1(CO)CCC1,CC(C)(C)[Si](C)(C)OCC1(COC(=O)[C@@H]2[C@H](C(=O)OCC3(CO[Si](C)(C)C(C)(C)C)CCC3)[C@@H]3C=C[C@@H]2C3)CCC1,ester,Ambeed,monoalcohol,230.424,False,,0,18.0708,8.9274,5.7184,0,True,2,True,0,0,0,True,,15.751547239389216,2.8418535054045964,2.5990269052981323,605.8719158217779,13.464972286147837,3.7426356023199356,2.4941530581309137,0.0,8.0,,gc_formula_si,"Si monomer: HSP NOT reliable (Si groups fitted on 51 HSPiP Si compounds, only 7 measured, all much smaller than the monomers)",0.0,15.751547239389216,15.751547239389216,2.8418535054045964,2.8418535054045964,2.5990269052981323,2.5990269052981323
CC(C)(C)c1csc(Nc2cccc3ccc(O[Si](C)(C)C(C)(C)C)cc23)n1,CC(C)(C)c1csc(N(C(=O)[C@@H]2[C@H](C(=O)N(c3nc(C(C)(C)C)cs3)c3cccc4ccc(O[Si](C)(C)C(C)(C)C)cc34)[C@@H]3C=C[C@@H]2C3)c2cccc3ccc(O[Si](C)(C)C(C)(C)C)cc23)n1,amide,Ambeed,monoamine,412.675,False,,0,22.1384,-8.8164,7.3334,8,True,2,True,0,0,0,True,,17.75583450292042,4.85261952549416,3.678963012433756,894.5142470411568,19.712805133170754,3.109400699761353,3.8206613405217134,0.0,16.0,,gc_formula_si,"Si monomer: HSP NOT reliable (Si groups fitted on 51 HSPiP Si compounds, only 7 measured, all much smaller than the monomers)",0.0,17.75583450292042,17.75583450292042,4.85261952549416,4.85261952549416,3.678963012433756,3.678963012433756
CC(=O)Nc1ccn([C@@H]2O[C@@H]3CO[Si](C(C)C)(C(C)C)O[Si](C(C)C)(C(C)C)O[C@H]3[C@H]2O)c(=O)n1,CC(=O)Nc1ccn([C@@H]2O[C@@H]3CO[Si](C(C)C)(C(C)C)O[Si](C(C)C)(C(C)C)O[C@H]3[C@H]2OC(=O)[C@@H]2[C@H](C(=O)O[C@@H]3[C@@H]4O[Si](C(C)C)(C(C)C)O[Si](C(C)C)(C(C)C)OC[C@H]4O[C@H]3n3ccc(NC(C)=O)nc3=O)[C@@H]3C=C[C@@H]2C3)c(=O)n1,ester,Ambeed,monoalcohol,527.767,False,,0,20.9071,13.3118,8.3008,8,True,4,True,0,0,0,True,,16.648872407284717,6.840648905152179,5.451043290332484,1100.1729049450587,18.70462945971642,12.030229151696137,5.106740977823068,0.0,18.0,,gc_formula_si,"Si monomer: HSP NOT reliable (Si groups fitted on 51 HSPiP Si compounds, only 7 measured, all much smaller than the monomers)",0.0,16.648872407284717,16.648872407284717,6.840648905152179,6.840648905152179,5.451043290332484,5.451043290332484
C[Si](C)(C)C#Cc1ccc(CN)cc1,C[Si](C)(C)C#Cc1ccc(CNC(=O)[C@@H]2[C@H](C(=O)NCc3ccc(C#C[Si](C)(C)C)cc3)[C@@H]3C=C[C@@H]2C3)cc1,amide,Ambeed,monoamine,203.361,False,,0,18.403,-3.0016,3.8839,0,True,2,True,2,0,0,True,,17.345597282967137,6.367107248032792,4.601426973233803,542.0738316225071,18.06216535985714,6.758653666578596,7.179866048566828,0.0,8.0,,gc_formula_si,"Si monomer: HSP NOT reliable (Si groups fitted on 51 HSPiP Si compounds, only 7 measured, all much smaller than the monomers)",0.0,17.345597282967137,17.345597282967137,6.367107248032792,6.367107248032792,4.601426973233803,4.601426973233803
CC(C)(C)[Si](C)(C)OC1CCC(N)CC1,CC(C)(C)[Si](C)(C)OC1CCC(NC(=O)[C@@H]2[C@H](C(=O)NC3CCC(O[Si](C)(C)C(C)(C)C)CC3)[C@@H]3C=C[C@@H]2C3)CC1,amide,Ambeed,monoamine,229.44,False,,0,15.3768,-5.7944,3.9869,0,True,2,True,2,0,2,True,,16.313016154720977,5.737207858662034,3.218763628719591,622.0101258537277,15.2641964370827,2.541542054090379,1.4801570145511365,0.0,8.0,,gc_formula_si,"Si monomer: HSP NOT reliable (Si groups fitted on 51 HSPiP Si compounds, only 7 measured, all much smaller than the monomers)",0.0,16.313016154720977,16.313016154720977,5.737207858662034,5.737207858662034,3.218763628719591,3.218763628719591
CC(C)[Si]1(C(C)C)OC[C@H]2O[C@@H](n3ccc(NC(=O)c4ccccc4)nc3=O)[C@@](C)(O)[C@@H]2O[Si](C(C)C)(C(C)C)O1,CC(C)[Si]1(C(C)C)OC[C@H]2O[C@@H](n3ccc(NC(=O)c4ccccc4)nc3=O)[C@@](C)(OC(=O)[C@@H]3[C@H](C(=O)O[C@@]4(C)[C@@H]5O[Si](C(C)C)(C(C)C)O[Si](C(C)C)(C(C)C)OC[C@H]5O[C@H]4n4ccc(NC(=O)c5ccccc5)nc4=O)[C@@H]4C=C[C@@H]3C4)[C@@H]2O[Si](C(C)C)(C(C)C)O1,ester,Ambeed,monoalcohol,603.865,False,,0,23.395,9.073,9.3058,8,True,4,True,0,0,0,True,,17.04879625090914,6.451619972323434,5.216367724398685,1251.1427462172735,21.212961777320512,8.680982043577867,5.730945705238872,0.0,18.0,,gc_formula_si,"Si monomer: HSP NOT reliable (Si groups fitted on 51 HSPiP Si compounds, only 7 measured, all much smaller than the monomers)",0.0,17.04879625090914,17.04879625090914,6.451619972323434,6.451619972323434,5.216367724398685,5.216367724398685
C[Si](C)(C)C#Cc1ccccc1CO,C[Si](C)(C)C#Cc1ccccc1COC(=O)[C@@H]1[C@H](C(=O)OCc2ccccc2C#C[Si](C)(C)C)[C@@H]2C=C[C@@H]1C2,ester,Ambeed,monoalcohol,204.345,False,,0,20.3949,4.2008,4.9032,0,True,2,True,0,0,0,True,,17.023165678212138,3.6180831683991155,4.163132745343402,545.595778960385,17.28176005479352,6.9146957550153925,6.733816187482717,0.0,8.0,,gc_formula_si,"Si monomer: HSP NOT reliable (Si groups fitted on 51 HSPiP Si compounds, only 7 measured, all much smaller than the monomers)",0.0,17.023165678212138,17.023165678212138,3.6180831683991155,3.6180831683991155,4.163132745343402,4.163132745343402
CC(C)(C)[Si](OC[C@H]1OC=C[C@@H](O)[C@@H]1O)(c1ccccc1)c1ccccc1,CC(C)(C)[Si](OC[C@H]1OC=C[C@@H](OC(=O)[C@@H]2[C@H](C(=O)O[C@@H]3C=CO[C@H](CO[Si](c4ccccc4)(c4ccccc4)C(C)(C)C)[C@H]3O)[C@@H]3C=C[C@@H]2C3)[C@@H]1O)(c1ccccc1)c1ccccc1,ester,Ambeed,diol,384.548,False,,0,25.9665,4.7388,14.3709,0,True,2,True,0,0,0,True,,17.687486476785132,4.399062550743364,4.351251220104433,848.7899672015291,21.270143239585625,9.075378280135666,8.307357562988306,0.0,4.0,,gc_formula_si,"Si monomer: HSP NOT reliable (Si groups fitted on 51 HSPiP Si compounds, only 7 measured, all much smaller than the monomers)",0.0,17.687486476785132,17.687486476785132,4.399062550743364,4.399062550743364,4.351251220104433,4.351251220104433
CC(C)[Si](C(C)C)(C(C)C)n1ccc2cc(O)cnc21,CC(C)[Si](C(C)C)(C(C)C)n1ccc2cc(OC(=O)[C@@H]3[C@H](C(=O)Oc4cnc5c(ccn5[Si](C(C)C)(C(C)C)C(C)C)c4)[C@@H]4C=C[C@@H]3C4)cnc21,ester,Ambeed,monoalcohol,290.483,False,,0,19.7754,1.845,8.231,4,True,2,True,0,0,0,True,,16.834248206069848,3.389253195627488,4.1425318389172965,734.7165936999882,18.494352384641495,0.0,5.036817564794173,0.0,8.0,,gc_formula_si,"Si monomer: HSP NOT reliable (Si groups fitted on 51 HSPiP Si compounds, only 7 measured, all much smaller than the monomers)",0.0,16.834248206069848,16.834248206069848,3.389253195627488,3.389253195627488,4.1425318389172965,4.1425318389172965
CC(C)(C)[Si](C)(C)Oc1ccc2oc(=O)c3c(c2c1)CCCN3,CC(C)(C)[Si](C)(C)Oc1ccc2oc(=O)c3c(c2c1)CCCN3C(=O)[C@@H]1[C@H](C(=O)N2CCCc3c2c(=O)oc2ccc(O[Si](C)(C)C(C)(C)C)cc32)[C@@H]2C=C[C@@H]1C2,amide,Ambeed,monoamine,331.488,False,,0,22.6923,-4.6068,2.4062,8,True,2,True,0,0,0,True,,17.68348782040098,5.772370444596909,3.9888753118329547,714.7187464750834,17.141157701396974,4.69322143624867,0.0,0.0,16.0,,gc_formula_si,"Si monomer: HSP NOT reliable (Si groups fitted on 51 HSPiP Si compounds, only 7 measured, all much smaller than the monomers)",0.0,17.68348782040098,17.68348782040098,5.772370444596909,5.772370444596909,3.9888753118329547,3.9888753118329547
CCC(N)CO[Si](C)(C)C(C)(C)C,CCC(CO[Si](C)(C)C(C)(C)C)NC(=O)[C@@H]1[C@H](C(=O)NC(CC)CO[Si](C)(C)C(C)(C)C)[C@@H]2C=C[C@@H]1C2,amide,Ambeed,monoamine,203.402,False,,0,11.236,-4.4762,3.6077,0,True,2,True,2,0,0,True,,15.73613020514056,5.9003093546720455,3.6109467714096244,584.7576400820674,13.445018596594045,2.932600620055454,2.2798705324821364,0.0,8.0,,gc_formula_si,"Si monomer: HSP NOT reliable (Si groups fitted on 51 HSPiP Si compounds, only 7 measured, all much smaller than the monomers)",0.0,15.73613020514056,15.73613020514056,5.9003093546720455,5.9003093546720455,3.6109467714096244,3.6109467714096244
CC[Si](C#CCCO)(CC)CC,CC[Si](C#CCCOC(=O)[C@@H]1[C@H](C(=O)OCCC#C[Si](CC)(CC)CC)[C@@H]2C=C[C@@H]1C2)(CC)CC,ester,Ambeed,monoalcohol,184.355,False,,0,16.3441,0.6326,3.588,0,True,2,True,0,0,0,True,,15.798285422602515,3.4536239005317086,4.033288583704935,551.0998064552027,14.837565507406156,4.213134629195942,6.146530830477117,0.0,2.0,,gc_formula_si,"Si monomer: HSP NOT reliable (Si groups fitted on 51 HSPiP Si compounds, only 7 measured, all much smaller than the monomers)",0.0,15.798285422602515,15.798285422602515,3.4536239005317086,3.4536239005317086,4.033288583704935,4.033288583704935
C[Si](C)(C)C#Cc1cccc(CO)c1,C[Si](C)(C)C#Cc1cccc(COC(=O)[C@@H]2[C@H](C(=O)OCc3cccc(C#C[Si](C)(C)C)c3)[C@@H]3C=C[C@@H]2C3)c1,ester,Ambeed,monoalcohol,204.345,False,,0,20.3949,4.2008,4.9032,0,True,2,True,0,0,0,True,,17.023165678212138,3.6180831683991155,4.163132745343402,545.595778960385,17.28176005479352,6.9146957550153925,6.733816187482717,0.0,8.0,,gc_formula_si,"Si monomer: HSP NOT reliable (Si groups fitted on 51 HSPiP Si compounds, only 7 measured, all much smaller than the monomers)",0.0,17.023165678212138,17.023165678212138,3.6180831683991155,3.6180831683991155,4.163132745343402,4.163132745343402
CC(C)(C)[Si](C)(C)OC1CC(CO)C1,CC(C)(C)[Si](C)(C)OC1CC(COC(=O)[C@@H]2[C@H](C(=O)OCC3CC(O[Si](C)(C)C(C)(C)C)C3)[C@@H]3C=C[C@@H]2C3)C1,ester,Ambeed,monoalcohol,216.397,False,,0,18.0312,8.2898,5.4144,0,True,2,True,0,0,0,True,,15.765456121522233,3.0412689753179545,2.4216670810111025,588.9507113889103,13.353540574065304,3.244393362875609,1.8014260174162287,0.0,8.0,,gc_formula_si,"Si monomer: HSP NOT reliable (Si groups fitted on 51 HSPiP Si compounds, only 7 measured, all much smaller than the monomers)",0.0,15.765456121522233,15.765456121522233,3.0412689753179545,3.0412689753179545,2.4216670810111025,2.4216670810111025
C[Si](C)(C)C#Cc1c(N)ncnc1Cl,C[Si](C)(C)C#Cc1c(Cl)ncnc1NC(=O)[C@@H]1[C@H](C(=O)Nc2ncnc(Cl)c2C#C[Si](C)(C)C)[C@@H]2C=C[C@@H]1C2,amide,Ambeed,monoamine,225.755,False,,0,19.1848,-1.1086,4.1216,6,True,2,True,0,0,0,True,,17.93368332299209,9.26552707530367,6.9003936403582165,515.4464716531844,19.95739615366948,10.056262483393233,3.00821902519956,0.0,14.0,,gc_formula_si,"Si monomer: HSP NOT reliable (Si groups fitted on 51 HSPiP Si compounds, only 7 measured, all much smaller than the monomers)",0.0,17.93368332299209,17.93368332299209,9.26552707530367,9.26552707530367,6.9003936403582165,6.9003936403582165
C[Si](C)(C)C#Cc1nccnc1N,C[Si](C)(C)C#Cc1nccnc1NC(=O)[C@@H]1[C@H](C(=O)Nc2nccnc2C#C[Si](C)(C)C)[C@@H]2C=C[C@@H]1C2,amide,Ambeed,monoamine,191.31,False,,0,17.7334,-1.3092,3.5074,6,True,2,True,0,0,0,True,,17.60473998083925,9.375842267777207,7.080227101079998,492.17837331790906,19.09358207903051,10.243486438415566,3.8169753943347473,0.0,14.0,,gc_formula_si,"Si monomer: HSP NOT reliable (Si groups fitted on 51 HSPiP Si compounds, only 7 measured, all much smaller than the monomers)",0.0,17.60473998083925,17.60473998083925,9.375842267777207,9.375842267777207,7.080227101079998,7.080227101079998
CC(C)(C)[Si](C)(C)OC1CC(O)C1,CC(C)(C)[Si](C)(C)OC1CC(OC(=O)[C@@H]2[C@H](C(=O)OC3CC(O[Si](C)(C)C(C)(C)C)C3)[C@@H]3C=C[C@@H]2C3)C1,ester,Ambeed,monoalcohol,202.37,False,,0,16.8631,7.0796,5.1372,0,True,2,True,0,0,0,True,,15.635239642430525,3.174812548250253,2.6373977469125283,573.270042265591,13.0726229963789,3.3525361452133655,1.9208068500579674,0.0,8.0,,gc_formula_si,"Si monomer: HSP NOT reliable (Si groups fitted on 51 HSPiP Si compounds, only 7 measured, all much smaller than the monomers)",0.0,15.635239642430525,15.635239642430525,3.174812548250253,3.174812548250253,2.6373977469125283,2.6373977469125283
CC(C)(C)OC(=O)N1C[C@H](O[Si](C)(C)C(C)(C)C)C[C@H]1CO,CC(C)(C)OC(=O)N1C[C@H](O[Si](C)(C)C(C)(C)C)C[C@H]1COC(=O)[C@@H]1[C@H](C(=O)OC[C@@H]2C[C@@H](O[Si](C)(C)C(C)(C)C)CN2C(=O)OC(C)(C)C)[C@@H]2C=C[C@@H]1C2,ester,Ambeed,monoalcohol,331.529,False,,0,17.7438,8.4894,7.9524,0,True,2,True,0,0,0,True,,15.874620188601765,4.296676115632495,4.133744759161867,838.2530767030635,11.749257029080622,5.108395278903511,3.7013251699501115,0.0,8.0,,gc_formula_si,"Si monomer: HSP NOT reliable (Si groups fitted on 51 HSPiP Si compounds, only 7 measured, all much smaller than the monomers)",0.0,15.874620188601765,15.874620188601765,4.296676115632495,4.296676115632495,4.133744759161867,4.133744759161867
CC(C)(C)[Si](C)(C)O[C@@H]1[C@H](O)[C@@H](CO)O[C@H]1n1cnc2c(NC(=O)c3ccccc3)ncnc21,CC(C)(C)[Si](C)(C)O[C@@H]1[C@H](O)[C@@H](COC(=O)[C@@H]2[C@H](C(=O)OC[C@H]3O[C@@H](n4cnc5c(NC(=O)c6ccccc6)ncnc54)[C@H](O[Si](C)(C)C(C)(C)C)[C@@H]3O)[C@@H]3C=C[C@@H]2C3)O[C@H]1n1cnc2c(NC(=O)c3ccccc3)ncnc21,ester,Ambeed,diol,485.617,False,,0,24.8277,8.9218,15.1013,10,True,2,True,0,0,0,True,,18.312493614372432,8.243022984485297,6.363146993173942,946.7125981725945,22.681365775089258,11.788259765133791,10.588623803877207,0.0,18.0,,gc_formula_si,"Si monomer: HSP NOT reliable (Si groups fitted on 51 HSPiP Si compounds, only 7 measured, all much smaller than the monomers)",0.0,18.312493614372432,18.312493614372432,8.243022984485297,8.243022984485297,6.363146993173942,6.363146993173942
C[Si](C)(C)C#Cc1cccc(N)n1,C[Si](C)(C)C#Cc1cccc(NC(=O)[C@@H]2[C@H](C(=O)Nc3cccc(C#C[Si](C)(C)C)n3)[C@@H]3C=C[C@@H]2C3)n1,amide,Ambeed,monoamine,190.322,False,,0,18.827,-1.6952,3.778,4,True,2,True,0,0,0,True,,17.573594757877565,8.061416816048771,6.731522539636099,501.79428017386067,19.2280908768671,6.4061857441338965,3.0825974926312654,0.0,12.0,,gc_formula_si,"Si monomer: HSP NOT reliable (Si groups fitted on 51 HSPiP Si compounds, only 7 measured, all much smaller than the monomers)",0.0,17.573594757877565,17.573594757877565,8.061416816048771,8.061416816048771,6.731522539636099,6.731522539636099
CC(C)(C)[Si](C)(C)OCC1(CO)CC1,CC(C)(C)[Si](C)(C)OCC1(COC(=O)[C@@H]2[C@H](C(=O)OCC3(CO[Si](C)(C)C(C)(C)C)CC3)[C@@H]3C=C[C@@H]2C3)CC1,ester,Ambeed,monoalcohol,216.397,False,,0,18.2508,13.148,5.9506,0,True,2,True,0,0,0,True,,15.861957188711157,3.0424648551848845,2.7506704708475382,582.6885980441858,13.856937318067835,2.8761589107135688,1.6940186892337812,0.0,8.0,,gc_formula_si,"Si monomer: HSP NOT reliable (Si groups fitted on 51 HSPiP Si compounds, only 7 measured, all much smaller than the monomers)",0.0,15.861957188711157,15.861957188711157,3.0424648551848845,3.0424648551848845,2.7506704708475382,2.7506704708475382
CC(C)(C)[Si](C)(C)OCCO,CC(C)(C)[Si](C)(C)OCCOC(=O)[C@@H]1[C@H](C(=O)OCCO[Si](C)(C)C(C)(C)C)[C@@H]2C=C[C@@H]1C2,ester,Ambeed,monoalcohol,176.332,False,,0,15.2513,6.7622,6.415,0,True,2,True,0,0,0,True,,15.321094986452577,3.38100045999114,3.254804130587988,513.9926783297576,12.728008244060504,3.8210614698927525,2.6784956468594983,0.0,8.0,,gc_formula_si,"Si monomer: HSP NOT reliable (Si groups fitted on 51 HSPiP Si compounds, only 7 measured, all much smaller than the monomers)",0.0,15.321094986452577,15.321094986452577,3.38100045999114,3.38100045999114,3.254804130587988,3.254804130587988
CC1(C)O[C@@H]2O[C@H](CO[Si](c3ccccc3)(c3ccccc3)C(C)(C)C)[C@H](O)[C@@H]2O1,CC1(C)O[C@@H]2O[C@H](CO[Si](c3ccccc3)(c3ccccc3)C(C)(C)C)[C@H](OC(=O)[C@@H]3[C@H](C(=O)O[C@@H]4[C@@H]5OC(C)(C)O[C@@H]5O[C@@H]4CO[Si](c4ccccc4)(c4ccccc4)C(C)(C)C)[C@@H]4C=C[C@@H]3C4)[C@@H]2O1,ester,Ambeed,monoalcohol,428.601,False,,0,26.7882,13.2522,5.9848,0,True,2,True,0,0,0,True,,17.42612617362066,3.6308937255816054,3.1647727502846124,927.5229057572542,21.023201967435426,5.100894020696932,7.426152281838205,0.0,4.0,,gc_formula_si,"Si monomer: HSP NOT reliable (Si groups fitted on 51 HSPiP Si compounds, only 7 measured, all much smaller than the monomers)",0.0,17.42612617362066,17.42612617362066,3.6308937255816054,3.6308937255816054,3.1647727502846124,3.1647727502846124
COc1ccc(C(OC[C@H]2O[C@@H](n3cnc4c(=O)[nH]c(NC(=O)C(C)C)nc43)[C@H](O)[C@@H]2O[Si](C)(C)C(C)(C)C)(c2ccccc2)c2ccc(OC)cc2)cc1,COc1ccc(C(OC[C@H]2O[C@@H](n3cnc4c(=O)[nH]c(NC(=O)C(C)C)nc43)[C@H](OC(=O)[C@@H]3[C@H](C(=O)O[C@@H]4[C@H](O[Si](C)(C)C(C)(C)C)[C@@H](COC(c5ccccc5)(c5ccc(OC)cc5)c5ccc(OC)cc5)O[C@H]4n4cnc5c(=O)[nH]c(NC(=O)C(C)C)nc54)[C@@H]4C=C[C@@H]3C4)[C@@H]2O[Si](C)(C)C(C)(C)C)(c2ccccc2)c2ccc(OC)cc2)cc1,ester,Ambeed,monoalcohol,769.972,False,,0,29.4486,15.4454,7.0844,12,True,2,True,0,0,0,True,,18.42340548989982,7.279330431610361,6.344871552911184,1459.5502630000176,26.63524775782347,8.278081304420443,13.158149216391983,0.0,20.0,,gc_formula_si,"Si monomer: HSP NOT reliable (Si groups fitted on 51 HSPiP Si compounds, only 7 measured, all much smaller than the monomers)",0.0,18.42340548989982,18.42340548989982,7.279330431610361,7.279330431610361,6.344871552911184,6.344871552911184
CC(C)[Si]1(C(C)C)OC[C@H]2O[C@@H](n3ccc(=O)[nH]c3=O)[C@H](O)[C@@H]2O[Si](C(C)C)(C(C)C)O1,CC(C)[Si]1(C(C)C)OC[C@H]2O[C@@H](n3ccc(=O)[nH]c3=O)[C@H](OC(=O)[C@@H]3[C@H](C(=O)O[C@@H]4[C@@H]5O[Si](C(C)C)(C(C)C)O[Si](C(C)C)(C(C)C)OC[C@H]5O[C@H]4n4ccc(=O)[nH]c4=O)[C@@H]4C=C[C@@H]3C4)[C@@H]2O[Si](C(C)C)(C(C)C)O1,ester,Ambeed,monoalcohol,486.714,False,,0,23.4133,15.0624,7.8134,8,True,4,True,0,0,0,True,,16.384212387491775,6.068353082238417,5.191900373957641,1031.2137819601414,19.285468570948293,12.939816309772738,1.2035300730701812,0.0,18.0,,gc_formula_si,"Si monomer: HSP NOT reliable (Si groups fitted on 51 HSPiP Si compounds, only 7 measured, all much smaller than the monomers)",0.0,16.384212387491775,16.384212387491775,6.068353082238417,6.068353082238417,5.191900373957641,5.191900373957641
CC(C)(C)[Si](C)(C)O[C@H]1CCNC1,CC(C)(C)[Si](C)(C)O[C@H]1CCN(C(=O)[C@@H]2[C@H](C(=O)N3CC[C@H](O[Si](C)(C)C(C)(C)C)C3)[C@@H]3C=C[C@@H]2C3)C1,amide,Ambeed,monoamine,201.386,False,,0,19.1198,-4.8946,3.7505,0,True,2,True,0,0,0,True,,16.090831445086284,5.5519418285527715,3.2591233499104395,571.1797057754945,14.826783170787127,2.85899290886461,2.842405019501925,0.0,8.0,,gc_formula_si,"Si monomer: HSP NOT reliable (Si groups fitted on 51 HSPiP Si compounds, only 7 measured, all much smaller than the monomers)",0.0,16.090831445086284,16.090831445086284,5.5519418285527715,5.5519418285527715,3.2591233499104395,3.2591233499104395
CC(N)(CO)CO[Si](c1ccccc1)(c1ccccc1)C(C)(C)C,CC(N)(COC(=O)[C@@H]1[C@H](C(=O)OCC(C)(N)CO[Si](c2ccccc2)(c2ccccc2)C(C)(C)C)[C@@H]2C=C[C@@H]1C2)CO[Si](c1ccccc1)(c1ccccc1)C(C)(C)C,ester,Ambeed,"monoalcohol,monoamine",343.543,False,,0,24.5585,5.6232,7.827,2,True,2,True,0,0,0,True,,17.487269642651782,3.639416321443009,4.492684464060344,790.4680067786899,21.340339487786675,5.489924559154398,4.662486806080405,0.0,6.0,,gc_formula_si,"Si monomer: HSP NOT reliable (Si groups fitted on 51 HSPiP Si compounds, only 7 measured, all much smaller than the monomers)",0.0,17.487269642651782,17.487269642651782,3.639416321443009,3.639416321443009,4.492684464060344,4.492684464060344
CC(N)(CO)CO[Si](c1ccccc1)(c1ccccc1)C(C)(C)C,CC(CO)(CO[Si](c1ccccc1)(c1ccccc1)C(C)(C)C)NC(=O)[C@@H]1[C@H](C(=O)NC(C)(CO)CO[Si](c2ccccc2)(c2ccccc2)C(C)(C)C)[C@@H]2C=C[C@@H]1C2,amide,Ambeed,"monoalcohol,monoamine",343.543,False,,0,22.8284,3.5712,12.5093,0,True,2,True,2,0,0,True,,17.828250609629315,5.955940470820538,6.555146534842635,769.5510481993537,21.771486562373234,5.44689156380076,3.2549110771402727,0.0,4.0,,gc_formula_si,"Si monomer: HSP NOT reliable (Si groups fitted on 51 HSPiP Si compounds, only 7 measured, all much smaller than the monomers)",0.0,17.828250609629315,17.828250609629315,5.955940470820538,5.955940470820538,6.555146534842635,6.555146534842635
CC(C)(C)[Si](C)(C)OCC1c2ccccc2-c2ccc(N)cc21,CC(C)(C)[Si](C)(C)OCC1c2ccccc2-c2ccc(NC(=O)[C@@H]3[C@H](C(=O)Nc4ccc5c(c4)C(CO[Si](C)(C)C(C)(C)C)c4ccccc4-5)[C@@H]4C=C[C@@H]3C4)cc21,amide,Ambeed,monoamine,325.528,False,,0,23.0184,-3.7396,5.9918,2,True,2,True,0,0,0,True,,18.049033888312522,5.441789106047818,4.471086813963627,729.8315233674289,19.901427344222576,4.837812108422597,4.0536681194770265,0.0,10.0,,gc_formula_si,"Si monomer: HSP NOT reliable (Si groups fitted on 51 HSPiP Si compounds, only 7 measured, all much smaller than the monomers)",0.0,18.049033888312522,18.049033888312522,5.441789106047818,5.441789106047818,4.471086813963627,4.471086813963627
COC(=O)C(O)CCO[Si](C)(C)C(C)(C)C,COC(=O)C(CCO[Si](C)(C)C(C)(C)C)OC(=O)[C@@H]1[C@H](C(=O)OC(CCO[Si](C)(C)C(C)(C)C)C(=O)OC)[C@@H]2C=C[C@@H]1C2,ester,Ambeed,monoalcohol,248.395,False,,0,15.7414,12.8142,6.9268,0,True,2,True,0,0,0,True,,15.723027379023254,4.132843291225478,4.376392782450254,625.3416163998833,13.214867944001362,5.875691205402254,4.685011760600259,0.0,8.0,,gc_formula_si,"Si monomer: HSP NOT reliable (Si groups fitted on 51 HSPiP Si compounds, only 7 measured, all much smaller than the monomers)",0.0,15.723027379023254,15.723027379023254,4.132843291225478,4.132843291225478,4.376392782450254,4.376392782450254
CC(=O)Nc1ccn([C@@H]2O[C@@H]3CO[Si](C(C)C)(C(C)C)O[Si](C(C)C)(C(C)C)O[C@H]3C2(O)C#N)c(=O)n1,CC(=O)Nc1ccn([C@@H]2O[C@@H]3CO[Si](C(C)C)(C(C)C)O[Si](C(C)C)(C(C)C)O[C@H]3C2(C#N)OC(=O)[C@@H]2[C@H](C(=O)OC3(C#N)[C@@H]4O[Si](C(C)C)(C(C)C)O[Si](C(C)C)(C(C)C)OC[C@H]4O[C@H]3n3ccc(NC(C)=O)nc3=O)[C@@H]3C=C[C@@H]2C3)c(=O)n1,ester,Ambeed,monoalcohol,552.777,False,,0,21.435,26.0528,8.3008,8,True,4,True,0,0,0,True,,16.64612526854223,7.590112084366332,5.568280855258974,1148.3926952035677,18.848679820933008,21.266517451307553,5.504107353699691,0.0,18.0,,gc_formula_si,"Si monomer: HSP NOT reliable (Si groups fitted on 51 HSPiP Si compounds, only 7 measured, all much smaller than the monomers)",0.0,16.64612526854223,16.64612526854223,7.590112084366332,7.590112084366332,5.568280855258974,5.568280855258974
CC(C)(C)[Si](C)(C)OCCCCCCN,CC(C)(C)[Si](C)(C)OCCCCCCNC(=O)[C@@H]1[C@H](C(=O)NCCCCCCO[Si](C)(C)C(C)(C)C)[C@@H]2C=C[C@@H]1C2,amide,Ambeed,monoamine,231.456,False,,0,12.3972,-5.439,4.3994,0,True,2,True,2,0,0,True,,15.92676334338575,5.610379460978869,3.4734613926776787,645.5214503390697,14.049879700470049,3.02096575878926,2.467814821026904,0.0,8.0,,gc_formula_si,"Si monomer: HSP NOT reliable (Si groups fitted on 51 HSPiP Si compounds, only 7 measured, all much smaller than the monomers)",0.0,15.92676334338575,15.92676334338575,5.610379460978869,5.610379460978869,3.4734613926776787,3.4734613926776787
COc1ccc(CC[C@@H](O)c2cccc(O[Si](C)(C)C(C)(C)C)c2)cc1OC,COc1ccc(CC[C@@H](OC(=O)[C@@H]2[C@H](C(=O)O[C@H](CCc3ccc(OC)c(OC)c3)c3cccc(O[Si](C)(C)C(C)(C)C)c3)[C@@H]3C=C[C@@H]2C3)c2cccc(O[Si](C)(C)C(C)(C)C)c2)cc1OC,ester,Ambeed,monoalcohol,402.607,False,,0,23.2237,8.865,4.9234,2,True,2,True,0,0,0,True,,17.212166707176753,3.7444052666198226,4.190892391972095,919.800975087762,17.7720998752667,5.552610651928946,3.80326596050618,0.0,10.0,,gc_formula_si,"Si monomer: HSP NOT reliable (Si groups fitted on 51 HSPiP Si compounds, only 7 measured, all much smaller than the monomers)",0.0,17.212166707176753,17.212166707176753,3.7444052666198226,3.7444052666198226,4.190892391972095,4.190892391972095
CC(C)(C)[Si](C)(C)OCCC(O)C(=O)OCc1ccccc1,CC(C)(C)[Si](C)(C)OCCC(OC(=O)[C@@H]1[C@H](C(=O)OC(CCO[Si](C)(C)C(C)(C)C)C(=O)OCc2ccccc2)[C@@H]2C=C[C@@H]1C2)C(=O)OCc1ccccc1,ester,Ambeed,monoalcohol,324.493,False,,0,19.2237,8.5754,7.9318,0,True,2,True,0,0,0,True,,16.5759329131209,3.811160397398261,4.1439179163982,776.311457672098,16.948454931394853,5.672576876295207,5.309216488016062,0.0,8.0,,gc_formula_si,"Si monomer: HSP NOT reliable (Si groups fitted on 51 HSPiP Si compounds, only 7 measured, all much smaller than the monomers)",0.0,16.5759329131209,16.5759329131209,3.811160397398261,3.811160397398261,4.1439179163982,4.1439179163982
CC(C)(C)[Si](OCC(O)CCl)(c1ccccc1)c1ccccc1,CC(C)(C)[Si](OCC(CCl)OC(=O)[C@@H]1[C@H](C(=O)OC(CCl)CO[Si](c2ccccc2)(c2ccccc2)C(C)(C)C)[C@@H]2C=C[C@@H]1C2)(c1ccccc1)c1ccccc1,ester,Ambeed,monoalcohol,348.946,False,,0,24.4547,5.8648,8.208,0,True,2,True,0,0,0,True,,17.58681895949661,4.0957904856184895,3.291442174699251,776.6552296424317,21.605666030597373,5.9705065600351634,5.824624143948021,0.0,4.0,,gc_formula_si,"Si monomer: HSP NOT reliable (Si groups fitted on 51 HSPiP Si compounds, only 7 measured, all much smaller than the monomers)",0.0,17.58681895949661,17.58681895949661,4.0957904856184895,4.0957904856184895,3.291442174699251,3.291442174699251
CC(C)(C)[Si](C)(C)OCCCCCN,CC(C)(C)[Si](C)(C)OCCCCCNC(=O)[C@@H]1[C@H](C(=O)NCCCCCO[Si](C)(C)C(C)(C)C)[C@@H]2C=C[C@@H]1C2,amide,Ambeed,monoamine,217.429,False,,0,12.3554,-5.1668,3.1859,0,True,2,True,2,0,0,True,,15.899244395241032,5.767603755748533,3.5696071861297134,612.0316885366937,14.067732582629853,3.123718142051449,2.5499409962556925,0.0,8.0,,gc_formula_si,"Si monomer: HSP NOT reliable (Si groups fitted on 51 HSPiP Si compounds, only 7 measured, all much smaller than the monomers)",0.0,15.899244395241032,15.899244395241032,5.767603755748533,5.767603755748533,3.5696071861297134,3.5696071861297134
Cc1cn([C@@H]2O[C@@H]3CO[Si](C(C)C)(C(C)C)O[Si](C(C)C)(C(C)C)O[C@H]3[C@H]2O)c(=O)[nH]c1=O,Cc1cn([C@@H]2O[C@@H]3CO[Si](C(C)C)(C(C)C)O[Si](C(C)C)(C(C)C)O[C@H]3[C@H]2OC(=O)[C@@H]2[C@H](C(=O)O[C@@H]3[C@@H]4O[Si](C(C)C)(C(C)C)O[Si](C(C)C)(C(C)C)OC[C@H]4O[C@H]3n3cc(C)c(=O)[nH]c3=O)[C@@H]3C=C[C@@H]2C3)c(=O)[nH]c1=O,ester,Ambeed,monoalcohol,500.741,False,,0,23.3929,14.9742,6.9682,8,True,4,True,0,0,0,True,,16.40659221234501,5.950909783443295,5.076452584720696,1062.3343636909538,19.251096106887427,11.162869252761581,0.9014002818054365,0.0,18.0,,gc_formula_si,"Si monomer: HSP NOT reliable (Si groups fitted on 51 HSPiP Si compounds, only 7 measured, all much smaller than the monomers)",0.0,16.40659221234501,16.40659221234501,5.950909783443295,5.950909783443295,5.076452584720696,5.076452584720696
C[Si](C)(C)CCOCn1ccc(N)n1,C[Si](C)(C)CCOCn1ccc(NC(=O)[C@@H]2[C@H](C(=O)Nc3ccn(COCC[Si](C)(C)C)n3)[C@@H]3C=C[C@@H]2C3)n1,amide,Ambeed,monoamine,213.357,False,,0,16.406,-2.2026,4.0932,6,True,2,True,0,0,0,True,,17.357116980340482,8.0445878734159,6.808956713117803,534.7749859168619,18.636751256428997,8.945298601862849,6.205351251828493,0.0,14.0,,gc_formula_si,"Si monomer: HSP NOT reliable (Si groups fitted on 51 HSPiP Si compounds, only 7 measured, all much smaller than the monomers)",0.0,17.357116980340482,17.357116980340482,8.0445878734159,8.0445878734159,6.808956713117803,6.808956713117803
CC(C)(C)[Si](O[C@H]1CN[C@H](C(=O)O)C1)(c1ccccc1)c1ccccc1,CC(C)(C)[Si](O[C@@H]1C[C@@H](C(=O)N2C[C@H](O[Si](c3ccccc3)(c3ccccc3)C(C)(C)C)C[C@H]2C(=O)O)N(C(=O)[C@H]2[C@@H](C(=O)O)[C@@H]3C=C[C@@H]2C3)C1)(c1ccccc1)c1ccccc1,amide,Ambeed,monoamine,369.537,False,,0,26.6236,3.2556,9.5623,0,True,2,True,2,0,0,True,,17.984060993399478,5.616867061984195,7.347385939949224,794.913248447386,22.534433791970525,5.442906263453993,5.124173741170284,0.0,4.0,,gc_formula_si,"Si monomer: HSP NOT reliable (Si groups fitted on 51 HSPiP Si compounds, only 7 measured, all much smaller than the monomers)",0.0,17.984060993399478,17.984060993399478,5.616867061984195,5.616867061984195,7.347385939949224,7.347385939949224
CC(C)(C)[Si](C)(C)O[C@@H]1CCCNC1,CC(C)(C)[Si](C)(C)O[C@@H]1CCCN(C(=O)[C@@H]2[C@H](C(=O)N3CCC[C@@H](O[Si](C)(C)C(C)(C)C)C3)[C@@H]3C=C[C@@H]2C3)C1,amide,Ambeed,monoamine,215.413,False,,0,19.1422,-5.1668,3.8182,0,True,2,True,0,0,0,True,,16.10932637228168,5.389759693483937,3.164870037020839,604.6694675778706,14.810219006740313,2.756240525602421,2.7602788442731363,0.0,8.0,,gc_formula_si,"Si monomer: HSP NOT reliable (Si groups fitted on 51 HSPiP Si compounds, only 7 measured, all much smaller than the monomers)",0.0,16.10932637228168,16.10932637228168,5.389759693483937,5.389759693483937,3.164870037020839,3.164870037020839
CC1(C)OB(c2cccc(N)c2CO[Si](C)(C)C(C)(C)C)OC1(C)C,CC1(C)OB(c2cccc(NC(=O)[C@@H]3[C@H](C(=O)Nc4cccc(B5OC(C)(C)C(C)(C)O5)c4CO[Si](C)(C)C(C)(C)C)[C@@H]4C=C[C@@H]3C4)c2CO[Si](C)(C)C(C)(C)C)OC1(C)C,amide,Ambeed,monoamine,363.383,False,,0,17.4136,11.7978,7.7202,4,True,2,True,0,0,0,True,,16.74824882526396,4.9914771392218205,4.375890115232769,847.6995995704174,15.921455877762709,3.234490829888669,3.3924869604820413,0.0,12.0,,gc_formula_si,"Si monomer: HSP NOT reliable (Si groups fitted on 51 HSPiP Si compounds, only 7 measured, all much smaller than the monomers)",0.0,16.74824882526396,16.74824882526396,4.9914771392218205,4.9914771392218205,4.375890115232769,4.375890115232769
CC(C)(C)OC(=O)NCC(O)CO[Si](C)(C)C(C)(C)C,CC(C)(C)OC(=O)NCC(CO[Si](C)(C)C(C)(C)C)OC(=O)[C@@H]1[C@H](C(=O)OC(CNC(=O)OC(C)(C)C)CO[Si](C)(C)C(C)(C)C)[C@@H]2C=C[C@@H]1C2,ester,Ambeed,monoalcohol,305.491,False,,0,5.3573,5.1172,8.7208,0,True,2,True,2,0,0,True,,15.597681498476838,4.837892632772343,4.566745781508689,796.444866736191,10.323461636205174,5.686768060952485,3.6924943298031954,0.0,8.0,,gc_formula_si,"Si monomer: HSP NOT reliable (Si groups fitted on 51 HSPiP Si compounds, only 7 measured, all much smaller than the monomers)",0.0,15.597681498476838,15.597681498476838,4.837892632772343,4.837892632772343,4.566745781508689,4.566745781508689
CC(=O)Nc1ncnc2c1ncn2[C@@H]1O[C@@H]2CO[Si](C(C)C)(C(C)C)O[Si](C(C)C)(C(C)C)O[C@H]2[C@H]1O,CC(=O)Nc1ncnc2c1ncn2[C@@H]1O[C@@H]2CO[Si](C(C)C)(C(C)C)O[Si](C(C)C)(C(C)C)O[C@H]2[C@H]1OC(=O)[C@@H]1[C@H](C(=O)O[C@@H]2[C@@H]3O[Si](C(C)C)(C(C)C)O[Si](C(C)C)(C(C)C)OC[C@H]3O[C@H]2n2cnc3c(NC(C)=O)ncnc32)[C@@H]2C=C[C@@H]1C2,ester,Ambeed,monoalcohol,551.793,False,,0,21.9462,14.844,7.9528,10,True,4,True,0,0,0,True,,16.955478980779855,7.31612353576058,5.5053773652642,1126.479332022102,19.91123725849543,13.188749374657661,8.691385327263486,0.0,20.0,,gc_formula_si,"Si monomer: HSP NOT reliable (Si groups fitted on 51 HSPiP Si compounds, only 7 measured, all much smaller than the monomers)",0.0,16.955478980779855,16.955478980779855,7.31612353576058,7.31612353576058,5.5053773652642,5.5053773652642
CC(C)(C)[Si](C)(C)OCc1ccc(O)cc1,CC(C)(C)[Si](C)(C)OCc1ccc(OC(=O)[C@@H]2[C@H](C(=O)Oc3ccc(CO[Si](C)(C)C(C)(C)C)cc3)[C@@H]3C=C[C@@H]2C3)cc1,ester,Ambeed,monoalcohol,238.403,False,,0,18.4761,3.6776,7.1494,0,True,2,True,0,0,0,True,,16.311731802934037,3.128620950787585,3.1817659408363808,636.0714121378003,15.99254136213279,3.714544845793698,3.206881643805109,0.0,8.0,,gc_formula_si,"Si monomer: HSP NOT reliable (Si groups fitted on 51 HSPiP Si compounds, only 7 measured, all much smaller than the monomers)",0.0,16.311731802934037,16.311731802934037,3.128620950787585,3.128620950787585,3.1817659408363808,3.1817659408363808
CC(C)(C)[Si](C)(C)OCC[C@H](O)C(=O)OCc1ccccc1,CC(C)(C)[Si](C)(C)OCC[C@H](OC(=O)[C@@H]1[C@H](C(=O)O[C@@H](CCO[Si](C)(C)C(C)(C)C)C(=O)OCc2ccccc2)[C@@H]2C=C[C@@H]1C2)C(=O)OCc1ccccc1,ester,Ambeed,monoalcohol,324.493,False,,0,19.2237,8.5754,7.9318,0,True,2,True,0,0,0,True,,16.5759329131209,3.811160397398261,4.1439179163982,776.311457672098,16.948454931394853,5.672576876295207,5.309216488016062,0.0,8.0,,gc_formula_si,"Si monomer: HSP NOT reliable (Si groups fitted on 51 HSPiP Si compounds, only 7 measured, all much smaller than the monomers)",0.0,16.5759329131209,16.5759329131209,3.811160397398261,3.811160397398261,4.1439179163982,4.1439179163982
CC(C)(C)[Si](C)(C)OCc1ccc(N)cc1,CC(C)(C)[Si](C)(C)OCc1ccc(NC(=O)[C@@H]2[C@H](C(=O)Nc3ccc(CO[Si](C)(C)C(C)(C)C)cc3)[C@@H]3C=C[C@@H]2C3)cc1,amide,Ambeed,monoamine,237.419,False,,0,17.7291,-4.924,5.9468,2,True,2,True,0,0,0,True,,17.05438601279989,6.162950512972977,5.029275352438797,607.9346199975289,17.583028168466274,4.396125417985587,3.4502595355136725,0.0,10.0,,gc_formula_si,"Si monomer: HSP NOT reliable (Si groups fitted on 51 HSPiP Si compounds, only 7 measured, all much smaller than the monomers)",0.0,17.05438601279989,17.05438601279989,6.162950512972977,6.162950512972977,5.029275352438797,5.029275352438797
COc1ccc(C(OC[C@H]2O[C@@H](n3cnc4c(NC(=O)c5ccccc5)ncnc43)[C@H](O)[C@@H]2O[Si](C)(C)C(C)(C)C)(c2ccccc2)c2ccc(OC)cc2)cc1,COc1ccc(C(OC[C@H]2O[C@@H](n3cnc4c(NC(=O)c5ccccc5)ncnc43)[C@H](OC(=O)[C@@H]3[C@H](C(=O)O[C@@H]4[C@H](O[Si](C)(C)C(C)(C)C)[C@@H](COC(c5ccccc5)(c5ccc(OC)cc5)c5ccc(OC)cc5)O[C@H]4n4cnc5c(NC(=O)c6ccccc6)ncnc54)[C@@H]4C=C[C@@H]3C4)[C@@H]2O[Si](C)(C)C(C)(C)C)(c2ccccc2)c2ccc(OC)cc2)cc1,ester,Ambeed,monoalcohol,787.99,False,,0,31.5755,13.8146,7.2348,10,True,2,True,0,0,0,True,,18.81418837108035,6.885735256670221,5.7974563175630776,1474.3165399523941,28.197604693907937,9.357135930151273,16.57742636381936,0.0,18.0,,gc_formula_si,"Si monomer: HSP NOT reliable (Si groups fitted on 51 HSPiP Si compounds, only 7 measured, all much smaller than the monomers)",0.0,18.81418837108035,18.81418837108035,6.885735256670221,6.885735256670221,5.7974563175630776,5.7974563175630776
CNCCO[Si](C)(C)C(C)(C)C,CN(CCO[Si](C)(C)C(C)(C)C)C(=O)[C@@H]1[C@H](C(=O)N(C)CCO[Si](C)(C)C(C)(C)C)[C@@H]2C=C[C@@H]1C2,amide,Ambeed,monoamine,189.375,False,,0,15.0991,-5.7716,5.9262,0,True,2,True,0,0,0,True,,15.445013132432676,5.328823360444878,2.9537621448367397,556.9808218981501,12.82564667461375,3.513486195549188,2.953368356199724,0.0,8.0,,gc_formula_si,"Si monomer: HSP NOT reliable (Si groups fitted on 51 HSPiP Si compounds, only 7 measured, all much smaller than the monomers)",0.0,15.445013132432676,15.445013132432676,5.328823360444878,5.328823360444878,2.9537621448367397,2.9537621448367397
CC(C)(C)OC(=O)N[C@@H](CO)CO[Si](C)(C)C(C)(C)C,CC(C)(C)OC(=O)N[C@@H](COC(=O)[C@@H]1[C@H](C(=O)OC[C@@H](CO[Si](C)(C)C(C)(C)C)NC(=O)OC(C)(C)C)[C@@H]2C=C[C@@H]1C2)CO[Si](C)(C)C(C)(C)C,ester,Ambeed,monoalcohol,305.491,False,,0,9.2691,6.9556,9.2302,0,True,2,True,2,0,0,True,,15.661080990267367,4.854681358590437,4.545336121884128,778.6357740571344,10.738413724472915,5.681377661876917,3.6552396723902456,0.0,8.0,,gc_formula_si,"Si monomer: HSP NOT reliable (Si groups fitted on 51 HSPiP Si compounds, only 7 measured, all much smaller than the monomers)",0.0,15.661080990267367,15.661080990267367,4.854681358590437,4.854681358590437,4.545336121884128,4.545336121884128
CC(C)(C)[Si](C)(C)OCCN,CC(C)(C)[Si](C)(C)OCCNC(=O)[C@@H]1[C@H](C(=O)NCCO[Si](C)(C)C(C)(C)C)[C@@H]2C=C[C@@H]1C2,amide,Ambeed,monoamine,175.348,False,,0,12.2288,-4.3502,5.5121,0,True,2,True,2,0,0,True,,15.79463470621922,6.327501362488665,3.912230745618835,511.5624031295655,14.121098672323251,4.691415409530928,2.796319521942058,0.0,8.0,,gc_formula_si,"Si monomer: HSP NOT reliable (Si groups fitted on 51 HSPiP Si compounds, only 7 measured, all much smaller than the monomers)",0.0,15.79463470621922,15.79463470621922,6.327501362488665,6.327501362488665,3.912230745618835,3.912230745618835
CC(C)[Si]1(C(C)C)OC[C@H]2O[C@@H](n3cnc4c(N)ncnc43)[C@H](O)[C@@H]2O[Si](C(C)C)(C(C)C)O1,CC(C)[Si]1(C(C)C)OC[C@H]2O[C@@H](n3cnc4c(N)ncnc43)[C@H](OC(=O)[C@@H]3[C@H](C(=O)O[C@@H]4[C@@H]5O[Si](C(C)C)(C(C)C)O[Si](C(C)C)(C(C)C)OC[C@H]5O[C@H]4n4cnc5c(N)ncnc54)[C@@H]4C=C[C@@H]3C4)[C@@H]2O[Si](C(C)C)(C(C)C)O1,ester,Ambeed,"monoalcohol,monoamine",509.756,False,,0,26.4032,19.8932,7.7767,8,True,4,True,0,0,0,True,,16.862036946203254,6.477081481206952,5.934029857621588,1060.3324119141478,20.943716529780204,8.423935966083988,6.901544378468393,0.0,18.0,,gc_formula_si,"Si monomer: HSP NOT reliable (Si groups fitted on 51 HSPiP Si compounds, only 7 measured, all much smaller than the monomers)",0.0,16.862036946203254,16.862036946203254,6.477081481206952,6.477081481206952,5.934029857621588,5.934029857621588
CC(C)[Si]1(C(C)C)OC[C@H]2O[C@@H](n3cnc4c(N)ncnc43)[C@H](O)[C@@H]2O[Si](C(C)C)(C(C)C)O1,CC(C)[Si]1(C(C)C)OC[C@H]2O[C@@H](n3cnc4c(NC(=O)[C@@H]5[C@H](C(=O)Nc6ncnc7c6ncn7[C@@H]6O[C@@H]7CO[Si](C(C)C)(C(C)C)O[Si](C(C)C)(C(C)C)O[C@H]7[C@H]6O)[C@@H]6C=C[C@@H]5C6)ncnc43)[C@H](O)[C@@H]2O[Si](C(C)C)(C(C)C)O1,amide,Ambeed,"monoalcohol,monoamine",509.756,False,,0,23.4801,8.0404,14.7801,10,True,4,True,0,0,0,True,,17.104350559671232,7.646304803051689,5.522030561625174,1042.2636472145648,20.205184814617073,15.221134017636878,7.555430162119692,0.0,20.0,,gc_formula_si,"Si monomer: HSP NOT reliable (Si groups fitted on 51 HSPiP Si compounds, only 7 measured, all much smaller than the monomers)",0.0,17.104350559671232,17.104350559671232,7.646304803051689,7.646304803051689,5.522030561625174,5.522030561625174
Cc1cn([C@H]2C[C@H](O[Si](C)(C)C(C)(C)C)[C@@H](CO)O2)c(=O)[nH]c1=O,Cc1cn([C@H]2C[C@H](O[Si](C)(C)C(C)(C)C)[C@@H](COC(=O)[C@@H]3[C@H](C(=O)OC[C@H]4O[C@@H](n5cc(C)c(=O)[nH]c5=O)C[C@@H]4O[Si](C)(C)C(C)(C)C)[C@@H]4C=C[C@@H]3C4)O2)c(=O)[nH]c1=O,ester,Ambeed,monoalcohol,356.495,False,,0,22.2203,12.786,3.8332,8,True,2,True,0,0,0,True,,17.037181667003946,6.786370670498584,5.807741870382464,771.4440589113952,19.197019939434558,9.059285968743406,1.1396207319488092,0.0,16.0,,gc_formula_si,"Si monomer: HSP NOT reliable (Si groups fitted on 51 HSPiP Si compounds, only 7 measured, all much smaller than the monomers)",0.0,17.037181667003946,17.037181667003946,6.786370670498584,6.786370670498584,5.807741870382464,5.807741870382464
C[Si](C)(C)C#Cc1nc(Br)cnc1N,C[Si](C)(C)C#Cc1nc(Br)cnc1NC(=O)[C@@H]1[C@H](C(=O)Nc2ncc(Br)nc2C#C[Si](C)(C)C)[C@@H]2C=C[C@@H]1C2,amide,Ambeed,monoamine,270.206,False,,0,17.7812,-0.9232,3.2368,6,True,2,True,2,2,2,True,,18.085769841084662,9.565717386412516,7.284856966947659,519.0183484387657,20.25254538543791,11.099214867691819,4.115424846417257,0.0,14.0,,gc_formula_si,"Si monomer: HSP NOT reliable (Si groups fitted on 51 HSPiP Si compounds, only 7 measured, all much smaller than the monomers)",0.0,18.085769841084662,18.085769841084662,9.565717386412516,9.565717386412516,7.284856966947659,7.284856966947659
C[Si](C)(C)C#Cc1cccc(N)c1,C[Si](C)(C)C#Cc1cccc(NC(=O)[C@@H]2[C@H](C(=O)Nc3cccc(C#C[Si](C)(C)C)c3)[C@@H]3C=C[C@@H]2C3)c1,amide,Ambeed,monoamine,189.334,False,,0,18.5299,-2.0812,4.0486,2,True,2,True,0,0,0,True,,17.561157811213427,6.943438168659751,6.0719205603115665,510.9446828687589,18.51071264742716,7.3164021312743674,6.832083004126445,0.0,10.0,,gc_formula_si,"Si monomer: HSP NOT reliable (Si groups fitted on 51 HSPiP Si compounds, only 7 measured, all much smaller than the monomers)",0.0,17.561157811213427,17.561157811213427,6.943438168659751,6.943438168659751,6.0719205603115665,6.0719205603115665
C[Si](C)(C)C#Cc1ccc(O)cc1,C[Si](C)(C)C#Cc1ccc(OC(=O)[C@@H]2[C@H](C(=O)Oc3ccc(C#C[Si](C)(C)C)cc3)[C@@H]3C=C[C@@H]2C3)cc1,ester,Ambeed,monoalcohol,190.318,False,,0,19.2334,0.5264,5.2512,0,True,2,True,0,0,0,True,,16.68055539316874,3.7962095872753725,4.2854149908222015,539.0814750090301,17.044727816771353,6.634821559082479,6.58870511241788,0.0,8.0,,gc_formula_si,"Si monomer: HSP NOT reliable (Si groups fitted on 51 HSPiP Si compounds, only 7 measured, all much smaller than the monomers)",0.0,16.68055539316874,16.68055539316874,3.7962095872753725,3.7962095872753725,4.2854149908222015,4.2854149908222015
COc1ccc(C(OC[C@H]2O[C@@H](n3cnc4c(=O)[nH]c(NC(=O)C(C)C)nc43)[C@H](O[Si](C)(C)C(C)(C)C)[C@@H]2O)(c2ccccc2)c2ccc(OC)cc2)cc1,COc1ccc(C(OC[C@H]2O[C@@H](n3cnc4c(=O)[nH]c(NC(=O)C(C)C)nc43)[C@H](O[Si](C)(C)C(C)(C)C)[C@@H]2OC(=O)[C@@H]2[C@H](C(=O)O[C@H]3[C@@H](O[Si](C)(C)C(C)(C)C)[C@H](n4cnc5c(=O)[nH]c(NC(=O)C(C)C)nc54)O[C@@H]3COC(c3ccccc3)(c3ccc(OC)cc3)c3ccc(OC)cc3)[C@@H]3C=C[C@@H]2C3)(c2ccccc2)c2ccc(OC)cc2)cc1,ester,Ambeed,monoalcohol,769.972,False,,0,29.4486,15.4454,7.0844,12,True,2,True,0,0,0,True,,18.42340548989982,7.279330431610361,6.344871552911184,1459.5502630000176,26.63524775782347,8.278081304420443,13.158149216391983,0.0,20.0,,gc_formula_si,"Si monomer: HSP NOT reliable (Si groups fitted on 51 HSPiP Si compounds, only 7 measured, all much smaller than the monomers)",0.0,18.42340548989982,18.42340548989982,7.279330431610361,7.279330431610361,6.344871552911184,6.344871552911184
COc1ccc(C(OC[C@H]2O[C@@H](n3cnc4c(NC(=O)c5ccccc5)ncnc43)[C@H](O[Si](C)(C)C(C)(C)C)[C@@H]2O)(c2ccccc2)c2ccc(OC)cc2)cc1,COc1ccc(C(OC[C@H]2O[C@@H](n3cnc4c(NC(=O)c5ccccc5)ncnc43)[C@H](O[Si](C)(C)C(C)(C)C)[C@@H]2OC(=O)[C@@H]2[C@H](C(=O)O[C@H]3[C@@H](O[Si](C)(C)C(C)(C)C)[C@H](n4cnc5c(NC(=O)c6ccccc6)ncnc54)O[C@@H]3COC(c3ccccc3)(c3ccc(OC)cc3)c3ccc(OC)cc3)[C@@H]3C=C[C@@H]2C3)(c2ccccc2)c2ccc(OC)cc2)cc1,ester,Ambeed,monoalcohol,787.99,False,,0,31.5755,13.8146,7.2348,10,True,2,True,0,0,0,True,,18.81418837108035,6.885735256670221,5.7974563175630776,1474.3165399523941,28.197604693907937,9.357135930151273,16.57742636381936,0.0,18.0,,gc_formula_si,"Si monomer: HSP NOT reliable (Si groups fitted on 51 HSPiP Si compounds, only 7 measured, all much smaller than the monomers)",0.0,18.81418837108035,18.81418837108035,6.885735256670221,6.885735256670221,5.7974563175630776,5.7974563175630776
CCO[Si](CNc1ccccc1)(OCC)OCC,CCO[Si](CN(C(=O)[C@@H]1[C@H](C(=O)N(C[Si](OCC)(OCC)OCC)c2ccccc2)[C@@H]2C=C[C@@H]1C2)c1ccccc1)(OCC)OCC,amide,Ambeed,monoamine,269.417,False,,0,19.2602,-3.0884,5.1372,2,True,2,True,0,0,0,True,,17.023685722436053,5.325207789577205,2.9417031111671363,629.2837089768051,18.280725416968,3.0358846488765847,4.083641118602538,0.0,10.0,,gc_formula_si,"Si monomer: HSP NOT reliable (Si groups fitted on 51 HSPiP Si compounds, only 7 measured, all much smaller than the monomers)",0.0,17.023685722436053,17.023685722436053,5.325207789577205,5.325207789577205,2.9417031111671363,2.9417031111671363
CC(C)(C)[Si](C)(C)OCCNCCO[Si](C)(C)C(C)(C)C,CC(C)(C)[Si](C)(C)OCCN(CCO[Si](C)(C)C(C)(C)C)C(=O)[C@@H]1[C@H](C(=O)N(CCO[Si](C)(C)C(C)(C)C)CCO[Si](C)(C)C(C)(C)C)[C@@H]2C=C[C@@H]1C2,amide,Ambeed,monoamine,333.665,False,,0,12.9345,-11.7294,8.086,0,True,4,True,0,0,0,True,,14.954606114728094,4.317725724972851,1.9160106532589058,885.388000024385,0.0,3.5298513942660525,1.7620993167637826,0.0,16.0,,gc_formula_si,"Si monomer: HSP NOT reliable (Si groups fitted on 51 HSPiP Si compounds, only 7 measured, all much smaller than the monomers)",0.0,14.954606114728094,14.954606114728094,4.317725724972851,4.317725724972851,1.9160106532589058,1.9160106532589058
C[Si](C)(C)C#Cc1ccccc1O,C[Si](C)(C)C#Cc1ccccc1OC(=O)[C@@H]1[C@H](C(=O)Oc2ccccc2C#C[Si](C)(C)C)[C@@H]2C=C[C@@H]1C2,ester,Ambeed,monoalcohol,190.318,False,,0,19.2334,0.5264,5.2512,0,True,2,True,0,0,0,True,,16.68055539316874,3.7962095872753725,4.2854149908222015,539.0814750090301,17.044727816771353,6.634821559082479,6.58870511241788,0.0,8.0,,gc_formula_si,"Si monomer: HSP NOT reliable (Si groups fitted on 51 HSPiP Si compounds, only 7 measured, all much smaller than the monomers)",0.0,16.68055539316874,16.68055539316874,3.7962095872753725,3.7962095872753725,4.2854149908222015,4.2854149908222015
C=CC(O)[Si](C)(C)C(C)(C)C,C=CC(OC(=O)[C@@H]1[C@H](C(=O)OC(C=C)[Si](C)(C)C(C)(C)C)[C@@H]2C=C[C@@H]1C2)[Si](C)(C)C(C)(C)C,ester,Ambeed,monoalcohol,172.344,False,,0,14.926,5.1358,7.0994,4,True,2,True,0,2,0,True,,15.233084347262016,2.8652781736787776,3.465736896777947,551.4607322277117,12.064744379645154,2.530003499179419,3.6499417909149052,0.0,10.0,,gc_formula_si,"Si monomer: HSP NOT reliable (Si groups fitted on 51 HSPiP Si compounds, only 7 measured, all much smaller than the monomers)",0.0,15.233084347262016,15.233084347262016,2.8652781736787776,2.8652781736787776,3.465736896777947,3.465736896777947
CCOC(=O)C1CC2(CCC(O[Si](C)(C)C(C)(C)C)CC2)CN1,CCOC(=O)C1CC2(CCC(O[Si](C)(C)C(C)(C)C)CC2)CN1C(=O)[C@@H]1[C@H](C(=O)N2CC3(CCC(O[Si](C)(C)C(C)(C)C)CC3)CC2C(=O)OCC)[C@@H]2C=C[C@@H]1C2,amide,Ambeed,monoamine,341.568,False,,0,20.8486,-4.8036,4.973,0,True,2,True,0,0,2,True,,16.52248457349993,5.169194109003381,3.7811265563336236,816.1132843503997,15.829429251213218,4.227561740812617,3.8732890275641028,0.0,8.0,,gc_formula_si,"Si monomer: HSP NOT reliable (Si groups fitted on 51 HSPiP Si compounds, only 7 measured, all much smaller than the monomers)",0.0,16.52248457349993,16.52248457349993,5.169194109003381,5.169194109003381,3.7811265563336236,3.7811265563336236
COC(=O)[C@H](O)CCO[Si](C)(C)C(C)(C)C,COC(=O)[C@@H](CCO[Si](C)(C)C(C)(C)C)OC(=O)[C@@H]1[C@H](C(=O)O[C@H](CCO[Si](C)(C)C(C)(C)C)C(=O)OC)[C@@H]2C=C[C@@H]1C2,ester,Ambeed,monoalcohol,248.395,False,,0,15.7414,12.8142,6.9268,0,True,2,True,0,0,0,True,,15.723027379023254,4.132843291225478,4.376392782450254,625.3416163998833,13.214867944001362,5.875691205402254,4.685011760600259,0.0,8.0,,gc_formula_si,"Si monomer: HSP NOT reliable (Si groups fitted on 51 HSPiP Si compounds, only 7 measured, all much smaller than the monomers)",0.0,15.723027379023254,15.723027379023254,4.132843291225478,4.132843291225478,4.376392782450254,4.376392782450254
CC(C)(C)[Si](C)(C)OC[C@H]1O[C@@H](n2cc(I)c(=O)[nH]c2=O)C[C@@H]1O,CC(C)(C)[Si](C)(C)OC[C@H]1O[C@@H](n2cc(I)c(=O)[nH]c2=O)C[C@@H]1OC(=O)[C@@H]1[C@H](C(=O)O[C@H]2C[C@H](n3cc(I)c(=O)[nH]c3=O)O[C@@H]2CO[Si](C)(C)C(C)(C)C)[C@@H]2C=C[C@@H]1C2,ester,Ambeed,monoalcohol,468.364,False,,0,23.8402,14.1988,4.8732,8,True,2,True,0,0,0,True,,17.421121896490206,6.873933386169366,6.099671469313782,791.8248441557704,20.639823081917946,8.937643688838744,4.196388599648466,0.0,16.0,,gc_formula_si,"Si monomer: HSP NOT reliable (Si groups fitted on 51 HSPiP Si compounds, only 7 measured, all much smaller than the monomers)",0.0,17.421121896490206,17.421121896490206,6.873933386169366,6.873933386169366,6.099671469313782,6.099671469313782
CC(C)(C)[Si](C)(C)Oc1cccc(O)c1,CC(C)(C)[Si](C)(C)Oc1cccc(OC(=O)[C@@H]2[C@H](C(=O)Oc3cccc(O[Si](C)(C)C(C)(C)C)c3)[C@@H]3C=C[C@@H]2C3)c1,ester,Ambeed,monoalcohol,224.376,False,,0,18.7639,3.6074,7.1494,2,True,2,True,0,0,0,True,,16.17519818236041,3.003991948431115,3.0141843653875675,608.4385575852234,14.407399918260149,3.660127188548193,0.6833642007972986,0.0,10.0,,gc_formula_si,"Si monomer: HSP NOT reliable (Si groups fitted on 51 HSPiP Si compounds, only 7 measured, all much smaller than the monomers)",0.0,16.17519818236041,16.17519818236041,3.003991948431115,3.003991948431115,3.0141843653875675,3.0141843653875675
C[Si](C)(C)CCS(=O)(=O)n1ccc2cccc(N)c21,C[Si](C)(C)CCS(=O)(=O)n1ccc2cccc(NC(=O)[C@@H]3[C@H](C(=O)Nc4cccc5ccn(S(=O)(=O)CC[Si](C)(C)C)c45)[C@@H]4C=C[C@@H]3C4)c21,amide,Ambeed,monoamine,296.468,False,,0,22.0052,22.1416,4.209,4,True,2,True,0,0,0,True,,18.33602665092298,9.220742195208045,6.310219713318734,614.1051999462243,21.075396329012555,15.801686678897397,4.027791328655673,0.0,12.0,,gc_formula_si,"Si monomer: HSP NOT reliable (Si groups fitted on 51 HSPiP Si compounds, only 7 measured, all much smaller than the monomers)",0.0,18.33602665092298,18.33602665092298,9.220742195208045,9.220742195208045,6.310219713318734,6.310219713318734
CC(C)(C)[Si](C)(C)OC[C@H]1O[C@@H](n2cc(I)c(N)nc2=O)C[C@@H]1O,CC(C)(C)[Si](C)(C)OC[C@H]1O[C@@H](n2cc(I)c(N)nc2=O)C[C@@H]1OC(=O)[C@@H]1[C@H](C(=O)O[C@H]2C[C@H](n3cc(I)c(N)nc3=O)O[C@@H]2CO[Si](C)(C)C(C)(C)C)[C@@H]2C=C[C@@H]1C2,ester,Ambeed,"monoalcohol,monoamine",467.38,False,,0,25.9912,17.4974,8.9485,6,True,2,True,0,0,0,True,,17.597542360947045,6.647107911356916,6.874020687939599,794.6370470327337,21.132784118379274,3.2632431221884746,6.309758555606259,0.0,14.0,,gc_formula_si,"Si monomer: HSP NOT reliable (Si groups fitted on 51 HSPiP Si compounds, only 7 measured, all much smaller than the monomers)",0.0,17.597542360947045,17.597542360947045,6.647107911356916,6.647107911356916,6.874020687939599,6.874020687939599
CC(C)(C)[Si](C)(C)OC[C@H]1O[C@@H](n2cc(I)c(N)nc2=O)C[C@@H]1O,CC(C)(C)[Si](C)(C)OC[C@H]1O[C@@H](n2cc(I)c(NC(=O)[C@@H]3[C@H](C(=O)Nc4nc(=O)n([C@H]5C[C@H](O)[C@@H](CO[Si](C)(C)C(C)(C)C)O5)cc4I)[C@@H]4C=C[C@@H]3C4)nc2=O)C[C@@H]1O,amide,Ambeed,"monoalcohol,monoamine",467.38,False,,0,22.9914,5.6446,15.9519,8,True,2,True,0,0,0,True,,17.92511439783223,8.148573798916289,6.418530545692764,776.5682823331507,20.404051603512883,10.06044117374137,6.9636443392575575,0.0,16.0,,gc_formula_si,"Si monomer: HSP NOT reliable (Si groups fitted on 51 HSPiP Si compounds, only 7 measured, all much smaller than the monomers)",0.0,17.92511439783223,17.92511439783223,8.148573798916289,8.148573798916289,6.418530545692764,6.418530545692764
COC(=O)c1ccc(C#C[Si](C)(C)C)c(O)c1,COC(=O)c1ccc(C#C[Si](C)(C)C)c(OC(=O)[C@@H]2[C@H](C(=O)Oc3cc(C(=O)OC)ccc3C#C[Si](C)(C)C)[C@@H]3C=C[C@@H]2C3)c1,ester,Ambeed,monoalcohol,248.354,False,,0,19.9284,12.7692,5.3766,0,True,2,True,0,0,0,True,,16.9865444026501,5.545058726557939,4.1074780332532645,594.4799345749176,16.755763534859803,10.449916464645428,7.977868985876753,0.0,8.0,,gc_formula_si,"Si monomer: HSP NOT reliable (Si groups fitted on 51 HSPiP Si compounds, only 7 measured, all much smaller than the monomers)",0.0,16.9865444026501,16.9865444026501,5.545058726557939,5.545058726557939,4.1074780332532645,4.1074780332532645
COc1ccc(C(OCc2ccccc2)(c2ccc(OC)cc2)C2OCC(n3cc(C)c(=O)[nH]c3=O)C(OCCO[Si](C)(C)C(C)(C)C)C2O)cc1,COc1ccc(C(OCc2ccccc2)(c2ccc(OC)cc2)C2OCC(n3cc(C)c(=O)[nH]c3=O)C(OCCO[Si](C)(C)C(C)(C)C)C2OC(=O)[C@@H]2[C@H](C(=O)OC3C(OCCO[Si](C)(C)C(C)(C)C)C(n4cc(C)c(=O)[nH]c4=O)COC3C(OCc3ccccc3)(c3ccc(OC)cc3)c3ccc(OC)cc3)[C@@H]3C=C[C@@H]2C3)cc1,ester,Ambeed,monoalcohol,732.947,False,,0,30.3109,14.413,8.0244,8,True,2,True,0,0,0,True,,18.08965621186632,5.993978100336397,5.810586449183884,1417.494028536818,26.093267607955585,12.389048985202383,10.932579671242259,0.0,16.0,,gc_formula_si,"Si monomer: HSP NOT reliable (Si groups fitted on 51 HSPiP Si compounds, only 7 measured, all much smaller than the monomers)",0.0,18.08965621186632,18.08965621186632,5.993978100336397,5.993978100336397,5.810586449183884,5.810586449183884
CC(C)(C)[Si](C)(C)OCC1CN(Cc2ccccc2)CCC1O,CC(C)(C)[Si](C)(C)OCC1CN(Cc2ccccc2)CCC1OC(=O)[C@@H]1[C@H](C(=O)OC2CCN(Cc3ccccc3)CC2CO[Si](C)(C)C(C)(C)C)[C@@H]2C=C[C@@H]1C2,ester,Ambeed,"monoalcohol,monoamine",335.564,False,,0,22.0328,4.5268,3.7454,0,True,2,True,0,0,0,True,,16.66855622690456,3.216552740038996,3.487827119111993,817.3463404966564,17.46003412874667,4.563532206376252,5.799646530794177,0.0,8.0,,gc_formula_si,"Si monomer: HSP NOT reliable (Si groups fitted on 51 HSPiP Si compounds, only 7 measured, all much smaller than the monomers)",0.0,16.66855622690456,16.66855622690456,3.216552740038996,3.216552740038996,3.487827119111993,3.487827119111993
C[Si](C)(C)C#Cc1ccc(N)cn1,C[Si](C)(C)C#Cc1ccc(NC(=O)[C@@H]2[C@H](C(=O)Nc3ccc(C#C[Si](C)(C)C)nc3)[C@@H]3C=C[C@@H]2C3)cn1,amide,Ambeed,monoamine,190.322,False,,0,18.827,-1.6952,3.778,4,True,2,True,0,0,0,True,,17.573594757877565,8.061416816048771,6.731522539636099,501.79428017386067,19.2280908768671,6.4061857441338965,3.0825974926312654,0.0,12.0,,gc_formula_si,"Si monomer: HSP NOT reliable (Si groups fitted on 51 HSPiP Si compounds, only 7 measured, all much smaller than the monomers)",0.0,17.573594757877565,17.573594757877565,8.061416816048771,8.061416816048771,6.731522539636099,6.731522539636099
CO[Si](C)(CCCN)OC,CO[Si](C)(CCCNC(=O)[C@@H]1[C@H](C(=O)NCCC[Si](C)(OC)OC)[C@@H]2C=C[C@@H]1C2)OC,amide,Ambeed,monoamine,163.293,False,,0,15.9555,5.441,12.1501,0,True,2,True,2,0,0,True,,16.30344686627376,6.954895783141063,4.743319306652384,449.41864476724845,15.739020415290168,9.524360601334497,2.9187557433580444,0.0,8.0,,gc_formula_si,"Si monomer: HSP NOT reliable (Si groups fitted on 51 HSPiP Si compounds, only 7 measured, all much smaller than the monomers)",0.0,16.30344686627376,16.30344686627376,6.954895783141063,6.954895783141063,4.743319306652384,4.743319306652384
C[Si](C)(C)C#Cc1ccc(N)cc1Cl,C[Si](C)(C)C#Cc1ccc(NC(=O)[C@@H]2[C@H](C(=O)Nc3ccc(C#C[Si](C)(C)C)c(Cl)c3)[C@@H]3C=C[C@@H]2C3)cc1Cl,amide,Ambeed,monoamine,223.779,False,,0,19.9007,-1.8806,4.6628,2,True,2,True,0,0,0,True,,17.88128865635831,6.925034367803515,5.917767142089891,534.2127812040342,19.411358771195193,7.581651669858739,6.8407755583184064,0.0,10.0,,gc_formula_si,"Si monomer: HSP NOT reliable (Si groups fitted on 51 HSPiP Si compounds, only 7 measured, all much smaller than the monomers)",0.0,17.88128865635831,17.88128865635831,6.925034367803515,6.925034367803515,5.917767142089891,5.917767142089891
CC(C)(C)[Si](C)(C)OCC[C@@H](O)C(=O)OCc1ccccc1,CC(C)(C)[Si](C)(C)OCC[C@@H](OC(=O)[C@@H]1[C@H](C(=O)O[C@H](CCO[Si](C)(C)C(C)(C)C)C(=O)OCc2ccccc2)[C@@H]2C=C[C@@H]1C2)C(=O)OCc1ccccc1,ester,Ambeed,monoalcohol,324.493,False,,0,19.2237,8.5754,7.9318,0,True,2,True,0,0,0,True,,16.5759329131209,3.811160397398261,4.1439179163982,776.311457672098,16.948454931394853,5.672576876295207,5.309216488016062,0.0,8.0,,gc_formula_si,"Si monomer: HSP NOT reliable (Si groups fitted on 51 HSPiP Si compounds, only 7 measured, all much smaller than the monomers)",0.0,16.5759329131209,16.5759329131209,3.811160397398261,3.811160397398261,4.1439179163982,4.1439179163982
CC(C)(C)[Si](C)(C)OC1CNC1,CC(C)(C)[Si](C)(C)OC1CN(C(=O)[C@@H]2[C@H](C(=O)N3CC(O[Si](C)(C)C(C)(C)C)C3)[C@@H]3C=C[C@@H]2C3)C1,amide,Ambeed,monoamine,187.359,False,,0,19.0972,3.0048,4.5259,0,True,2,True,0,0,0,True,,16.070007194234442,5.728844595382424,3.361962531924592,537.6899439731186,14.843321031729152,2.9617452921267993,2.9245311947307133,0.0,8.0,,gc_formula_si,"Si monomer: HSP NOT reliable (Si groups fitted on 51 HSPiP Si compounds, only 7 measured, all much smaller than the monomers)",0.0,16.070007194234442,16.070007194234442,5.728844595382424,5.728844595382424,3.361962531924592,3.361962531924592
CCOC(=O)C(O)C#C[Si](C)(C)C,CCOC(=O)C(C#C[Si](C)(C)C)OC(=O)[C@@H]1[C@H](C(=O)OC(C#C[Si](C)(C)C)C(=O)OCC)[C@@H]2C=C[C@@H]1C2,ester,Ambeed,monoalcohol,200.31,False,,0,14.6297,9.1446,3.2695,0,True,2,True,0,0,0,True,,15.763282111017604,4.751604015708257,5.344309866483717,552.3764852979195,13.670186390146288,8.507488412508419,7.751893247623635,0.0,8.0,,gc_formula_si,"Si monomer: HSP NOT reliable (Si groups fitted on 51 HSPiP Si compounds, only 7 measured, all much smaller than the monomers)",0.0,15.763282111017604,15.763282111017604,4.751604015708257,4.751604015708257,5.344309866483717,5.344309866483717
C[C@H](CO)O[Si](C)(C)C(C)(C)C,C[C@H](COC(=O)[C@@H]1[C@H](C(=O)OC[C@@H](C)O[Si](C)(C)C(C)(C)C)[C@@H]2C=C[C@@H]1C2)O[Si](C)(C)C(C)(C)C,ester,Ambeed,monoalcohol,190.359,False,,0,14.8169,5.0472,6.1996,0,True,2,True,0,0,0,True,,15.360080116966467,3.280237276898613,2.773498572033443,563.8050864900213,12.040631061775661,3.166809022292938,1.6879910436973615,0.0,8.0,,gc_formula_si,"Si monomer: HSP NOT reliable (Si groups fitted on 51 HSPiP Si compounds, only 7 measured, all much smaller than the monomers)",0.0,15.360080116966467,15.360080116966467,3.280237276898613,3.280237276898613,2.773498572033443,2.773498572033443
C[Si](C)(C)/C=C/CB1OCCNCCO1,C[Si](C)(C)/C=C/CB1OCCN(C(=O)[C@@H]2[C@H](C(=O)N3CCOB(C/C=C/[Si](C)(C)C)OCC3)[C@@H]3C=C[C@@H]2C3)CCO1,amide,Ambeed,monoamine,227.189,False,,0,19.6611,-4.3736,3.0655,2,True,2,True,0,2,0,True,,16.70466130443406,6.0598019501960465,5.198311650904243,614.2912745503812,18.296802630511102,5.786296143431189,8.128398715710514,0.0,10.0,,gc_formula_si,"Si monomer: HSP NOT reliable (Si groups fitted on 51 HSPiP Si compounds, only 7 measured, all much smaller than the monomers)",0.0,16.70466130443406,16.70466130443406,6.0598019501960465,6.0598019501960465,5.198311650904243,5.198311650904243
CC(C)(C)[Si]1(C(C)(C)C)OC[C@H]2O[C@@H](n3ccc(=O)[nH]c3=O)[C@H](O)[C@@H]2O1,CC(C)(C)[Si]1(C(C)(C)C)OC[C@H]2O[C@@H](n3ccc(=O)[nH]c3=O)[C@H](OC(=O)[C@@H]3[C@H](C(=O)O[C@@H]4[C@@H]5O[Si](C(C)(C)C)(C(C)(C)C)OC[C@H]5O[C@H]4n4ccc(=O)[nH]c4=O)[C@@H]4C=C[C@@H]3C4)[C@@H]2O1,ester,Ambeed,monoalcohol,384.505,False,,0,23.5628,17.486,5.5086,8,True,2,True,0,0,0,True,,17.064940748260153,6.890277560475663,5.733250995947263,803.5343179477402,19.622621763167746,12.19399742093464,1.284079779640506,0.0,14.0,,gc_formula_si,"Si monomer: HSP NOT reliable (Si groups fitted on 51 HSPiP Si compounds, only 7 measured, all much smaller than the monomers)",0.0,17.064940748260153,17.064940748260153,6.890277560475663,6.890277560475663,5.733250995947263,5.733250995947263
C[Si](C)(C)[Si](NC12CC3CC(CC(C3)C1)C2)([Si](C)(C)C)[Si](C)(C)C,C[Si](C)(C)[Si](N(C(=O)[C@@H]1[C@H](C(=O)N(C23CC4CC(CC(C4)C2)C3)[Si]([Si](C)(C)C)([Si](C)(C)C)[Si](C)(C)C)[C@@H]2C=C[C@@H]1C2)C12CC3CC(CC(C3)C1)C2)([Si](C)(C)C)[Si](C)(C)C,amide,Ambeed,monoamine,397.904,False,,0,19.5962,-15.2026,7.3908,0,True,8,True,0,0,8,True,,15.227508896225414,3.1959991615395196,1.8791573174501746,1017.9682428385804,10.819669570750001,1.3325198461870693,2.338082575953969,0.0,28.0,,gc_formula_si,"Si monomer: HSP NOT reliable (Si groups fitted on 51 HSPiP Si compounds, only 7 measured, all much smaller than the monomers)",0.0,15.227508896225414,15.227508896225414,3.1959991615395196,3.1959991615395196,1.8791573174501746,1.8791573174501746
Cn1nc(CO)cc1CO[Si](C)(C)C(C)(C)C,Cn1nc(COC(=O)[C@@H]2[C@H](C(=O)OCc3cc(CO[Si](C)(C)C(C)(C)C)n(C)n3)[C@@H]3C=C[C@@H]2C3)cc1CO[Si](C)(C)C(C)(C)C,ester,Ambeed,monoalcohol,256.422,False,,0,16.905,5.3836,6.5876,4,True,2,True,0,0,0,True,,16.502282757690164,4.764362853418425,4.138341623506392,637.7414143297849,15.143098074134064,3.0648557850479463,4.068928389900645,0.0,12.0,,gc_formula_si,"Si monomer: HSP NOT reliable (Si groups fitted on 51 HSPiP Si compounds, only 7 measured, all much smaller than the monomers)",0.0,16.502282757690164,16.502282757690164,4.764362853418425,4.764362853418425,4.138341623506392,4.138341623506392
C[Si](C)(C)c1ccccc1O,C[Si](C)(C)c1ccccc1OC(=O)[C@@H]1[C@H](C(=O)Oc2ccccc2[Si](C)(C)C)[C@@H]2C=C[C@@H]1C2,ester,Ambeed,monoalcohol,166.296,False,,0,19.1157,4.579,5.9534,0,True,2,True,0,0,0,True,,16.661581018993367,3.268685424860805,3.936889490883162,489.46221617236085,17.26736169185007,4.032748497869478,3.777126448382039,0.0,8.0,,gc_formula_si,"Si monomer: HSP NOT reliable (Si groups fitted on 51 HSPiP Si compounds, only 7 measured, all much smaller than the monomers)",0.0,16.661581018993367,16.661581018993367,3.268685424860805,3.268685424860805,3.936889490883162,3.936889490883162
CC1(C)O[C@@H]2[C@@H](CO[Si](C)(C)C(C)(C)C)OC(O)[C@@H]2O1,CC1(C)O[C@@H]2[C@@H](CO[Si](C)(C)C(C)(C)C)OC(OC(=O)[C@@H]3[C@H](C(=O)OC4O[C@H](CO[Si](C)(C)C(C)(C)C)[C@H]5OC(C)(C)O[C@@H]45)[C@@H]4C=C[C@@H]3C4)[C@@H]2O1,ester,Ambeed,monoalcohol,304.459,False,,0,19.8935,15.1522,5.1708,0,True,2,True,0,0,0,True,,15.853368002427443,4.009846655028831,3.1121498267705676,740.5203468413823,12.951586648749291,6.1361215806459715,5.107128902756896,0.0,8.0,,gc_formula_si,"Si monomer: HSP NOT reliable (Si groups fitted on 51 HSPiP Si compounds, only 7 measured, all much smaller than the monomers)",0.0,15.853368002427443,15.853368002427443,4.009846655028831,4.009846655028831,3.1121498267705676,3.1121498267705676
CC(C)(C)[Si](C)(C)OCC1CCc2cc3c(c(N)c21)CCC3,CC(C)(C)[Si](C)(C)OCC1CCc2cc3c(c(NC(=O)[C@@H]4[C@H](C(=O)Nc5c6c(cc7c5C(CO[Si](C)(C)C(C)(C)C)CC7)CCC6)[C@@H]5C=C[C@@H]4C5)c21)CCC3,amide,Ambeed,monoamine,317.549,False,,0,20.9416,8.2956,-0.337,2,True,2,True,0,0,0,True,,17.32280073050938,5.349833145422193,3.9581367448771396,720.6586711812197,16.156131751023974,5.60276869101342,4.052802818516575,0.0,10.0,,gc_formula_si,"Si monomer: HSP NOT reliable (Si groups fitted on 51 HSPiP Si compounds, only 7 measured, all much smaller than the monomers)",0.0,17.32280073050938,17.32280073050938,5.349833145422193,5.349833145422193,3.9581367448771396,3.9581367448771396
CCO[Si](CCCc1c(O)c(C(=O)c2ccccc2)cc(C(=O)c2ccccc2)c1O)(OCC)OCC,CCO[Si](CCCc1c(O)c(C(=O)c2ccccc2)cc(C(=O)c2ccccc2)c1OC(=O)[C@@H]1[C@H](C(=O)Oc2c(C(=O)c3ccccc3)cc(C(=O)c3ccccc3)c(O)c2CCC[Si](OCC)(OCC)OCC)[C@@H]2C=C[C@@H]1C2)(OCC)OCC,ester,Ambeed,diol,522.67,False,,0,25.4318,12.6926,14.9623,0,True,2,True,0,0,0,True,,17.908996281120984,5.945235678596032,5.176791223222282,1068.0953160896315,23.06155746295811,7.946281235347295,8.711227252444175,0.0,8.0,,gc_formula_si,"Si monomer: HSP NOT reliable (Si groups fitted on 51 HSPiP Si compounds, only 7 measured, all much smaller than the monomers)",0.0,17.908996281120984,17.908996281120984,5.945235678596032,5.945235678596032,5.176791223222282,5.176791223222282
CCO[Si](CCCNCCC[Si](OCC)(OCC)OCC)(OCC)OCC,CCO[Si](CCCN(CCC[Si](OCC)(OCC)OCC)C(=O)[C@@H]1[C@H](C(=O)N(CCC[Si](OCC)(OCC)OCC)CCC[Si](OCC)(OCC)OCC)[C@@H]2C=C[C@@H]1C2)(OCC)OCC,amide,Ambeed,monoamine,425.715,False,,0,18.9612,8.7696,4.7652,0,True,4,True,0,0,0,True,,15.368022690878036,4.982543238850227,2.5013585443219695,991.1889346056898,10.00646144539477,8.162844011408582,2.9631948216732242,0.0,16.0,,gc_formula_si,"Si monomer: HSP NOT reliable (Si groups fitted on 51 HSPiP Si compounds, only 7 measured, all much smaller than the monomers)",0.0,15.368022690878036,15.368022690878036,4.982543238850227,4.982543238850227,2.5013585443219695,2.5013585443219695
CC(O)CCCCCCCO[Si](C)(C)C(C)(C)C,CC(CCCCCCCO[Si](C)(C)C(C)(C)C)OC(=O)[C@@H]1[C@H](C(=O)OC(C)CCCCCCCO[Si](C)(C)C(C)(C)C)[C@@H]2C=C[C@@H]1C2,ester,Ambeed,monoalcohol,274.521,False,,0,13.1342,-4.176,5.6198,0,True,2,True,0,0,0,True,,15.508306295106063,2.749151069462547,2.719160175754454,772.4458169731961,11.462774030458474,2.8133152808748125,1.7886704386685828,0.0,8.0,,gc_formula_si,"Si monomer: HSP NOT reliable (Si groups fitted on 51 HSPiP Si compounds, only 7 measured, all much smaller than the monomers)",0.0,15.508306295106063,15.508306295106063,2.749151069462547,2.749151069462547,2.719160175754454,2.719160175754454
CC(C)(C)[Si](C)(C)OC[C@H]1O[C@@H](n2cnc3c(N)ncnc32)C[C@@H]1O[Si](C)(C)C(C)(C)C,CC(C)(C)[Si](C)(C)OC[C@H]1O[C@@H](n2cnc3c(NC(=O)[C@@H]4[C@H](C(=O)Nc5ncnc6c5ncn6[C@H]5C[C@H](O[Si](C)(C)C(C)(C)C)[C@@H](CO[Si](C)(C)C(C)(C)C)O5)[C@@H]5C=C[C@@H]4C5)ncnc32)C[C@@H]1O[Si](C)(C)C(C)(C)C,amide,Ambeed,monoamine,479.774,False,,0,18.9862,4.865,6.4658,10,True,4,True,0,0,0,True,,16.684244953627378,7.168167522234306,4.8386878723885705,1052.6472672986524,16.271926577921317,3.177149283571513,5.731820624230156,0.0,26.0,,gc_formula_si,"Si monomer: HSP NOT reliable (Si groups fitted on 51 HSPiP Si compounds, only 7 measured, all much smaller than the monomers)",0.0,16.684244953627378,16.684244953627378,7.168167522234306,7.168167522234306,4.8386878723885705,4.8386878723885705
CC(C)(C)[Si](C)(C)OCCCCN,CC(C)(C)[Si](C)(C)OCCCCNC(=O)[C@@H]1[C@H](C(=O)NCCCCO[Si](C)(C)C(C)(C)C)[C@@H]2C=C[C@@H]1C2,amide,Ambeed,monoamine,203.402,False,,0,12.3134,-4.8946,3.9613,0,True,2,True,2,0,0,True,,15.868483166088593,5.938118744391475,3.673915333277901,578.5419267343176,14.085553267906171,3.4975091699520773,2.632067171484481,0.0,8.0,,gc_formula_si,"Si monomer: HSP NOT reliable (Si groups fitted on 51 HSPiP Si compounds, only 7 measured, all much smaller than the monomers)",0.0,15.868483166088593,15.868483166088593,5.938118744391475,5.938118744391475,3.673915333277901,3.673915333277901
CC(C)(C)[Si](C)(C)OCC1CCC2(CO)CCCN12,CC(C)(C)[Si](C)(C)OCC1CCC2(COC(=O)[C@@H]3[C@H](C(=O)OCC45CCCN4C(CO[Si](C)(C)C(C)(C)C)CC5)[C@@H]4C=C[C@@H]3C4)CCCN12,ester,Ambeed,"monoalcohol,monoamine",285.504,False,,0,21.4914,11.4874,3.6896,0,True,2,True,0,0,0,True,,16.21199266061604,3.1184561131109345,3.3176556315656174,692.367885249396,14.828321544279406,4.660681344816921,4.827125579105815,0.0,8.0,,gc_formula_si,"Si monomer: HSP NOT reliable (Si groups fitted on 51 HSPiP Si compounds, only 7 measured, all much smaller than the monomers)",0.0,16.21199266061604,16.21199266061604,3.1184561131109345,3.1184561131109345,3.3176556315656174,3.3176556315656174
COc1ccc(C(OC[C@H]2O[C@@H](n3ccc(NC(C)=O)nc3=O)[C@H](O)[C@@H]2O[Si](C)(C)C(C)(C)C)(c2ccccc2)c2ccc(OC)cc2)cc1,COc1ccc(C(OC[C@H]2O[C@@H](n3ccc(NC(C)=O)nc3=O)[C@H](OC(=O)[C@@H]3[C@H](C(=O)O[C@@H]4[C@H](O[Si](C)(C)C(C)(C)C)[C@@H](COC(c5ccccc5)(c5ccc(OC)cc5)c5ccc(OC)cc5)O[C@H]4n4ccc(NC(C)=O)nc4=O)[C@@H]4C=C[C@@H]3C4)[C@@H]2O[Si](C)(C)C(C)(C)C)(c2ccccc2)c2ccc(OC)cc2)cc1,ester,Ambeed,monoalcohol,701.893,False,,0,28.523,13.2324,7.1758,8,True,2,True,0,0,0,True,,18.331770970884826,6.694202400794597,5.8951782874679655,1354.5548394323189,25.429287451105438,10.528150076610958,11.971509130144957,0.0,16.0,,gc_formula_si,"Si monomer: HSP NOT reliable (Si groups fitted on 51 HSPiP Si compounds, only 7 measured, all much smaller than the monomers)",0.0,18.331770970884826,18.331770970884826,6.694202400794597,6.694202400794597,5.8951782874679655,5.8951782874679655
CC(C)C(=O)Nc1nc2c(ncn2[C@@H]2O[C@H](CO)[C@@H](O[Si](C)(C)C(C)(C)C)[C@H]2O)c(=O)[nH]1,CC(C)C(=O)Nc1nc2c(ncn2[C@@H]2O[C@H](COC(=O)[C@@H]3[C@H](C(=O)OC[C@H]4O[C@@H](n5cnc6c(=O)[nH]c(NC(=O)C(C)C)nc65)[C@H](O)[C@@H]4O[Si](C)(C)C(C)(C)C)[C@@H]4C=C[C@@H]3C4)[C@@H](O[Si](C)(C)C(C)(C)C)[C@H]2O)c(=O)[nH]1,ester,Ambeed,diol,467.599,False,,0,21.6994,10.5526,16.5739,12,True,2,True,0,0,0,True,,17.67094356339963,8.775217105763168,7.14202681474701,931.9463212202181,20.4854950549598,18.14173144654734,5.734359290938079,0.0,20.0,,gc_formula_si,"Si monomer: HSP NOT reliable (Si groups fitted on 51 HSPiP Si compounds, only 7 measured, all much smaller than the monomers)",0.0,17.67094356339963,17.67094356339963,8.775217105763168,8.775217105763168,7.14202681474701,7.14202681474701
COc1ccc(C(OC[C@H]2O[C@@H](n3ccc(=O)[nH]c3=O)[C@H](O)[C@@H]2O[Si](C)(C)C(C)(C)C)(c2ccccc2)c2ccc(OC)cc2)cc1,COc1ccc(C(OC[C@H]2O[C@@H](n3ccc(=O)[nH]c3=O)[C@H](OC(=O)[C@@H]3[C@H](C(=O)O[C@@H]4[C@H](O[Si](C)(C)C(C)(C)C)[C@@H](COC(c5ccccc5)(c5ccc(OC)cc5)c5ccc(OC)cc5)O[C@H]4n4ccc(=O)[nH]c4=O)[C@@H]4C=C[C@@H]3C4)[C@@H]2O[Si](C)(C)C(C)(C)C)(c2ccccc2)c2ccc(OC)cc2)cc1,ester,Ambeed,monoalcohol,660.84,False,,0,30.2023,14.983,6.6884,8,True,2,True,0,0,0,True,,18.22632434729479,6.058807091721771,5.7280995718316365,1285.5957164474014,25.808689958465916,9.326423942282345,8.06829822539207,0.0,16.0,,gc_formula_si,"Si monomer: HSP NOT reliable (Si groups fitted on 51 HSPiP Si compounds, only 7 measured, all much smaller than the monomers)",0.0,18.22632434729479,18.22632434729479,6.058807091721771,6.058807091721771,5.7280995718316365,5.7280995718316365
CNc1ccn([C@@H]2O[C@H](CO[Si](C)(C)C(C)(C)C)[C@@H](O[Si](C)(C)C(C)(C)C)[C@H]2OC)c(=O)n1,CO[C@@H]1[C@H](O[Si](C)(C)C(C)(C)C)[C@@H](CO[Si](C)(C)C(C)(C)C)O[C@H]1n1ccc(N(C)C(=O)[C@@H]2[C@H](C(=O)N(C)c3ccn([C@@H]4O[C@H](CO[Si](C)(C)C(C)(C)C)[C@@H](O[Si](C)(C)C(C)(C)C)[C@H]4OC)c(=O)n3)[C@@H]3C=C[C@@H]2C3)nc1=O,amide,Ambeed,monoamine,499.801,False,,0,16.066,-10.8096,7.9212,8,True,4,True,0,0,0,True,,16.200255742895543,5.817237867528381,3.602106137174161,1114.1408113169275,12.163905569329025,4.661731214738454,3.5323145073372135,0.0,24.0,,gc_formula_si,"Si monomer: HSP NOT reliable (Si groups fitted on 51 HSPiP Si compounds, only 7 measured, all much smaller than the monomers)",0.0,16.200255742895543,16.200255742895543,5.817237867528381,5.817237867528381,3.602106137174161,3.602106137174161
C[Si](C)(CCCCO)O[Si](C)(C)CCCCO,C[Si](C)(CCCCO)O[Si](C)(C)CCCCOC(=O)[C@@H]1[C@H](C(=O)OCCCC[Si](C)(C)O[Si](C)(C)CCCCO)[C@@H]2C=C[C@@H]1C2,ester,Ambeed,diol,278.541,False,,0,16.9925,10.8756,12.7377,0,True,4,True,0,0,0,True,,15.33679209487797,3.9881880606880693,7.558283864656665,720.785218128599,14.64192275153109,6.421435410228408,9.531919494733803,0.0,14.0,,gc_formula_si,"Si monomer: HSP NOT reliable (Si groups fitted on 51 HSPiP Si compounds, only 7 measured, all much smaller than the monomers)",0.0,15.33679209487797,15.33679209487797,3.9881880606880693,3.9881880606880693,7.558283864656665,7.558283864656665
CC(C)C(=O)Nc1nc2c(ncn2[C@@H]2O[C@@H]3CO[Si](C(C)C)(C(C)C)O[Si](C(C)C)(C(C)C)O[C@H]3[C@H]2O)c(=O)[nH]1,CC(C)C(=O)Nc1nc2c(ncn2[C@@H]2O[C@@H]3CO[Si](C(C)C)(C(C)C)O[Si](C(C)C)(C(C)C)O[C@H]3[C@H]2OC(=O)[C@@H]2[C@H](C(=O)O[C@@H]3[C@@H]4O[Si](C(C)C)(C(C)C)O[Si](C(C)C)(C(C)C)OC[C@H]4O[C@H]3n3cnc4c(=O)[nH]c(NC(=O)C(C)C)nc43)[C@@H]3C=C[C@@H]2C3)c(=O)[nH]1,ester,Ambeed,monoalcohol,595.846,False,,0,22.313,15.5248,8.2094,12,True,4,True,0,0,0,True,,16.923138622473463,7.518239068967089,6.067864835582127,1205.1683285127576,20.50976897448188,18.43353614339468,6.293381064070094,0.0,22.0,,gc_formula_si,"Si monomer: HSP NOT reliable (Si groups fitted on 51 HSPiP Si compounds, only 7 measured, all much smaller than the monomers)",0.0,16.923138622473463,16.923138622473463,7.518239068967089,7.518239068967089,6.067864835582127,6.067864835582127
CC(C)(C)[Si](OCC(O)CO[Si](c1ccccc1)(c1ccccc1)C(C)(C)C)(c1ccccc1)c1ccccc1,CC(C)(C)[Si](OCC(CO[Si](c1ccccc1)(c1ccccc1)C(C)(C)C)OC(=O)[C@@H]1[C@H](C(=O)OC(CO[Si](c2ccccc2)(c2ccccc2)C(C)(C)C)CO[Si](c2ccccc2)(c2ccccc2)C(C)(C)C)[C@@H]2C=C[C@@H]1C2)(c1ccccc1)c1ccccc1,ester,Ambeed,monoalcohol,568.906,False,,0,28.0568,-8.8668,11.033,0,True,4,True,0,0,0,True,,17.474964467364423,2.451576479025335,2.603839376475415,1240.4297803145425,23.53340488600317,1.4784920425289187,5.81033138399678,0.0,8.0,,gc_formula_si,"Si monomer: HSP NOT reliable (Si groups fitted on 51 HSPiP Si compounds, only 7 measured, all much smaller than the monomers)",0.0,17.474964467364423,17.474964467364423,2.451576479025335,2.451576479025335,2.603839376475415,2.603839376475415
C=C(C)C(=O)OCC(O)COCCC[Si](C)(O[Si](C)(C)C)O[Si](C)(C)C,C=C(C)C(=O)OCC(COCCC[Si](C)(O[Si](C)(C)C)O[Si](C)(C)C)OC(=O)[C@@H]1[C@H](C(=O)OC(COCCC[Si](C)(O[Si](C)(C)C)O[Si](C)(C)C)COC(=O)C(=C)C)[C@@H]2C=C[C@@H]1C2,ester,Ambeed,monoalcohol,422.743,False,,0,12.9168,21.6994,8.3566,0,True,6,True,0,0,0,True,,14.776336629213297,3.6158787782746495,4.09418527550698,1020.1503116674045,9.83668530348484,8.68570707142662,7.976732633768215,0.0,24.0,,gc_formula_si,"Si monomer: HSP NOT reliable (Si groups fitted on 51 HSPiP Si compounds, only 7 measured, all much smaller than the monomers)",0.0,14.776336629213297,14.776336629213297,3.6158787782746495,3.6158787782746495,4.09418527550698,4.09418527550698
C[Si](C)(C)Nc1c(Cl)cccc1Cl,C[Si](C)(C)N(C(=O)[C@@H]1[C@H](C(=O)N(c2c(Cl)cccc2Cl)[Si](C)(C)C)[C@@H]2C=C[C@@H]1C2)c1c(Cl)cccc1Cl,amide,Ambeed,monoamine,234.202,False,,0,20.2826,-2.415,6.5978,2,True,2,True,0,0,0,True,,17.97233294061713,4.863732276220255,2.9627629776860465,515.9480298914586,20.34530982970661,2.8518632341351915,5.742580373196515,0.0,12.0,,gc_formula_si,"Si monomer: HSP NOT reliable (Si groups fitted on 51 HSPiP Si compounds, only 7 measured, all much smaller than the monomers)",0.0,17.97233294061713,17.97233294061713,4.863732276220255,4.863732276220255,2.9627629776860465,2.9627629776860465
CC(C)(C)OC(=O)N1CC(CO)CC(O[Si](C)(C)C(C)(C)C)C1,CC(C)(C)OC(=O)N1CC(COC(=O)[C@@H]2[C@H](C(=O)OCC3CC(O[Si](C)(C)C(C)(C)C)CN(C(=O)OC(C)(C)C)C3)[C@@H]3C=C[C@@H]2C3)CC(O[Si](C)(C)C(C)(C)C)C1,ester,Ambeed,monoalcohol,345.556,False,,0,17.7688,7.8612,7.7202,0,True,2,True,0,0,0,True,,15.895979464167054,4.207787541780894,4.05209330254789,871.7428385054395,11.726175062661696,5.005642895641322,3.619198994721323,0.0,8.0,,gc_formula_si,"Si monomer: HSP NOT reliable (Si groups fitted on 51 HSPiP Si compounds, only 7 measured, all much smaller than the monomers)",0.0,15.895979464167054,15.895979464167054,4.207787541780894,4.207787541780894,4.05209330254789,4.05209330254789
CC1(C)O[C@H]2O[C@H]([C@H](O)CO[Si](C)(C)C(C)(C)C)[C@H](OCc3ccccc3)[C@H]2O1,CC1(C)O[C@H]2O[C@H]([C@@H](CO[Si](C)(C)C(C)(C)C)OC(=O)[C@@H]3[C@H](C(=O)O[C@H](CO[Si](C)(C)C(C)(C)C)[C@H]4O[C@@H]5OC(C)(C)O[C@@H]5[C@H]4OCc4ccccc4)[C@@H]4C=C[C@@H]3C4)[C@H](OCc3ccccc3)[C@H]2O1,ester,Ambeed,monoalcohol,424.61,False,,0,23.4545,13.75,6.453,0,True,2,True,0,0,0,True,,16.615469127802516,3.995710255402208,3.377905512529299,953.622961592672,16.85689179548911,8.267044067034412,8.035111883591226,0.0,8.0,,gc_formula_si,"Si monomer: HSP NOT reliable (Si groups fitted on 51 HSPiP Si compounds, only 7 measured, all much smaller than the monomers)",0.0,16.615469127802516,16.615469127802516,3.995710255402208,3.995710255402208,3.377905512529299,3.377905512529299
CNCCC[Si](C)(OC)OC,CO[Si](C)(CCCN(C)C(=O)[C@@H]1[C@H](C(=O)N(C)CCC[Si](C)(OC)OC)[C@@H]2C=C[C@@H]1C2)OC,amide,Ambeed,monoamine,177.32,False,,0,18.0589,6.7438,9.2603,0,True,2,True,0,0,0,True,,15.874812445132212,5.873914840814482,3.7988859471678977,494.83706353583295,14.647088606230152,4.369170314873047,3.0758045776157106,0.0,8.0,,gc_formula_si,"Si monomer: HSP NOT reliable (Si groups fitted on 51 HSPiP Si compounds, only 7 measured, all much smaller than the monomers)",0.0,15.874812445132212,15.874812445132212,5.873914840814482,5.873914840814482,3.7988859471678977,3.7988859471678977
CCO[Si](CNC1CCCCC1)(OCC)OCC,CCO[Si](CN(C(=O)[C@@H]1[C@H](C(=O)N(C[Si](OCC)(OCC)OCC)C2CCCCC2)[C@@H]2C=C[C@@H]1C2)C1CCCCC1)(OCC)OCC,amide,Ambeed,monoamine,275.465,False,,0,20.2601,-3.496,4.2525,0,True,2,True,0,0,2,True,,16.222031902017193,5.415951590454543,3.005765418690472,670.5166037527011,15.830621731065897,5.59380171397263,3.228258204425659,0.0,8.0,,gc_formula_si,"Si monomer: HSP NOT reliable (Si groups fitted on 51 HSPiP Si compounds, only 7 measured, all much smaller than the monomers)",0.0,16.222031902017193,16.222031902017193,5.415951590454543,5.415951590454543,3.005765418690472,3.005765418690472
c1ccc([Si]2(c3ccccc3)c3ccccc3Nc3ccccc32)cc1,O=C([C@@H]1[C@H](C(=O)N2c3ccccc3[Si](c3ccccc3)(c3ccccc3)c3ccccc32)[C@@H]2C=C[C@@H]1C2)N1c2ccccc2[Si](c2ccccc2)(c2ccccc2)c2ccccc21,amide,Ambeed,monoamine,349.509,False,,0,29.4499,-1.825,5.3532,2,True,2,True,0,0,0,True,,20.041866661693902,4.370763183648502,3.6865723282056946,711.4501266419563,26.534135498319383,1.5770283686013955,7.797989056592757,0.0,4.0,,gc_formula_si,"Si monomer: HSP NOT reliable (Si groups fitted on 51 HSPiP Si compounds, only 7 measured, all much smaller than the monomers)",0.0,20.041866661693902,20.041866661693902,4.370763183648502,4.370763183648502,3.6865723282056946,3.6865723282056946
OCC[Si](c1ccccc1)(c1ccccc1)c1ccccc1,O=C(OCC[Si](c1ccccc1)(c1ccccc1)c1ccccc1)[C@@H]1[C@H](C(=O)OCC[Si](c2ccccc2)(c2ccccc2)c2ccccc2)[C@@H]2C=C[C@@H]1C2,ester,Ambeed,monoalcohol,304.465,False,,0,27.4646,0.9704,6.2078,0,True,2,True,0,0,0,True,,18.753682589356835,2.794251009863931,3.7843006983949277,681.377082540502,24.41400041916148,2.4836713987827848,6.645149344829603,0.0,2.0,,gc_formula_si,"Si monomer: HSP NOT reliable (Si groups fitted on 51 HSPiP Si compounds, only 7 measured, all much smaller than the monomers)",0.0,18.753682589356835,18.753682589356835,2.794251009863931,2.794251009863931,3.7843006983949277,3.7843006983949277
CC(C)[Si]1(C(C)C)OC[C@H]2O[C@@H](n3cnc4c(NC(=O)c5ccccc5)ncnc43)[C@H](O)[C@@H]2O[Si](C(C)C)(C(C)C)O1,CC(C)[Si]1(C(C)C)OC[C@H]2O[C@@H](n3cnc4c(NC(=O)c5ccccc5)ncnc43)[C@H](OC(=O)[C@@H]3[C@H](C(=O)O[C@@H]4[C@@H]5O[Si](C(C)C)(C(C)C)O[Si](C(C)C)(C(C)C)OC[C@H]5O[C@H]4n4cnc5c(NC(=O)c6ccccc6)ncnc54)[C@@H]4C=C[C@@H]3C4)[C@@H]2O[Si](C(C)C)(C(C)C)O1,ester,Ambeed,monoalcohol,613.864,False,,0,25.337,13.894,8.3598,10,True,4,True,0,0,0,True,,17.453385560957386,7.05289008496034,5.369142434043246,1219.9346054651342,22.70236784080083,12.08006446198113,9.712658211497475,0.0,20.0,,gc_formula_si,"Si monomer: HSP NOT reliable (Si groups fitted on 51 HSPiP Si compounds, only 7 measured, all much smaller than the monomers)",0.0,17.453385560957386,17.453385560957386,7.05289008496034,7.05289008496034,5.369142434043246,5.369142434043246
CC(C)(C)[Si](C)(C)OCCCCCCO,CC(C)(C)[Si](C)(C)OCCCCCCOC(=O)[C@@H]1[C@H](C(=O)OCCCCCCO[Si](C)(C)C(C)(C)C)[C@@H]2C=C[C@@H]1C2,ester,Ambeed,monoalcohol,232.44,False,,0,15.3748,4.2494,5.4862,0,True,2,True,0,0,0,True,,15.554992386836764,2.969250980068523,2.8878049697943573,647.9517255392617,12.645354319567968,3.4100519368439963,2.3499909459443438,0.0,8.0,,gc_formula_si,"Si monomer: HSP NOT reliable (Si groups fitted on 51 HSPiP Si compounds, only 7 measured, all much smaller than the monomers)",0.0,15.554992386836764,15.554992386836764,2.969250980068523,2.969250980068523,2.8878049697943573,2.8878049697943573
CC[Si](CC)(CC)CCO,CC[Si](CC)(CC)CCOC(=O)[C@@H]1[C@H](C(=O)OCC[Si](CC)(CC)CC)[C@@H]2C=C[C@@H]1C2,ester,Ambeed,monoalcohol,160.333,False,,0,16.1953,0.6326,4.2902,0,True,2,True,0,0,0,True,,15.688627832615799,2.8362269138241722,3.6418247116883227,501.4805476185334,15.107807207349865,1.6110615679829412,3.3349521664412753,0.0,2.0,,gc_formula_si,"Si monomer: HSP NOT reliable (Si groups fitted on 51 HSPiP Si compounds, only 7 measured, all much smaller than the monomers)",0.0,15.688627832615799,15.688627832615799,2.8362269138241722,2.8362269138241722,3.6418247116883227,3.6418247116883227
CC(C)(CO)CO[Si](c1ccccc1)(c1ccccc1)C(C)(C)C,CC(C)(COC(=O)[C@@H]1[C@H](C(=O)OCC(C)(C)CO[Si](c2ccccc2)(c2ccccc2)C(C)(C)C)[C@@H]2C=C[C@@H]1C2)CO[Si](c1ccccc1)(c1ccccc1)C(C)(C)C,ester,Ambeed,monoalcohol,342.555,False,,0,23.4587,-4.2834,8.425,0,True,2,True,0,0,0,True,,17.26414734866481,2.6686041803402127,2.922975230534742,807.4343249888861,20.267685164802813,2.2332014132678517,4.265418649262222,0.0,4.0,,gc_formula_si,"Si monomer: HSP NOT reliable (Si groups fitted on 51 HSPiP Si compounds, only 7 measured, all much smaller than the monomers)",0.0,17.26414734866481,17.26414734866481,2.6686041803402127,2.6686041803402127,2.922975230534742,2.922975230534742
Cc1cn([C@H]2C[C@H](O)[C@@H](CO[Si](C)(C)C(C)(C)C)O2)c(=O)[nH]c1=O,Cc1cn([C@H]2C[C@H](OC(=O)[C@@H]3[C@H](C(=O)O[C@H]4C[C@H](n5cc(C)c(=O)[nH]c5=O)O[C@@H]4CO[Si](C)(C)C(C)(C)C)[C@@H]4C=C[C@@H]3C4)[C@@H](CO[Si](C)(C)C(C)(C)C)O2)c(=O)[nH]c1=O,ester,Ambeed,monoalcohol,356.495,False,,0,21.2088,11.2122,4.6466,8,True,2,True,0,0,0,True,,16.898649905837498,6.754250210274696,5.936364132774547,779.1462185803138,18.976614435638183,9.240559248666969,1.7330571782927622,0.0,16.0,,gc_formula_si,"Si monomer: HSP NOT reliable (Si groups fitted on 51 HSPiP Si compounds, only 7 measured, all much smaller than the monomers)",0.0,16.898649905837498,16.898649905837498,6.754250210274696,6.754250210274696,5.936364132774547,5.936364132774547
CCc1c2c(nc3ccc(O[Si](C)(C)C(C)(C)C)cc13)-c1cc3c(c(=O)n1C2)COC(=O)[C@]3(O)CC,CCc1c2c(nc3ccc(O[Si](C)(C)C(C)(C)C)cc13)-c1cc3c(c(=O)n1C2)COC(=O)[C@@]3(CC)OC(=O)[C@@H]1[C@H](C(=O)O[C@]2(CC)C(=O)OCc3c2cc2n(c3=O)Cc3c-2nc2ccc(O[Si](C)(C)C(C)(C)C)cc2c3CC)[C@@H]2C=C[C@@H]1C2,ester,Ambeed,monoalcohol,506.675,False,,0,25.503,20.8314,2.3362,8,True,2,True,0,2,2,True,,17.99164379735933,5.963122105256684,4.3660078275155065,1004.350222688704,19.308018954990608,4.9566363533748365,0.15027318302571802,0.0,16.0,,gc_formula_si,"Si monomer: HSP NOT reliable (Si groups fitted on 51 HSPiP Si compounds, only 7 measured, all much smaller than the monomers)",0.0,17.99164379735933,17.99164379735933,5.963122105256684,5.963122105256684,4.3660078275155065,4.3660078275155065
Cc1cc(C)c(C(C)(C)CCO[Si](C)(C)C(C)(C)C)c(O)c1,Cc1cc(C)c(C(C)(C)CCO[Si](C)(C)C(C)(C)C)c(OC(=O)[C@@H]2[C@H](C(=O)Oc3cc(C)cc(C)c3C(C)(C)CCO[Si](C)(C)C(C)(C)C)[C@@H]3C=C[C@@H]2C3)c1,ester,Ambeed,monoalcohol,322.565,False,,0,17.5826,-6.4566,6.4228,0,True,2,True,0,0,0,True,,16.237112995616876,2.4500127788864874,2.4236441889692966,838.2414251450575,14.9134778267066,3.0477035278211497,1.7883955093682429,0.0,8.0,,gc_formula_si,"Si monomer: HSP NOT reliable (Si groups fitted on 51 HSPiP Si compounds, only 7 measured, all much smaller than the monomers)",0.0,16.237112995616876,16.237112995616876,2.4500127788864874,2.4500127788864874,2.4236441889692966,2.4236441889692966
CCCCNCCC[Si](OC)(OC)OC,CCCCN(CCC[Si](OC)(OC)OC)C(=O)[C@@H]1[C@H](C(=O)N(CCCC)CCC[Si](OC)(OC)OC)[C@@H]2C=C[C@@H]1C2,amide,Ambeed,monoamine,235.4,False,,0,19.6174,9.483,9.9717,0,True,2,True,0,0,0,True,,16.0376657924891,5.476794436099974,3.567534814033453,604.0493059421462,14.68109148054266,4.317374224272475,2.687647935577661,0.0,8.0,,gc_formula_si,"Si monomer: HSP NOT reliable (Si groups fitted on 51 HSPiP Si compounds, only 7 measured, all much smaller than the monomers)",0.0,16.0376657924891,16.0376657924891,5.476794436099974,5.476794436099974,3.567534814033453,3.567534814033453
COc1ccc(C(OC[C@H]2O[C@@H](n3ccc(NC(=O)c4ccccc4)nc3=O)[C@H](O[Si](C)(C)C(C)(C)C)[C@@H]2O)(c2ccccc2)c2ccc(OC)cc2)cc1,COc1ccc(C(OC[C@H]2O[C@@H](n3ccc(NC(=O)c4ccccc4)nc3=O)[C@H](O[Si](C)(C)C(C)(C)C)[C@@H]2OC(=O)[C@@H]2[C@H](C(=O)O[C@H]3[C@@H](O[Si](C)(C)C(C)(C)C)[C@H](n4ccc(NC(=O)c5ccccc5)nc4=O)O[C@@H]3COC(c3ccccc3)(c3ccc(OC)cc3)c3ccc(OC)cc3)[C@@H]3C=C[C@@H]2C3)(c2ccccc2)c2ccc(OC)cc2)cc1,ester,Ambeed,monoalcohol,763.964,False,,0,30.9689,12.2824,7.5828,8,True,2,True,0,0,0,True,,18.637415717989686,6.4952342245426555,5.7635207914096975,1448.0101128753508,27.48088065486549,10.716267636948716,12.992782014378943,0.0,16.0,,gc_formula_si,"Si monomer: HSP NOT reliable (Si groups fitted on 51 HSPiP Si compounds, only 7 measured, all much smaller than the monomers)",0.0,18.637415717989686,18.637415717989686,6.4952342245426555,6.4952342245426555,5.7635207914096975,5.7635207914096975
CC(C)(C)[Si](C)(C)OCC[C@H](N)C(=O)O,CC(C)(C)[Si](C)(C)OCC[C@H](NC(=O)[C@@H]1[C@H](C(=O)N[C@@H](CCO[Si](C)(C)C(C)(C)C)C(=O)O)[C@@H]2C=C[C@@H]1C2)C(=O)O,amide,Ambeed,monoamine,233.384,False,,0,13.2174,2.7648,15.2945,0,True,2,True,4,0,0,True,,16.073798235675397,6.886756522935577,8.551771430601468,581.783148687961,15.029722453400082,6.659205867468882,9.71056636297786,0.0,8.0,,gc_formula_si,"Si monomer: HSP NOT reliable (Si groups fitted on 51 HSPiP Si compounds, only 7 measured, all much smaller than the monomers)",0.0,16.073798235675397,16.073798235675397,6.886756522935577,6.886756522935577,8.551771430601468,8.551771430601468
COc1ccc(C(OC[C@H]2O[C@@H](n3ccc(NC(C)=O)nc3=O)[C@H](O[Si](C)(C)C(C)(C)C)[C@@H]2O)(c2ccccc2)c2ccc(OC)cc2)cc1,COc1ccc(C(OC[C@H]2O[C@@H](n3ccc(NC(C)=O)nc3=O)[C@H](O[Si](C)(C)C(C)(C)C)[C@@H]2OC(=O)[C@@H]2[C@H](C(=O)O[C@H]3[C@@H](O[Si](C)(C)C(C)(C)C)[C@H](n4ccc(NC(C)=O)nc4=O)O[C@@H]3COC(c3ccccc3)(c3ccc(OC)cc3)c3ccc(OC)cc3)[C@@H]3C=C[C@@H]2C3)(c2ccccc2)c2ccc(OC)cc2)cc1,ester,Ambeed,monoalcohol,701.893,False,,0,28.523,13.2324,7.1758,8,True,2,True,0,0,0,True,,18.331770970884826,6.694202400794597,5.8951782874679655,1354.5548394323189,25.429287451105438,10.528150076610958,11.971509130144957,0.0,16.0,,gc_formula_si,"Si monomer: HSP NOT reliable (Si groups fitted on 51 HSPiP Si compounds, only 7 measured, all much smaller than the monomers)",0.0,18.331770970884826,18.331770970884826,6.694202400794597,6.694202400794597,5.8951782874679655,5.8951782874679655
CC(C)(C)[Si](C)(C)OCC1CCCCN1,CC(C)(C)[Si](C)(C)OCC1CCCCN1C(=O)[C@@H]1[C@H](C(=O)N2CCCCC2CO[Si](C)(C)C(C)(C)C)[C@@H]2C=C[C@@H]1C2,amide,Ambeed,monoamine,229.44,False,,0,18.9543,-3.8714,4.9088,0,True,2,True,0,0,0,True,,16.047241368237376,5.240842139537038,3.32886013314075,628.0522963701087,14.732447486986562,2.9111183014196733,3.2343344579753506,0.0,8.0,,gc_formula_si,"Si monomer: HSP NOT reliable (Si groups fitted on 51 HSPiP Si compounds, only 7 measured, all much smaller than the monomers)",0.0,16.047241368237376,16.047241368237376,5.240842139537038,5.240842139537038,3.32886013314075,3.32886013314075
C[Si](C)(C)C#CCCO,C[Si](C)(C)C#CCCOC(=O)[C@@H]1[C@H](C(=O)OCCC#C[Si](C)(C)C)[C@@H]2C=C[C@@H]1C2,ester,Ambeed,monoalcohol,142.274,False,,0,16.2589,5.125,4.2846,0,True,2,True,0,0,0,True,,15.657180481388819,4.046815171783466,4.443660023866743,450.49250300336354,14.122228191486027,6.638585799919345,5.978192940243481,0.0,8.0,,gc_formula_si,"Si monomer: HSP NOT reliable (Si groups fitted on 51 HSPiP Si compounds, only 7 measured, all much smaller than the monomers)",0.0,15.657180481388819,15.657180481388819,4.046815171783466,4.046815171783466,4.443660023866743,4.443660023866743
CC(C)(C)[Si](OC[C@H]1OC=C[C@@H](O[Si](c2ccccc2)(c2ccccc2)C(C)(C)C)[C@@H]1O)(c1ccccc1)c1ccccc1,CC(C)(C)[Si](OC[C@H]1OC=C[C@@H](O[Si](c2ccccc2)(c2ccccc2)C(C)(C)C)[C@@H]1OC(=O)[C@@H]1[C@H](C(=O)O[C@H]2[C@H](O[Si](c3ccccc3)(c3ccccc3)C(C)(C)C)C=CO[C@@H]2CO[Si](c2ccccc2)(c2ccccc2)C(C)(C)C)[C@@H]2C=C[C@@H]1C2)(c1ccccc1)c1ccccc1,ester,Ambeed,monoalcohol,622.954,False,,0,29.8601,3.4254,10.37,0,True,4,True,0,0,0,True,,17.618337161154287,3.0011910201035223,2.872814242303945,1329.3642913121284,23.985204856406302,4.510158383921889,7.971114507692753,0.0,8.0,,gc_formula_si,"Si monomer: HSP NOT reliable (Si groups fitted on 51 HSPiP Si compounds, only 7 measured, all much smaller than the monomers)",0.0,17.618337161154287,17.618337161154287,3.0011910201035223,3.0011910201035223,2.872814242303945,2.872814242303945
CC(C)[Si]1(C(C)C)OC[C@H]2O[C@@H](n3ccc(NC(=O)c4ccccc4)nc3=O)[C@H](O)[C@@H]2O[Si](C(C)C)(C(C)C)O1,CC(C)[Si]1(C(C)C)OC[C@H]2O[C@@H](n3ccc(NC(=O)c4ccccc4)nc3=O)[C@H](OC(=O)[C@@H]3[C@H](C(=O)O[C@@H]4[C@@H]5O[Si](C(C)C)(C(C)C)O[Si](C(C)C)(C(C)C)OC[C@H]5O[C@H]4n4ccc(NC(=O)c5ccccc5)nc4=O)[C@@H]4C=C[C@@H]3C4)[C@@H]2O[Si](C(C)C)(C(C)C)O1,ester,Ambeed,monoalcohol,589.838,False,,0,24.4988,12.3618,8.7078,8,True,4,True,0,0,0,True,,17.19016095503983,6.59209609283947,5.3147288283056735,1193.628178388091,21.713664608800432,10.92154423901961,6.128013862057054,0.0,18.0,,gc_formula_si,"Si monomer: HSP NOT reliable (Si groups fitted on 51 HSPiP Si compounds, only 7 measured, all much smaller than the monomers)",0.0,17.19016095503983,17.19016095503983,6.59209609283947,6.59209609283947,5.3147288283056735,5.3147288283056735
CC(C)(C)[Si](C)(C)O[C@H]1C[C@H](n2cnc3c(NC(=O)c4ccccc4)ncnc32)O[C@@H]1CO,CC(C)(C)[Si](C)(C)O[C@H]1C[C@H](n2cnc3c(NC(=O)c4ccccc4)ncnc32)O[C@@H]1COC(=O)[C@@H]1[C@H](C(=O)OC[C@H]2O[C@@H](n3cnc4c(NC(=O)c5ccccc5)ncnc43)C[C@@H]2O[Si](C)(C)C(C)(C)C)[C@@H]2C=C[C@@H]1C2,ester,Ambeed,monoalcohol,469.618,False,,0,24.2972,11.7058,5.2248,10,True,2,True,0,0,0,True,,18.25459740507973,7.941433681109558,6.032762975943753,929.0443006855756,22.659634867845337,9.97648117796296,9.950878661640846,0.0,18.0,,gc_formula_si,"Si monomer: HSP NOT reliable (Si groups fitted on 51 HSPiP Si compounds, only 7 measured, all much smaller than the monomers)",0.0,18.25459740507973,18.25459740507973,7.941433681109558,7.941433681109558,6.032762975943753,6.032762975943753
CC(C)(C)[Si](C)(C)O[C@@H]1C=C[C@H](O)C1,CC(C)(C)[Si](C)(C)O[C@@H]1C=C[C@H](OC(=O)[C@@H]2[C@H](C(=O)O[C@H]3C=C[C@@H](O[Si](C)(C)C(C)(C)C)C3)[C@@H]3C=C[C@@H]2C3)C1,ester,Ambeed,monoalcohol,214.381,False,,0,16.0185,-3.6256,6.722,0,True,2,True,0,0,0,True,,15.844851088665973,3.3391554917857458,3.101070022874036,604.6930136106092,14.129876405710213,4.473276381274693,3.568115415956404,0.0,8.0,,gc_formula_si,"Si monomer: HSP NOT reliable (Si groups fitted on 51 HSPiP Si compounds, only 7 measured, all much smaller than the monomers)",0.0,15.844851088665973,15.844851088665973,3.3391554917857458,3.3391554917857458,3.101070022874036,3.101070022874036
CC(C)(C)[Si](C)(C)O[C@H]1CC[C@@H](O)C1,CC(C)(C)[Si](C)(C)O[C@H]1CC[C@@H](OC(=O)[C@@H]2[C@H](C(=O)O[C@@H]3CC[C@H](O[Si](C)(C)C(C)(C)C)C3)[C@@H]3C=C[C@@H]2C3)C1,ester,Ambeed,monoalcohol,216.397,False,,0,15.6134,-3.8694,5.2938,0,True,2,True,0,0,0,True,,15.73899694808481,3.221466100571554,2.7544734485301294,613.0376684428522,13.506741841754334,3.2553908060277426,1.6260913775874162,0.0,8.0,,gc_formula_si,"Si monomer: HSP NOT reliable (Si groups fitted on 51 HSPiP Si compounds, only 7 measured, all much smaller than the monomers)",0.0,15.73899694808481,15.73899694808481,3.221466100571554,3.221466100571554,2.7544734485301294,2.7544734485301294
CC(C)(C)OC(=O)N1C[C@H](O)C[C@H]1CO[Si](C)(C)C(C)(C)C,CC(C)(C)OC(=O)N1C[C@H](OC(=O)[C@@H]2[C@H](C(=O)O[C@@H]3C[C@@H](CO[Si](C)(C)C(C)(C)C)N(C(=O)OC(C)(C)C)C3)[C@@H]3C=C[C@@H]2C3)C[C@H]1CO[Si](C)(C)C(C)(C)C,ester,Ambeed,monoalcohol,331.529,False,,0,16.3143,6.9156,8.7658,0,True,2,True,0,0,0,True,,15.748714679312162,4.279260746534323,4.3163206795622076,845.9552363719821,11.297177376789252,5.371415837058519,4.294761616294065,0.0,8.0,,gc_formula_si,"Si monomer: HSP NOT reliable (Si groups fitted on 51 HSPiP Si compounds, only 7 measured, all much smaller than the monomers)",0.0,15.748714679312162,15.748714679312162,4.279260746534323,4.279260746534323,4.3163206795622076,4.3163206795622076
C[Si]1(C)CCC(CO)C1,C[Si]1(C)CCC(COC(=O)[C@@H]2[C@H](C(=O)OCC3CC[Si](C)(C)C3)[C@@H]3C=C[C@@H]2C3)C1,ester,Ambeed,monoalcohol,144.29,False,,0,17.9687,3.2248,4.0511,0,True,2,True,0,0,0,True,,16.045254594955505,3.060890050222552,3.667904325155886,426.06487508048707,15.684556147683795,3.4083657389767374,3.418288055233174,0.0,6.0,,gc_formula_si,"Si monomer: HSP NOT reliable (Si groups fitted on 51 HSPiP Si compounds, only 7 measured, all much smaller than the monomers)",0.0,16.045254594955505,16.045254594955505,3.060890050222552,3.060890050222552,3.667904325155886,3.667904325155886
C[Si]1(C)CCC(N)(c2ccccc2)CC1,C[Si]1(C)CCC(NC(=O)[C@@H]2[C@H](C(=O)NC3(c4ccccc4)CC[Si](C)(C)CC3)[C@@H]3C=C[C@@H]2C3)(c2ccccc2)CC1,amide,Ambeed,monoamine,219.404,False,,0,20.981,-4.4066,4.4201,0,True,2,True,2,0,2,True,,17.66338930390605,5.823451114630612,3.9720971400123988,550.3337241140824,19.89819117663917,6.214908869847045,4.341733427331058,0.0,6.0,,gc_formula_si,"Si monomer: HSP NOT reliable (Si groups fitted on 51 HSPiP Si compounds, only 7 measured, all much smaller than the monomers)",0.0,17.66338930390605,17.66338930390605,5.823451114630612,5.823451114630612,3.9720971400123988,3.9720971400123988
CNc1ncnc2c1ncn2[C@@H]1O[C@H](COC(c2ccccc2)(c2ccc(OC)cc2)c2ccc(OC)cc2)[C@@H](O)[C@H]1O[Si](C)(C)C(C)(C)C,CNc1ncnc2c1ncn2[C@@H]1O[C@H](COC(c2ccccc2)(c2ccc(OC)cc2)c2ccc(OC)cc2)[C@@H](OC(=O)[C@@H]2[C@H](C(=O)O[C@H]3[C@@H](O[Si](C)(C)C(C)(C)C)[C@H](n4cnc5c(NC)ncnc54)O[C@@H]3COC(c3ccccc3)(c3ccc(OC)cc3)c3ccc(OC)cc3)[C@@H]3C=C[C@@H]2C3)[C@H]1O[Si](C)(C)C(C)(C)C,ester,Ambeed,"monoalcohol,monoamine",697.909,False,,0,30.8304,17.5272,4.7287,8,True,2,True,2,0,0,True,,18.402546413708425,6.151792014635654,5.545447360935219,1354.2077132749737,25.927873496034046,9.576308232085438,16.377103273489634,0.0,16.0,,gc_formula_si,"Si monomer: HSP NOT reliable (Si groups fitted on 51 HSPiP Si compounds, only 7 measured, all much smaller than the monomers)",0.0,18.402546413708425,18.402546413708425,6.151792014635654,6.151792014635654,5.545447360935219,5.545447360935219
CNc1ncnc2c1ncn2[C@@H]1O[C@H](COC(c2ccccc2)(c2ccc(OC)cc2)c2ccc(OC)cc2)[C@@H](O)[C@H]1O[Si](C)(C)C(C)(C)C,COc1ccc(C(OC[C@H]2O[C@@H](n3cnc4c(N(C)C(=O)[C@@H]5[C@H](C(=O)N(C)c6ncnc7c6ncn7[C@@H]6O[C@H](COC(c7ccccc7)(c7ccc(OC)cc7)c7ccc(OC)cc7)[C@@H](O)[C@H]6O[Si](C)(C)C(C)(C)C)[C@@H]6C=C[C@@H]5C6)ncnc43)[C@H](O[Si](C)(C)C(C)(C)C)[C@@H]2O)(c2ccccc2)c2ccc(OC)cc2)cc1,amide,Ambeed,"monoalcohol,monoamine",697.909,False,,0,29.442,4.6722,7.7653,10,True,2,True,0,0,0,True,,18.584541766839596,6.715883482181327,5.0693083760649245,1333.7217295091898,25.72336967998218,8.622762310658478,14.023130157623397,0.0,18.0,,gc_formula_si,"Si monomer: HSP NOT reliable (Si groups fitted on 51 HSPiP Si compounds, only 7 measured, all much smaller than the monomers)",0.0,18.584541766839596,18.584541766839596,6.715883482181327,6.715883482181327,5.0693083760649245,5.0693083760649245
C[Si](C)(C)CCCN,C[Si](C)(C)CCCNC(=O)[C@@H]1[C@H](C(=O)NCCC[Si](C)(C)C)[C@@H]2C=C[C@@H]1C2,amide,Ambeed,monoamine,131.295,False,,0,13.4109,-2.0518,7.2063,0,True,2,True,2,0,0,True,,16.12573647252912,6.702449295734736,4.553494345400932,431.9327307688783,15.585248618792164,6.046234063799087,3.202311976061411,0.0,8.0,,gc_formula_si,"Si monomer: HSP NOT reliable (Si groups fitted on 51 HSPiP Si compounds, only 7 measured, all much smaller than the monomers)",0.0,16.12573647252912,16.12573647252912,6.702449295734736,6.702449295734736,4.553494345400932,4.553494345400932
CC(C)C(=O)Nc1nc2c(ncn2[C@H]2C[C@H](O)[C@@H](CO[Si](C)(C)C(C)(C)C)O2)c(=O)[nH]1,CC(C)C(=O)Nc1nc2c(ncn2[C@H]2C[C@H](OC(=O)[C@@H]3[C@H](C(=O)O[C@H]4C[C@H](n5cnc6c(=O)[nH]c(NC(=O)C(C)C)nc65)O[C@@H]4CO[Si](C)(C)C(C)(C)C)[C@@H]4C=C[C@@H]3C4)[C@@H](CO[Si](C)(C)C(C)(C)C)O2)c(=O)[nH]1,ester,Ambeed,monoalcohol,451.6,False,,0,19.9554,11.7628,5.8878,12,True,2,True,0,0,0,True,,17.47941365198267,8.463654017688691,6.943740236313397,921.9801834021177,20.259320190923365,16.51122613930007,7.125037960557421,0.0,20.0,,gc_formula_si,"Si monomer: HSP NOT reliable (Si groups fitted on 51 HSPiP Si compounds, only 7 measured, all much smaller than the monomers)",0.0,17.47941365198267,17.47941365198267,8.463654017688691,8.463654017688691,6.943740236313397,6.943740236313397
C[Si](C)(C)CCOC(=O)N1CCNCC1,C[Si](C)(C)CCOC(=O)N1CCN(C(=O)[C@@H]2[C@H](C(=O)N3CCN(C(=O)OCC[Si](C)(C)C)CC3)[C@@H]3C=C[C@@H]2C3)CC1,amide,Ambeed,monoamine,230.384,False,,0,22.4544,8.1952,9.3353,0,True,2,True,0,0,0,True,,16.887241756067038,6.723230788932168,5.740481510861312,580.0174599052626,17.333158496089297,3.8626331340301587,3.1589706235647164,0.0,8.0,,gc_formula_si,"Si monomer: HSP NOT reliable (Si groups fitted on 51 HSPiP Si compounds, only 7 measured, all much smaller than the monomers)",0.0,16.887241756067038,16.887241756067038,6.723230788932168,6.723230788932168,5.740481510861312,5.740481510861312
C[Si](C)(C)C#Cc1ncc(N)cn1,C[Si](C)(C)C#Cc1ncc(NC(=O)[C@@H]2[C@H](C(=O)Nc3cnc(C#C[Si](C)(C)C)nc3)[C@@H]3C=C[C@@H]2C3)cn1,amide,Ambeed,monoamine,191.31,False,,0,17.7334,-1.3092,3.5074,6,True,2,True,0,0,0,True,,17.60473998083925,9.375842267777207,7.080227101079998,492.17837331790906,19.09358207903051,10.243486438415566,3.8169753943347473,0.0,14.0,,gc_formula_si,"Si monomer: HSP NOT reliable (Si groups fitted on 51 HSPiP Si compounds, only 7 measured, all much smaller than the monomers)",0.0,17.60473998083925,17.60473998083925,9.375842267777207,9.375842267777207,7.080227101079998,7.080227101079998
CO[C@@H]1[C@H](O[Si](C)(C)C(C)(C)C)[C@@H](CO)O[C@H]1n1ccc(=O)[nH]c1=O,CO[C@@H]1[C@H](O[Si](C)(C)C(C)(C)C)[C@@H](COC(=O)[C@@H]2[C@H](C(=O)OC[C@H]3O[C@@H](n4ccc(=O)[nH]c4=O)[C@H](OC)[C@@H]3O[Si](C)(C)C(C)(C)C)[C@@H]3C=C[C@@H]2C3)O[C@H]1n1ccc(=O)[nH]c1=O,ester,Ambeed,monoalcohol,372.494,False,,0,22.3718,14.7304,5.1878,8,True,2,True,0,0,0,True,,16.96234457027336,6.9592740442720995,6.116717710610759,791.0473004685362,18.846057254888763,10.312429021345839,3.2239569125792142,0.0,16.0,,gc_formula_si,"Si monomer: HSP NOT reliable (Si groups fitted on 51 HSPiP Si compounds, only 7 measured, all much smaller than the monomers)",0.0,16.96234457027336,16.96234457027336,6.9592740442720995,6.9592740442720995,6.116717710610759,6.116717710610759
CC(C)(C)[Si](C)(C)OC[C@H]1O[C@@H](n2ccc(NC(=O)c3ccccc3)nc2=O)C[C@@H]1O,CC(C)(C)[Si](C)(C)OC[C@H]1O[C@@H](n2ccc(NC(=O)c3ccccc3)nc2=O)C[C@@H]1OC(=O)[C@@H]1[C@H](C(=O)O[C@H]2C[C@H](n3ccc(NC(=O)c4ccccc4)nc3=O)O[C@@H]2CO[Si](C)(C)C(C)(C)C)[C@@H]2C=C[C@@H]1C2,ester,Ambeed,monoalcohol,445.592,False,,0,22.4696,8.5998,6.3862,8,True,2,True,0,0,0,True,,17.82455616289545,7.395402012119475,6.092689253953502,910.4400332774511,21.48301215670038,8.999234234924998,6.959670758544381,0.0,16.0,,gc_formula_si,"Si monomer: HSP NOT reliable (Si groups fitted on 51 HSPiP Si compounds, only 7 measured, all much smaller than the monomers)",0.0,17.82455616289545,17.82455616289545,7.395402012119475,7.395402012119475,6.092689253953502,6.092689253953502
CC(C)(C)[Si](OCCN)(c1ccccc1)c1ccccc1,CC(C)(C)[Si](OCCNC(=O)[C@@H]1[C@H](C(=O)NCCO[Si](c2ccccc2)(c2ccccc2)C(C)(C)C)[C@@H]2C=C[C@@H]1C2)(c1ccccc1)c1ccccc1,amide,Ambeed,monoamine,299.49,False,,0,22.6145,-4.6694,6.1422,0,True,2,True,2,0,0,True,,17.87354323269641,5.457035189131519,3.773546471895975,698.5649620454374,21.635467124574877,4.912939588434213,5.115342901023368,0.0,4.0,,gc_formula_si,"Si monomer: HSP NOT reliable (Si groups fitted on 51 HSPiP Si compounds, only 7 measured, all much smaller than the monomers)",0.0,17.87354323269641,17.87354323269641,5.457035189131519,5.457035189131519,3.773546471895975,3.773546471895975
CC[Si](C#CCO)(CC)CC,CC[Si](C#CCOC(=O)[C@@H]1[C@H](C(=O)OCC#C[Si](CC)(CC)CC)[C@@H]2C=C[C@@H]1C2)(CC)CC,ester,Ambeed,monoalcohol,170.328,False,,0,16.3159,0.9048,3.8202,0,True,2,True,0,0,0,True,,15.757110152445318,3.5746211415668174,4.164133619012026,517.6100446528267,14.8540862846627,4.315887012458131,6.228657005705905,0.0,2.0,,gc_formula_si,"Si monomer: HSP NOT reliable (Si groups fitted on 51 HSPiP Si compounds, only 7 measured, all much smaller than the monomers)",0.0,15.757110152445318,15.757110152445318,3.5746211415668174,3.5746211415668174,4.164133619012026,4.164133619012026
C[Si](C)(C)c1ccc(CO)cc1,C[Si](C)(C)c1ccc(COC(=O)[C@@H]2[C@H](C(=O)OCc3ccc([Si](C)(C)C)cc3)[C@@H]3C=C[C@@H]2C3)cc1,ester,Ambeed,monoalcohol,180.323,False,,0,20.2866,6.1112,5.6054,0,True,2,True,0,0,0,True,,17.038751717616034,3.0463827024534833,3.7947693559142515,495.97652012371566,17.500125203423323,4.312622693802393,3.922237523446876,0.0,8.0,,gc_formula_si,"Si monomer: HSP NOT reliable (Si groups fitted on 51 HSPiP Si compounds, only 7 measured, all much smaller than the monomers)",0.0,17.038751717616034,17.038751717616034,3.0463827024534833,3.0463827024534833,3.7947693559142515,3.7947693559142515
CC(C)(C)[Si](C)(C)OC[C@H]1O[C@@H](n2cnc3c(N)ncnc32)C[C@@H]1O,CC(C)(C)[Si](C)(C)OC[C@H]1O[C@@H](n2cnc3c(N)ncnc32)C[C@@H]1OC(=O)[C@@H]1[C@H](C(=O)O[C@H]2C[C@H](n3cnc4c(N)ncnc43)O[C@@H]2CO[Si](C)(C)C(C)(C)C)[C@@H]2C=C[C@@H]1C2,ester,Ambeed,"monoalcohol,monoamine",365.51,False,,0,24.5984,16.1312,7.5735,8,True,2,True,0,0,0,True,,17.500855431706373,7.38703755650167,6.938869009712608,777.1442668035079,20.700728799775117,6.501625961989375,3.4717787732581105,0.0,16.0,,gc_formula_si,"Si monomer: HSP NOT reliable (Si groups fitted on 51 HSPiP Si compounds, only 7 measured, all much smaller than the monomers)",0.0,17.500855431706373,17.500855431706373,7.38703755650167,7.38703755650167,6.938869009712608,6.938869009712608
CC(C)(C)[Si](C)(C)OC[C@H]1O[C@@H](n2cnc3c(N)ncnc32)C[C@@H]1O,CC(C)(C)[Si](C)(C)OC[C@H]1O[C@@H](n2cnc3c(NC(=O)[C@@H]4[C@H](C(=O)Nc5ncnc6c5ncn6[C@H]5C[C@H](O)[C@@H](CO[Si](C)(C)C(C)(C)C)O5)[C@@H]5C=C[C@@H]4C5)ncnc32)C[C@@H]1O,amide,Ambeed,"monoalcohol,monoamine",365.51,False,,0,21.309,4.2784,14.5769,10,True,2,True,0,0,0,True,,17.83545754942465,8.805831315378704,6.478817105156181,759.0755021039248,19.949260713524463,13.29882401354227,4.5416996442308015,0.0,18.0,,gc_formula_si,"Si monomer: HSP NOT reliable (Si groups fitted on 51 HSPiP Si compounds, only 7 measured, all much smaller than the monomers)",0.0,17.83545754942465,17.83545754942465,8.805831315378704,8.805831315378704,6.478817105156181,6.478817105156181
CC(C)(C)[Si](OCCO)(c1ccccc1)c1ccccc1,CC(C)(C)[Si](OCCOC(=O)[C@@H]1[C@H](C(=O)OCCO[Si](c2ccccc2)(c2ccccc2)C(C)(C)C)[C@@H]2C=C[C@@H]1C2)(c1ccccc1)c1ccccc1,ester,Ambeed,monoalcohol,300.474,False,,0,24.0388,4.8622,7.229,0,True,2,True,0,0,0,True,,17.561806460828052,2.9731901737410236,3.284585597759427,700.9952372456294,20.91197549780552,2.785833909943712,4.997519025940807,0.0,4.0,,gc_formula_si,"Si monomer: HSP NOT reliable (Si groups fitted on 51 HSPiP Si compounds, only 7 measured, all much smaller than the monomers)",0.0,17.561806460828052,17.561806460828052,2.9731901737410236,2.9731901737410236,3.284585597759427,3.284585597759427
CO[C@@H]1[C@H](O[Si](C)(C)C(C)(C)C)[C@@H](CO)O[C@H]1n1cnc2c(NC(=O)c3ccccc3)ncnc21,CO[C@@H]1[C@H](O[Si](C)(C)C(C)(C)C)[C@@H](COC(=O)[C@@H]2[C@H](C(=O)OC[C@H]3O[C@@H](n4cnc5c(NC(=O)c6ccccc6)ncnc54)[C@H](OC)[C@@H]3O[Si](C)(C)C(C)(C)C)[C@@H]3C=C[C@@H]2C3)O[C@H]1n1cnc2c(NC(=O)c3ccccc3)ncnc21,ester,Ambeed,monoalcohol,499.644,False,,0,24.4115,13.562,5.7342,10,True,2,True,0,0,0,True,,18.13985073129513,7.891820466169776,6.142512710674117,979.7681239735289,22.35589165750965,9.452677173554232,11.733085051006507,0.0,18.0,,gc_formula_si,"Si monomer: HSP NOT reliable (Si groups fitted on 51 HSPiP Si compounds, only 7 measured, all much smaller than the monomers)",0.0,18.13985073129513,18.13985073129513,7.891820466169776,7.891820466169776,6.142512710674117,6.142512710674117
CC(C)C(=O)Nc1nc2c(ncn2[C@H]2C[C@H](O[Si](C)(C)C(C)(C)C)[C@@H](CO)O2)c(=O)[nH]1,CC(C)C(=O)Nc1nc2c(ncn2[C@H]2C[C@H](O[Si](C)(C)C(C)(C)C)[C@@H](COC(=O)[C@@H]3[C@H](C(=O)OC[C@H]4O[C@@H](n5cnc6c(=O)[nH]c(NC(=O)C(C)C)nc65)C[C@@H]4O[Si](C)(C)C(C)(C)C)[C@@H]4C=C[C@@H]3C4)O2)c(=O)[nH]1,ester,Ambeed,monoalcohol,451.6,False,,0,21.0529,13.3366,5.0744,12,True,2,True,0,0,0,True,,17.597296380829896,8.498209746597668,6.859319862485142,914.2780237331991,20.46036931885874,16.329952859376508,6.531601514213468,0.0,20.0,,gc_formula_si,"Si monomer: HSP NOT reliable (Si groups fitted on 51 HSPiP Si compounds, only 7 measured, all much smaller than the monomers)",0.0,17.597296380829896,17.597296380829896,8.498209746597668,8.498209746597668,6.859319862485142,6.859319862485142
CNCCCO[Si](C)(C)C(C)(C)C,CN(CCCO[Si](C)(C)C(C)(C)C)C(=O)[C@@H]1[C@H](C(=O)N(C)CCCO[Si](C)(C)C(C)(C)C)[C@@H]2C=C[C@@H]1C2,amide,Ambeed,monoamine,203.402,False,,0,15.1305,-6.0438,5.694,0,True,2,True,0,0,0,True,,15.502045511164873,5.168832539879791,2.8657059230929485,590.4705837005262,12.80527815738094,3.410733812286999,2.8712421809709356,0.0,8.0,,gc_formula_si,"Si monomer: HSP NOT reliable (Si groups fitted on 51 HSPiP Si compounds, only 7 measured, all much smaller than the monomers)",0.0,15.502045511164873,15.502045511164873,5.168832539879791,5.168832539879791,2.8657059230929485,2.8657059230929485
CC(O)CCO[Si](C)(C)C(C)(C)C,CC(CCO[Si](C)(C)C(C)(C)C)OC(=O)[C@@H]1[C@H](C(=O)OC(C)CCO[Si](C)(C)C(C)(C)C)[C@@H]2C=C[C@@H]1C2,ester,Ambeed,monoalcohol,204.386,False,,0,12.9401,-2.815,6.7808,0,True,2,True,0,0,0,True,,15.245877371107344,3.1600999042468305,3.086447458980296,604.997007961316,11.58127149342199,3.3270771971857576,2.1993013148125264,0.0,8.0,,gc_formula_si,"Si monomer: HSP NOT reliable (Si groups fitted on 51 HSPiP Si compounds, only 7 measured, all much smaller than the monomers)",0.0,15.245877371107344,15.245877371107344,3.1600999042468305,3.1600999042468305,3.086447458980296,3.086447458980296
CC(C)(C)[Si](C)(C)Oc1ccccc1N,CC(C)(C)[Si](C)(C)Oc1ccccc1NC(=O)[C@@H]1[C@H](C(=O)Nc2ccccc2O[Si](C)(C)C(C)(C)C)[C@@H]2C=C[C@@H]1C2,amide,Ambeed,monoamine,223.392,False,,0,18.034,-4.924,5.9468,4,True,2,True,0,0,0,True,,16.952327600073954,6.20670030117857,4.992725080073796,580.3017654449523,16.219983983071064,4.341707760740083,0.9267420925058624,0.0,12.0,,gc_formula_si,"Si monomer: HSP NOT reliable (Si groups fitted on 51 HSPiP Si compounds, only 7 measured, all much smaller than the monomers)",0.0,16.952327600073954,16.952327600073954,6.20670030117857,6.20670030117857,4.992725080073796,4.992725080073796
C[Si](C)(C)CCOCn1nc(I)c2c(Cl)nc(N)nc21,C[Si](C)(C)CCOCn1nc(I)c2c(Cl)nc(NC(=O)[C@@H]3[C@H](C(=O)Nc4nc(Cl)c5c(I)nn(COCC[Si](C)(C)C)c5n4)[C@@H]4C=C[C@@H]3C4)nc21,amide,Ambeed,monoamine,425.734,False,,0,23.1684,9.0442,3.3928,10,True,2,True,0,0,0,True,,18.865834350410537,9.16940718837364,6.986016166537714,653.8868048386099,22.71723886312195,12.292360667341201,11.202298184216199,0.0,18.0,,gc_formula_si,"Si monomer: HSP NOT reliable (Si groups fitted on 51 HSPiP Si compounds, only 7 measured, all much smaller than the monomers)",0.0,18.865834350410537,18.865834350410537,9.16940718837364,9.16940718837364,6.986016166537714,6.986016166537714
CC(C)(C)[Si](C)(C)C#CCO,CC(C)(C)[Si](C)(C)C#CCOC(=O)[C@@H]1[C@H](C(=O)OCC#C[Si](C)(C)C(C)(C)C)[C@@H]2C=C[C@@H]1C2,ester,Ambeed,monoalcohol,170.328,False,,0,15.1856,3.2254,5.7128,0,True,2,True,0,0,0,True,,15.428666114262342,3.531290566173597,3.844000648382619,519.4812299642173,12.80338804504114,4.9828040497868535,5.5634613500902175,0.0,6.0,,gc_formula_si,"Si monomer: HSP NOT reliable (Si groups fitted on 51 HSPiP Si compounds, only 7 measured, all much smaller than the monomers)",0.0,15.428666114262342,15.428666114262342,3.531290566173597,3.531290566173597,3.844000648382619,3.844000648382619
CC(C)(O)CCOCC(CO[Si](C)(C)C(C)(C)C)O[Si](C)(C)C(C)(C)C,CC(C)(CCOCC(CO[Si](C)(C)C(C)(C)C)O[Si](C)(C)C(C)(C)C)OC(=O)[C@@H]1[C@H](C(=O)OC(C)(C)CCOCC(CO[Si](C)(C)C(C)(C)C)O[Si](C)(C)C(C)(C)C)[C@@H]2C=C[C@@H]1C2,ester,Ambeed,monoalcohol,406.756,False,,0,1.0401,-11.6156,9.3232,0,True,4,True,0,0,0,True,,14.897324976300668,3.060589826358343,2.400204551484297,1087.1832664327524,0.0,4.740137656691244,2.0436186014565294,0.0,16.0,,gc_formula_si,"Si monomer: HSP NOT reliable (Si groups fitted on 51 HSPiP Si compounds, only 7 measured, all much smaller than the monomers)",0.0,14.897324976300668,14.897324976300668,3.060589826358343,3.060589826358343,2.400204551484297,2.400204551484297
Cc1cn([C@H]2CNC[C@@H](CO[Si](c3ccccc3)(c3ccccc3)C(C)(C)C)O2)c(=O)[nH]c1=O,Cc1cn([C@H]2CN(C(=O)[C@@H]3[C@H](C(=O)N4C[C@@H](CO[Si](c5ccccc5)(c5ccccc5)C(C)(C)C)O[C@@H](n5cc(C)c(=O)[nH]c5=O)C4)[C@@H]4C=C[C@@H]3C4)C[C@@H](CO[Si](c3ccccc3)(c3ccccc3)C(C)(C)C)O2)c(=O)[nH]c1=O,amide,Ambeed,monoamine,479.653,False,,0,28.8563,4.6092,4.3738,8,True,2,True,0,0,0,True,,18.382967092943073,7.033609417761668,5.730144726102734,964.0584410060892,25.41590912454313,14.254073863286077,4.973678726818029,0.0,12.0,,gc_formula_si,"Si monomer: HSP NOT reliable (Si groups fitted on 51 HSPiP Si compounds, only 7 measured, all much smaller than the monomers)",0.0,18.382967092943073,18.382967092943073,7.033609417761668,7.033609417761668,5.730144726102734,5.730144726102734
C[Si](C)(C)OCCN,C[Si](C)(C)OCCNC(=O)[C@@H]1[C@H](C(=O)NCCO[Si](C)(C)C)[C@@H]2C=C[C@@H]1C2,amide,Ambeed,monoamine,133.267,False,,0,13.6088,3.3706,8.5179,0,True,2,True,2,0,0,True,,16.04888416211978,7.236410124409693,4.705955873511307,409.0839143663357,15.300398291865319,6.848239508347659,3.293177287324111,0.0,10.0,,gc_formula_si,"Si monomer: HSP NOT reliable (Si groups fitted on 51 HSPiP Si compounds, only 7 measured, all much smaller than the monomers)",0.0,16.04888416211978,16.04888416211978,7.236410124409693,7.236410124409693,4.705955873511307,4.705955873511307
Oc1c([Si](c2ccccc2)(c2ccccc2)c2ccccc2)cc2c(c1-c1c(O)c([Si](c3ccccc3)(c3ccccc3)c3ccccc3)cc3c1CCCC3)CCCC2,O=C(Oc1c([Si](c2ccccc2)(c2ccccc2)c2ccccc2)cc2c(c1-c1c(O)c([Si](c3ccccc3)(c3ccccc3)c3ccccc3)cc3c1CCCC3)CCCC2)[C@@H]1[C@H](C(=O)Oc2c([Si](c3ccccc3)(c3ccccc3)c3ccccc3)cc3c(c2-c2c(O)c([Si](c4ccccc4)(c4ccccc4)c4ccccc4)cc4c2CCCC4)CCCC3)[C@@H]2C=C[C@@H]1C2,ester,Ambeed,diol,811.186,False,,0,38.2971,5.1874,0.281,0,True,4,True,0,0,0,True,,19.251367464465364,1.9943607985643104,3.541939808586985,1547.3464038058678,30.868744492362183,3.8050517551279768,10.310969396501259,0.0,4.0,,gc_formula_si,"Si monomer: HSP NOT reliable (Si groups fitted on 51 HSPiP Si compounds, only 7 measured, all much smaller than the monomers)",0.0,19.251367464465364,19.251367464465364,1.9943607985643104,1.9943607985643104,3.541939808586985,3.541939808586985
CC(C)C[Si]12O[Si]3(CCCN)O[Si]4(CC(C)C)O[Si](CC(C)C)(O1)O[Si]1(CC(C)C)O[Si](CC(C)C)(O2)O[Si](CC(C)C)(O3)O[Si](CC(C)C)(O4)O1,CC(C)C[Si]12O[Si]3(CCCNC(=O)[C@@H]4[C@H](C(=O)NCCC[Si]56O[Si]7(CC(C)C)O[Si]8(CC(C)C)O[Si](CC(C)C)(O5)O[Si]5(CC(C)C)O[Si](CC(C)C)(O6)O[Si](CC(C)C)(O7)O[Si](CC(C)C)(O8)O5)[C@@H]5C=C[C@@H]4C5)O[Si]4(CC(C)C)O[Si](CC(C)C)(O1)O[Si]1(CC(C)C)O[Si](CC(C)C)(O2)O[Si](CC(C)C)(O3)O[Si](CC(C)C)(O4)O1,amide,Ambeed,monoamine,874.592,False,,0,26.2843,95.3276,6.0664,0,True,16,True,2,16,16,True,,14.130386949614014,3.056138597440747,2.042907453295241,1698.2620909249358,20.61250097770077,44.403156349764465,5.1158135017795745,0.0,40.0,,gc_formula_si,"Si monomer: HSP NOT reliable (Si groups fitted on 51 HSPiP Si compounds, only 7 measured, all much smaller than the monomers)",0.0,14.130386949614014,14.130386949614014,3.056138597440747,3.056138597440747,2.042907453295241,2.042907453295241
C=C1/C(=C/CO)C[C@@H](O[Si](C)(C)C(C)(C)C)C[C@@H]1O[Si](C)(C)C(C)(C)C,C=C1/C(=C/COC(=O)[C@@H]2[C@H](C(=O)OC/C=C3\C[C@@H](O[Si](C)(C)C(C)(C)C)C[C@H](O[Si](C)(C)C(C)(C)C)C3=C)[C@@H]3C=C[C@@H]2C3)C[C@@H](O[Si](C)(C)C(C)(C)C)C[C@@H]1O[Si](C)(C)C(C)(C)C,ester,Ambeed,monoalcohol,398.736,False,,0,13.3166,-6.275,8.4238,0,True,4,True,0,2,2,True,,15.53999971542101,2.5814100379522325,1.4983268676926969,1009.716168958128,7.124530696261407,2.6133138511003384,0.9258998281485664,0.0,16.0,,gc_formula_si,"Si monomer: HSP NOT reliable (Si groups fitted on 51 HSPiP Si compounds, only 7 measured, all much smaller than the monomers)",0.0,15.53999971542101,15.53999971542101,2.5814100379522325,2.5814100379522325,1.4983268676926969,1.4983268676926969
CC(C)c1cccc([Si](C)(C)C)c1O,CC(C)c1cccc([Si](C)(C)C)c1OC(=O)[C@@H]1[C@H](C(=O)Oc2c(C(C)C)cccc2[Si](C)(C)C)[C@@H]2C=C[C@@H]1C2,ester,Ambeed,monoalcohol,208.377,False,,0,18.0001,0.1632,6.808,0,True,2,True,0,0,0,True,,16.46148147204237,2.6672170175445182,3.3802399105415826,593.9022554718103,15.60838176154316,3.753960292493009,3.095423984328258,0.0,8.0,,gc_formula_si,"Si monomer: HSP NOT reliable (Si groups fitted on 51 HSPiP Si compounds, only 7 measured, all much smaller than the monomers)",0.0,16.46148147204237,16.46148147204237,2.6672170175445182,2.6672170175445182,3.3802399105415826,3.3802399105415826
C=C1/C(=C/C=C2\CCC[C@]3(C)[C@@H]([C@H](C)/C=C/[C@@H](O)C4CC4)CC[C@@H]23)C[C@@H](O[Si](C)(C)C(C)(C)C)C[C@@H]1O[Si](C)(C)C(C)(C)C,C=C1/C(=C/C=C2\CCC[C@]3(C)[C@@H]([C@H](C)/C=C/[C@@H](OC(=O)[C@@H]4[C@H](C(=O)O[C@H](/C=C/[C@@H](C)[C@H]5CC[C@H]6/C(=C/C=C7\C[C@@H](O[Si](C)(C)C(C)(C)C)C[C@H](O[Si](C)(C)C(C)(C)C)C7=C)CCC[C@]56C)C5CC5)[C@@H]5C=C[C@@H]4C5)C4CC4)CC[C@@H]23)C[C@@H](O[Si](C)(C)C(C)(C)C)C[C@@H]1O[Si](C)(C)C(C)(C)C,ester,Ambeed,monoalcohol,641.142,False,,0,17.61,-8.8278,12.4476,0,True,4,True,0,8,4,True,,16.300553065042134,1.998418416593913,1.25753797828922,1520.1028125615348,12.956664592017923,0.0,0.0,0.0,16.0,,gc_formula_si,"Si monomer: HSP NOT reliable (Si groups fitted on 51 HSPiP Si compounds, only 7 measured, all much smaller than the monomers)",0.0,16.300553065042134,16.300553065042134,1.998418416593913,1.998418416593913,1.25753797828922,1.25753797828922
CC(C)(C)[Si](C)(C)OCC1CCC(CO)CC1,CC(C)(C)[Si](C)(C)OCC1CCC(COC(=O)[C@@H]2[C@H](C(=O)OCC3CCC(CO[Si](C)(C)C(C)(C)C)CC3)[C@@H]3C=C[C@@H]2C3)CC1,ester,Ambeed,monoalcohol,258.478,False,,0,17.515,-1.5424,6.0406,0,True,2,True,0,0,2,True,,15.907444693799286,2.844352472611101,2.6960639871364336,681.312991648534,13.931698746466763,2.9827536247001794,1.7542625779420018,0.0,8.0,,gc_formula_si,"Si monomer: HSP NOT reliable (Si groups fitted on 51 HSPiP Si compounds, only 7 measured, all much smaller than the monomers)",0.0,15.907444693799286,15.907444693799286,2.844352472611101,2.844352472611101,2.6960639871364336,2.6960639871364336
CC(C)(C)[Si](OCCCO)(c1ccccc1)c1ccccc1,CC(C)(C)[Si](OCCCOC(=O)[C@@H]1[C@H](C(=O)OCCCO[Si](c2ccccc2)(c2ccccc2)C(C)(C)C)[C@@H]2C=C[C@@H]1C2)(c1ccccc1)c1ccccc1,ester,Ambeed,monoalcohol,314.501,False,,0,24.0551,4.234,6.9968,0,True,2,True,0,0,0,True,,17.51143094393945,2.895055856695407,3.2066240732623053,734.4849990480054,20.901828118097956,2.683081526681523,4.915392850712019,0.0,4.0,,gc_formula_si,"Si monomer: HSP NOT reliable (Si groups fitted on 51 HSPiP Si compounds, only 7 measured, all much smaller than the monomers)",0.0,17.51143094393945,17.51143094393945,2.895055856695407,2.895055856695407,3.2066240732623053,3.2066240732623053
C[Si](C)(C)C[C@H](N)C(=O)O,C[Si](C)(C)C[C@H](NC(=O)[C@@H]1[C@H](C(=O)N[C@@H](C[Si](C)(C)C)C(=O)O)[C@@H]2C=C[C@@H]1C2)C(=O)O,amide,Ambeed,monoamine,161.277,False,,0,14.2188,3.895,18.5395,0,True,2,True,4,0,0,True,,16.393467008526518,7.817658320990493,10.020304709484623,435.1739527225216,16.41077740411556,9.20793076131589,14.174032643140752,0.0,8.0,,gc_formula_si,"Si monomer: HSP NOT reliable (Si groups fitted on 51 HSPiP Si compounds, only 7 measured, all much smaller than the monomers)",0.0,16.393467008526518,16.393467008526518,7.817658320990493,7.817658320990493,10.020304709484623,10.020304709484623
C=C(CO)CO[Si](C)(C)C(C)(C)C,C=C(COC(=O)[C@@H]1[C@H](C(=O)OCC(=C)CO[Si](C)(C)C(C)(C)C)[C@@H]2C=C[C@@H]1C2)CO[Si](C)(C)C(C)(C)C,ester,Ambeed,monoalcohol,202.37,False,,0,13.5698,0.3466,6.902,0,True,2,True,0,0,0,True,,15.41540076820536,3.2296203361459668,3.135612032246975,572.4867844046062,11.945085370497027,4.322926379670457,3.869345713467025,0.0,8.0,,gc_formula_si,"Si monomer: HSP NOT reliable (Si groups fitted on 51 HSPiP Si compounds, only 7 measured, all much smaller than the monomers)",0.0,15.41540076820536,15.41540076820536,3.2296203361459668,3.2296203361459668,3.135612032246975,3.135612032246975
CC(C)(C)[Si](C)(C)O[C@@H]1C[C@@H]2OC(=O)C[C@@H]2[C@H]1CO,CC(C)(C)[Si](C)(C)O[C@@H]1C[C@@H]2OC(=O)C[C@@H]2[C@H]1COC(=O)[C@@H]1[C@H](C(=O)OC[C@@H]2[C@H]3CC(=O)O[C@H]3C[C@H]2O[Si](C)(C)C(C)(C)C)[C@@H]2C=C[C@@H]1C2,ester,Ambeed,monoalcohol,286.444,False,,0,19.7722,19.4388,3.1851,0,True,2,True,0,0,0,True,,16.398112101473764,5.877983524251905,3.746245121314509,673.802555420308,16.584625567944123,3.959741813067435,4.0761252377629775,0.0,8.0,,gc_formula_si,"Si monomer: HSP NOT reliable (Si groups fitted on 51 HSPiP Si compounds, only 7 measured, all much smaller than the monomers)",0.0,16.398112101473764,16.398112101473764,5.877983524251905,5.877983524251905,3.746245121314509,3.746245121314509
CC(C)(C)[Si](C)(C)OC1CC(O)CN(Cc2ccccc2)C1,CC(C)(C)[Si](C)(C)OC1CC(OC(=O)[C@@H]2[C@H](C(=O)OC3CC(O[Si](C)(C)C(C)(C)C)CN(Cc4ccccc4)C3)[C@@H]3C=C[C@@H]2C3)CN(Cc2ccccc2)C1,ester,Ambeed,"monoalcohol,monoamine",321.537,False,,0,22.1848,4.8904,2.6548,0,True,2,True,0,0,0,True,,16.732001161466197,3.3238017644222158,3.3742904162643184,793.9635117044184,17.521176971841793,4.408654430558999,5.325590917091962,0.0,8.0,,gc_formula_si,"Si monomer: HSP NOT reliable (Si groups fitted on 51 HSPiP Si compounds, only 7 measured, all much smaller than the monomers)",0.0,16.732001161466197,16.732001161466197,3.3238017644222158,3.3238017644222158,3.3742904162643184,3.3742904162643184
CO[Si](OC)(OC)c1ccc(N)cc1,CO[Si](OC)(OC)c1ccc(NC(=O)[C@@H]2[C@H](C(=O)Nc3ccc([Si](OC)(OC)OC)cc3)[C@@H]3C=C[C@@H]2C3)cc1,amide,Ambeed,monoamine,213.309,False,,0,21.43,10.5462,9.9203,2,True,2,True,0,0,0,True,,17.781870175258387,7.24568433068174,6.1193620749937745,487.55429502964483,18.886883461010385,8.142920441726627,3.5951699910355517,0.0,10.0,,gc_formula_si,"Si monomer: HSP NOT reliable (Si groups fitted on 51 HSPiP Si compounds, only 7 measured, all much smaller than the monomers)",0.0,17.781870175258387,17.781870175258387,7.24568433068174,7.24568433068174,6.1193620749937745,6.1193620749937745
C=C1[C@H](O)C[C@H](O[Si](C)(C)C(C)(C)C)[C@H]1CO[Si](C)(C)C(C)(C)C,C=C1[C@H](OC(=O)[C@@H]2[C@H](C(=O)O[C@@H]3C[C@H](O[Si](C)(C)C(C)(C)C)[C@@H](CO[Si](C)(C)C(C)(C)C)C3=C)[C@@H]3C=C[C@@H]2C3)C[C@H](O[Si](C)(C)C(C)(C)C)[C@H]1CO[Si](C)(C)C(C)(C)C,ester,Ambeed,monoalcohol,372.698,False,,0,11.5984,-9.5294,10.6172,0,True,4,True,0,4,0,True,,15.137365748966062,2.719134152108544,1.9909464391098548,974.5957966394119,0.0,3.6072027079333577,1.117414797956606,0.0,16.0,,gc_formula_si,"Si monomer: HSP NOT reliable (Si groups fitted on 51 HSPiP Si compounds, only 7 measured, all much smaller than the monomers)",0.0,15.137365748966062,15.137365748966062,2.719134152108544,2.719134152108544,1.9909464391098548,1.9909464391098548
CC(C)(C)[Si](C)(C)O[C@H]1C[C@H](n2cnc3c(N)ncnc32)O[C@@H]1CO,CC(C)(C)[Si](C)(C)O[C@H]1C[C@H](n2cnc3c(N)ncnc32)O[C@@H]1COC(=O)[C@@H]1[C@H](C(=O)OC[C@H]2O[C@@H](n3cnc4c(N)ncnc43)C[C@@H]2O[Si](C)(C)C(C)(C)C)[C@@H]2C=C[C@@H]1C2,ester,Ambeed,"monoalcohol,monoamine",365.51,False,,0,25.4255,17.705,8.7873,8,True,2,True,0,0,0,True,,17.64088226496084,7.422530614715359,6.838320269927854,769.4421071345892,20.895771707531694,6.320352682065814,7.139764828611767,0.0,16.0,,gc_formula_si,"Si monomer: HSP NOT reliable (Si groups fitted on 51 HSPiP Si compounds, only 7 measured, all much smaller than the monomers)",0.0,17.64088226496084,17.64088226496084,7.422530614715359,7.422530614715359,6.838320269927854,6.838320269927854
CC(C)(C)[Si](C)(C)O[C@H]1C[C@H](n2cnc3c(N)ncnc32)O[C@@H]1CO,CC(C)(C)[Si](C)(C)O[C@H]1C[C@H](n2cnc3c(NC(=O)[C@@H]4[C@H](C(=O)Nc5ncnc6c5ncn6[C@H]5C[C@H](O[Si](C)(C)C(C)(C)C)[C@@H](CO)O5)[C@@H]5C=C[C@@H]4C5)ncnc32)O[C@@H]1CO,amide,Ambeed,"monoalcohol,monoamine",365.51,False,,0,21.3809,10.7536,14.7515,10,True,2,True,0,0,0,True,,17.910194463612758,8.92989777490002,8.971886340589755,754.9036923630053,20.393653405904637,13.758452440136946,8.583743846328147,0.0,18.0,,gc_formula_si,"Si monomer: HSP NOT reliable (Si groups fitted on 51 HSPiP Si compounds, only 7 measured, all much smaller than the monomers)",0.0,17.910194463612758,17.910194463612758,8.92989777490002,8.92989777490002,8.971886340589755,8.971886340589755
CC(C)(C)[Si](C)(C)Oc1ccc(CO)cc1,CC(C)(C)[Si](C)(C)Oc1ccc(COC(=O)[C@@H]2[C@H](C(=O)OCc3ccc(O[Si](C)(C)C(C)(C)C)cc3)[C@@H]3C=C[C@@H]2C3)cc1,ester,Ambeed,monoalcohol,238.403,False,,0,19.964,5.1396,6.8014,2,True,2,True,0,0,0,True,,16.494175247691018,2.8123489174114487,2.8752421620493003,614.9528615365782,14.707057740397762,3.9400013844811075,0.828475275862136,0.0,10.0,,gc_formula_si,"Si monomer: HSP NOT reliable (Si groups fitted on 51 HSPiP Si compounds, only 7 measured, all much smaller than the monomers)",0.0,16.494175247691018,16.494175247691018,2.8123489174114487,2.8123489174114487,2.8752421620493003,2.8752421620493003
CC[C@@]1(O)C(=O)OCc2c1cc1n(c2=O)Cc2c-1nc1ccccc1c2CC[Si](C)(C)C,CC[C@@]1(OC(=O)[C@@H]2[C@H](C(=O)O[C@]3(CC)C(=O)OCc4c3cc3n(c4=O)Cc4c-3nc3ccccc3c4CC[Si](C)(C)C)[C@@H]3C=C[C@@H]2C3)C(=O)OCc2c1cc1n(c2=O)Cc2c-1nc1ccccc1c2CC[Si](C)(C)C,ester,Ambeed,monoalcohol,448.595,False,,0,26.1788,21.7772,0.9286,6,True,2,True,0,2,2,True,,18.48281822329981,6.389254748504046,4.951651093990733,883.7258787618521,22.04212195614377,5.24126526793783,3.5096850676052087,0.0,14.0,,gc_formula_si,"Si monomer: HSP NOT reliable (Si groups fitted on 51 HSPiP Si compounds, only 7 measured, all much smaller than the monomers)",0.0,18.48281822329981,18.48281822329981,6.389254748504046,6.389254748504046,4.951651093990733,4.951651093990733
CC(C)(C)[Si](C)(C)OC1CCC(O)CC1,CC(C)(C)[Si](C)(C)OC1CCC(OC(=O)[C@@H]2[C@H](C(=O)OC3CCC(O[Si](C)(C)C(C)(C)C)CC3)[C@@H]3C=C[C@@H]2C3)CC1,ester,Ambeed,monoalcohol,230.424,False,,0,16.5255,-4.1332,4.6728,0,True,2,True,0,0,2,True,,15.850042606344278,3.0964525393611035,2.671295746227482,642.2494937329764,13.754099452503866,2.9360186312206826,1.399587796881526,0.0,8.0,,gc_formula_si,"Si monomer: HSP NOT reliable (Si groups fitted on 51 HSPiP Si compounds, only 7 measured, all much smaller than the monomers)",0.0,15.850042606344278,15.850042606344278,3.0964525393611035,3.0964525393611035,2.671295746227482,2.671295746227482
CC(C)[Si](OC[C@H]1OC=C[C@@H](O)[C@@H]1O)(C(C)C)C(C)C,CC(C)[Si](OC[C@H]1OC=C[C@@H](OC(=O)[C@@H]2[C@H](C(=O)O[C@@H]3C=CO[C@H](CO[Si](C(C)C)(C(C)C)C(C)C)[C@H]3O)[C@@H]3C=C[C@@H]2C3)[C@@H]1O)(C(C)C)C(C)C,ester,Ambeed,diol,302.487,False,,0,18.1704,3.6858,18.6057,0,True,2,True,0,0,0,True,,15.98721674766688,4.471325150191794,4.3180275146761575,767.353762516391,13.35772876776238,8.959861301924843,5.898128409718326,0.0,4.0,,gc_formula_si,"Si monomer: HSP NOT reliable (Si groups fitted on 51 HSPiP Si compounds, only 7 measured, all much smaller than the monomers)",0.0,15.98721674766688,15.98721674766688,4.471325150191794,4.471325150191794,4.3180275146761575,4.3180275146761575
CC(C)(C)[Si](C)(C)OCCCN,CC(C)(C)[Si](C)(C)OCCCNC(=O)[C@@H]1[C@H](C(=O)NCCCO[Si](C)(C)C(C)(C)C)[C@@H]2C=C[C@@H]1C2,amide,Ambeed,monoamine,189.375,False,,0,12.2712,-4.6224,4.7367,0,True,2,True,2,0,0,True,,15.83387057061095,6.123931486267235,3.787619328450992,545.0521649319415,14.103341912736514,4.094462289741503,2.7141933467132695,0.0,8.0,,gc_formula_si,"Si monomer: HSP NOT reliable (Si groups fitted on 51 HSPiP Si compounds, only 7 measured, all much smaller than the monomers)",0.0,15.83387057061095,15.83387057061095,6.123931486267235,6.123931486267235,3.787619328450992,3.787619328450992
CC1(C)O[C@H]2O[C@H](CO[Si](c3ccccc3)(c3ccccc3)C(C)(C)C)[C@H](O)[C@H]2O1,CC1(C)O[C@H]2O[C@H](CO[Si](c3ccccc3)(c3ccccc3)C(C)(C)C)[C@H](OC(=O)[C@@H]3[C@H](C(=O)O[C@@H]4[C@H]5OC(C)(C)O[C@H]5O[C@@H]4CO[Si](c4ccccc4)(c4ccccc4)C(C)(C)C)[C@@H]4C=C[C@@H]3C4)[C@H]2O1,ester,Ambeed,monoalcohol,428.601,False,,0,26.7882,13.2522,5.9848,0,True,2,True,0,0,0,True,,17.42612617362066,3.6308937255816054,3.1647727502846124,927.5229057572542,21.023201967435426,5.100894020696932,7.426152281838205,0.0,4.0,,gc_formula_si,"Si monomer: HSP NOT reliable (Si groups fitted on 51 HSPiP Si compounds, only 7 measured, all much smaller than the monomers)",0.0,17.42612617362066,17.42612617362066,3.6308937255816054,3.6308937255816054,3.1647727502846124,3.1647727502846124
C[Si](C)(C)CC(N)C(=O)O,C[Si](C)(C)CC(NC(=O)[C@@H]1[C@H](C(=O)NC(C[Si](C)(C)C)C(=O)O)[C@@H]2C=C[C@@H]1C2)C(=O)O,amide,Ambeed,monoamine,161.277,False,,0,14.2188,3.895,18.5395,0,True,2,True,4,0,0,True,,16.393467008526518,7.817658320990493,10.020304709484623,435.1739527225216,16.41077740411556,9.20793076131589,14.174032643140752,0.0,8.0,,gc_formula_si,"Si monomer: HSP NOT reliable (Si groups fitted on 51 HSPiP Si compounds, only 7 measured, all much smaller than the monomers)",0.0,16.393467008526518,16.393467008526518,7.817658320990493,7.817658320990493,10.020304709484623,10.020304709484623
C[Si](C)(C)C#CC(O)C1CC1,C[Si](C)(C)C#CC(OC(=O)[C@@H]1[C@H](C(=O)OC(C#C[Si](C)(C)C)C2CC2)[C@@H]2C=C[C@@H]1C2)C1CC1,ester,Ambeed,monoalcohol,168.312,False,,0,17.7229,9.2994,4.3296,0,True,2,True,0,0,0,True,,16.028794780347614,3.8262120693072594,4.120158111069836,509.96937795384304,14.699273169982767,5.458461559450843,4.894425388247033,0.0,8.0,,gc_formula_si,"Si monomer: HSP NOT reliable (Si groups fitted on 51 HSPiP Si compounds, only 7 measured, all much smaller than the monomers)",0.0,16.028794780347614,16.028794780347614,3.8262120693072594,3.8262120693072594,4.120158111069836,4.120158111069836
C[Si](C)(C)C#CC(O)Cc1ccccc1,C[Si](C)(C)C#CC(Cc1ccccc1)OC(=O)[C@@H]1[C@H](C(=O)OC(C#C[Si](C)(C)C)Cc2ccccc2)[C@@H]2C=C[C@@H]1C2,ester,Ambeed,monoalcohol,218.372,False,,0,19.4776,-0.78,4.1082,0,True,2,True,0,0,0,True,,16.686354748526156,3.6956868729436247,4.057885876020403,600.3706721378921,17.434930493842398,6.668515560430237,6.930623653660835,0.0,8.0,,gc_formula_si,"Si monomer: HSP NOT reliable (Si groups fitted on 51 HSPiP Si compounds, only 7 measured, all much smaller than the monomers)",0.0,16.686354748526156,16.686354748526156,3.6956868729436247,3.6956868729436247,4.057885876020403,4.057885876020403
CC(C)(C)[Si](C)(C)O[C@@H]1CCNC1,CC(C)(C)[Si](C)(C)O[C@@H]1CCN(C(=O)[C@@H]2[C@H](C(=O)N3CC[C@@H](O[Si](C)(C)C(C)(C)C)C3)[C@@H]3C=C[C@@H]2C3)C1,amide,Ambeed,monoamine,201.386,False,,0,19.1198,-4.8946,3.7505,0,True,2,True,0,0,0,True,,16.090831445086284,5.5519418285527715,3.2591233499104395,571.1797057754945,14.826783170787127,2.85899290886461,2.842405019501925,0.0,8.0,,gc_formula_si,"Si monomer: HSP NOT reliable (Si groups fitted on 51 HSPiP Si compounds, only 7 measured, all much smaller than the monomers)",0.0,16.090831445086284,16.090831445086284,5.5519418285527715,5.5519418285527715,3.2591233499104395,3.2591233499104395
CC(C)(C)[Si](OCCOCCOCCO)(c1ccccc1)c1ccccc1,CC(C)(C)[Si](OCCOCCOCCOC(=O)[C@@H]1[C@H](C(=O)OCCOCCOCCO[Si](c2ccccc2)(c2ccccc2)C(C)(C)C)[C@@H]2C=C[C@@H]1C2)(c1ccccc1)c1ccccc1,ester,Ambeed,monoalcohol,388.58,False,,0,24.3084,6.8586,6.7646,0,True,2,True,0,0,0,True,,17.334286185552102,3.7682761626174157,3.933406597951597,860.8789695618927,20.73317517448116,7.464688339085821,9.679584847603762,0.0,4.0,,gc_formula_si,"Si monomer: HSP NOT reliable (Si groups fitted on 51 HSPiP Si compounds, only 7 measured, all much smaller than the monomers)",0.0,17.334286185552102,17.334286185552102,3.7682761626174157,3.7682761626174157,3.933406597951597,3.933406597951597
C[Si](C)(C)c1ccc(N)cc1,C[Si](C)(C)c1ccc(NC(=O)[C@@H]2[C@H](C(=O)Nc3ccc([Si](C)(C)C)cc3)[C@@H]3C=C[C@@H]2C3)cc1,amide,Ambeed,monoamine,165.312,False,,0,18.4058,-2.0812,4.7508,2,True,2,True,0,0,0,True,,17.63423560394901,6.92044780852673,5.984809819606033,461.3254240320896,18.709002271155722,4.714329070061368,4.020504340090603,0.0,10.0,,gc_formula_si,"Si monomer: HSP NOT reliable (Si groups fitted on 51 HSPiP Si compounds, only 7 measured, all much smaller than the monomers)",0.0,17.63423560394901,17.63423560394901,6.92044780852673,6.92044780852673,5.984809819606033,5.984809819606033
CC(C)(C)[Si](Oc1cc(CO)cc(CO)c1)(c1ccccc1)c1ccccc1,CC(C)(C)[Si](Oc1cc(CO)cc(COC(=O)[C@@H]2[C@H](C(=O)OCc3cc(CO)cc(O[Si](c4ccccc4)(c4ccccc4)C(C)(C)C)c3)[C@@H]3C=C[C@@H]2C3)c1)(c1ccccc1)c1ccccc1,ester,Ambeed,diol,392.571,False,,0,27.0562,8.115,9.4911,2,True,2,True,0,0,0,True,,18.16919053171874,3.729622584958976,7.005053930075151,833.1753540193412,21.830174627720783,6.97497974071181,4.651320111544172,0.0,6.0,,gc_formula_si,"Si monomer: HSP NOT reliable (Si groups fitted on 51 HSPiP Si compounds, only 7 measured, all much smaller than the monomers)",0.0,18.16919053171874,18.16919053171874,3.729622584958976,3.729622584958976,7.005053930075151,7.005053930075151
CC1(C)OB(c2cnc(Cl)nc2NC2CCC(O[Si](C)(C)C(C)(C)C)CC2)OC1(C)C,CC1(C)OB(c2cnc(Cl)nc2N(C(=O)[C@@H]2[C@H](C(=O)N(c3nc(Cl)ncc3B3OC(C)(C)C(C)(C)O3)C3CCC(O[Si](C)(C)C(C)(C)C)CC3)[C@@H]3C=C[C@@H]2C3)C2CCC(O[Si](C)(C)C(C)(C)C)CC2)OC1(C)C,amide,Ambeed,monoamine,467.923,False,,0,19.3131,5.3248,6.9468,8,True,2,True,0,0,2,True,,17.029992330142168,5.604762606909472,3.023589781872631,998.077256372381,18.287434692449903,0.0,3.160020317375338,0.0,16.0,,gc_formula_si,"Si monomer: HSP NOT reliable (Si groups fitted on 51 HSPiP Si compounds, only 7 measured, all much smaller than the monomers)",0.0,17.029992330142168,17.029992330142168,5.604762606909472,5.604762606909472,3.023589781872631,3.023589781872631
CC(C)(C)[Si](C)(C)O[C@H]1CN(Cc2ccccc2)C[C@@H]1O,CC(C)(C)[Si](C)(C)O[C@H]1CN(Cc2ccccc2)C[C@@H]1OC(=O)[C@@H]1[C@H](C(=O)O[C@H]2CN(Cc3ccccc3)C[C@@H]2O[Si](C)(C)C(C)(C)C)[C@@H]2C=C[C@@H]1C2,ester,Ambeed,"monoalcohol,monoamine",307.51,False,,0,22.1666,5.5186,2.887,0,True,2,True,0,0,0,True,,16.745540203602815,3.4040750993259636,3.4497697498348243,760.4737499020423,17.534219318831354,4.511406813821188,5.407717092320751,0.0,8.0,,gc_formula_si,"Si monomer: HSP NOT reliable (Si groups fitted on 51 HSPiP Si compounds, only 7 measured, all much smaller than the monomers)",0.0,16.745540203602815,16.745540203602815,3.4040750993259636,3.4040750993259636,3.4497697498348243,3.4497697498348243
CC(C)(C)OC(=O)N1CCC[C@@H](O[Si](C)(C)C(C)(C)C)[C@@H]1CCCN,CC(C)(C)OC(=O)N1CCC[C@@H](O[Si](C)(C)C(C)(C)C)[C@@H]1CCCNC(=O)[C@@H]1[C@H](C(=O)NCCC[C@H]2[C@H](O[Si](C)(C)C(C)(C)C)CCCN2C(=O)OC(C)(C)C)[C@@H]2C=C[C@@H]1C2,amide,Ambeed,monoamine,372.626,False,,0,14.5823,-5.7234,5.6072,0,True,2,True,2,2,2,True,,16.150398434570736,5.638842575537994,4.197085518247053,934.0341936996894,12.529935519836567,3.7839981988825304,3.1478944916119875,0.0,8.0,,gc_formula_si,"Si monomer: HSP NOT reliable (Si groups fitted on 51 HSPiP Si compounds, only 7 measured, all much smaller than the monomers)",0.0,16.150398434570736,16.150398434570736,5.638842575537994,5.638842575537994,4.197085518247053,4.197085518247053
C[Si](C)(C)CCOCn1ncc(CO)c1CO,C[Si](C)(C)CCOCn1ncc(COC(=O)[C@@H]2[C@H](C(=O)OCc3cnn(COCC[Si](C)(C)C)c3CO)[C@@H]3C=C[C@@H]2C3)c1CO,ester,Ambeed,diol,258.394,False,,0,18.948,12.1328,15.8473,4,True,2,True,0,0,0,True,,17.012621799956285,6.2578232249651355,9.040833693544641,600.6460155753791,17.23858336924583,9.704700173116233,13.06104523003815,0.0,12.0,,gc_formula_si,"Si monomer: HSP NOT reliable (Si groups fitted on 51 HSPiP Si compounds, only 7 measured, all much smaller than the monomers)",0.0,17.012621799956285,17.012621799956285,6.2578232249651355,6.2578232249651355,9.040833693544641,9.040833693544641
C[C@H](N)CO[Si](C)(C)C(C)(C)C,C[C@@H](CO[Si](C)(C)C(C)(C)C)NC(=O)[C@@H]1[C@H](C(=O)N[C@@H](C)CO[Si](C)(C)C(C)(C)C)[C@@H]2C=C[C@@H]1C2,amide,Ambeed,monoamine,189.375,False,,0,11.1879,-4.204,4.3831,0,True,2,True,2,0,0,True,,15.693525690800637,6.0829655466224715,3.721546664211225,551.2678782796913,13.464023774859458,3.035353003317643,2.361996707710925,0.0,8.0,,gc_formula_si,"Si monomer: HSP NOT reliable (Si groups fitted on 51 HSPiP Si compounds, only 7 measured, all much smaller than the monomers)",0.0,15.693525690800637,15.693525690800637,6.0829655466224715,6.0829655466224715,3.721546664211225,3.721546664211225
CC(C)(C)[Si](OCCNCCO[Si](c1ccccc1)(c1ccccc1)C(C)(C)C)(c1ccccc1)c1ccccc1,CC(C)(C)[Si](OCCN(CCO[Si](c1ccccc1)(c1ccccc1)C(C)(C)C)C(=O)[C@@H]1[C@H](C(=O)N(CCO[Si](c2ccccc2)(c2ccccc2)C(C)(C)C)CCO[Si](c2ccccc2)(c2ccccc2)C(C)(C)C)[C@@H]2C=C[C@@H]1C2)(c1ccccc1)c1ccccc1,amide,Ambeed,monoamine,581.949,False,,0,28.8705,-12.3678,9.714,0,True,4,True,0,0,0,True,,17.577233881856316,3.6900408044453243,2.437978318088002,1259.3931178561288,23.998391447184883,1.459396274367971,6.4001460749264,0.0,8.0,,gc_formula_si,"Si monomer: HSP NOT reliable (Si groups fitted on 51 HSPiP Si compounds, only 7 measured, all much smaller than the monomers)",0.0,17.577233881856316,17.577233881856316,3.6900408044453243,3.6900408044453243,2.437978318088002,2.437978318088002
CC(C)(C)[Si](C)(C)Oc1ccccc1O,CC(C)(C)[Si](C)(C)Oc1ccccc1OC(=O)[C@@H]1[C@H](C(=O)Oc2ccccc2O[Si](C)(C)C(C)(C)C)[C@@H]2C=C[C@@H]1C2,ester,Ambeed,monoalcohol,224.376,False,,0,18.7639,3.6074,7.1494,2,True,2,True,0,0,0,True,,16.17519818236041,3.003991948431115,3.0141843653875675,608.4385575852234,14.407399918260149,3.660127188548193,0.6833642007972986,0.0,10.0,,gc_formula_si,"Si monomer: HSP NOT reliable (Si groups fitted on 51 HSPiP Si compounds, only 7 measured, all much smaller than the monomers)",0.0,16.17519818236041,16.17519818236041,3.003991948431115,3.003991948431115,3.0141843653875675,3.0141843653875675
CC(C)(C)[Si](C)(C)OCC(N)(CO[Si](C)(C)C(C)(C)C)CO[Si](C)(C)C(C)(C)C,CC(C)(C)[Si](C)(C)OCC(CO[Si](C)(C)C(C)(C)C)(CO[Si](C)(C)C(C)(C)C)NC(=O)[C@@H]1[C@H](C(=O)NC(CO[Si](C)(C)C(C)(C)C)(CO[Si](C)(C)C(C)(C)C)CO[Si](C)(C)C(C)(C)C)[C@@H]2C=C[C@@H]1C2,amide,Ambeed,monoamine,463.928,False,,0,-8.0564,-18.292,11.5404,0,True,6,True,2,0,0,True,,14.743450961548424,4.282454487449047,1.8406029259128547,1174.346561718164,0.0,3.22033034238245,0.0,0.0,24.0,,gc_formula_si,"Si monomer: HSP NOT reliable (Si groups fitted on 51 HSPiP Si compounds, only 7 measured, all much smaller than the monomers)",0.0,14.743450961548424,14.743450961548424,4.282454487449047,4.282454487449047,1.8406029259128547,1.8406029259128547
CC(C)[Si]1(C(C)C)OC[C@H]2O[C@@H](n3cnc4c(=O)[nH]c(N)nc43)[C@H](O)[C@@H]2O[Si](C(C)C)(C(C)C)O1,CC(C)[Si]1(C(C)C)OC[C@H]2O[C@@H](n3cnc4c(=O)[nH]c(N)nc43)[C@H](OC(=O)[C@@H]3[C@H](C(=O)O[C@@H]4[C@@H]5O[Si](C(C)C)(C(C)C)O[Si](C(C)C)(C(C)C)OC[C@H]5O[C@H]4n4cnc5c(=O)[nH]c(N)nc54)[C@@H]4C=C[C@@H]3C4)[C@@H]2O[Si](C(C)C)(C(C)C)O1,ester,Ambeed,"monoalcohol,monoamine",525.755,False,,0,26.9342,22.5796,8.1769,10,True,4,True,0,0,0,True,,16.931451522581646,7.015547629111787,6.691145715011796,1069.7191334217193,21.88487452969271,15.654637177930876,4.837466767105245,0.0,20.0,,gc_formula_si,"Si monomer: HSP NOT reliable (Si groups fitted on 51 HSPiP Si compounds, only 7 measured, all much smaller than the monomers)",0.0,16.931451522581646,16.931451522581646,7.015547629111787,7.015547629111787,6.691145715011796,6.691145715011796
CC(C)[Si]1(C(C)C)OC[C@H]2O[C@@H](n3cnc4c(=O)[nH]c(N)nc43)[C@H](O)[C@@H]2O[Si](C(C)C)(C(C)C)O1,CC(C)[Si]1(C(C)C)OC[C@H]2O[C@@H](n3cnc4c(=O)[nH]c(NC(=O)[C@@H]5[C@H](C(=O)Nc6nc7c(ncn7[C@@H]7O[C@@H]8CO[Si](C(C)C)(C(C)C)O[Si](C(C)C)(C(C)C)O[C@H]8[C@H]7O)c(=O)[nH]6)[C@@H]6C=C[C@@H]5C6)nc43)[C@H](O)[C@@H]2O[Si](C(C)C)(C(C)C)O1,amide,Ambeed,"monoalcohol,monoamine",525.755,False,,0,24.1047,10.7268,15.1803,12,True,4,True,0,0,0,True,,17.171820197358947,8.10609249272426,6.344911515406976,1051.6503687221361,21.192968145332788,22.451835229483766,5.491352550756543,0.0,22.0,,gc_formula_si,"Si monomer: HSP NOT reliable (Si groups fitted on 51 HSPiP Si compounds, only 7 measured, all much smaller than the monomers)",0.0,17.171820197358947,17.171820197358947,8.10609249272426,8.10609249272426,6.344911515406976,6.344911515406976
CC1(C)O[C@@H]2[C@@H](CO[Si](c3ccccc3)(c3ccccc3)C(C)(C)C)OC(O)[C@@H]2O1,CC1(C)O[C@@H]2[C@@H](CO[Si](c3ccccc3)(c3ccccc3)C(C)(C)C)OC(OC(=O)[C@@H]3[C@H](C(=O)OC4O[C@H](CO[Si](c5ccccc5)(c5ccccc5)C(C)(C)C)[C@H]5OC(C)(C)O[C@@H]45)[C@@H]4C=C[C@@H]3C4)[C@@H]2O1,ester,Ambeed,monoalcohol,428.601,False,,0,26.7882,13.2522,5.9848,0,True,2,True,0,0,0,True,,17.42612617362066,3.6308937255816054,3.1647727502846124,927.5229057572542,21.023201967435426,5.100894020696932,7.426152281838205,0.0,4.0,,gc_formula_si,"Si monomer: HSP NOT reliable (Si groups fitted on 51 HSPiP Si compounds, only 7 measured, all much smaller than the monomers)",0.0,17.42612617362066,17.42612617362066,3.6308937255816054,3.6308937255816054,3.1647727502846124,3.1647727502846124
CC(C)(C)[Si](OC[C@@H]1CCCN1)(c1ccccc1)c1ccccc1,CC(C)(C)[Si](OC[C@@H]1CCCN1C(=O)[C@@H]1[C@H](C(=O)N2CCC[C@H]2CO[Si](c2ccccc2)(c2ccccc2)C(C)(C)C)[C@@H]2C=C[C@@H]1C2)(c1ccccc1)c1ccccc1,amide,Ambeed,monoamine,339.555,False,,0,26.1699,-3.9184,5.955,0,True,2,True,0,0,0,True,,17.822138751255725,4.747060266270389,3.409905533924075,781.5650934836045,21.98447477361947,1.9786431247328222,5.635484012285449,0.0,4.0,,gc_formula_si,"Si monomer: HSP NOT reliable (Si groups fitted on 51 HSPiP Si compounds, only 7 measured, all much smaller than the monomers)",0.0,17.822138751255725,17.822138751255725,4.747060266270389,4.747060266270389,3.409905533924075,3.409905533924075
CC(C)(C)[Si](C)(C)OCC(O)CO[Si](C)(C)C(C)(C)C,CC(C)(C)[Si](C)(C)OCC(CO[Si](C)(C)C(C)(C)C)OC(=O)[C@@H]1[C@H](C(=O)OC(CO[Si](C)(C)C(C)(C)C)CO[Si](C)(C)C(C)(C)C)[C@@H]2C=C[C@@H]1C2,ester,Ambeed,monoalcohol,320.622,False,,0,9.964,-8.2284,9.405,0,True,4,True,0,0,0,True,,14.718719123544862,2.8041530720026064,2.1951248218054182,866.4246624827987,0.0,3.548947162427,1.172284625834161,0.0,16.0,,gc_formula_si,"Si monomer: HSP NOT reliable (Si groups fitted on 51 HSPiP Si compounds, only 7 measured, all much smaller than the monomers)",0.0,14.718719123544862,14.718719123544862,2.8041530720026064,2.8041530720026064,2.1951248218054182,2.1951248218054182
CC(C)[Si]1(C(C)C)OC[C@H]2O[C@@H](c3cnc4c(N)ncnn34)[C@H](O)[C@@H]2O[Si](C(C)C)(C(C)C)O1,CC(C)[Si]1(C(C)C)OC[C@H]2O[C@@H](c3cnc4c(N)ncnn34)[C@H](OC(=O)[C@@H]3[C@H](C(=O)O[C@@H]4[C@@H]5O[Si](C(C)C)(C(C)C)O[Si](C(C)C)(C(C)C)OC[C@H]5O[C@H]4c4cnc5c(N)ncnn45)[C@@H]4C=C[C@@H]3C4)[C@@H]2O[Si](C(C)C)(C(C)C)O1,ester,Ambeed,"monoalcohol,monoamine",509.756,False,,0,26.4032,19.8932,7.7767,8,True,4,True,0,0,0,True,,16.862036946203254,6.477081481206952,5.934029857621588,1060.3324119141478,20.943716529780204,8.423935966083988,6.901544378468393,0.0,18.0,,gc_formula_si,"Si monomer: HSP NOT reliable (Si groups fitted on 51 HSPiP Si compounds, only 7 measured, all much smaller than the monomers)",0.0,16.862036946203254,16.862036946203254,6.477081481206952,6.477081481206952,5.934029857621588,5.934029857621588
CC(C)[Si]1(C(C)C)OC[C@H]2O[C@@H](c3cnc4c(N)ncnn34)[C@H](O)[C@@H]2O[Si](C(C)C)(C(C)C)O1,CC(C)[Si]1(C(C)C)OC[C@H]2O[C@@H](c3cnc4c(NC(=O)[C@@H]5[C@H](C(=O)Nc6ncnn7c([C@@H]8O[C@@H]9CO[Si](C(C)C)(C(C)C)O[Si](C(C)C)(C(C)C)O[C@H]9[C@H]8O)cnc67)[C@@H]6C=C[C@@H]5C6)ncnn34)[C@H](O)[C@@H]2O[Si](C(C)C)(C(C)C)O1,amide,Ambeed,"monoalcohol,monoamine",509.756,False,,0,23.4801,8.0404,14.7801,10,True,4,True,0,0,0,True,,17.104350559671232,7.646304803051689,5.522030561625174,1042.2636472145648,20.205184814617073,15.221134017636878,7.555430162119692,0.0,20.0,,gc_formula_si,"Si monomer: HSP NOT reliable (Si groups fitted on 51 HSPiP Si compounds, only 7 measured, all much smaller than the monomers)",0.0,17.104350559671232,17.104350559671232,7.646304803051689,7.646304803051689,5.522030561625174,5.522030561625174
C[Si](C)(C)C#Cc1nc(Cl)cnc1N,C[Si](C)(C)C#Cc1nc(Cl)cnc1NC(=O)[C@@H]1[C@H](C(=O)Nc2ncc(Cl)nc2C#C[Si](C)(C)C)[C@@H]2C=C[C@@H]1C2,amide,Ambeed,monoamine,225.755,False,,0,19.1848,-1.1086,4.1216,6,True,2,True,0,0,0,True,,17.93368332299209,9.26552707530367,6.9003936403582165,515.4464716531844,19.95739615366948,10.056262483393233,3.00821902519956,0.0,14.0,,gc_formula_si,"Si monomer: HSP NOT reliable (Si groups fitted on 51 HSPiP Si compounds, only 7 measured, all much smaller than the monomers)",0.0,17.93368332299209,17.93368332299209,9.26552707530367,9.26552707530367,6.9003936403582165,6.9003936403582165
C[Si](C)(C)C#Cc1cc(Cl)ccc1N,C[Si](C)(C)C#Cc1cc(Cl)ccc1NC(=O)[C@@H]1[C@H](C(=O)Nc2ccc(Cl)cc2C#C[Si](C)(C)C)[C@@H]2C=C[C@@H]1C2,amide,Ambeed,monoamine,223.779,False,,0,19.9007,-1.8806,4.6628,2,True,2,True,0,0,0,True,,17.88128865635831,6.925034367803515,5.917767142089891,534.2127812040342,19.411358771195193,7.581651669858739,6.8407755583184064,0.0,10.0,,gc_formula_si,"Si monomer: HSP NOT reliable (Si groups fitted on 51 HSPiP Si compounds, only 7 measured, all much smaller than the monomers)",0.0,17.88128865635831,17.88128865635831,6.925034367803515,6.925034367803515,5.917767142089891,5.917767142089891
C[Si](C)(C)C#Cc1cccnc1N,C[Si](C)(C)C#Cc1cccnc1NC(=O)[C@@H]1[C@H](C(=O)Nc2ncccc2C#C[Si](C)(C)C)[C@@H]2C=C[C@@H]1C2,amide,Ambeed,monoamine,190.322,False,,0,18.827,-1.6952,3.778,4,True,2,True,0,0,0,True,,17.573594757877565,8.061416816048771,6.731522539636099,501.79428017386067,19.2280908768671,6.4061857441338965,3.0825974926312654,0.0,12.0,,gc_formula_si,"Si monomer: HSP NOT reliable (Si groups fitted on 51 HSPiP Si compounds, only 7 measured, all much smaller than the monomers)",0.0,17.573594757877565,17.573594757877565,8.061416816048771,8.061416816048771,6.731522539636099,6.731522539636099
CCO[Si](OCC)(OCC)c1ccc(N)cc1,CCO[Si](OCC)(OCC)c1ccc(NC(=O)[C@@H]2[C@H](C(=O)Nc3ccc([Si](OCC)(OCC)OCC)cc3)[C@@H]3C=C[C@@H]2C3)cc1,amide,Ambeed,monoamine,255.39,False,,0,20.0582,5.5056,3.1223,2,True,2,True,0,0,0,True,,17.254445240036986,6.770539357294661,5.330398594488108,593.8555636834293,18.518372372680734,5.408369256717186,4.215059638425971,0.0,10.0,,gc_formula_si,"Si monomer: HSP NOT reliable (Si groups fitted on 51 HSPiP Si compounds, only 7 measured, all much smaller than the monomers)",0.0,17.254445240036986,17.254445240036986,6.770539357294661,6.770539357294661,5.330398594488108,5.330398594488108
CC(O)CO[Si](C)(C)C(C)(C)C,CC(CO[Si](C)(C)C(C)(C)C)OC(=O)[C@@H]1[C@H](C(=O)OC(C)CO[Si](C)(C)C(C)(C)C)[C@@H]2C=C[C@@H]1C2,ester,Ambeed,monoalcohol,190.359,False,,0,12.9008,3.4734,7.013,0,True,2,True,0,0,0,True,,15.174158662743494,3.2623110779822695,3.1784533538239073,571.5072461589399,11.604764692160332,3.429829580447947,2.281427490041315,0.0,8.0,,gc_formula_si,"Si monomer: HSP NOT reliable (Si groups fitted on 51 HSPiP Si compounds, only 7 measured, all much smaller than the monomers)",0.0,15.174158662743494,15.174158662743494,3.2623110779822695,3.2623110779822695,3.1784533538239073,3.1784533538239073
CC(C)(C)[Si](C)(C)OC1CCNC1,CC(C)(C)[Si](C)(C)OC1CCN(C(=O)[C@@H]2[C@H](C(=O)N3CCC(O[Si](C)(C)C(C)(C)C)C3)[C@@H]3C=C[C@@H]2C3)C1,amide,Ambeed,monoamine,201.386,False,,0,19.1198,-4.8946,3.7505,0,True,2,True,0,0,0,True,,16.090831445086284,5.5519418285527715,3.2591233499104395,571.1797057754945,14.826783170787127,2.85899290886461,2.842405019501925,0.0,8.0,,gc_formula_si,"Si monomer: HSP NOT reliable (Si groups fitted on 51 HSPiP Si compounds, only 7 measured, all much smaller than the monomers)",0.0,16.090831445086284,16.090831445086284,5.5519418285527715,5.5519418285527715,3.2591233499104395,3.2591233499104395
CC(O)CCCC#C[Si](C)(C)C,CC(CCCC#C[Si](C)(C)C)OC(=O)[C@@H]1[C@H](C(=O)OC(C)CCCC#C[Si](C)(C)C)[C@@H]2C=C[C@@H]1C2,ester,Ambeed,monoalcohol,184.355,False,,0,14.2214,-0.5166,4.4182,0,True,2,True,0,0,0,True,,15.572683304927441,3.612331992718792,4.000757696558765,574.9865944372979,13.12885998471711,6.041849143950161,5.41687243296772,0.0,8.0,,gc_formula_si,"Si monomer: HSP NOT reliable (Si groups fitted on 51 HSPiP Si compounds, only 7 measured, all much smaller than the monomers)",0.0,15.572683304927441,15.572683304927441,3.612331992718792,3.612331992718792,4.000757696558765,4.000757696558765
CC(C)(C)[Si](C)(C)OCC1CNC1,CC(C)(C)[Si](C)(C)OCC1CN(C(=O)[C@@H]2[C@H](C(=O)N3CC(CO[Si](C)(C)C(C)(C)C)C3)[C@@H]3C=C[C@@H]2C3)C1,amide,Ambeed,monoamine,201.386,False,,0,18.9087,-3.327,5.3732,0,True,2,True,0,0,0,True,,16.001971455821245,5.557919632720623,3.5272106586858785,561.0727727653566,14.76579788418843,3.1166230679440514,3.3985868084329276,0.0,8.0,,gc_formula_si,"Si monomer: HSP NOT reliable (Si groups fitted on 51 HSPiP Si compounds, only 7 measured, all much smaller than the monomers)",0.0,16.001971455821245,16.001971455821245,5.557919632720623,5.557919632720623,3.5272106586858785,3.5272106586858785
C[Si](C)(C)CCOCn1nnc(C(N)=O)c1N,C[Si](C)(C)CCOCn1nnc(C(N)=O)c1NC(=O)[C@@H]1[C@H](C(=O)Nc2c(C(N)=O)nnn2COCC[Si](C)(C)C)[C@@H]2C=C[C@@H]1C2,amide,Ambeed,monoamine,257.37,False,,0,16.9743,17.8282,13.7213,8,True,2,True,0,0,0,True,,17.76416411200438,11.201738680467013,9.365964507823081,563.8949985883576,20.0035134433449,25.692252573586526,16.117733675502578,0.0,16.0,,gc_formula_si,"Si monomer: HSP NOT reliable (Si groups fitted on 51 HSPiP Si compounds, only 7 measured, all much smaller than the monomers)",0.0,17.76416411200438,17.76416411200438,11.201738680467013,11.201738680467013,9.365964507823081,9.365964507823081
CC(C)(C)[Si](C)(C)OCC1CCC(O)CC1,CC(C)(C)[Si](C)(C)OCC1CCC(OC(=O)[C@@H]2[C@H](C(=O)OC3CCC(CO[Si](C)(C)C(C)(C)C)CC3)[C@@H]3C=C[C@@H]2C3)CC1,ester,Ambeed,monoalcohol,244.451,False,,0,16.2931,-2.8378,5.7634,0,True,2,True,0,0,2,True,,15.799722157482783,2.9627639160295227,2.8708530885664643,665.6323225252145,13.667626022916526,3.090896407037935,1.8736434105837412,0.0,8.0,,gc_formula_si,"Si monomer: HSP NOT reliable (Si groups fitted on 51 HSPiP Si compounds, only 7 measured, all much smaller than the monomers)",0.0,15.799722157482783,15.799722157482783,2.9627639160295227,2.9627639160295227,2.8708530885664643,2.8708530885664643
C[Si](C)(C)C#Cc1ccnc(N)n1,C[Si](C)(C)C#Cc1ccnc(NC(=O)[C@@H]2[C@H](C(=O)Nc3nccc(C#C[Si](C)(C)C)n3)[C@@H]3C=C[C@@H]2C3)n1,amide,Ambeed,monoamine,191.31,False,,0,17.7334,-1.3092,3.5074,6,True,2,True,0,0,0,True,,17.60473998083925,9.375842267777207,7.080227101079998,492.17837331790906,19.09358207903051,10.243486438415566,3.8169753943347473,0.0,14.0,,gc_formula_si,"Si monomer: HSP NOT reliable (Si groups fitted on 51 HSPiP Si compounds, only 7 measured, all much smaller than the monomers)",0.0,17.60473998083925,17.60473998083925,9.375842267777207,9.375842267777207,7.080227101079998,7.080227101079998
C[Si](C)(C)C#CC1(O)CCCC1,C[Si](C)(C)C#CC1(OC(=O)[C@@H]2[C@H](C(=O)OC3(C#C[Si](C)(C)C)CCCC3)[C@@H]3C=C[C@@H]2C3)CCCC1,ester,Ambeed,monoalcohol,182.339,False,,0,14.9993,-1.2988,3.9768,0,True,2,True,0,0,0,True,,15.862751145171904,3.7604477706130313,4.137274642607049,557.2396527853768,14.478485295618652,6.335935694209343,5.519225117315353,0.0,8.0,,gc_formula_si,"Si monomer: HSP NOT reliable (Si groups fitted on 51 HSPiP Si compounds, only 7 measured, all much smaller than the monomers)",0.0,15.862751145171904,15.862751145171904,3.7604477706130313,3.7604477706130313,4.137274642607049,4.137274642607049
C[Si](C)(C)C#CC1(O)CCOCC1,C[Si](C)(C)C#CC1(OC(=O)[C@@H]2[C@H](C(=O)OC3(C#C[Si](C)(C)C)CCOCC3)[C@@H]3C=C[C@@H]2C3)CCOCC1,ester,Ambeed,monoalcohol,198.338,False,,0,17.0557,4.114,3.8202,0,True,2,True,0,0,0,True,,16.011932259060206,4.585021781005357,4.799817788368758,571.4840993822437,14.948115132288201,9.191678743697747,8.032240599496411,0.0,8.0,,gc_formula_si,"Si monomer: HSP NOT reliable (Si groups fitted on 51 HSPiP Si compounds, only 7 measured, all much smaller than the monomers)",0.0,16.011932259060206,16.011932259060206,4.585021781005357,4.585021781005357,4.799817788368758,4.799817788368758
CC(C)(C)[Si](C)(C)OCC1CCCN1,CC(C)(C)[Si](C)(C)OCC1CCCN1C(=O)[C@@H]1[C@H](C(=O)N2CCCC2CO[Si](C)(C)C(C)(C)C)[C@@H]2C=C[C@@H]1C2,amide,Ambeed,monoamine,215.413,False,,0,18.9315,-3.5992,5.141,0,True,2,True,0,0,0,True,,16.0258972991213,5.392774414194123,3.4238812628916784,594.5625345677327,14.749136105518167,3.0138706846818626,3.316460633204139,0.0,8.0,,gc_formula_si,"Si monomer: HSP NOT reliable (Si groups fitted on 51 HSPiP Si compounds, only 7 measured, all much smaller than the monomers)",0.0,16.0258972991213,16.0258972991213,5.392774414194123,5.392774414194123,3.4238812628916784,3.4238812628916784
CC(C)(C)[Si](C)(C)OCC1CCNCC1,CC(C)(C)[Si](C)(C)OCC1CCN(C(=O)[C@@H]2[C@H](C(=O)N3CCC(CO[Si](C)(C)C(C)(C)C)CC3)[C@@H]3C=C[C@@H]2C3)CC1,amide,Ambeed,monoamine,229.44,False,,0,18.9543,-3.8714,4.9088,0,True,2,True,0,0,0,True,,16.047241368237376,5.240842139537038,3.32886013314075,628.0522963701087,14.732447486986562,2.9111183014196733,3.2343344579753506,0.0,8.0,,gc_formula_si,"Si monomer: HSP NOT reliable (Si groups fitted on 51 HSPiP Si compounds, only 7 measured, all much smaller than the monomers)",0.0,16.047241368237376,16.047241368237376,5.240842139537038,5.240842139537038,3.32886013314075,3.32886013314075
CC1(C)OC2C(O)OC(CO[Si](c3ccccc3)(c3ccccc3)C(C)(C)C)C2O1,CC1(C)OC2C(CO[Si](c3ccccc3)(c3ccccc3)C(C)(C)C)OC(OC(=O)[C@@H]3[C@H](C(=O)OC4OC(CO[Si](c5ccccc5)(c5ccccc5)C(C)(C)C)C5OC(C)(C)OC45)[C@@H]4C=C[C@@H]3C4)C2O1,ester,Thermo Fisher Scientific,monoalcohol,428.601,False,,0,26.7882,13.2522,5.9848,0,True,2,True,0,0,0,True,,17.42612617362066,3.6308937255816054,3.1647727502846124,927.5229057572542,21.023201967435426,5.100894020696932,7.426152281838205,0.0,4.0,,gc_formula_si,"Si monomer: HSP NOT reliable (Si groups fitted on 51 HSPiP Si compounds, only 7 measured, all much smaller than the monomers)",0.0,17.42612617362066,17.42612617362066,3.6308937255816054,3.6308937255816054,3.1647727502846124,3.1647727502846124
CCO[Si](CCCCCCCCCCCN)(OCC)OCC,CCO[Si](CCCCCCCCCCCNC(=O)[C@@H]1[C@H](C(=O)NCCCCCCCCCCC[Si](OCC)(OCC)OCC)[C@@H]2C=C[C@@H]1C2)(OCC)OCC,amide,Thermo Fisher Scientific,monoamine,333.589,False,,0,16.0815,-4.2294,1.8102,0,True,2,True,2,0,0,True,,16.180033681359426,5.392652984240457,3.3285700887930094,832.3809648392263,15.210050143089314,3.7532477267773636,2.7398578725664695,0.0,8.0,,gc_formula_si,"Si monomer: HSP NOT reliable (Si groups fitted on 51 HSPiP Si compounds, only 7 measured, all much smaller than the monomers)",0.0,16.180033681359426,16.180033681359426,5.392652984240457,5.392652984240457,3.3285700887930094,3.3285700887930094
CC(C)C(=O)Nc1nc2c(ncn2C2CC(O)C(CO[Si](C)(C)C(C)(C)C)O2)c(=O)[nH]1,CC(C)C(=O)Nc1nc2c(ncn2C2CC(OC(=O)[C@@H]3[C@H](C(=O)OC4CC(n5cnc6c(=O)[nH]c(NC(=O)C(C)C)nc65)OC4CO[Si](C)(C)C(C)(C)C)[C@@H]4C=C[C@@H]3C4)C(CO[Si](C)(C)C(C)(C)C)O2)c(=O)[nH]1,ester,Thermo Fisher Scientific,monoalcohol,451.6,False,,0,19.9554,11.7628,5.8878,12,True,2,True,0,0,0,True,,17.47941365198267,8.463654017688691,6.943740236313397,921.9801834021177,20.259320190923365,16.51122613930007,7.125037960557421,0.0,20.0,,gc_formula_si,"Si monomer: HSP NOT reliable (Si groups fitted on 51 HSPiP Si compounds, only 7 measured, all much smaller than the monomers)",0.0,17.47941365198267,17.47941365198267,8.463654017688691,8.463654017688691,6.943740236313397,6.943740236313397
CO[Si](C)(C)CCCN,CO[Si](C)(C)CCCNC(=O)[C@@H]1[C@H](C(=O)NCCC[Si](C)(C)OC)[C@@H]2C=C[C@@H]1C2,amide,Thermo Fisher Scientific,monoamine,147.294,False,,0,14.4761,-1.3504,9.6179,0,True,2,True,2,0,0,True,,16.216597883727324,6.832342382803068,4.65125797966022,440.6756877680633,15.662403182381068,7.785297332566792,3.060533859709728,0.0,8.0,,gc_formula_si,"Si monomer: HSP NOT reliable (Si groups fitted on 51 HSPiP Si compounds, only 7 measured, all much smaller than the monomers)",0.0,16.216597883727324,16.216597883727324,6.832342382803068,6.832342382803068,4.65125797966022,4.65125797966022
CCO[Si](CCCNC)(OCC)OCC,CCO[Si](CCCN(C)C(=O)[C@@H]1[C@H](C(=O)N(C)CCC[Si](OCC)(OCC)OCC)[C@@H]2C=C[C@@H]1C2)(OCC)OCC,amide,TCI,monoamine,235.4,False,,0,17.9695,6.327,5.4999,0,True,2,True,0,0,0,True,,15.730291333066194,5.707423409204031,3.222968273896231,609.8812891888026,14.200114462217797,3.3736823986313125,3.5539161086544446,0.0,8.0,,gc_formula_si,"Si monomer: HSP NOT reliable (Si groups fitted on 51 HSPiP Si compounds, only 7 measured, all much smaller than the monomers)",0.0,15.730291333066194,15.730291333066194,5.707423409204031,5.707423409204031,3.222968273896231,3.222968273896231
CC(C)(C)[Si](Oc1cc(CO)cc(O[Si](c2ccccc2)(c2ccccc2)C(C)(C)C)c1)(c1ccccc1)c1ccccc1,CC(C)(C)[Si](Oc1cc(COC(=O)[C@@H]2[C@H](C(=O)OCc3cc(O[Si](c4ccccc4)(c4ccccc4)C(C)(C)C)cc(O[Si](c4ccccc4)(c4ccccc4)C(C)(C)C)c3)[C@@H]3C=C[C@@H]2C3)cc(O[Si](c2ccccc2)(c2ccccc2)C(C)(C)C)c1)(c1ccccc1)c1ccccc1,ester,TCI,monoalcohol,616.95,False,,0,30.9309,-8.9778,10.8008,4,True,4,True,0,0,0,True,,17.89171509391987,1.935375985082417,2.214634009306768,1291.3803054559692,23.38456204944297,1.9194862008126792,1.4860859145862515,0.0,12.0,,gc_formula_si,"Si monomer: HSP NOT reliable (Si groups fitted on 51 HSPiP Si compounds, only 7 measured, all much smaller than the monomers)",0.0,17.89171509391987,17.89171509391987,1.935375985082417,1.935375985082417,2.214634009306768,2.214634009306768
C[Si](C)(C)NCc1ccccc1,C[Si](C)(C)N(Cc1ccccc1)C(=O)[C@@H]1[C@H](C(=O)N(Cc2ccccc2)[Si](C)(C)C)[C@@H]2C=C[C@@H]1C2,amide,TCI,monoamine,179.339,False,,0,20.6634,-3.7366,4.1207,0,True,2,True,0,0,0,True,,16.907757087848317,5.037207945258568,3.5324267456301524,508.8832529358758,18.49212280776425,3.620089896453977,6.6270953003288255,0.0,10.0,,gc_formula_si,"Si monomer: HSP NOT reliable (Si groups fitted on 51 HSPiP Si compounds, only 7 measured, all much smaller than the monomers)",0.0,16.907757087848317,16.907757087848317,5.037207945258568,5.037207945258568,3.5324267456301524,3.5324267456301524
C[Si](C)(C)C(N)[Si](C)(C)C,C[Si](C)(C)C(NC(=O)[C@@H]1[C@H](C(=O)NC([Si](C)(C)C)[Si](C)(C)C)[C@@H]2C=C[C@@H]1C2)[Si](C)(C)C,amide,TCI,monoamine,175.424,False,,0,10.8234,-4.204,4.2375,0,True,4,True,2,0,0,True,,15.044421180553007,5.882674263378799,3.881259134083477,552.9669026726714,11.784744525446982,3.7908778894482573,2.393343452657632,0.0,16.0,,gc_formula_si,"Si monomer: HSP NOT reliable (Si groups fitted on 51 HSPiP Si compounds, only 7 measured, all much smaller than the monomers)",0.0,15.044421180553007,15.044421180553007,5.882674263378799,5.882674263378799,3.881259134083477,3.881259134083477
CC(C)(C)[Si](C)(C)Oc1c(Cl)cc(Cl)c(O)c1Cl,CC(C)(C)[Si](C)(C)Oc1c(Cl)cc(Cl)c(OC(=O)[C@@H]2[C@H](C(=O)Oc3c(Cl)cc(Cl)c(O[Si](C)(C)C(C)(C)C)c3Cl)[C@@H]3C=C[C@@H]2C3)c1Cl,ester,Combi-Blocks,monoalcohol,327.711,False,,0,22.4802,6.5054,8.992,2,True,2,True,0,0,0,True,,17.124822589466067,3.529023770761688,2.7527119133286413,678.2428525910492,17.811354677749343,4.455875804301306,0.7094418633731827,0.0,10.0,,gc_formula_si,"Si monomer: HSP NOT reliable (Si groups fitted on 51 HSPiP Si compounds, only 7 measured, all much smaller than the monomers)",0.0,17.124822589466067,17.124822589466067,3.529023770761688,3.529023770761688,2.7527119133286413,2.7527119133286413
C[Si](C)(C)C#CCN,C[Si](C)(C)C#CCNC(=O)[C@@H]1[C@H](C(=O)NCC#C[Si](C)(C)C)[C@@H]2C=C[C@@H]1C2,amide,Combi-Blocks,monoamine,127.263,False,,0,13.5314,-1.5074,6.7219,0,True,2,True,2,0,0,True,,16.168155638818813,7.288719374715047,5.218628868738781,414.5724660007955,15.35848818043322,6.34028857049634,6.17814299055483,0.0,8.0,,gc_formula_si,"Si monomer: HSP NOT reliable (Si groups fitted on 51 HSPiP Si compounds, only 7 measured, all much smaller than the monomers)",0.0,16.168155638818813,16.168155638818813,7.288719374715047,7.288719374715047,5.218628868738781,5.218628868738781
CCCCCC(CO)CO[Si](C)(C)C(C)(C)C,CCCCCC(COC(=O)[C@@H]1[C@H](C(=O)OCC(CCCCC)CO[Si](C)(C)C(C)(C)C)[C@@H]2C=C[C@@H]1C2)CO[Si](C)(C)C(C)(C)C,ester,Combi-Blocks,monoalcohol,260.494,False,,0,14.6766,-2.3362,6.3614,0,True,2,True,0,0,0,True,,15.531403878422923,2.7838149811994564,2.6848717685594616,721.1469624917635,11.845302118868283,2.9106772650614343,1.8335419564844215,0.0,8.0,,gc_formula_si,"Si monomer: HSP NOT reliable (Si groups fitted on 51 HSPiP Si compounds, only 7 measured, all much smaller than the monomers)",0.0,15.531403878422923,15.531403878422923,2.7838149811994564,2.7838149811994564,2.6848717685594616,2.6848717685594616
COCCO[C@@H]1[C@H](O[Si](C)(C)C(C)(C)C)[C@@H](CO)O[C@H]1n1cc(C)c(=O)[nH]c1=O,COCCO[C@@H]1[C@H](O[Si](C)(C)C(C)(C)C)[C@@H](COC(=O)[C@@H]2[C@H](C(=O)OC[C@H]3O[C@@H](n4cc(C)c(=O)[nH]c4=O)[C@H](OCCOC)[C@@H]3O[Si](C)(C)C(C)(C)C)[C@@H]3C=C[C@@H]2C3)O[C@H]1n1cc(C)c(=O)[nH]c1=O,ester,Combi-Blocks,monoalcohol,430.574,False,,0,22.5,15.6404,4.1104,8,True,2,True,0,0,0,True,,16.91052666625435,6.739277412370677,5.960916568982515,902.10974835748,18.706812335599764,8.489220493179943,5.262860032145945,0.0,16.0,,gc_formula_si,"Si monomer: HSP NOT reliable (Si groups fitted on 51 HSPiP Si compounds, only 7 measured, all much smaller than the monomers)",0.0,16.91052666625435,16.91052666625435,6.739277412370677,6.739277412370677,5.960916568982515,5.960916568982515
CC(C)(C)[Si](C)(C)OCCCCCCCO,CC(C)(C)[Si](C)(C)OCCCCCCCOC(=O)[C@@H]1[C@H](C(=O)OCCCCCCCO[Si](C)(C)C(C)(C)C)[C@@H]2C=C[C@@H]1C2,ester,Combi-Blocks,monoalcohol,246.467,False,,0,15.4054,3.6212,5.254,0,True,2,True,0,0,0,True,,15.598704965844455,2.8850302955618834,2.8132405205647593,681.4414873416378,12.624570297372765,3.3072995535818075,2.267864770715555,0.0,8.0,,gc_formula_si,"Si monomer: HSP NOT reliable (Si groups fitted on 51 HSPiP Si compounds, only 7 measured, all much smaller than the monomers)",0.0,15.598704965844455,15.598704965844455,2.8850302955618834,2.8850302955618834,2.8132405205647593,2.8132405205647593
COc1cc(N)ccc1O[Si](C(C)C)(C(C)C)C(C)C,COc1cc(NC(=O)[C@@H]2[C@H](C(=O)Nc3ccc(O[Si](C(C)C)(C(C)C)C(C)C)c(OC)c3)[C@@H]3C=C[C@@H]2C3)ccc1O[Si](C(C)C)(C(C)C)C(C)C,amide,Combi-Blocks,monoamine,295.499,False,,0,18.0786,-1.0966,6.7578,4,True,2,True,0,0,0,True,,16.885760207562505,5.880379183641499,5.217792356017528,729.8633300816375,16.117490595515047,4.085055359310882,1.929842479159326,0.0,8.0,,gc_formula_si,"Si monomer: HSP NOT reliable (Si groups fitted on 51 HSPiP Si compounds, only 7 measured, all much smaller than the monomers)",0.0,16.885760207562505,16.885760207562505,5.880379183641499,5.880379183641499,5.217792356017528,5.217792356017528
C[Si](C)(C)CCOC(=O)NC1CCC(CO)CC1,C[Si](C)(C)CCOC(=O)NC1CCC(COC(=O)[C@@H]2[C@H](C(=O)OCC3CCC(NC(=O)OCC[Si](C)(C)C)CC3)[C@@H]3C=C[C@@H]2C3)CC1,ester,Combi-Blocks,monoalcohol,273.449,False,,0,18.5868,6.1418,6.2229,0,True,2,True,2,0,2,True,,16.730022843476362,5.108505954367013,5.101055655217917,648.6188855969116,16.56967728118102,6.84052983257665,4.432706729927314,0.0,8.0,,gc_formula_si,"Si monomer: HSP NOT reliable (Si groups fitted on 51 HSPiP Si compounds, only 7 measured, all much smaller than the monomers)",0.0,16.730022843476362,16.730022843476362,5.108505954367013,5.108505954367013,5.101055655217917,5.101055655217917
CC(C)(C)OC(=O)N1C[C@H](O[Si](c2ccccc2)(c2ccccc2)C(C)(C)C)C[C@H]1CO,CC(C)(C)OC(=O)N1C[C@H](O[Si](c2ccccc2)(c2ccccc2)C(C)(C)C)C[C@H]1COC(=O)[C@@H]1[C@H](C(=O)OC[C@@H]2C[C@@H](O[Si](c3ccccc3)(c3ccccc3)C(C)(C)C)CN2C(=O)OC(C)(C)C)[C@@H]2C=C[C@@H]1C2,ester,Combi-Blocks,monoalcohol,455.671,False,,0,25.4395,6.5894,8.7664,0,True,2,True,0,0,0,True,,17.298317705863273,3.9252246335749805,4.004560663831982,1025.2556356189355,20.448099592276485,4.073167718954471,6.0203485490314215,0.0,4.0,,gc_formula_si,"Si monomer: HSP NOT reliable (Si groups fitted on 51 HSPiP Si compounds, only 7 measured, all much smaller than the monomers)",0.0,17.298317705863273,17.298317705863273,3.9252246335749805,3.9252246335749805,4.004560663831982,4.004560663831982
CCN(CC)C(=O)c1ccc(C(O)c2cccc(O[Si](C)(C)C(C)(C)C)c2)cc1,CCN(CC)C(=O)c1ccc(C(OC(=O)[C@@H]2[C@H](C(=O)OC(c3ccc(C(=O)N(CC)CC)cc3)c3cccc(O[Si](C)(C)C(C)(C)C)c3)[C@@H]3C=C[C@@H]2C3)c2cccc(O[Si](C)(C)C(C)(C)C)c2)cc1,ester,Combi-Blocks,monoalcohol,413.634,False,,0,22.2677,-6.2006,7.8088,2,True,2,True,0,0,0,True,,17.15289015578169,4.522499068306684,3.530569259615362,955.3975487636765,17.42482543040901,5.469181528036098,3.3862930141353864,0.0,10.0,,gc_formula_si,"Si monomer: HSP NOT reliable (Si groups fitted on 51 HSPiP Si compounds, only 7 measured, all much smaller than the monomers)",0.0,17.15289015578169,17.15289015578169,4.522499068306684,4.522499068306684,3.530569259615362,3.530569259615362
CC(C)(C)OC(=O)N1C[C@H](O[Si](c2ccccc2)(c2ccccc2)C(C)(C)C)C[C@H]1CN,CC(C)(C)OC(=O)N1C[C@H](O[Si](c2ccccc2)(c2ccccc2)C(C)(C)C)C[C@H]1CNC(=O)[C@@H]1[C@H](C(=O)NC[C@@H]2C[C@@H](O[Si](c3ccccc3)(c3ccccc3)C(C)(C)C)CN2C(=O)OC(C)(C)C)[C@@H]2C=C[C@@H]1C2,amide,Combi-Blocks,monoamine,454.687,False,,0,24.1331,-5.226,7.6796,0,True,2,True,2,0,0,True,,17.514407328287184,5.451979291854446,4.290224677535662,1022.8253604187432,21.19408276286413,3.6840815408997347,6.138172424113981,0.0,4.0,,gc_formula_si,"Si monomer: HSP NOT reliable (Si groups fitted on 51 HSPiP Si compounds, only 7 measured, all much smaller than the monomers)",0.0,17.514407328287184,17.514407328287184,5.451979291854446,5.451979291854446,4.290224677535662,4.290224677535662
CC(C)(C)OC(=O)N1[C@H](CO)C[C@@H]1CO[Si](C)(C)C(C)(C)C,CC(C)(C)OC(=O)N1[C@H](COC(=O)[C@@H]2[C@H](C(=O)OC[C@@H]3C[C@H](CO[Si](C)(C)C(C)(C)C)N3C(=O)OC(C)(C)C)[C@@H]3C=C[C@@H]2C3)C[C@@H]1CO[Si](C)(C)C(C)(C)C,ester,Combi-Blocks,monoalcohol,331.529,False,,0,17.5087,8.754,9.2752,0,True,2,True,0,0,0,True,,15.810981445356267,4.284336979443487,4.289447810959481,828.1461436929255,11.66413603223521,5.366025437982953,4.257506958881115,0.0,8.0,,gc_formula_si,"Si monomer: HSP NOT reliable (Si groups fitted on 51 HSPiP Si compounds, only 7 measured, all much smaller than the monomers)",0.0,15.810981445356267,15.810981445356267,4.284336979443487,4.284336979443487,4.289447810959481,4.289447810959481
CC(C)(C)[Si](C)(C)O[C@H]1CCOC1O,CC(C)(C)[Si](C)(C)O[C@H]1CCOC1OC(=O)[C@@H]1[C@H](C(=O)OC2OCC[C@@H]2O[Si](C)(C)C(C)(C)C)[C@@H]2C=C[C@@H]1C2,ester,Combi-Blocks,monoalcohol,218.369,False,,0,17.9784,8.6118,5.3694,0,True,2,True,0,0,0,True,,15.824814357309819,3.9336086035050486,3.5022947633357795,595.7117265912717,14.385305870068578,4.378993982975523,3.057015891710786,0.0,8.0,,gc_formula_si,"Si monomer: HSP NOT reliable (Si groups fitted on 51 HSPiP Si compounds, only 7 measured, all much smaller than the monomers)",0.0,15.824814357309819,15.824814357309819,3.9336086035050486,3.9336086035050486,3.5022947633357795,3.5022947633357795
CC(C)(C)[Si](C)(C)OCCCCCCCCCO,CC(C)(C)[Si](C)(C)OCCCCCCCCCOC(=O)[C@@H]1[C@H](C(=O)OCCCCCCCCCO[Si](C)(C)C(C)(C)C)[C@@H]2C=C[C@@H]1C2,ester,Combi-Blocks,monoalcohol,274.521,False,,0,15.4665,-3.0268,4.7896,0,True,2,True,0,0,0,True,,15.674105736718877,2.7330702124875446,2.6792279861818544,748.4210109463897,12.58285545832095,3.10179478705743,2.103612420257978,0.0,8.0,,gc_formula_si,"Si monomer: HSP NOT reliable (Si groups fitted on 51 HSPiP Si compounds, only 7 measured, all much smaller than the monomers)",0.0,15.674105736718877,15.674105736718877,2.7330702124875446,2.7330702124875446,2.6792279861818544,2.6792279861818544
COc1ccc(N)c(OCOCC[Si](C)(C)C)c1,COc1ccc(NC(=O)[C@@H]2[C@H](C(=O)Nc3ccc(OC)cc3OCOCC[Si](C)(C)C)[C@@H]3C=C[C@@H]2C3)c(OCOCC[Si](C)(C)C)c1,amide,Combi-Blocks,monoamine,269.417,False,,0,20.0338,10.069,4.8015,2,True,2,True,0,0,0,True,,17.517034803509123,7.150415181034427,6.722193478108929,631.4730762576156,19.526338433313796,4.811464051928999,7.938338124006882,0.0,10.0,,gc_formula_si,"Si monomer: HSP NOT reliable (Si groups fitted on 51 HSPiP Si compounds, only 7 measured, all much smaller than the monomers)",0.0,17.517034803509123,17.517034803509123,7.150415181034427,7.150415181034427,6.722193478108929,6.722193478108929
CCCCC(CC)(CO)CO[Si](C)(C)C(C)(C)C,CCCCC(CC)(COC(=O)[C@@H]1[C@H](C(=O)OCC(CC)(CCCC)CO[Si](C)(C)C(C)(C)C)[C@@H]2C=C[C@@H]1C2)CO[Si](C)(C)C(C)(C)C,ester,Combi-Blocks,monoalcohol,274.521,False,,0,14.2382,-5.053,6.6822,0,True,2,True,0,0,0,True,,15.49966331505532,2.642066589736325,2.506474496684279,754.3908132825186,11.24731074118216,2.857419440168135,1.617890569265758,0.0,8.0,,gc_formula_si,"Si monomer: HSP NOT reliable (Si groups fitted on 51 HSPiP Si compounds, only 7 measured, all much smaller than the monomers)",0.0,15.49966331505532,15.49966331505532,2.642066589736325,2.642066589736325,2.506474496684279,2.506474496684279
CC(C)[Si](OC[C@H](O)c1ccccc1)(C(C)C)C(C)C,CC(C)[Si](OC[C@H](OC(=O)[C@@H]1[C@H](C(=O)O[C@@H](CO[Si](C(C)C)(C(C)C)C(C)C)c2ccccc2)[C@@H]2C=C[C@@H]1C2)c1ccccc1)(C(C)C)C(C)C,ester,Combi-Blocks,monoalcohol,294.511,False,,0,18.4301,1.11,8.8496,0,True,2,True,0,0,0,True,,16.330700711059443,2.721611389322096,3.0469721362991384,770.5288738327059,16.55397776333995,2.467202602625842,3.2124946000866315,0.0,4.0,,gc_formula_si,"Si monomer: HSP NOT reliable (Si groups fitted on 51 HSPiP Si compounds, only 7 measured, all much smaller than the monomers)",0.0,16.330700711059443,16.330700711059443,2.721611389322096,2.721611389322096,3.0469721362991384,3.0469721362991384
CC(C)(C)[Si](OCCCCCCCCO)(c1ccccc1)c1ccccc1,CC(C)(C)[Si](OCCCCCCCCOC(=O)[C@@H]1[C@H](C(=O)OCCCCCCCCO[Si](c2ccccc2)(c2ccccc2)C(C)(C)C)[C@@H]2C=C[C@@H]1C2)(c1ccccc1)c1ccccc1,ester,Combi-Blocks,monoalcohol,384.636,False,,0,24.136,-3.0738,5.8358,0,True,2,True,0,0,0,True,,17.31427683900202,2.568957358816492,2.8837192043120843,901.9338080598856,20.850985682600147,2.169319610370578,4.504761974568075,0.0,4.0,,gc_formula_si,"Si monomer: HSP NOT reliable (Si groups fitted on 51 HSPiP Si compounds, only 7 measured, all much smaller than the monomers)",0.0,17.31427683900202,17.31427683900202,2.568957358816492,2.568957358816492,2.8837192043120843,2.8837192043120843
CC(C)[Si](OC[C@@H](O)c1ccccc1)(C(C)C)C(C)C,CC(C)[Si](OC[C@@H](OC(=O)[C@@H]1[C@H](C(=O)O[C@H](CO[Si](C(C)C)(C(C)C)C(C)C)c2ccccc2)[C@@H]2C=C[C@@H]1C2)c1ccccc1)(C(C)C)C(C)C,ester,Combi-Blocks,monoalcohol,294.511,False,,0,18.4301,1.11,8.8496,0,True,2,True,0,0,0,True,,16.330700711059443,2.721611389322096,3.0469721362991384,770.5288738327059,16.55397776333995,2.467202602625842,3.2124946000866315,0.0,4.0,,gc_formula_si,"Si monomer: HSP NOT reliable (Si groups fitted on 51 HSPiP Si compounds, only 7 measured, all much smaller than the monomers)",0.0,16.330700711059443,16.330700711059443,2.721611389322096,2.721611389322096,3.0469721362991384,3.0469721362991384
C[Si](C)(C)CCOCn1ncc2c(Nc3nc(Cl)ncc3Br)cccc21,C[Si](C)(C)CCOCn1ncc2c(N(C(=O)[C@@H]3[C@H](C(=O)N(c4nc(Cl)ncc4Br)c4cccc5c4cnn5COCC[Si](C)(C)C)[C@@H]4C=C[C@@H]3C4)c3nc(Cl)ncc3Br)cccc21,amide,Combi-Blocks,monoamine,454.832,False,,0,23.0269,-2.499,4.7458,10,True,2,True,2,2,2,True,,18.972378861274784,7.914610491551356,5.394541119098856,767.4589939035948,23.964421868900818,9.825202497446329,11.659416152379011,0.0,18.0,,gc_formula_si,"Si monomer: HSP NOT reliable (Si groups fitted on 51 HSPiP Si compounds, only 7 measured, all much smaller than the monomers)",0.0,18.972378861274784,18.972378861274784,7.914610491551356,7.914610491551356,5.394541119098856,5.394541119098856
CC(C)(C)[Si](OCCCCCCCO)(c1ccccc1)c1ccccc1,CC(C)(C)[Si](OCCCCCCCOC(=O)[C@@H]1[C@H](C(=O)OCCCCCCCO[Si](c2ccccc2)(c2ccccc2)C(C)(C)C)[C@@H]2C=C[C@@H]1C2)(c1ccccc1)c1ccccc1,ester,Combi-Blocks,monoalcohol,370.609,False,,0,24.1199,-2.8016,6.068,0,True,2,True,0,0,0,True,,17.347782832028695,2.6269628554530144,2.940830901173746,868.4440462575096,20.86116828527243,2.2720719936327667,4.586888149796864,0.0,4.0,,gc_formula_si,"Si monomer: HSP NOT reliable (Si groups fitted on 51 HSPiP Si compounds, only 7 measured, all much smaller than the monomers)",0.0,17.347782832028695,17.347782832028695,2.6269628554530144,2.6269628554530144,2.940830901173746,2.940830901173746
C[Si](C)(C)CCOCN1C(=O)[C@]2(Cc3ccc(N)cc3C2)c2cccnc21,C[Si](C)(C)CCOCN1C(=O)[C@]2(Cc3ccc(NC(=O)[C@@H]4[C@H](C(=O)Nc5ccc6c(c5)C[C@]5(C6)C(=O)N(COCC[Si](C)(C)C)c6ncccc65)[C@@H]5C=C[C@@H]4C5)cc3C2)c2cccnc21,amide,Combi-Blocks,monoamine,381.552,False,,0,24.62,3.8246,0.9564,6,True,2,True,2,2,2,True,,18.808250839971738,7.715797195217793,5.862137548024367,753.3298712187939,22.948895343659238,6.96538291598942,8.194432898478228,0.0,14.0,,gc_formula_si,"Si monomer: HSP NOT reliable (Si groups fitted on 51 HSPiP Si compounds, only 7 measured, all much smaller than the monomers)",0.0,18.808250839971738,18.808250839971738,7.715797195217793,7.715797195217793,5.862137548024367,5.862137548024367
CC(C)(C)[Si](C)(C)OCC#CCO,CC(C)(C)[Si](C)(C)OCC#CCOC(=O)[C@@H]1[C@H](C(=O)OCC#CCO[Si](C)(C)C(C)(C)C)[C@@H]2C=C[C@@H]1C2,ester,Combi-Blocks,monoalcohol,200.354,False,,0,15.4131,4.8518,5.7128,0,True,2,True,0,0,0,True,,15.463358504026427,3.8639495866682374,3.7103321546726566,563.611937166427,12.380741035387814,6.423134531105753,5.49007431089534,0.0,8.0,,gc_formula_si,"Si monomer: HSP NOT reliable (Si groups fitted on 51 HSPiP Si compounds, only 7 measured, all much smaller than the monomers)",0.0,15.463358504026427,15.463358504026427,3.8639495866682374,3.8639495866682374,3.7103321546726566,3.7103321546726566
C[Si](C)(C)C(CO)c1ccccc1,C[Si](C)(C)C(COC(=O)[C@@H]1[C@H](C(=O)OCC(c2ccccc2)[Si](C)(C)C)[C@@H]2C=C[C@@H]1C2)c1ccccc1,ester,Combi-Blocks,monoalcohol,194.35,False,,0,20.4445,4.635,6.5012,0,True,2,True,0,0,0,True,,16.884134799165942,3.103304227454811,3.7255101648037345,534.0339927598523,18.006434259617883,3.8280080105237295,3.753564346210493,0.0,8.0,,gc_formula_si,"Si monomer: HSP NOT reliable (Si groups fitted on 51 HSPiP Si compounds, only 7 measured, all much smaller than the monomers)",0.0,16.884134799165942,16.884134799165942,3.103304227454811,3.103304227454811,3.7255101648037345,3.7255101648037345
CC(C)(C)[Si](C)(C)O[C@@H]1CC[C@@H](O)C1,CC(C)(C)[Si](C)(C)O[C@@H]1CC[C@@H](OC(=O)[C@@H]2[C@H](C(=O)O[C@@H]3CC[C@@H](O[Si](C)(C)C(C)(C)C)C3)[C@@H]3C=C[C@@H]2C3)C1,ester,Combi-Blocks,monoalcohol,216.397,False,,0,15.6134,-3.8694,5.2938,0,True,2,True,0,0,0,True,,15.73899694808481,3.221466100571554,2.7544734485301294,613.0376684428522,13.506741841754334,3.2553908060277426,1.6260913775874162,0.0,8.0,,gc_formula_si,"Si monomer: HSP NOT reliable (Si groups fitted on 51 HSPiP Si compounds, only 7 measured, all much smaller than the monomers)",0.0,15.73899694808481,15.73899694808481,3.221466100571554,3.221466100571554,2.7544734485301294,2.7544734485301294
CC(C)(C)[Si](C)(C)OCC(CO)N(Cc1ccccc1)Cc1ccccc1,CC(C)(C)[Si](C)(C)OCC(COC(=O)[C@@H]1[C@H](C(=O)OCC(CO[Si](C)(C)C(C)(C)C)N(Cc2ccccc2)Cc2ccccc2)[C@@H]2C=C[C@@H]1C2)N(Cc1ccccc1)Cc1ccccc1,ester,Combi-Blocks,"monoalcohol,monoamine",385.624,False,,0,23.8566,4.9196,5.2148,0,True,2,True,0,0,0,True,,17.144141556888215,2.8139732500493317,3.060118971315134,888.9005703934254,19.76154730633291,5.14312249524358,6.338446305382011,0.0,8.0,,gc_formula_si,"Si monomer: HSP NOT reliable (Si groups fitted on 51 HSPiP Si compounds, only 7 measured, all much smaller than the monomers)",0.0,17.144141556888215,17.144141556888215,2.8139732500493317,2.8139732500493317,3.060118971315134,3.060118971315134
CC(C)(C)[Si](OCCOCCO)(c1ccccc1)c1ccccc1,CC(C)(C)[Si](OCCOCCOC(=O)[C@@H]1[C@H](C(=O)OCCOCCO[Si](c2ccccc2)(c2ccccc2)C(C)(C)C)[C@@H]2C=C[C@@H]1C2)(c1ccccc1)c1ccccc1,ester,Combi-Blocks,monoalcohol,344.527,False,,0,24.1741,5.8604,6.9968,0,True,2,True,0,0,0,True,,17.436768295581828,3.4342724560800657,3.656473141653281,780.9371034037611,20.822848556258382,5.1252611245147675,7.3385519367722845,0.0,4.0,,gc_formula_si,"Si monomer: HSP NOT reliable (Si groups fitted on 51 HSPiP Si compounds, only 7 measured, all much smaller than the monomers)",0.0,17.436768295581828,17.436768295581828,3.4342724560800657,3.4342724560800657,3.656473141653281,3.656473141653281
CC(C)[Si](OCCOCCOCCOCCO)(C(C)C)C(C)C,CC(C)[Si](OCCOCCOCCOCCOC(=O)[C@@H]1[C@H](C(=O)OCCOCCOCCOCCO[Si](C(C)C)(C(C)C)C(C)C)[C@@H]2C=C[C@@H]1C2)(C(C)C)C(C)C,ester,Combi-Blocks,monoalcohol,350.572,False,,0,15.4584,3.9492,7.148,0,True,2,True,0,0,0,True,,15.650642592152872,4.058342480727981,4.098352822870075,859.3846310348864,12.081218933937324,9.688598575446052,9.611388605165258,0.0,4.0,,gc_formula_si,"Si monomer: HSP NOT reliable (Si groups fitted on 51 HSPiP Si compounds, only 7 measured, all much smaller than the monomers)",0.0,15.650642592152872,15.650642592152872,4.058342480727981,4.058342480727981,4.098352822870075,4.098352822870075
Cc1ccc(N)cc1O[Si](C)(C)C(C)(C)C,Cc1ccc(NC(=O)[C@@H]2[C@H](C(=O)Nc3ccc(C)c(O[Si](C)(C)C(C)(C)C)c3)[C@@H]3C=C[C@@H]2C3)cc1O[Si](C)(C)C(C)(C)C,amide,Combi-Blocks,monoamine,237.419,False,,0,18.0044,-5.4366,5.1016,4,True,2,True,0,0,0,True,,16.961500398032797,5.998674489226009,4.79279060429723,611.4223471757643,16.17597627297776,4.335979541722834,0.6246123012411167,0.0,12.0,,gc_formula_si,"Si monomer: HSP NOT reliable (Si groups fitted on 51 HSPiP Si compounds, only 7 measured, all much smaller than the monomers)",0.0,16.961500398032797,16.961500398032797,5.998674489226009,5.998674489226009,4.79279060429723,4.79279060429723
C[Si](C)(C)CCOC(=O)NCCCCO,C[Si](C)(C)CCOC(=O)NCCCCOC(=O)[C@@H]1[C@H](C(=O)OCCCCNC(=O)OCC[Si](C)(C)C)[C@@H]2C=C[C@@H]1C2,ester,Combi-Blocks,monoalcohol,233.384,False,,0,16.6187,11.6818,7.8239,0,True,2,True,2,0,0,True,,16.421672544563922,5.43234787735468,5.45933294803319,581.7678576852634,15.604337627058232,7.370580527982657,3.963108086451376,0.0,8.0,,gc_formula_si,"Si monomer: HSP NOT reliable (Si groups fitted on 51 HSPiP Si compounds, only 7 measured, all much smaller than the monomers)",0.0,16.421672544563922,16.421672544563922,5.43234787735468,5.43234787735468,5.45933294803319,5.45933294803319
CC(C)(C)[Si](O[C@@H]1C[C@@H]2OC(=O)C[C@@H]2[C@H]1CO)(c1ccccc1)c1ccccc1,CC(C)(C)[Si](O[C@@H]1C[C@@H]2OC(=O)C[C@@H]2[C@H]1COC(=O)[C@@H]1[C@H](C(=O)OC[C@@H]2[C@H]3CC(=O)O[C@H]3C[C@H]2O[Si](c2ccccc2)(c2ccccc2)C(C)(C)C)[C@@H]2C=C[C@@H]1C2)(c1ccccc1)c1ccccc1,ester,Combi-Blocks,monoalcohol,410.586,False,,0,26.709,17.5388,7.4038,0,True,2,True,0,0,0,True,,17.92982790369265,5.2362148818369265,3.6668116208431916,860.8051143361797,23.07895164256504,4.181265991970718,6.3951486168442875,0.0,4.0,,gc_formula_si,"Si monomer: HSP NOT reliable (Si groups fitted on 51 HSPiP Si compounds, only 7 measured, all much smaller than the monomers)",0.0,17.92982790369265,17.92982790369265,5.2362148818369265,5.2362148818369265,3.6668116208431916,3.6668116208431916
CC(C)(C)[Si](C)(C)OCCCCCCCCCCO,CC(C)(C)[Si](C)(C)OCCCCCCCCCCOC(=O)[C@@H]1[C@H](C(=O)OCCCCCCCCCCO[Si](C)(C)C(C)(C)C)[C@@H]2C=C[C@@H]1C2,ester,Combi-Blocks,monoalcohol,288.548,False,,0,15.4968,-3.299,4.5574,0,True,2,True,0,0,0,True,,15.706848696306318,2.6641429815305218,2.6186870143812424,781.9107727487658,12.561924015733073,2.99904240379524,2.0214862450291884,0.0,8.0,,gc_formula_si,"Si monomer: HSP NOT reliable (Si groups fitted on 51 HSPiP Si compounds, only 7 measured, all much smaller than the monomers)",0.0,15.706848696306318,15.706848696306318,2.6641429815305218,2.6641429815305218,2.6186870143812424,2.6186870143812424
C[Si](C)(C)CCOCn1ncc2c(N)cccc21,C[Si](C)(C)CCOCn1ncc2c(NC(=O)[C@@H]3[C@H](C(=O)Nc4cccc5c4cnn5COCC[Si](C)(C)C)[C@@H]4C=C[C@@H]3C4)cccc21,amide,Combi-Blocks,monoamine,263.417,False,,0,19.8381,-2.2766,3.9384,6,True,2,True,0,0,0,True,,18.06249888971966,7.475654003616903,6.376667722232319,605.5858087479155,20.008077961544725,6.34183970332926,7.82598217001759,0.0,14.0,,gc_formula_si,"Si monomer: HSP NOT reliable (Si groups fitted on 51 HSPiP Si compounds, only 7 measured, all much smaller than the monomers)",0.0,18.06249888971966,18.06249888971966,7.475654003616903,7.475654003616903,6.376667722232319,6.376667722232319
CCC(O)CCCO[Si](C)(C)C(C)(C)C,CCC(CCCO[Si](C)(C)C(C)(C)C)OC(=O)[C@@H]1[C@H](C(=O)OC(CC)CCCO[Si](C)(C)C(C)(C)C)[C@@H]2C=C[C@@H]1C2,ester,Combi-Blocks,monoalcohol,232.44,False,,0,13.0183,-3.3594,6.3164,0,True,2,True,0,0,0,True,,15.367100151822912,2.97819416155952,2.923303495465786,671.9765315660679,11.534080428611583,3.12157243066138,2.0350489643549485,0.0,8.0,,gc_formula_si,"Si monomer: HSP NOT reliable (Si groups fitted on 51 HSPiP Si compounds, only 7 measured, all much smaller than the monomers)",0.0,15.367100151822912,15.367100151822912,2.97819416155952,2.97819416155952,2.923303495465786,2.923303495465786
CC(C)(C)[Si](C)(C)Oc1ccc2nc(N)sc2c1,CC(C)(C)[Si](C)(C)Oc1ccc2nc(NC(=O)[C@@H]3[C@H](C(=O)Nc4nc5ccc(O[Si](C)(C)C(C)(C)C)cc5s4)[C@@H]4C=C[C@@H]3C4)sc2c1,amide,Combi-Blocks,monoamine,280.469,False,,0,21.1317,4.7188,4.9802,8,True,2,True,0,0,0,True,,17.746875160238776,7.106466623996485,6.013581972040653,623.591693128436,18.83789973314297,5.938435127271106,2.6969807276557374,0.0,16.0,,gc_formula_si,"Si monomer: HSP NOT reliable (Si groups fitted on 51 HSPiP Si compounds, only 7 measured, all much smaller than the monomers)",0.0,17.746875160238776,17.746875160238776,7.106466623996485,7.106466623996485,6.013581972040653,6.013581972040653
C[Si](C)(C)C#CCCCCO,C[Si](C)(C)C#CCCCCOC(=O)[C@@H]1[C@H](C(=O)OCCCCC#C[Si](C)(C)C)[C@@H]2C=C[C@@H]1C2,ester,Combi-Blocks,monoalcohol,170.328,False,,0,16.3154,3.8686,3.8202,0,True,2,True,0,0,0,True,,15.758207455326138,3.7549403137928175,4.141266648939375,517.4720266081156,14.086686846802685,6.433081033394966,5.813940589785903,0.0,8.0,,gc_formula_si,"Si monomer: HSP NOT reliable (Si groups fitted on 51 HSPiP Si compounds, only 7 measured, all much smaller than the monomers)",0.0,15.758207455326138,15.758207455326138,3.7549403137928175,3.7549403137928175,4.141266648939375,4.141266648939375
CC(C)(C)[Si](C)(C)OCCOCC(O)CO,CC(C)(C)[Si](C)(C)OCCOCC(O)COC(=O)[C@@H]1[C@H](C(=O)OCC(O)COCCO[Si](C)(C)C(C)(C)C)[C@@H]2C=C[C@@H]1C2,ester,Combi-Blocks,diol,250.411,False,,0,16.6095,11.5612,13.9553,0,True,2,True,0,0,0,True,,15.791264582459636,4.726244464538652,6.393967926492702,626.016710995686,13.487702268601168,9.346895217530212,7.8323002777834505,0.0,8.0,,gc_formula_si,"Si monomer: HSP NOT reliable (Si groups fitted on 51 HSPiP Si compounds, only 7 measured, all much smaller than the monomers)",0.0,15.791264582459636,15.791264582459636,4.726244464538652,4.726244464538652,6.393967926492702,6.393967926492702
CC(C)(C)[Si](C)(C)OCCCCCCCCO,CC(C)(C)[Si](C)(C)OCCCCCCCCOC(=O)[C@@H]1[C@H](C(=O)OCCCCCCCCO[Si](C)(C)C(C)(C)C)[C@@H]2C=C[C@@H]1C2,ester,Combi-Blocks,monoalcohol,260.494,False,,0,15.436,-2.7546,5.0218,0,True,2,True,0,0,0,True,,15.638216707069224,2.8065175195012384,2.743911928541116,714.9312491440137,12.60373744737117,3.2045471703196187,2.1857385954867663,0.0,8.0,,gc_formula_si,"Si monomer: HSP NOT reliable (Si groups fitted on 51 HSPiP Si compounds, only 7 measured, all much smaller than the monomers)",0.0,15.638216707069224,15.638216707069224,2.8065175195012384,2.8065175195012384,2.743911928541116,2.743911928541116
CC(O)CS(C)(=O)=N[Si](c1ccccc1)(c1ccccc1)C(C)(C)C,CC(CS(C)(=O)=N[Si](c1ccccc1)(c1ccccc1)C(C)(C)C)OC(=O)[C@@H]1[C@H](C(=O)OC(C)CS(C)(=O)=N[Si](c2ccccc2)(c2ccccc2)C(C)(C)C)[C@@H]2C=C[C@@H]1C2,ester,Combi-Blocks,monoalcohol,375.61,False,,0,21.5605,-4.5556,8.1928,6,True,2,True,0,0,0,True,,17.115239502131786,4.5275556883633135,3.812310270353691,845.5900070616082,20.72751604718083,0.0,3.907152862067657,2.0,10.0,,gc_formula_si,"Si monomer: HSP NOT reliable (Si groups fitted on 51 HSPiP Si compounds, only 7 measured, all much smaller than the monomers)",2.0,17.115239502131786,17.115239502131786,4.5275556883633135,4.5275556883633135,3.812310270353691,3.812310270353691
CC(C)(C)[Si](C)(C)OC[C@H]1C[C@@H](CO)N1Cc1ccccc1,CC(C)(C)[Si](C)(C)OC[C@H]1C[C@@H](COC(=O)[C@@H]2[C@H](C(=O)OC[C@@H]3C[C@H](CO[Si](C)(C)C(C)(C)C)N3Cc3ccccc3)[C@@H]3C=C[C@@H]2C3)N1Cc1ccccc1,ester,Combi-Blocks,"monoalcohol,monoamine",321.537,False,,0,22.9253,6.2936,5.6684,0,True,2,True,0,0,0,True,,16.82848248651726,3.225157064825562,3.5729668767319467,767.1391581529095,17.83399631878356,4.427850100944935,5.516292062608465,0.0,8.0,,gc_formula_si,"Si monomer: HSP NOT reliable (Si groups fitted on 51 HSPiP Si compounds, only 7 measured, all much smaller than the monomers)",0.0,16.82848248651726,16.82848248651726,3.225157064825562,3.225157064825562,3.5729668767319467,3.5729668767319467
CC(=O)O[C@H]1C(=O)[C@@]2(C)C([C@H](OC(=O)c3ccccc3)[C@]3(O)C[C@H](OC(=O)[C@H](O[Si](C)(C)C(C)(C)C)[C@@H](NC(=O)c4ccccc4)c4ccccc4)C(C)=C1C3(C)C)[C@]1(OC(C)=O)CO[C@@H]1C[C@@H]2O,CC(=O)O[C@H]1C(=O)[C@@]2(C)C([C@H](OC(=O)c3ccccc3)[C@]3(OC(=O)[C@@H]4[C@H](C(=O)O[C@]56C[C@H](OC(=O)[C@H](O[Si](C)(C)C(C)(C)C)[C@@H](NC(=O)c7ccccc7)c7ccccc7)C(C)=C([C@@H](OC(C)=O)C(=O)[C@@]7(C)C([C@@H]5OC(=O)c5ccccc5)[C@]5(OC(C)=O)CO[C@@H]5C[C@@H]7O)C6(C)C)[C@@H]5C=C[C@@H]4C5)C[C@H](OC(=O)[C@H](O[Si](C)(C)C(C)(C)C)[C@@H](NC(=O)c4ccccc4)c4ccccc4)C(C)=C1C3(C)C)[C@]1(OC(C)=O)CO[C@@H]1C[C@@H]2O,ester,Combi-Blocks,diol,968.182,False,,0,26.1728,2.9504,12.2531,0,True,2,True,4,2,6,True,,17.780675202213168,6.09773464071162,5.123560624661771,1840.740278549729,25.289371793798907,18.859342673849103,17.863613996583094,0.0,8.0,,gc_formula_si,"Si monomer: HSP NOT reliable (Si groups fitted on 51 HSPiP Si compounds, only 7 measured, all much smaller than the monomers)",0.0,17.780675202213168,17.780675202213168,6.09773464071162,6.09773464071162,5.123560624661771,5.123560624661771
CC(C)[Si](OCCOCCOCCO)(C(C)C)C(C)C,CC(C)[Si](OCCOCCOCCOC(=O)[C@@H]1[C@H](C(=O)OCCOCCOCCO[Si](C(C)C)(C(C)C)C(C)C)[C@@H]2C=C[C@@H]1C2)(C(C)C)C(C)C,ester,Combi-Blocks,monoalcohol,306.519,False,,0,15.2007,2.1466,7.3802,0,True,2,True,0,0,0,True,,15.582587806665613,3.7805681754108207,3.8505130340629186,779.4427648767547,12.273099744903789,7.349171360874998,7.270355694333781,0.0,4.0,,gc_formula_si,"Si monomer: HSP NOT reliable (Si groups fitted on 51 HSPiP Si compounds, only 7 measured, all much smaller than the monomers)",0.0,15.582587806665613,15.582587806665613,3.7805681754108207,3.7805681754108207,3.8505130340629186,3.8505130340629186
C[Si](C)(c1ccc2c(c1)c1ccccc1n2-c1ccccc1)c1ccccc1CO,C[Si](C)(c1ccc2c(c1)c1ccccc1n2-c1ccccc1)c1ccccc1COC(=O)[C@@H]1[C@H](C(=O)OCc2ccccc2[Si](C)(C)c2ccc3c(c2)c2ccccc2n3-c2ccccc2)[C@@H]2C=C[C@@H]1C2,ester,Combi-Blocks,monoalcohol,407.589,False,,0,29.4055,-0.2412,6.1666,2,True,2,True,0,0,0,True,,19.376893238842012,1.9592398146843606,3.6254297245011355,829.0935717028459,24.728959843675863,4.838596609459993,7.180466075434494,0.0,8.0,,gc_formula_si,"Si monomer: HSP NOT reliable (Si groups fitted on 51 HSPiP Si compounds, only 7 measured, all much smaller than the monomers)",0.0,19.376893238842012,19.376893238842012,1.9592398146843606,1.9592398146843606,3.6254297245011355,3.6254297245011355
C[Si](C)(c1ccc([Si](C)(C)c2ccccc2CO)cc1)c1ccccc1CO,C[Si](C)(c1ccc([Si](C)(C)c2ccccc2COC(=O)[C@@H]2[C@H](C(=O)OCc3ccccc3[Si](C)(C)c3ccc([Si](C)(C)c4ccccc4CO)cc3)[C@@H]3C=C[C@@H]2C3)cc1)c1ccccc1CO,ester,Combi-Blocks,diol,406.674,False,,0,26.3662,3.6378,7.4467,0,True,4,True,0,0,0,True,,17.768925398539896,3.403560977043995,6.8415612312855565,897.6449972812634,21.268012728291627,7.770162295584029,6.85840848727515,0.0,12.0,,gc_formula_si,"Si monomer: HSP NOT reliable (Si groups fitted on 51 HSPiP Si compounds, only 7 measured, all much smaller than the monomers)",0.0,17.768925398539896,17.768925398539896,3.403560977043995,3.403560977043995,6.8415612312855565,6.8415612312855565
C[Si](C)(C)CCOCN1C(=O)C2(Cc3ccc(N)cc3C2)c2cccnc21,C[Si](C)(C)CCOCN1C(=O)C2(Cc3ccc(NC(=O)[C@@H]4[C@H](C(=O)Nc5ccc6c(c5)CC5(C6)C(=O)N(COCC[Si](C)(C)C)c6ncccc65)[C@@H]5C=C[C@@H]4C5)cc3C2)c2cccnc21,amide,Combi-Blocks,monoamine,381.552,False,,0,24.62,3.8246,0.9564,6,True,2,True,2,2,2,True,,18.808250839971738,7.715797195217793,5.862137548024367,753.3298712187939,22.948895343659238,6.96538291598942,8.194432898478228,0.0,14.0,,gc_formula_si,"Si monomer: HSP NOT reliable (Si groups fitted on 51 HSPiP Si compounds, only 7 measured, all much smaller than the monomers)",0.0,18.808250839971738,18.808250839971738,7.715797195217793,7.715797195217793,5.862137548024367,5.862137548024367
CC(C)(C)[Si](C)(C)Oc1ccc2cc(O)ccc2c1,CC(C)(C)[Si](C)(C)Oc1ccc2cc(OC(=O)[C@@H]3[C@H](C(=O)Oc4ccc5cc(O[Si](C)(C)C(C)(C)C)ccc5c4)[C@@H]4C=C[C@@H]3C4)ccc2c1,ester,Combi-Blocks,monoalcohol,274.436,False,,0,21.353,-2.2566,7.1674,2,True,2,True,0,0,0,True,,16.988161629397837,2.784155082560838,3.3205295935939176,682.0702660139091,17.019559050545876,3.852054264608955,2.64757208022979,0.0,10.0,,gc_formula_si,"Si monomer: HSP NOT reliable (Si groups fitted on 51 HSPiP Si compounds, only 7 measured, all much smaller than the monomers)",0.0,16.988161629397837,16.988161629397837,2.784155082560838,2.784155082560838,3.3205295935939176,3.3205295935939176
CC(C)(C)OC(=O)n1c(O)cc2cc(O[Si](C)(C)C(C)(C)C)ccc21,CC(C)(C)OC(=O)n1c(OC(=O)[C@@H]2[C@H](C(=O)Oc3cc4cc(O[Si](C)(C)C(C)(C)C)ccc4n3C(=O)OC(C)(C)C)[C@@H]3C=C[C@@H]2C3)cc2cc(O[Si](C)(C)C(C)(C)C)ccc21,ester,Combi-Blocks,monoalcohol,363.53,False,,0,16.7924,5.8042,8.9914,4,True,2,True,0,0,0,True,,16.551458956077546,3.260982803082793,4.000782319267868,872.6699403635154,12.981916799693217,5.02379238546825,2.6704583492632614,0.0,12.0,,gc_formula_si,"Si monomer: HSP NOT reliable (Si groups fitted on 51 HSPiP Si compounds, only 7 measured, all much smaller than the monomers)",0.0,16.551458956077546,16.551458956077546,3.260982803082793,3.260982803082793,4.000782319267868,4.000782319267868
CC(C)(C)[Si](C)(C)n1ccc2cc(O)ccc21,CC(C)(C)[Si](C)(C)n1ccc2cc(OC(=O)[C@@H]3[C@H](C(=O)Oc4ccc5c(ccn5[Si](C)(C)C(C)(C)C)c4)[C@@H]4C=C[C@@H]3C4)ccc21,ester,Combi-Blocks,monoalcohol,247.414,False,,0,19.8947,-2.3534,7.072,2,True,2,True,0,0,0,True,,17.009809640072934,1.3859664059966808,3.6175167609449455,638.3006421641526,17.78571647675685,2.145129905296525,5.977612131683074,0.0,10.0,,gc_formula_si,"Si monomer: HSP NOT reliable (Si groups fitted on 51 HSPiP Si compounds, only 7 measured, all much smaller than the monomers)",0.0,17.009809640072934,17.009809640072934,1.3859664059966808,1.3859664059966808,3.6175167609449455,3.6175167609449455
CC(C)(C)[Si](C)(C)n1ccc2ccc(O)cc21,CC(C)(C)[Si](C)(C)n1ccc2ccc(OC(=O)[C@@H]3[C@H](C(=O)Oc4ccc5ccn([Si](C)(C)C(C)(C)C)c5c4)[C@@H]4C=C[C@@H]3C4)cc21,ester,Combi-Blocks,monoalcohol,247.414,False,,0,19.8947,-2.3534,7.072,2,True,2,True,0,0,0,True,,17.009809640072934,1.3859664059966808,3.6175167609449455,638.3006421641526,17.78571647675685,2.145129905296525,5.977612131683074,0.0,10.0,,gc_formula_si,"Si monomer: HSP NOT reliable (Si groups fitted on 51 HSPiP Si compounds, only 7 measured, all much smaller than the monomers)",0.0,17.009809640072934,17.009809640072934,1.3859664059966808,1.3859664059966808,3.6175167609449455,3.6175167609449455
CC(C)(C)[Si](C)(C)n1ccc2c(O)cccc21,CC(C)(C)[Si](C)(C)n1ccc2c(OC(=O)[C@@H]3[C@H](C(=O)Oc4cccc5c4ccn5[Si](C)(C)C(C)(C)C)[C@@H]4C=C[C@@H]3C4)cccc21,ester,Combi-Blocks,monoalcohol,247.414,False,,0,19.8947,-2.3534,7.072,2,True,2,True,0,0,0,True,,17.009809640072934,1.3859664059966808,3.6175167609449455,638.3006421641526,17.78571647675685,2.145129905296525,5.977612131683074,0.0,10.0,,gc_formula_si,"Si monomer: HSP NOT reliable (Si groups fitted on 51 HSPiP Si compounds, only 7 measured, all much smaller than the monomers)",0.0,17.009809640072934,17.009809640072934,1.3859664059966808,1.3859664059966808,3.6175167609449455,3.6175167609449455
CC(C)(C)[Si](C)(C)Oc1ccc(O)c(Cl)c1,CC(C)(C)[Si](C)(C)Oc1ccc(OC(=O)[C@@H]2[C@H](C(=O)Oc3ccc(O[Si](C)(C)C(C)(C)C)cc3Cl)[C@@H]3C=C[C@@H]2C3)c(Cl)c1,ester,Combi-Blocks,monoalcohol,258.821,False,,0,20.1124,4.5734,7.7636,2,True,2,True,0,0,0,True,,16.521331362442346,3.2018029448734198,2.9232946994874838,631.7066559204986,15.660516102689872,3.925376727132565,0.6920567549892598,0.0,10.0,,gc_formula_si,"Si monomer: HSP NOT reliable (Si groups fitted on 51 HSPiP Si compounds, only 7 measured, all much smaller than the monomers)",0.0,16.521331362442346,16.521331362442346,3.2018029448734198,3.2018029448734198,2.9232946994874838,2.9232946994874838
CC(C)(C)[Si](C)(C)Oc1cc(O)ccc1Cl,CC(C)(C)[Si](C)(C)Oc1cc(OC(=O)[C@@H]2[C@H](C(=O)Oc3ccc(Cl)c(O[Si](C)(C)C(C)(C)C)c3)[C@@H]3C=C[C@@H]2C3)ccc1Cl,ester,Combi-Blocks,monoalcohol,258.821,False,,0,20.1124,4.5734,7.7636,2,True,2,True,0,0,0,True,,16.521331362442346,3.2018029448734198,2.9232946994874838,631.7066559204986,15.660516102689872,3.925376727132565,0.6920567549892598,0.0,10.0,,gc_formula_si,"Si monomer: HSP NOT reliable (Si groups fitted on 51 HSPiP Si compounds, only 7 measured, all much smaller than the monomers)",0.0,16.521331362442346,16.521331362442346,3.2018029448734198,3.2018029448734198,2.9232946994874838,2.9232946994874838
COc1ccc(O)cc1O[Si](C)(C)C(C)(C)C,COc1ccc(OC(=O)[C@@H]2[C@H](C(=O)Oc3ccc(OC)c(O[Si](C)(C)C(C)(C)C)c3)[C@@H]3C=C[C@@H]2C3)cc1O[Si](C)(C)C(C)(C)C,ester,Combi-Blocks,monoalcohol,254.402,False,,0,19.2222,7.8678,6.5308,2,True,2,True,0,0,0,True,,16.34922451526065,3.7420988509287385,4.026665584642393,652.4337679911748,14.356108011915516,4.554219325278856,1.7766703616394321,0.0,10.0,,gc_formula_si,"Si monomer: HSP NOT reliable (Si groups fitted on 51 HSPiP Si compounds, only 7 measured, all much smaller than the monomers)",0.0,16.34922451526065,16.34922451526065,3.7420988509287385,3.7420988509287385,4.026665584642393,4.026665584642393
CC(C)[Si](C(C)C)(C(C)C)n1ccc(O)c1,CC(C)[Si](C(C)C)(C(C)C)n1ccc(OC(=O)[C@@H]2[C@H](C(=O)Oc3ccn([Si](C(C)C)(C(C)C)C(C)C)c3)[C@@H]3C=C[C@@H]2C3)c1,ester,Combi-Blocks,monoalcohol,239.435,False,,0,15.9581,1.533,8.6564,2,True,2,True,0,0,0,True,,16.09488668075086,1.3507367476940213,3.6316153736520818,673.0561735638328,16.07543997053451,0.6278323852868182,5.405546746424342,0.0,6.0,,gc_formula_si,"Si monomer: HSP NOT reliable (Si groups fitted on 51 HSPiP Si compounds, only 7 measured, all much smaller than the monomers)",0.0,16.09488668075086,16.09488668075086,1.3507367476940213,1.3507367476940213,3.6316153736520818,3.6316153736520818
C[Si](C)(C)c1cccc(O)c1,C[Si](C)(C)c1cccc(OC(=O)[C@@H]2[C@H](C(=O)Oc3cccc([Si](C)(C)C)c3)[C@@H]3C=C[C@@H]2C3)c1,ester,Combi-Blocks,monoalcohol,166.296,False,,0,19.1157,4.579,5.9534,0,True,2,True,0,0,0,True,,16.661581018993367,3.268685424860805,3.936889490883162,489.46221617236085,17.26736169185007,4.032748497869478,3.777126448382039,0.0,8.0,,gc_formula_si,"Si monomer: HSP NOT reliable (Si groups fitted on 51 HSPiP Si compounds, only 7 measured, all much smaller than the monomers)",0.0,16.661581018993367,16.661581018993367,3.268685424860805,3.268685424860805,3.936889490883162,3.936889490883162
CC1(C)CC[C@]2(CO)CC[C@]3(C)C(=CC[C@@H]4[C@@]5(C)CC[C@H](O[Si](C)(C)C(C)(C)C)C(C)(C)[C@@H]5CC[C@]43C)[C@@H]2C1,CC1(C)CC[C@]2(COC(=O)[C@@H]3[C@H](C(=O)OC[C@]45CCC(C)(C)C[C@H]4C4=CC[C@@H]6[C@@]7(C)CC[C@H](O[Si](C)(C)C(C)(C)C)C(C)(C)[C@@H]7CC[C@@]6(C)[C@]4(C)CC5)[C@@H]4C=C[C@@H]3C4)CC[C@]3(C)C(=CC[C@@H]4[C@@]5(C)CC[C@H](O[Si](C)(C)C(C)(C)C)C(C)(C)[C@@H]5CC[C@]43C)[C@@H]2C1,ester,Combi-Blocks,monoalcohol,556.992,False,,0,22.0094,-16.9698,8.2358,0,True,2,True,0,0,10,True,,16.62529273886951,1.492340555995848,0.8715812827466456,1281.8178854221703,16.11419636205013,0.5707090658252918,0.0,0.0,8.0,,gc_formula_si,"Si monomer: HSP NOT reliable (Si groups fitted on 51 HSPiP Si compounds, only 7 measured, all much smaller than the monomers)",0.0,16.62529273886951,16.62529273886951,1.492340555995848,1.492340555995848,0.8715812827466456,0.8715812827466456
C[Si](C)(CCCCOCCN)c1ccc(Cl)cc1,C[Si](C)(CCCCOCCNC(=O)[C@@H]1[C@H](C(=O)NCCOCCCC[Si](C)(C)c2ccc(Cl)cc2)[C@@H]2C=C[C@@H]1C2)c1ccc(Cl)cc1,amide,Combi-Blocks,monoamine,285.891,False,,0,20.6625,-2.5552,4.2246,0,True,2,True,2,0,0,True,,17.535360541120394,5.960346460928549,4.388673841367096,662.133736522597,20.20145990408052,5.326557607284231,6.6294229553967154,0.0,6.0,,gc_formula_si,"Si monomer: HSP NOT reliable (Si groups fitted on 51 HSPiP Si compounds, only 7 measured, all much smaller than the monomers)",0.0,17.535360541120394,17.535360541120394,5.960346460928549,5.960346460928549,4.388673841367096,4.388673841367096
CC(C)(C)OC(=O)N1CCC[C@H](O[Si](C)(C)C(C)(C)C)[C@H]1CO,CC(C)(C)OC(=O)N1CCC[C@H](O[Si](C)(C)C(C)(C)C)[C@H]1COC(=O)[C@@H]1[C@H](C(=O)OC[C@@H]2[C@@H](O[Si](C)(C)C(C)(C)C)CCCN2C(=O)OC(C)(C)C)[C@@H]2C=C[C@@H]1C2,ester,Combi-Blocks,monoalcohol,345.556,False,,0,17.7688,7.8612,7.7202,0,True,2,True,0,0,0,True,,15.895979464167054,4.207787541780894,4.05209330254789,871.7428385054395,11.726175062661696,5.005642895641322,3.619198994721323,0.0,8.0,,gc_formula_si,"Si monomer: HSP NOT reliable (Si groups fitted on 51 HSPiP Si compounds, only 7 measured, all much smaller than the monomers)",0.0,15.895979464167054,15.895979464167054,4.207787541780894,4.207787541780894,4.05209330254789,4.05209330254789
CO[Si](CNc1ccccc1)(OC)OC,CO[Si](CN(C(=O)[C@@H]1[C@H](C(=O)N(C[Si](OC)(OC)OC)c2ccccc2)[C@@H]2C=C[C@@H]1C2)c1ccccc1)(OC)OC,amide,Combi-Blocks,monoamine,227.336,False,,0,20.7069,7.2316,8.7447,2,True,2,True,0,0,0,True,,17.47642128130067,5.568928804309967,3.6136954745478422,522.9824403230206,18.655910205886453,5.770435833886024,3.4637514712121202,0.0,10.0,,gc_formula_si,"Si monomer: HSP NOT reliable (Si groups fitted on 51 HSPiP Si compounds, only 7 measured, all much smaller than the monomers)",0.0,17.47642128130067,17.47642128130067,5.568928804309967,5.568928804309967,3.6136954745478422,3.6136954745478422
CC(C)(C)[Si](OCC1(O)CC1)(c1ccccc1)c1ccccc1,CC(C)(C)[Si](OCC1(OC(=O)[C@@H]2[C@H](C(=O)OC3(CO[Si](c4ccccc4)(c4ccccc4)C(C)(C)C)CC3)[C@@H]3C=C[C@@H]2C3)CC1)(c1ccccc1)c1ccccc1,ester,Combi-Blocks,monoalcohol,326.512,False,,0,24.2075,7.1982,6.7646,0,True,2,True,0,0,0,True,,17.54492669205744,2.906591828708195,3.1754153932566047,778.2812048751655,21.094209546852007,1.611100068550778,3.9510061313573086,0.0,4.0,,gc_formula_si,"Si monomer: HSP NOT reliable (Si groups fitted on 51 HSPiP Si compounds, only 7 measured, all much smaller than the monomers)",0.0,17.54492669205744,17.54492669205744,2.906591828708195,2.906591828708195,3.1754153932566047,3.1754153932566047
CC(C)(C)[Si](C)(C)O[C@H]1CCCNC1,CC(C)(C)[Si](C)(C)O[C@H]1CCCN(C(=O)[C@@H]2[C@H](C(=O)N3CCC[C@H](O[Si](C)(C)C(C)(C)C)C3)[C@@H]3C=C[C@@H]2C3)C1,amide,Combi-Blocks,monoamine,215.413,False,,0,19.1422,-5.1668,3.8182,0,True,2,True,0,0,0,True,,16.10932637228168,5.389759693483937,3.164870037020839,604.6694675778706,14.810219006740313,2.756240525602421,2.7602788442731363,0.0,8.0,,gc_formula_si,"Si monomer: HSP NOT reliable (Si groups fitted on 51 HSPiP Si compounds, only 7 measured, all much smaller than the monomers)",0.0,16.10932637228168,16.10932637228168,5.389759693483937,5.389759693483937,3.164870037020839,3.164870037020839
C[Si](C)(CCCO)O[Si](C)(C)CCCO,C[Si](C)(CCCO)O[Si](C)(C)CCCOC(=O)[C@@H]1[C@H](C(=O)OCCC[Si](C)(C)O[Si](C)(C)CCCO)[C@@H]2C=C[C@@H]1C2,ester,Combi-Blocks,diol,250.487,False,,0,16.9391,12.132,14.2885,0,True,4,True,0,0,0,True,,15.221297758009781,4.202342863455832,7.938004988654424,653.8056945238469,14.675566264039388,6.626940176752786,10.943625941915593,0.0,14.0,,gc_formula_si,"Si monomer: HSP NOT reliable (Si groups fitted on 51 HSPiP Si compounds, only 7 measured, all much smaller than the monomers)",0.0,15.221297758009781,15.221297758009781,4.202342863455832,4.202342863455832,7.938004988654424,7.938004988654424
CC(C)(C)[Si](C)(C)OC[C@H]1OC=C[C@@H](O[Si](C)(C)C(C)(C)C)[C@H]1O,CC(C)(C)[Si](C)(C)OC[C@H]1OC=C[C@@H](O[Si](C)(C)C(C)(C)C)[C@H]1OC(=O)[C@@H]1[C@H](C(=O)O[C@@H]2[C@H](O[Si](C)(C)C(C)(C)C)C=CO[C@@H]2CO[Si](C)(C)C(C)(C)C)[C@@H]2C=C[C@@H]1C2,ester,Combi-Blocks,monoalcohol,374.67,False,,0,15.6856,7.2254,8.742,0,True,4,True,0,0,0,True,,15.228330549998324,3.4439704104476987,2.65535810466628,955.3591734803846,0.0,6.5806135038199685,3.3330677495301337,0.0,16.0,,gc_formula_si,"Si monomer: HSP NOT reliable (Si groups fitted on 51 HSPiP Si compounds, only 7 measured, all much smaller than the monomers)",0.0,15.228330549998324,15.228330549998324,3.4439704104476987,3.4439704104476987,2.65535810466628,2.65535810466628
CC(C)(C)[Si](C)(C)OC1CCNCC1,CC(C)(C)[Si](C)(C)OC1CCN(C(=O)[C@@H]2[C@H](C(=O)N3CCC(O[Si](C)(C)C(C)(C)C)CC3)[C@@H]3C=C[C@@H]2C3)CC1,amide,Combi-Blocks,monoamine,215.413,False,,0,19.1422,-5.1668,3.8182,0,True,2,True,0,0,0,True,,16.10932637228168,5.389759693483937,3.164870037020839,604.6694675778706,14.810219006740313,2.756240525602421,2.7602788442731363,0.0,8.0,,gc_formula_si,"Si monomer: HSP NOT reliable (Si groups fitted on 51 HSPiP Si compounds, only 7 measured, all much smaller than the monomers)",0.0,16.10932637228168,16.10932637228168,5.389759693483937,5.389759693483937,3.164870037020839,3.164870037020839
CC(C)(C)OC(=O)N(CCN)C(CO[Si](C)(C)C(C)(C)C)CO[Si](C)(C)C(C)(C)C,CC(C)(C)OC(=O)N(CCNC(=O)[C@@H]1[C@H](C(=O)NCCN(C(=O)OC(C)(C)C)C(CO[Si](C)(C)C(C)(C)C)CO[Si](C)(C)C(C)(C)C)[C@@H]2C=C[C@@H]1C2)C(CO[Si](C)(C)C(C)(C)C)CO[Si](C)(C)C(C)(C)C,amide,Combi-Blocks,monoamine,462.824,False,,0,-3.5947,-11.7416,10.9012,0,True,4,True,2,0,0,True,,15.274990831379501,5.020011080359429,3.475571556706487,1150.0310957517618,0.0,5.390167586250216,2.7388433422945306,0.0,16.0,,gc_formula_si,"Si monomer: HSP NOT reliable (Si groups fitted on 51 HSPiP Si compounds, only 7 measured, all much smaller than the monomers)",0.0,15.274990831379501,15.274990831379501,5.020011080359429,5.020011080359429,3.475571556706487,3.475571556706487
CC(C)(C)[Si](OC[C@H]1OC=C[C@@H](O[Si](c2ccccc2)(c2ccccc2)C(C)(C)C)[C@H]1O)(c1ccccc1)c1ccccc1,CC(C)(C)[Si](OC[C@H]1OC=C[C@@H](O[Si](c2ccccc2)(c2ccccc2)C(C)(C)C)[C@H]1OC(=O)[C@@H]1[C@H](C(=O)O[C@@H]2[C@H](O[Si](c3ccccc3)(c3ccccc3)C(C)(C)C)C=CO[C@@H]2CO[Si](c2ccccc2)(c2ccccc2)C(C)(C)C)[C@@H]2C=C[C@@H]1C2)(c1ccccc1)c1ccccc1,ester,Combi-Blocks,monoalcohol,622.954,False,,0,29.8601,3.4254,10.37,0,True,4,True,0,0,0,True,,17.618337161154287,3.0011910201035223,2.872814242303945,1329.3642913121284,23.985204856406302,4.510158383921889,7.971114507692753,0.0,8.0,,gc_formula_si,"Si monomer: HSP NOT reliable (Si groups fitted on 51 HSPiP Si compounds, only 7 measured, all much smaller than the monomers)",0.0,17.618337161154287,17.618337161154287,3.0011910201035223,3.0011910201035223,2.872814242303945,2.872814242303945
CC1(O[Si](c2ccccc2)(c2ccccc2)C(C)(C)C)CNC1,CC1(O[Si](c2ccccc2)(c2ccccc2)C(C)(C)C)CN(C(=O)[C@@H]2[C@H](C(=O)N3CC(C)(O[Si](c4ccccc4)(c4ccccc4)C(C)(C)C)C3)[C@@H]3C=C[C@@H]2C3)C1,amide,Combi-Blocks,monoamine,325.528,False,,0,26.0034,5.7152,6.508,0,True,2,True,0,0,0,True,,17.85391981656905,4.627383581797975,3.253804137459361,750.9251567891012,21.775856498497664,1.3319201716277305,4.7323112530180484,0.0,4.0,,gc_formula_si,"Si monomer: HSP NOT reliable (Si groups fitted on 51 HSPiP Si compounds, only 7 measured, all much smaller than the monomers)",0.0,17.85391981656905,17.85391981656905,4.627383581797975,4.627383581797975,3.253804137459361,3.253804137459361
C[Si]1(C)CCN(N)CC1,C[Si]1(C)CCN(NC(=O)[C@@H]2[C@H](C(=O)NN3CC[Si](C)(C)CC3)[C@@H]3C=C[C@@H]2C3)CC1,amide,Combi-Blocks,monoamine,144.294,False,,0,18.628,3.436,12.1677,0,True,2,True,2,0,0,True,,16.91090175803374,7.17192249063799,5.560688598789932,411.78970745652214,17.42870842592076,9.550808969574634,5.46105248554352,0.0,6.0,,gc_formula_si,"Si monomer: HSP NOT reliable (Si groups fitted on 51 HSPiP Si compounds, only 7 measured, all much smaller than the monomers)",0.0,16.91090175803374,16.91090175803374,7.17192249063799,7.17192249063799,5.560688598789932,5.560688598789932
COc1ccc(O[C@@H]2O[C@H](CO[Si](C)(C)C(C)(C)C)[C@@H](O)[C@H](OCc3ccccc3)[C@H]2N2C(=O)c3ccccc3C2=O)cc1,COc1ccc(O[C@@H]2O[C@H](CO[Si](C)(C)C(C)(C)C)[C@@H](OC(=O)[C@@H]3[C@H](C(=O)O[C@H]4[C@H](OCc5ccccc5)[C@@H](N5C(=O)c6ccccc6C5=O)[C@H](Oc5ccc(OC)cc5)O[C@@H]4CO[Si](C)(C)C(C)(C)C)[C@@H]4C=C[C@@H]3C4)[C@H](OCc3ccccc3)[C@H]2N2C(=O)c3ccccc3C2=O)cc1,ester,Combi-Blocks,monoalcohol,619.787,False,,0,30.0962,15.5106,7.1204,0,True,2,True,4,4,4,True,,18.187287283174598,6.205178691993161,4.941797110834702,1205.4346943885437,25.134277083017416,9.671147923079207,12.981200863146965,0.0,8.0,,gc_formula_si,"Si monomer: HSP NOT reliable (Si groups fitted on 51 HSPiP Si compounds, only 7 measured, all much smaller than the monomers)",0.0,18.187287283174598,18.187287283174598,6.205178691993161,6.205178691993161,4.941797110834702,4.941797110834702
CC(C)(C)[Si](C)(C)OCC(N)CO[Si](C)(C)C(C)(C)C,CC(C)(C)[Si](C)(C)OCC(CO[Si](C)(C)C(C)(C)C)NC(=O)[C@@H]1[C@H](C(=O)NC(CO[Si](C)(C)C(C)(C)C)CO[Si](C)(C)C(C)(C)C)[C@@H]2C=C[C@@H]1C2,amide,Combi-Blocks,monoamine,319.638,False,,0,7.193,-9.8896,8.8276,0,True,4,True,2,0,0,True,,15.05852813369031,4.996951336722827,2.670858722773069,846.1852946035501,5.292667043541452,3.1544705852966963,1.252853843503772,0.0,16.0,,gc_formula_si,"Si monomer: HSP NOT reliable (Si groups fitted on 51 HSPiP Si compounds, only 7 measured, all much smaller than the monomers)",0.0,15.05852813369031,15.05852813369031,4.996951336722827,4.996951336722827,2.670858722773069,2.670858722773069
C[Si](C)(C1=CCCCO1)c1ccccc1CO,C[Si](C)(C1=CCCCO1)c1ccccc1COC(=O)[C@@H]1[C@H](C(=O)OCc2ccccc2[Si](C)(C)C2=CCCCO2)[C@@H]2C=C[C@@H]1C2,ester,Combi-Blocks,monoalcohol,248.398,False,,0,23.0171,4.9628,4.4816,0,True,2,True,0,0,0,True,,17.703753501940522,4.072157399137601,4.820192211043049,591.2778266362927,19.642325037921175,7.433682841755861,7.841051711037124,0.0,6.0,,gc_formula_si,"Si monomer: HSP NOT reliable (Si groups fitted on 51 HSPiP Si compounds, only 7 measured, all much smaller than the monomers)",0.0,17.703753501940522,17.703753501940522,4.072157399137601,4.072157399137601,4.820192211043049,4.820192211043049
C[Si](C)(c1ccc(Cl)cc1)c1ccccc1CO,C[Si](C)(c1ccc(Cl)cc1)c1ccccc1COC(=O)[C@@H]1[C@H](C(=O)OCc2ccccc2[Si](C)(C)c2ccc(Cl)cc2)[C@@H]2C=C[C@@H]1C2,ester,Combi-Blocks,monoalcohol,276.839,False,,0,24.9778,3.8086,6.6266,0,True,2,True,0,0,0,True,,18.29104265973797,3.0630375856629612,3.629413233501055,612.7458979169269,21.669969475360578,4.060258452412244,5.090441767179492,0.0,6.0,,gc_formula_si,"Si monomer: HSP NOT reliable (Si groups fitted on 51 HSPiP Si compounds, only 7 measured, all much smaller than the monomers)",0.0,18.29104265973797,18.29104265973797,3.0630375856629612,3.0630375856629612,3.629413233501055,3.629413233501055
C[Si](C)(c1cccs1)c1ccccc1CO,C[Si](C)(c1cccs1)c1ccccc1COC(=O)[C@@H]1[C@H](C(=O)OCc2ccccc2[Si](C)(C)c2cccs2)[C@@H]2C=C[C@@H]1C2,ester,Combi-Blocks,monoalcohol,248.423,False,,0,24.2896,5.6536,5.4712,2,True,2,True,0,0,0,True,,18.113260830562048,3.0599379263506647,4.867777488826376,571.3400592095068,21.457450294566787,6.07711072678239,5.766917322109499,0.0,8.0,,gc_formula_si,"Si monomer: HSP NOT reliable (Si groups fitted on 51 HSPiP Si compounds, only 7 measured, all much smaller than the monomers)",0.0,18.113260830562048,18.113260830562048,3.0599379263506647,3.0599379263506647,4.867777488826376,4.867777488826376
C[Si](C)(c1ccc(C#N)cc1)c1ccccc1CO,C[Si](C)(c1ccc(C#N)cc1)c1ccccc1COC(=O)[C@@H]1[C@H](C(=O)OCc2ccccc2[Si](C)(C)c2ccc(C#N)cc2)[C@@H]2C=C[C@@H]1C2,ester,Combi-Blocks,monoalcohol,267.404,False,,0,25.034,18.27,5.3938,0,True,2,True,0,0,0,True,,18.16425534368106,5.493450641208477,4.094096228141041,615.3207863273435,20.77416667750811,4.57816655543635,5.528407933458798,0.0,6.0,,gc_formula_si,"Si monomer: HSP NOT reliable (Si groups fitted on 51 HSPiP Si compounds, only 7 measured, all much smaller than the monomers)",0.0,18.16425534368106,18.16425534368106,5.493450641208477,5.493450641208477,4.094096228141041,4.094096228141041
COc1ccc([Si](C)(C)c2ccccc2CO)cc1OC,COc1ccc([Si](C)(C)c2ccccc2COC(=O)[C@@H]2[C@H](C(=O)OCc3ccccc3[Si](C)(C)c3ccc(OC)c(OC)c3)[C@@H]3C=C[C@@H]2C3)cc1OC,ester,Combi-Blocks,monoalcohol,302.446,False,,0,24.6517,11.3634,3.4903,0,True,2,True,0,0,0,True,,18.10923234368348,4.218292427671615,5.197687859966695,677.4682203935546,20.845797243979614,5.583193187289197,7.268361534671797,0.0,6.0,,gc_formula_si,"Si monomer: HSP NOT reliable (Si groups fitted on 51 HSPiP Si compounds, only 7 measured, all much smaller than the monomers)",0.0,18.10923234368348,18.10923234368348,4.218292427671615,4.218292427671615,5.197687859966695,5.197687859966695
Cc1ccc([Si](C)(C)c2ccccc2CO)cc1,Cc1ccc([Si](C)(C)c2ccccc2COC(=O)[C@@H]2[C@H](C(=O)OCc3ccccc3[Si](C)(C)c3ccc(C)cc3)[C@@H]3C=C[C@@H]2C3)cc1,ester,Combi-Blocks,monoalcohol,256.421,False,,0,23.9877,0.2032,5.1672,0,True,2,True,0,0,0,True,,17.99213859412022,2.6656885557041345,3.5407792970989886,620.5983813124639,20.8755125734007,3.789280694810624,4.779619421722785,0.0,6.0,,gc_formula_si,"Si monomer: HSP NOT reliable (Si groups fitted on 51 HSPiP Si compounds, only 7 measured, all much smaller than the monomers)",0.0,17.99213859412022,17.99213859412022,2.6656885557041345,2.6656885557041345,3.5407792970989886,3.5407792970989886
Cc1cc(C)c([Si](C)(C)c2ccccc2CO)c(C)c1,Cc1cc(C)c([Si](C)(C)c2ccccc2COC(=O)[C@@H]2[C@H](C(=O)OCc3ccccc3[Si](C)(C)c3c(C)cc(C)cc3C)[C@@H]3C=C[C@@H]2C3)c(C)c1,ester,Combi-Blocks,monoalcohol,284.475,False,,0,23.9483,-0.822,3.4768,0,True,2,True,0,0,0,True,,17.91541618680564,2.3286548540115133,3.1879166778906867,682.8395447740883,20.81404916781832,3.777824256776126,4.175359839193293,0.0,6.0,,gc_formula_si,"Si monomer: HSP NOT reliable (Si groups fitted on 51 HSPiP Si compounds, only 7 measured, all much smaller than the monomers)",0.0,17.91541618680564,17.91541618680564,2.3286548540115133,2.3286548540115133,3.1879166778906867,3.1879166778906867
CN1CCN(c2ccc([Si](C)(C)c3ccccc3CO)cc2)CC1,CN1CCN(c2ccc([Si](C)(C)c3ccccc3COC(=O)[C@@H]3[C@H](C(=O)OCc4ccccc4[Si](C)(C)c4ccc(N5CCN(C)CC5)cc4)[C@@H]4C=C[C@@H]3C4)cc2)CC1,ester,Combi-Blocks,monoalcohol,340.543,False,,0,28.0255,4.3622,3.7765,0,True,2,True,0,0,0,True,,18.26514636648079,3.5244695591128434,4.64671467784618,766.3930631354673,21.611742292792837,6.706349193413772,10.147824514367846,0.0,6.0,,gc_formula_si,"Si monomer: HSP NOT reliable (Si groups fitted on 51 HSPiP Si compounds, only 7 measured, all much smaller than the monomers)",0.0,18.26514636648079,18.26514636648079,3.5244695591128434,3.5244695591128434,4.64671467784618,4.64671467784618
CC(O)c1ccc2c(ccn2[Si](C)(C)C(C)(C)C)c1,CC(OC(=O)[C@@H]1[C@H](C(=O)OC(C)c2ccc3c(ccn3[Si](C)(C)C(C)(C)C)c2)[C@@H]2C=C[C@@H]1C2)c1ccc2c(ccn2[Si](C)(C)C(C)(C)C)c1,ester,Combi-Blocks,monoalcohol,275.468,False,,0,19.6093,-3.4258,7.322,2,True,2,True,0,0,0,True,,17.031846160766086,1.0714412684615406,3.4247641318843427,702.3295139446897,17.349101310174134,2.0337722117846337,5.7256550499297285,0.0,10.0,,gc_formula_si,"Si monomer: HSP NOT reliable (Si groups fitted on 51 HSPiP Si compounds, only 7 measured, all much smaller than the monomers)",0.0,17.031846160766086,17.031846160766086,1.0714412684615406,1.0714412684615406,3.4247641318843427,3.4247641318843427
CC(C)(C)[Si](C)(C)O[C@@H]1CC(=CCO)C[C@@H](O[Si](C)(C)C(C)(C)C)C1,CC(C)(C)[Si](C)(C)O[C@@H]1CC(=CCOC(=O)[C@@H]2[C@H](C(=O)OCC=C3C[C@@H](O[Si](C)(C)C(C)(C)C)C[C@H](O[Si](C)(C)C(C)(C)C)C3)[C@@H]3C=C[C@@H]2C3)C[C@@H](O[Si](C)(C)C(C)(C)C)C1,ester,Combi-Blocks,monoalcohol,386.725,False,,0,13.6188,-8.3006,7.4162,0,True,4,True,0,0,2,True,,15.556368647379593,2.663129413424501,1.4322931834848225,980.6523926471286,8.221674342507239,2.506761142994316,1.1382847739108823,0.0,16.0,,gc_formula_si,"Si monomer: HSP NOT reliable (Si groups fitted on 51 HSPiP Si compounds, only 7 measured, all much smaller than the monomers)",0.0,15.556368647379593,15.556368647379593,2.663129413424501,2.663129413424501,1.4322931834848225,1.4322931834848225
CCOC(=O)c1ccc2c(c1)nc(Nc1nn(COCC[Si](C)(C)C)c3ccc(Br)cc13)n2C1CCC(O[Si](C)(C)C(C)(C)C)CC1,CCOC(=O)c1ccc2c(c1)nc(N(C(=O)[C@@H]1[C@H](C(=O)N(c3nn(COCC[Si](C)(C)C)c4ccc(Br)cc34)c3nc4cc(C(=O)OCC)ccc4n3C3CCC(O[Si](C)(C)C(C)(C)C)CC3)[C@@H]3C=C[C@@H]1C3)c1nn(COCC[Si](C)(C)C)c3ccc(Br)cc13)n2C1CCC(O[Si](C)(C)C(C)(C)C)CC1,amide,Combi-Blocks,monoamine,742.908,False,,0,22.795,-8.9408,5.9546,10,True,4,True,2,2,4,True,,17.777483791271642,5.894219063746213,3.69488956640123,1380.6916544363198,20.780734019583964,6.899290282177481,10.127761220185947,0.0,26.0,,gc_formula_si,"Si monomer: HSP NOT reliable (Si groups fitted on 51 HSPiP Si compounds, only 7 measured, all much smaller than the monomers)",0.0,17.777483791271642,17.777483791271642,5.894219063746213,5.894219063746213,3.69488956640123,3.69488956640123
C[C@H](O)[C@H]1CC[C@H]2C(O[Si](C)(C)C(C)(C)C)CCC[C@]12C,C[C@H](OC(=O)[C@@H]1[C@H](C(=O)O[C@@H](C)[C@H]2CC[C@H]3C(O[Si](C)(C)C(C)(C)C)CCC[C@]23C)[C@@H]2C=C[C@@H]1C2)[C@H]1CC[C@H]2C(O[Si](C)(C)C(C)(C)C)CCC[C@]12C,ester,Combi-Blocks,monoalcohol,312.57,False,,0,16.8538,-6.5888,6.5798,0,True,2,True,0,0,2,True,,16.005062146234813,2.6213557113736488,2.0706447612985,819.8175459001334,13.55172284863578,2.0699552306836866,0.1340102824489111,0.0,8.0,,gc_formula_si,"Si monomer: HSP NOT reliable (Si groups fitted on 51 HSPiP Si compounds, only 7 measured, all much smaller than the monomers)",0.0,16.005062146234813,16.005062146234813,2.6213557113736488,2.6213557113736488,2.0706447612985,2.0706447612985
CCOC(=O)c1ccc2c(c1)nc(N)n2C1CCC(O[Si](C)(C)C(C)(C)C)CC1,CCOC(=O)c1ccc2c(c1)nc(NC(=O)[C@@H]1[C@H](C(=O)Nc3nc4cc(C(=O)OCC)ccc4n3C3CCC(O[Si](C)(C)C(C)(C)C)CC3)[C@@H]3C=C[C@@H]1C3)n2C1CCC(O[Si](C)(C)C(C)(C)C)CC1,amide,Combi-Blocks,monoamine,417.626,False,,0,20.1827,-4.0212,4.8572,6,True,2,True,0,0,2,True,,17.68411840893913,6.8914984865157844,4.686644029471285,895.6138886744552,19.04614576763021,3.0550624347997255,4.59063766385895,0.0,14.0,,gc_formula_si,"Si monomer: HSP NOT reliable (Si groups fitted on 51 HSPiP Si compounds, only 7 measured, all much smaller than the monomers)",0.0,17.68411840893913,17.68411840893913,6.8914984865157844,6.8914984865157844,4.686644029471285,4.686644029471285
CC(C)(C)[Si](O[C@H]1C=CO[C@@H]1CO)(c1ccccc1)c1ccccc1,CC(C)(C)[Si](O[C@H]1C=CO[C@@H]1COC(=O)[C@@H]1[C@H](C(=O)OC[C@H]2OC=C[C@@H]2O[Si](c2ccccc2)(c2ccccc2)C(C)(C)C)[C@@H]2C=C[C@@H]1C2)(c1ccccc1)c1ccccc1,ester,Combi-Blocks,monoalcohol,354.522,False,,0,26.2439,9.7248,6.566,0,True,2,True,0,0,0,True,,17.791621949707956,3.683038102091439,3.5799770641798414,789.9297482432155,21.444146619037248,5.817500251336682,7.15830214963678,0.0,4.0,,gc_formula_si,"Si monomer: HSP NOT reliable (Si groups fitted on 51 HSPiP Si compounds, only 7 measured, all much smaller than the monomers)",0.0,17.791621949707956,17.791621949707956,3.683038102091439,3.683038102091439,3.5799770641798414,3.5799770641798414
CC(C)(C)[Si](C)(C)O[C@@H]1[C@H](O)[C@@H](CO)O[C@H]1n1ccc(=O)[nH]c1=O,CC(C)(C)[Si](C)(C)O[C@@H]1[C@H](O)[C@@H](COC(=O)[C@@H]2[C@H](C(=O)OC[C@H]3O[C@@H](n4ccc(=O)[nH]c4=O)[C@H](O[Si](C)(C)C(C)(C)C)[C@@H]3O)[C@@H]3C=C[C@@H]2C3)O[C@H]1n1ccc(=O)[nH]c1=O,ester,Combi-Blocks,diol,358.467,False,,0,22.8417,10.0902,15.8699,8,True,2,True,0,0,0,True,,17.139974364110515,7.4097889472620455,6.391133535473456,757.9917746676018,19.2589680769546,12.648011612925394,5.600155677362139,0.0,16.0,,gc_formula_si,"Si monomer: HSP NOT reliable (Si groups fitted on 51 HSPiP Si compounds, only 7 measured, all much smaller than the monomers)",0.0,17.139974364110515,17.139974364110515,7.4097889472620455,7.4097889472620455,6.391133535473456,6.391133535473456
C=C1/C(=C/C=C2\CCC[C@]3(C)[C@@H]([C@H](C)CO)CC[C@@H]23)C[C@@H](O[Si](C)(C)C(C)(C)C)C[C@@H]1O[Si](C)(C)C(C)(C)C,C=C1/C(=C/C=C2\CCC[C@]3(C)[C@@H]([C@H](C)COC(=O)[C@@H]4[C@H](C(=O)OC[C@@H](C)[C@H]5CC[C@H]6/C(=C/C=C7\C[C@@H](O[Si](C)(C)C(C)(C)C)C[C@H](O[Si](C)(C)C(C)(C)C)C7=C)CCC[C@]56C)[C@@H]5C=C[C@@H]4C5)CC[C@@H]23)C[C@@H](O[Si](C)(C)C(C)(C)C)C[C@@H]1O[Si](C)(C)C(C)(C)C,ester,Combi-Blocks,monoalcohol,575.039,False,,0,15.8163,-7.4942,10.3022,0,True,4,True,0,4,4,True,,16.089441253477492,2.029423992450891,1.0202046976622317,1370.146133591675,11.092943772816119,0.522145796906861,0.0,0.0,16.0,,gc_formula_si,"Si monomer: HSP NOT reliable (Si groups fitted on 51 HSPiP Si compounds, only 7 measured, all much smaller than the monomers)",0.0,16.089441253477492,16.089441253477492,2.029423992450891,2.029423992450891,1.0202046976622317,1.0202046976622317
C[C@H]1CNC[C@@H](NC(=O)OC(C)(C)C)[C@@H]1O[Si](C)(C)C(C)(C)C,C[C@H]1CN(C(=O)[C@@H]2[C@H](C(=O)N3C[C@H](C)[C@@H](O[Si](C)(C)C(C)(C)C)[C@H](NC(=O)OC(C)(C)C)C3)[C@@H]3C=C[C@@H]2C3)C[C@@H](NC(=O)OC(C)(C)C)[C@@H]1O[Si](C)(C)C(C)(C)C,amide,Combi-Blocks,monoamine,344.572,False,,0,14.7034,-4.7606,3.8781,0,True,2,True,2,0,0,True,,16.079218042160537,5.853446844856598,4.3429911349418795,875.5282766529972,12.5673595857397,4.322686812328402,3.3848262308015387,0.0,8.0,,gc_formula_si,"Si monomer: HSP NOT reliable (Si groups fitted on 51 HSPiP Si compounds, only 7 measured, all much smaller than the monomers)",0.0,16.079218042160537,16.079218042160537,5.853446844856598,5.853446844856598,4.3429911349418795,4.3429911349418795
CC(C)[Si](C(C)C)(C(C)C)n1ccc2cc(C(C)(C)O)cnc21,CC(C)[Si](C(C)C)(C(C)C)n1ccc2cc(C(C)(C)OC(=O)[C@@H]3[C@H](C(=O)OC(C)(C)c4cnc5c(ccn5[Si](C(C)C)(C(C)C)C(C)C)c4)[C@@H]4C=C[C@@H]3C4)cnc21,ester,Combi-Blocks,monoalcohol,332.564,False,,0,17.9185,-0.6488,9.079,4,True,2,True,0,0,0,True,,16.6791064517514,3.0996306920858614,3.869572759692821,856.2600333097078,17.426065224389657,0.0,4.387792326222644,0.0,8.0,,gc_formula_si,"Si monomer: HSP NOT reliable (Si groups fitted on 51 HSPiP Si compounds, only 7 measured, all much smaller than the monomers)",0.0,16.6791064517514,16.6791064517514,3.0996306920858614,3.0996306920858614,3.869572759692821,3.869572759692821
CC(C)(C)[Si](C)(C)OC[C@H]1O[C@@H](n2ccc(=O)[nH]c2=O)C[C@@H]1O,CC(C)(C)[Si](C)(C)OC[C@H]1O[C@@H](n2ccc(=O)[nH]c2=O)C[C@@H]1OC(=O)[C@@H]1[C@H](C(=O)O[C@H]2C[C@H](n3ccc(=O)[nH]c3=O)O[C@@H]2CO[Si](C)(C)C(C)(C)C)[C@@H]2C=C[C@@H]1C2,ester,Combi-Blocks,monoalcohol,342.468,False,,0,21.2323,11.3004,5.4918,8,True,2,True,0,0,0,True,,16.88888682521345,6.927518017802378,6.104806142162658,748.0256368495016,19.01169528555416,11.017506305678122,2.0351869695575084,0.0,16.0,,gc_formula_si,"Si monomer: HSP NOT reliable (Si groups fitted on 51 HSPiP Si compounds, only 7 measured, all much smaller than the monomers)",0.0,16.88888682521345,16.88888682521345,6.927518017802378,6.927518017802378,6.104806142162658,6.104806142162658
C[C@H](CO)[C@H]1CC[C@H]2[C@@H](O[Si](C)(C)C(C)(C)C)CCC[C@]12C,C[C@H](COC(=O)[C@@H]1[C@H](C(=O)OC[C@@H](C)[C@H]2CC[C@H]3[C@@H](O[Si](C)(C)C(C)(C)C)CCC[C@]23C)[C@@H]2C=C[C@@H]1C2)[C@H]1CC[C@H]2[C@@H](O[Si](C)(C)C(C)(C)C)CCC[C@]12C,ester,Combi-Blocks,monoalcohol,326.597,False,,0,18.0227,-5.2934,6.857,0,True,2,True,0,0,2,True,,16.088029720167047,2.5192368614546736,1.8889979728273523,835.4982150234529,13.818941770390737,1.9618124483459303,0.014629449807172401,0.0,8.0,,gc_formula_si,"Si monomer: HSP NOT reliable (Si groups fitted on 51 HSPiP Si compounds, only 7 measured, all much smaller than the monomers)",0.0,16.088029720167047,16.088029720167047,2.5192368614546736,2.5192368614546736,1.8889979728273523,1.8889979728273523
C=C1/C(=C/C=C2\CCC[C@]3(C)[C@@H]([C@H](C)/C=C/C(O)C4CC4)CC[C@@H]23)C[C@@H](O[Si](C)(C)C(C)(C)C)C[C@@H]1O[Si](C)(C)C(C)(C)C,C=C1/C(=C/C=C2\CCC[C@]3(C)[C@@H]([C@H](C)/C=C/C(OC(=O)[C@@H]4[C@H](C(=O)OC(/C=C/[C@@H](C)[C@H]5CC[C@H]6/C(=C/C=C7\C[C@@H](O[Si](C)(C)C(C)(C)C)C[C@H](O[Si](C)(C)C(C)(C)C)C7=C)CCC[C@]56C)C5CC5)[C@@H]5C=C[C@@H]4C5)C4CC4)CC[C@@H]23)C[C@@H](O[Si](C)(C)C(C)(C)C)C[C@@H]1O[Si](C)(C)C(C)(C)C,ester,Combi-Blocks,monoalcohol,641.142,False,,0,17.61,-8.8278,12.4476,0,True,4,True,0,8,4,True,,16.300553065042134,1.998418416593913,1.25753797828922,1520.1028125615348,12.956664592017923,0.0,0.0,0.0,16.0,,gc_formula_si,"Si monomer: HSP NOT reliable (Si groups fitted on 51 HSPiP Si compounds, only 7 measured, all much smaller than the monomers)",0.0,16.300553065042134,16.300553065042134,1.998418416593913,1.998418416593913,1.25753797828922,1.25753797828922
CC(C)(C)[Si](C)(C)OCCc1ccc(Cl)c(CO)c1,CC(C)(C)[Si](C)(C)OCCc1ccc(Cl)c(COC(=O)[C@@H]2[C@H](C(=O)OCc3cc(CCO[Si](C)(C)C(C)(C)C)ccc3Cl)[C@@H]3C=C[C@@H]2C3)c1,ester,Combi-Blocks,monoalcohol,300.902,False,,0,20.8593,6.2474,6.002,0,True,2,True,0,0,0,True,,16.824134127234082,3.1141525794374503,2.8045519230619287,698.2519040891204,17.141736602999718,4.389960286666733,3.6067850838346693,0.0,8.0,,gc_formula_si,"Si monomer: HSP NOT reliable (Si groups fitted on 51 HSPiP Si compounds, only 7 measured, all much smaller than the monomers)",0.0,16.824134127234082,16.824134127234082,3.1141525794374503,3.1141525794374503,2.8045519230619287,2.8045519230619287
C=C1CC[C@H](O[Si](C)(C)C(C)(C)C)C/C1=C\C=C1/CCC[C@]2(C)[C@@H]([C@H](C)CO)CC[C@@H]12,C=C1CC[C@H](O[Si](C)(C)C(C)(C)C)C/C1=C\C=C1/CCC[C@]2(C)[C@@H]([C@H](C)COC(=O)[C@@H]3[C@H](C(=O)OC[C@@H](C)[C@H]4CC[C@H]5/C(=C/C=C6\C[C@@H](O[Si](C)(C)C(C)(C)C)CCC6=C)CCC[C@]45C)[C@@H]4C=C[C@@H]3C4)CC[C@@H]12,ester,Combi-Blocks,monoalcohol,444.776,False,,0,17.5692,0.271,7.341,0,True,2,True,0,2,4,True,,16.69361685565778,2.096664501192691,1.874380231653197,1057.9406246848773,16.32928853725973,0.9421786215619121,1.2629420226663395,0.0,8.0,,gc_formula_si,"Si monomer: HSP NOT reliable (Si groups fitted on 51 HSPiP Si compounds, only 7 measured, all much smaller than the monomers)",0.0,16.69361685565778,16.69361685565778,2.096664501192691,2.096664501192691,1.874380231653197,1.874380231653197
Cc1cc(C)cc(C(O[Si](C)(C)C)(c2cc(C)cc(C)c2)[C@@H]2CCCN2)c1,Cc1cc(C)cc(C(O[Si](C)(C)C)(c2cc(C)cc(C)c2)[C@@H]2CCCN2C(=O)[C@@H]2[C@H](C(=O)N3CCC[C@H]3C(O[Si](C)(C)C)(c3cc(C)cc(C)c3)c3cc(C)cc(C)c3)[C@@H]3C=C[C@@H]2C3)c1,amide,Combi-Blocks,monoamine,381.636,False,,0,26.1373,5.1834,2.5742,0,True,2,True,0,0,0,True,,17.837708130347714,4.251219938215849,2.86425121193901,879.5219816741907,21.68682439439181,3.8768770545332214,3.1455970780390725,0.0,10.0,,gc_formula_si,"Si monomer: HSP NOT reliable (Si groups fitted on 51 HSPiP Si compounds, only 7 measured, all much smaller than the monomers)",0.0,17.837708130347714,17.837708130347714,4.251219938215849,4.251219938215849,2.86425121193901,2.86425121193901
CC(C)(C)[Si](C)(C)OC[C@@H]1CC2(CC2)CN1,CC(C)(C)[Si](C)(C)OC[C@@H]1CC2(CC2)CN1C(=O)[C@@H]1[C@H](C(=O)N2CC3(CC3)C[C@H]2CO[Si](C)(C)C(C)(C)C)[C@@H]2C=C[C@@H]1C2,amide,Combi-Blocks,monoamine,241.451,False,,0,21.2289,9.027,4.9088,0,True,2,True,0,0,0,True,,16.411629735014134,5.172602891859839,3.0722081927578064,629.7686924797849,15.695920415938954,2.171720508764867,2.414109850807211,0.0,8.0,,gc_formula_si,"Si monomer: HSP NOT reliable (Si groups fitted on 51 HSPiP Si compounds, only 7 measured, all much smaller than the monomers)",0.0,16.411629735014134,16.411629735014134,5.172602891859839,5.172602891859839,3.0722081927578064,3.0722081927578064
CC1(C)O[C@@H]2[C@H](O1)[C@@H](OCCO[Si](C)(C)C(C)(C)C)C[C@H]2N,CC1(C)O[C@@H]2[C@H](O1)[C@@H](OCCO[Si](C)(C)C(C)(C)C)C[C@H]2NC(=O)[C@@H]1[C@H](C(=O)N[C@@H]2C[C@H](OCCO[Si](C)(C)C(C)(C)C)[C@H]3OC(C)(C)O[C@H]32)[C@@H]2C=C[C@@H]1C2,amide,Combi-Blocks,monoamine,331.529,False,,0,17.3454,4.6862,4.4133,0,True,2,True,2,0,0,True,,16.265911808172124,5.965369958249988,3.8497551933667054,781.5120605777047,14.548194634714479,7.634269695950109,6.531255404944646,0.0,8.0,,gc_formula_si,"Si monomer: HSP NOT reliable (Si groups fitted on 51 HSPiP Si compounds, only 7 measured, all much smaller than the monomers)",0.0,16.265911808172124,16.265911808172124,5.965369958249988,5.965369958249988,3.8497551933667054,3.8497551933667054
C[C@@H](N[C@H](C)C1CCC(CO[Si](C)(C)C(C)(C)C)CC1)c1ccccc1,C[C@H](c1ccccc1)N(C(=O)[C@@H]1[C@H](C(=O)N([C@H](C)c2ccccc2)[C@H](C)C2CCC(CO[Si](C)(C)C(C)(C)C)CC2)[C@@H]2C=C[C@@H]1C2)[C@H](C)C1CCC(CO[Si](C)(C)C(C)(C)C)CC1,amide,Combi-Blocks,monoamine,375.673,False,,0,20.95,-6.332,7.9414,0,True,2,True,0,0,2,True,,16.64091825064868,4.098566561903602,2.316034902146929,930.6571207625863,17.239781282589785,1.9672989503914389,2.099636367825158,0.0,8.0,,gc_formula_si,"Si monomer: HSP NOT reliable (Si groups fitted on 51 HSPiP Si compounds, only 7 measured, all much smaller than the monomers)",0.0,16.64091825064868,16.64091825064868,4.098566561903602,4.098566561903602,2.316034902146929,2.316034902146929
C[Si](C)(C)C#Cc1cc(N)ccn1,C[Si](C)(C)C#Cc1cc(NC(=O)[C@@H]2[C@H](C(=O)Nc3ccnc(C#C[Si](C)(C)C)c3)[C@@H]3C=C[C@@H]2C3)ccn1,amide,Combi-Blocks,monoamine,190.322,False,,0,18.827,-1.6952,3.778,4,True,2,True,0,0,0,True,,17.573594757877565,8.061416816048771,6.731522539636099,501.79428017386067,19.2280908768671,6.4061857441338965,3.0825974926312654,0.0,12.0,,gc_formula_si,"Si monomer: HSP NOT reliable (Si groups fitted on 51 HSPiP Si compounds, only 7 measured, all much smaller than the monomers)",0.0,17.573594757877565,17.573594757877565,8.061416816048771,8.061416816048771,6.731522539636099,6.731522539636099
C=C1/C(=C\C=C2/CCC[C@]3(C)[C@@H]([C@H](C)OCCC(C)(C)O)CC[C@@H]23)C[C@@H](O[Si](C)(C)C(C)(C)C)C[C@@H]1O[Si](C)(C)C(C)(C)C,C=C1/C(=C\C=C2/CCC[C@]3(C)[C@@H]([C@H](C)OCCC(C)(C)OC(=O)[C@@H]4[C@H](C(=O)OC(C)(C)CCO[C@@H](C)[C@H]5CC[C@H]6/C(=C/C=C7/C[C@@H](O[Si](C)(C)C(C)(C)C)C[C@H](O[Si](C)(C)C(C)(C)C)C7=C)CCC[C@]56C)[C@@H]5C=C[C@@H]4C5)CC[C@@H]23)C[C@@H](O[Si](C)(C)C(C)(C)C)C[C@@H]1O[Si](C)(C)C(C)(C)C,ester,Combi-Blocks,monoalcohol,647.146,False,,0,11.1347,-10.6092,11.266,0,True,4,True,0,4,4,True,,15.942745742885593,2.407371996349743,1.7804656890998323,1565.1171354081714,7.5392357056346055,2.079109232588303,0.6732237562065291,0.0,16.0,,gc_formula_si,"Si monomer: HSP NOT reliable (Si groups fitted on 51 HSPiP Si compounds, only 7 measured, all much smaller than the monomers)",0.0,15.942745742885593,15.942745742885593,2.407371996349743,2.407371996349743,1.7804656890998323,1.7804656890998323
C=C1/C(=C\C=C2/CCC[C@]3(C)[C@@H]([C@H](C)CCCC(C)(C)O)CC[C@@H]23)C[C@@H](O[Si](C)(C)C(C)(C)C)C[C@@H]1O[Si](C)(C)C(C)(C)C,C=C1/C(=C\C=C2/CCC[C@]3(C)[C@@H]([C@H](C)CCCC(C)(C)OC(=O)[C@@H]4[C@H](C(=O)OC(C)(C)CCC[C@@H](C)[C@H]5CC[C@H]6/C(=C/C=C7/C[C@@H](O[Si](C)(C)C(C)(C)C)C[C@H](O[Si](C)(C)C(C)(C)C)C7=C)CCC[C@]56C)[C@@H]5C=C[C@@H]4C5)CC[C@@H]23)C[C@@H](O[Si](C)(C)C(C)(C)C)C[C@@H]1O[Si](C)(C)C(C)(C)C,ester,Combi-Blocks,monoalcohol,645.174,False,,0,10.8696,-11.1536,10.8016,0,True,4,True,0,4,4,True,,15.955357612256192,1.934593768798782,1.1376049597365656,1585.6445546571679,7.783262619585162,0.0,0.0,0.0,16.0,,gc_formula_si,"Si monomer: HSP NOT reliable (Si groups fitted on 51 HSPiP Si compounds, only 7 measured, all much smaller than the monomers)",0.0,15.955357612256192,15.955357612256192,1.934593768798782,1.934593768798782,1.1376049597365656,1.1376049597365656
CC(C)(C)[Si](C)(C)c1ccccc1O,CC(C)(C)[Si](C)(C)c1ccccc1OC(=O)[C@@H]1[C@H](C(=O)Oc2ccccc2[Si](C)(C)C(C)(C)C)[C@@H]2C=C[C@@H]1C2,ester,Combi-Blocks,monoalcohol,208.377,False,,0,18.3009,-2.3164,7.1494,0,True,2,True,0,0,0,True,,16.344472751282566,2.691835534574009,3.2769214521473633,591.9407049355907,16.289346133248902,2.2742143644747976,3.2802686829999863,0.0,6.0,,gc_formula_si,"Si monomer: HSP NOT reliable (Si groups fitted on 51 HSPiP Si compounds, only 7 measured, all much smaller than the monomers)",0.0,16.344472751282566,16.344472751282566,2.691835534574009,2.691835534574009,3.2769214521473633,3.2769214521473633
CC(C)(C)[Si](C)(C)OC1CCC(CN)CC1,CC(C)(C)[Si](C)(C)OC1CCC(CNC(=O)[C@@H]2[C@H](C(=O)NCC3CCC(O[Si](C)(C)C(C)(C)C)CC3)[C@@H]3C=C[C@@H]2C3)CC1,amide,Combi-Blocks,monoamine,243.467,False,,0,15.4074,-6.0666,3.2115,0,True,2,True,2,0,2,True,,16.31857905082367,5.583167255565548,3.132932470927902,655.4998876561037,15.248304768806653,2.4387896708281898,1.398030839322348,0.0,8.0,,gc_formula_si,"Si monomer: HSP NOT reliable (Si groups fitted on 51 HSPiP Si compounds, only 7 measured, all much smaller than the monomers)",0.0,16.31857905082367,16.31857905082367,5.583167255565548,5.583167255565548,3.132932470927902,3.132932470927902
CC(C)(C)[Si](C)(C)OC1CCC(CO)CC1,CC(C)(C)[Si](C)(C)OC1CCC(COC(=O)[C@@H]2[C@H](C(=O)OCC3CCC(O[Si](C)(C)C(C)(C)C)CC3)[C@@H]3C=C[C@@H]2C3)CC1,ester,Combi-Blocks,monoalcohol,244.451,False,,0,17.725,-2.8378,4.95,0,True,2,True,0,0,2,True,,15.960039439274063,2.97601156197214,2.48083895809043,657.9301628562957,14.015865143819502,2.8278758488829263,1.2802069642397873,0.0,8.0,,gc_formula_si,"Si monomer: HSP NOT reliable (Si groups fitted on 51 HSPiP Si compounds, only 7 measured, all much smaller than the monomers)",0.0,15.960039439274063,15.960039439274063,2.97601156197214,2.97601156197214,2.48083895809043,2.48083895809043
CC(C)(C)[Si](C)(C)OCC1(O)CCC1,CC(C)(C)[Si](C)(C)OCC1(OC(=O)[C@@H]2[C@H](C(=O)OC3(CO[Si](C)(C)C(C)(C)C)CCC3)[C@@H]3C=C[C@@H]2C3)CCC1,ester,Combi-Blocks,monoalcohol,216.397,False,,0,15.344,4.8776,5.7184,0,True,2,True,0,0,0,True,,15.506370805293777,3.0599425033938386,2.96830767322055,614.4619637368857,12.66608982199851,3.5128043201061856,2.4321171211731323,0.0,8.0,,gc_formula_si,"Si monomer: HSP NOT reliable (Si groups fitted on 51 HSPiP Si compounds, only 7 measured, all much smaller than the monomers)",0.0,15.506370805293777,15.506370805293777,3.0599425033938386,3.0599425033938386,2.96830767322055,2.96830767322055
Cc1cc(O)cc(O[Si](C)(C)C(C)(C)C)c1C,Cc1cc(OC(=O)[C@@H]2[C@H](C(=O)Oc3cc(C)c(C)c(O[Si](C)(C)C(C)(C)C)c3)[C@@H]3C=C[C@@H]2C3)cc(O[Si](C)(C)C(C)(C)C)c1C,ester,Combi-Blocks,monoalcohol,252.43,False,,0,18.7079,3.431,5.459,2,True,2,True,0,0,0,True,,16.266326947779785,2.670614905622719,2.643538025268479,670.6797210468478,14.302871583446823,3.6486707505136957,0.07910461826780701,0.0,10.0,,gc_formula_si,"Si monomer: HSP NOT reliable (Si groups fitted on 51 HSPiP Si compounds, only 7 measured, all much smaller than the monomers)",0.0,16.266326947779785,16.266326947779785,2.670614905622719,2.670614905622719,2.643538025268479,2.643538025268479
CC(C)(CCO)CCO[Si](C)(C)C(C)(C)C,CC(C)(CCOC(=O)[C@@H]1[C@H](C(=O)OCCC(C)(C)CCO[Si](C)(C)C(C)(C)C)[C@@H]2C=C[C@@H]1C2)CCO[Si](C)(C)C(C)(C)C,ester,Combi-Blocks,monoalcohol,246.467,False,,0,14.1694,-4.5086,7.1466,0,True,2,True,0,0,0,True,,15.406887415818234,2.789115732955388,2.631500081583132,687.4112896777665,11.296215061088038,3.062924206692513,1.782142919723335,0.0,8.0,,gc_formula_si,"Si monomer: HSP NOT reliable (Si groups fitted on 51 HSPiP Si compounds, only 7 measured, all much smaller than the monomers)",0.0,15.406887415818234,15.406887415818234,2.789115732955388,2.789115732955388,2.631500081583132,2.631500081583132
CC(C)(C)[Si](OCCc1ccccc1N)(c1ccccc1)c1ccccc1,CC(C)(C)[Si](OCCc1ccccc1NC(=O)[C@@H]1[C@H](C(=O)Nc2ccccc2CCO[Si](c2ccccc2)(c2ccccc2)C(C)(C)C)[C@@H]2C=C[C@@H]1C2)(c1ccccc1)c1ccccc1,amide,Combi-Blocks,monoamine,375.588,False,,0,25.35,-6.1636,5.3472,2,True,2,True,0,0,0,True,,18.37742471073657,5.340742850858889,4.549045879351716,827.335268578091,23.601760609533894,3.4911895643922963,6.015382725367744,0.0,6.0,,gc_formula_si,"Si monomer: HSP NOT reliable (Si groups fitted on 51 HSPiP Si compounds, only 7 measured, all much smaller than the monomers)",0.0,18.37742471073657,18.37742471073657,5.340742850858889,5.340742850858889,4.549045879351716,4.549045879351716
Cc1cc(N)ccc1O[Si](C)(C)C(C)(C)C,Cc1cc(NC(=O)[C@@H]2[C@H](C(=O)Nc3ccc(O[Si](C)(C)C(C)(C)C)c(C)c3)[C@@H]3C=C[C@@H]2C3)ccc1O[Si](C)(C)C(C)(C)C,amide,Combi-Blocks,monoamine,237.419,False,,0,18.0044,-5.4366,5.1016,4,True,2,True,0,0,0,True,,16.961500398032797,5.998674489226009,4.79279060429723,611.4223471757643,16.17597627297776,4.335979541722834,0.6246123012411167,0.0,12.0,,gc_formula_si,"Si monomer: HSP NOT reliable (Si groups fitted on 51 HSPiP Si compounds, only 7 measured, all much smaller than the monomers)",0.0,16.961500398032797,16.961500398032797,5.998674489226009,5.998674489226009,4.79279060429723,4.79279060429723
CC(C)(C)[Si](C)(C)OCc1ccc(N)nc1,CC(C)(C)[Si](C)(C)OCc1ccc(NC(=O)[C@@H]2[C@H](C(=O)Nc3ccc(CO[Si](C)(C)C(C)(C)C)cn3)[C@@H]3C=C[C@@H]2C3)nc1,amide,Combi-Blocks,monoamine,238.407,False,,0,18.0451,-4.538,5.6762,4,True,2,True,0,0,0,True,,17.05726234360789,7.203023301437104,5.673973412642266,598.7842173026309,18.352197403644002,4.757312583168484,2.5996707428134425,0.0,12.0,,gc_formula_si,"Si monomer: HSP NOT reliable (Si groups fitted on 51 HSPiP Si compounds, only 7 measured, all much smaller than the monomers)",0.0,17.05726234360789,17.05726234360789,7.203023301437104,7.203023301437104,5.673973412642266,5.673973412642266
CC(C)(C)[Si](C)(C)OCCOCCOCCOCCOCCO,CC(C)(C)[Si](C)(C)OCCOCCOCCOCCOCCOC(=O)[C@@H]1[C@H](C(=O)OCCOCCOCCOCCOCCO[Si](C)(C)C(C)(C)C)[C@@H]2C=C[C@@H]1C2,ester,Combi-Blocks,monoalcohol,352.544,False,,0,16.2434,10.755,5.4862,0,True,2,True,0,0,0,True,,15.703465782565795,4.637467753867271,4.509929277158794,833.7601429622841,11.975969744316913,13.178770328176968,12.042627290185408,0.0,8.0,,gc_formula_si,"Si monomer: HSP NOT reliable (Si groups fitted on 51 HSPiP Si compounds, only 7 measured, all much smaller than the monomers)",0.0,15.703465782565795,15.703465782565795,4.637467753867271,4.637467753867271,4.509929277158794,4.509929277158794
CC(C)(C)[Si](OCC1(CO)CC1)(c1ccccc1)c1ccccc1,CC(C)(C)[Si](OCC1(COC(=O)[C@@H]2[C@H](C(=O)OCC3(CO[Si](c4ccccc4)(c4ccccc4)C(C)(C)C)CC3)[C@@H]3C=C[C@@H]2C3)CC1)(c1ccccc1)c1ccccc1,ester,Combi-Blocks,monoalcohol,340.539,False,,0,25.7466,11.248,6.7646,0,True,2,True,0,0,0,True,,17.737220326690455,2.7248660014748145,2.9118943772758348,769.6911569600577,21.492806508360818,1.8409313507645289,4.01304206831509,0.0,4.0,,gc_formula_si,"Si monomer: HSP NOT reliable (Si groups fitted on 51 HSPiP Si compounds, only 7 measured, all much smaller than the monomers)",0.0,17.737220326690455,17.737220326690455,2.7248660014748145,2.7248660014748145,2.9118943772758348,2.9118943772758348
CC(C)(C)[Si](C)(C)OCCn1cc(N)cn1,CC(C)(C)[Si](C)(C)OCCn1cc(NC(=O)[C@@H]2[C@H](C(=O)Nc3cnn(CCO[Si](C)(C)C(C)(C)C)c3)[C@@H]3C=C[C@@H]2C3)cn1,amide,Combi-Blocks,monoamine,241.411,False,,0,15.3476,-4.7732,5.5214,6,True,2,True,0,0,0,True,,16.971566286557756,7.361232102544283,5.876255421156353,601.4423157241696,17.61800406115735,6.4428351791705785,4.432844843539122,0.0,14.0,,gc_formula_si,"Si monomer: HSP NOT reliable (Si groups fitted on 51 HSPiP Si compounds, only 7 measured, all much smaller than the monomers)",0.0,16.971566286557756,16.971566286557756,7.361232102544283,7.361232102544283,5.876255421156353,5.876255421156353
C[Si](C)(C)CCOCn1cc(O)cn1,C[Si](C)(C)CCOCn1cc(OC(=O)[C@@H]2[C@H](C(=O)Oc3cnn(COCC[Si](C)(C)C)c3)[C@@H]3C=C[C@@H]2C3)cn1,ester,Combi-Blocks,monoalcohol,214.341,False,,0,17.2353,5.7252,5.2958,4,True,2,True,0,0,0,True,,16.515108593433652,5.614375911168689,5.307282074176822,562.9117780571332,17.186325382372765,5.354620061003578,3.9223623454846823,0.0,12.0,,gc_formula_si,"Si monomer: HSP NOT reliable (Si groups fitted on 51 HSPiP Si compounds, only 7 measured, all much smaller than the monomers)",0.0,16.515108593433652,16.515108593433652,5.614375911168689,5.614375911168689,5.307282074176822,5.307282074176822
CC(C)(C)[Si](C)(C)Oc1cc(O)cc(O[Si](C)(C)C(C)(C)C)c1,CC(C)(C)[Si](C)(C)Oc1cc(OC(=O)[C@@H]2[C@H](C(=O)Oc3cc(O[Si](C)(C)C(C)(C)C)cc(O[Si](C)(C)C(C)(C)C)c3)[C@@H]3C=C[C@@H]2C3)cc(O[Si](C)(C)C(C)(C)C)c1,ester,Combi-Blocks,monoalcohol,354.639,False,,0,16.7593,-8.6884,9.5208,4,True,4,True,0,0,0,True,,15.334385912527548,2.3007141823041843,1.6707479830968957,910.8608836728707,0.0,3.7100671247778436,0.0,0.0,20.0,,gc_formula_si,"Si monomer: HSP NOT reliable (Si groups fitted on 51 HSPiP Si compounds, only 7 measured, all much smaller than the monomers)",0.0,15.334385912527548,15.334385912527548,2.3007141823041843,2.3007141823041843,1.6707479830968957,1.6707479830968957
CC(C)(C)[Si](C)(C)OCC1CCCNC1,CC(C)(C)[Si](C)(C)OCC1CCCN(C(=O)[C@@H]2[C@H](C(=O)N3CCCC(CO[Si](C)(C)C(C)(C)C)C3)[C@@H]3C=C[C@@H]2C3)C1,amide,Combi-Blocks,monoamine,229.44,False,,0,18.9543,-3.8714,4.9088,0,True,2,True,0,0,0,True,,16.047241368237376,5.240842139537038,3.32886013314075,628.0522963701087,14.732447486986562,2.9111183014196733,3.2343344579753506,0.0,8.0,,gc_formula_si,"Si monomer: HSP NOT reliable (Si groups fitted on 51 HSPiP Si compounds, only 7 measured, all much smaller than the monomers)",0.0,16.047241368237376,16.047241368237376,5.240842139537038,5.240842139537038,3.32886013314075,3.32886013314075
CC(C)(C)[Si](OCCOCCOCCOCCO)(c1ccccc1)c1ccccc1,CC(C)(C)[Si](OCCOCCOCCOCCOC(=O)[C@@H]1[C@H](C(=O)OCCOCCOCCOCCO[Si](c2ccccc2)(c2ccccc2)C(C)(C)C)[C@@H]2C=C[C@@H]1C2)(c1ccccc1)c1ccccc1,ester,Combi-Blocks,monoalcohol,432.633,False,,0,24.4415,7.8568,6.5324,0,True,2,True,0,0,0,True,,17.24875749218464,4.024519925335738,4.149262850414271,940.8208357200244,20.642946203102543,9.804115553656873,12.020617758435238,0.0,4.0,,gc_formula_si,"Si monomer: HSP NOT reliable (Si groups fitted on 51 HSPiP Si compounds, only 7 measured, all much smaller than the monomers)",0.0,17.24875749218464,17.24875749218464,4.024519925335738,4.024519925335738,4.149262850414271,4.149262850414271
CC(C)(C)[Si](C)(C)OCc1cccc(O)c1,CC(C)(C)[Si](C)(C)OCc1cccc(OC(=O)[C@@H]2[C@H](C(=O)Oc3cccc(CO[Si](C)(C)C(C)(C)C)c3)[C@@H]3C=C[C@@H]2C3)c1,ester,Combi-Blocks,monoalcohol,238.403,False,,0,18.4761,3.6776,7.1494,0,True,2,True,0,0,0,True,,16.311731802934037,3.128620950787585,3.1817659408363808,636.0714121378003,15.99254136213279,3.714544845793698,3.206881643805109,0.0,8.0,,gc_formula_si,"Si monomer: HSP NOT reliable (Si groups fitted on 51 HSPiP Si compounds, only 7 measured, all much smaller than the monomers)",0.0,16.311731802934037,16.311731802934037,3.128620950787585,3.128620950787585,3.1817659408363808,3.1817659408363808
CC(C)(C)[Si](C)(C)OC1CCCC(O)C1,CC(C)(C)[Si](C)(C)OC1CCCC(OC(=O)[C@@H]2[C@H](C(=O)OC3CCCC(O[Si](C)(C)C(C)(C)C)C3)[C@@H]3C=C[C@@H]2C3)C1,ester,Combi-Blocks,monoalcohol,230.424,False,,0,16.5255,-4.1332,4.6728,0,True,2,True,0,0,2,True,,15.850042606344278,3.0964525393611035,2.671295746227482,642.2494937329764,13.754099452503866,2.9360186312206826,1.399587796881526,0.0,8.0,,gc_formula_si,"Si monomer: HSP NOT reliable (Si groups fitted on 51 HSPiP Si compounds, only 7 measured, all much smaller than the monomers)",0.0,15.850042606344278,15.850042606344278,3.0964525393611035,3.0964525393611035,2.671295746227482,2.671295746227482
C[Si](C)(c1cccnc1)c1ccccc1CO,C[Si](C)(c1cccnc1)c1ccccc1COC(=O)[C@@H]1[C@H](C(=O)OCc2ccccc2[Si](C)(C)c2cccnc2)[C@@H]2C=C[C@@H]1C2,ester,Combi-Blocks,monoalcohol,243.382,False,,0,24.2139,1.1018,5.7418,2,True,2,True,0,0,0,True,,18.054286749451844,4.685410053477425,4.566471245544127,580.3273968867534,21.513531243435047,2.7430814855545327,4.2311604202873,0.0,8.0,,gc_formula_si,"Si monomer: HSP NOT reliable (Si groups fitted on 51 HSPiP Si compounds, only 7 measured, all much smaller than the monomers)",0.0,18.054286749451844,18.054286749451844,4.685410053477425,4.685410053477425,4.566471245544127,4.566471245544127
C[Si](C)(c1ccc2c(c1)Cc1ccccc1-2)c1ccccc1CO,C[Si](C)(c1ccc2c(c1)Cc1ccccc1-2)c1ccccc1COC(=O)[C@@H]1[C@H](C(=O)OCc2ccccc2[Si](C)(C)c2ccc3c(c2)Cc2ccccc2-3)[C@@H]2C=C[C@@H]1C2,ester,Combi-Blocks,monoalcohol,330.503,False,,0,27.599,6.7346,3.748,0,True,2,True,0,0,0,True,,18.878058963113,2.038349353314865,3.097343688028011,705.7153199801052,22.287128953510745,4.851601993899294,6.099930784960028,0.0,6.0,,gc_formula_si,"Si monomer: HSP NOT reliable (Si groups fitted on 51 HSPiP Si compounds, only 7 measured, all much smaller than the monomers)",0.0,18.878058963113,18.878058963113,2.038349353314865,2.038349353314865,3.097343688028011,3.097343688028011
CCOC(=O)c1ccc([Si](C)(C)c2ccccc2CO)cc1,CCOC(=O)c1ccc([Si](C)(C)c2ccccc2COC(=O)[C@@H]2[C@H](C(=O)OCc3ccccc3[Si](C)(C)c3ccc(C(=O)OCC)cc3)[C@@H]3C=C[C@@H]2C3)cc1,ester,Combi-Blocks,monoalcohol,314.457,False,,0,23.4171,9.6544,6.7358,0,True,2,True,0,0,0,True,,17.867748788135952,4.694627024218106,3.51114014267331,702.3908269767215,20.153688085915327,7.218871929946016,6.073844929628218,0.0,6.0,,gc_formula_si,"Si monomer: HSP NOT reliable (Si groups fitted on 51 HSPiP Si compounds, only 7 measured, all much smaller than the monomers)",0.0,17.867748788135952,17.867748788135952,4.694627024218106,4.694627024218106,3.51114014267331,3.51114014267331
C[Si](C)(c1ccc(Oc2ccccc2)cc1)c1ccccc1CO,C[Si](C)(c1ccc(Oc2ccccc2)cc1)c1ccccc1COC(=O)[C@@H]1[C@H](C(=O)OCc2ccccc2[Si](C)(C)c2ccc(Oc3ccccc3)cc2)[C@@H]2C=C[C@@H]1C2,ester,Combi-Blocks,monoalcohol,334.491,False,,0,25.5548,-0.1302,6.3988,2,True,2,True,0,0,0,True,,18.468578250574474,3.0764593250505956,4.044883436639007,749.4707095908234,22.034431419032657,4.961868327427666,5.554529571102889,0.0,8.0,,gc_formula_si,"Si monomer: HSP NOT reliable (Si groups fitted on 51 HSPiP Si compounds, only 7 measured, all much smaller than the monomers)",0.0,18.468578250574474,18.468578250574474,3.0764593250505956,3.0764593250505956,4.044883436639007,4.044883436639007
COc1ccc([Si](C)(C)c2ccccc2CO)cc1,COc1ccc([Si](C)(C)c2ccccc2COC(=O)[C@@H]2[C@H](C(=O)OCc3ccccc3[Si](C)(C)c3ccc(OC)cc3)[C@@H]3C=C[C@@H]2C3)cc1,ester,Combi-Blocks,monoalcohol,272.42,False,,0,24.3326,7.103,5.3938,0,True,2,True,0,0,0,True,,18.07539397963622,3.6434463509885573,4.573746369341008,633.4730099876031,20.876003612739293,4.689101050558535,6.1750553738296645,0.0,6.0,,gc_formula_si,"Si monomer: HSP NOT reliable (Si groups fitted on 51 HSPiP Si compounds, only 7 measured, all much smaller than the monomers)",0.0,18.07539397963622,18.07539397963622,3.6434463509885573,3.6434463509885573,4.573746369341008,4.573746369341008
CO[Si](CCCCCCCCCCCN)(OC)OC,CO[Si](CCCCCCCCCCCNC(=O)[C@@H]1[C@H](C(=O)NCCCCCCCCCCC[Si](OC)(OC)OC)[C@@H]2C=C[C@@H]1C2)(OC)OC,amide,Combi-Blocks,monoamine,291.508,False,,0,17.9036,5.0392,8.9845,0,True,2,True,2,0,0,True,,16.399474094102143,5.576646015261785,3.8219750327418094,726.0796961854419,15.693661396994331,6.487798911786802,2.119968225176051,0.0,8.0,,gc_formula_si,"Si monomer: HSP NOT reliable (Si groups fitted on 51 HSPiP Si compounds, only 7 measured, all much smaller than the monomers)",0.0,16.399474094102143,16.399474094102143,5.576646015261785,5.576646015261785,3.8219750327418094,3.8219750327418094
CCC1NC1CCO[Si](C)(C)C(C)(C)C,CCC1C(CCO[Si](C)(C)C(C)(C)C)N1C(=O)[C@@H]1[C@H](C(=O)N2C(CC)C2CCO[Si](C)(C)C(C)(C)C)[C@@H]2C=C[C@@H]1C2,amide,Combi-Blocks,monoamine,229.44,False,,0,16.8975,-3.453,5.1248,0,True,2,True,0,4,4,True,,15.814660700307556,5.147671878360232,3.169800063574643,629.7522232972383,12.822002444623703,1.3631408918021362,2.032385763504368,0.0,8.0,,gc_formula_si,"Si monomer: HSP NOT reliable (Si groups fitted on 51 HSPiP Si compounds, only 7 measured, all much smaller than the monomers)",0.0,15.814660700307556,15.814660700307556,5.147671878360232,5.147671878360232,3.169800063574643,3.169800063574643
C[Si](C)(c1ccc2c(c1)OCO2)c1ccccc1CO,C[Si](C)(c1ccc2c(c1)OCO2)c1ccccc1COC(=O)[C@@H]1[C@H](C(=O)OCc2ccccc2[Si](C)(C)c2ccc3c(c2)OCO3)[C@@H]2C=C[C@@H]1C2,ester,Combi-Blocks,monoalcohol,286.403,False,,0,26.4281,12.2318,3.2779,2,True,2,True,0,0,0,True,,18.528977238347807,4.477699870637186,5.136749529566506,615.1530843907706,21.44876897917488,5.083052734542518,4.5831639505910635,0.0,8.0,,gc_formula_si,"Si monomer: HSP NOT reliable (Si groups fitted on 51 HSPiP Si compounds, only 7 measured, all much smaller than the monomers)",0.0,18.528977238347807,18.528977238347807,4.477699870637186,4.477699870637186,5.136749529566506,5.136749529566506
CC(C)(C)[Si](OCCCCCCCC1NC1CO)(c1ccccc1)c1ccccc1,CC(C)(C)[Si](OCCCCCCCC1NC1COC(=O)[C@@H]1[C@H](C(=O)OCC2NC2CCCCCCCO[Si](c2ccccc2)(c2ccccc2)C(C)(C)C)[C@@H]2C=C[C@@H]1C2)(c1ccccc1)c1ccccc1,ester,Combi-Blocks,"monoalcohol,monoamine",425.689,False,,0,25.5425,-0.483,5.8284,0,True,2,True,2,2,2,True,,17.695291895997173,3.9459417546514444,3.770438148279968,946.0394927105992,21.706271959235146,2.2337232623565817,4.192464818503448,0.0,4.0,,gc_formula_si,"Si monomer: HSP NOT reliable (Si groups fitted on 51 HSPiP Si compounds, only 7 measured, all much smaller than the monomers)",0.0,17.695291895997173,17.695291895997173,3.9459417546514444,3.9459417546514444,3.770438148279968,3.770438148279968
CC(C)(C)[Si](OCCCCCCCC1NC1CO)(c1ccccc1)c1ccccc1,CC(C)(C)[Si](OCCCCCCCC1C(CO)N1C(=O)[C@@H]1[C@H](C(=O)N2C(CO)C2CCCCCCCO[Si](c2ccccc2)(c2ccccc2)C(C)(C)C)[C@@H]2C=C[C@@H]1C2)(c1ccccc1)c1ccccc1,amide,Combi-Blocks,"monoalcohol,monoamine",425.689,False,,0,26.1633,-3.7118,7.1209,0,True,2,True,0,2,2,True,,17.66768882888621,5.024367539046841,5.8370013683343815,951.0084828459596,21.99245617945129,4.395879366049719,1.3051752724676173,0.0,4.0,,gc_formula_si,"Si monomer: HSP NOT reliable (Si groups fitted on 51 HSPiP Si compounds, only 7 measured, all much smaller than the monomers)",0.0,17.66768882888621,17.66768882888621,5.024367539046841,5.024367539046841,5.8370013683343815,5.8370013683343815
C[Si](C)(c1ccc(Br)cc1)c1ccccc1CO,C[Si](C)(c1ccc(Br)cc1)c1ccccc1COC(=O)[C@@H]1[C@H](C(=O)OCc2ccccc2[Si](C)(C)c2ccc(Br)cc2)[C@@H]2C=C[C@@H]1C2,ester,Combi-Blocks,monoalcohol,321.29,False,,0,24.0385,3.1012,5.7418,0,True,2,True,2,2,2,True,,18.414680425209653,3.819146728710661,4.2385108024807625,616.3177747025082,21.932968988809225,3.891606618835865,7.075864083825496,0.0,6.0,,gc_formula_si,"Si monomer: HSP NOT reliable (Si groups fitted on 51 HSPiP Si compounds, only 7 measured, all much smaller than the monomers)",0.0,18.414680425209653,18.414680425209653,3.819146728710661,3.819146728710661,4.2385108024807625,4.2385108024807625
C[Si](C)(Cc1ccccc1)c1ccccc1CO,C[Si](C)(Cc1ccccc1)c1ccccc1COC(=O)[C@@H]1[C@H](C(=O)OCc2ccccc2[Si](C)(C)Cc2ccccc2)[C@@H]2C=C[C@@H]1C2,ester,Combi-Blocks,monoalcohol,256.421,False,,0,23.9198,-0.2046,4.5988,0,True,2,True,0,0,0,True,,17.88021188904137,2.8213892381671926,3.5477529968984696,621.8758892463418,20.76803111791394,3.9253006201836222,5.327849023760293,0.0,6.0,,gc_formula_si,"Si monomer: HSP NOT reliable (Si groups fitted on 51 HSPiP Si compounds, only 7 measured, all much smaller than the monomers)",0.0,17.88021188904137,17.88021188904137,2.8213892381671926,2.8213892381671926,3.5477529968984696,3.5477529968984696
C[Si](C)(c1ccc(Cc2ccccc2)cc1)c1ccccc1CO,C[Si](C)(c1ccc(Cc2ccccc2)cc1)c1ccccc1COC(=O)[C@@H]1[C@H](C(=O)OCc2ccccc2[Si](C)(C)c2ccc(Cc3ccccc3)cc2)[C@@H]2C=C[C@@H]1C2,ester,Combi-Blocks,monoalcohol,332.519,False,,0,26.56,-1.0506,4.9852,0,True,2,True,0,0,0,True,,18.451976437244582,2.495645075080992,3.341109096512463,750.4689270057393,22.74601060277042,4.098658192017481,6.00134609577074,0.0,6.0,,gc_formula_si,"Si monomer: HSP NOT reliable (Si groups fitted on 51 HSPiP Si compounds, only 7 measured, all much smaller than the monomers)",0.0,18.451976437244582,18.451976437244582,2.495645075080992,2.495645075080992,3.341109096512463,3.341109096512463
CC(C)(C)[Si](C)(C)OCC1(CO)CCCC1,CC(C)(C)[Si](C)(C)OCC1(COC(=O)[C@@H]2[C@H](C(=O)OCC3(CO[Si](C)(C)C(C)(C)C)CCCC3)[C@@H]3C=C[C@@H]2C3)CCCC1,ester,Combi-Blocks,monoalcohol,244.451,False,,0,16.9482,3.5646,5.875,0,True,2,True,0,0,0,True,,15.842263652559394,2.912535656179599,2.7141662075033746,645.6395419990391,13.881851743631563,3.6454902631343122,2.1994375856603625,0.0,8.0,,gc_formula_si,"Si monomer: HSP NOT reliable (Si groups fitted on 51 HSPiP Si compounds, only 7 measured, all much smaller than the monomers)",0.0,15.842263652559394,15.842263652559394,2.912535656179599,2.912535656179599,2.7141662075033746,2.7141662075033746
COc1cc(C#C[Si](C)(C)C)c(O)c(Cl)n1,COc1cc(C#C[Si](C)(C)C)c(OC(=O)[C@@H]2[C@H](C(=O)Oc3c(C#C[Si](C)(C)C)cc(OC)nc3Cl)[C@@H]3C=C[C@@H]2C3)c(Cl)n1,ester,Oakwood Products,monoalcohol,255.777,False,,0,21.1935,8.0342,4.9762,2,True,2,True,0,0,0,True,,17.158991459675892,5.841258315668288,5.599059050676428,597.1943810553587,18.757606612708763,6.742235806124172,6.840115034751745,0.0,10.0,,gc_formula_si,"Si monomer: HSP NOT reliable (Si groups fitted on 51 HSPiP Si compounds, only 7 measured, all much smaller than the monomers)",0.0,17.158991459675892,17.158991459675892,5.841258315668288,5.841258315668288,5.599059050676428,5.599059050676428
COC(=O)c1cc(C#C[Si](C)(C)C)c(N)c(OCc2ccccc2)c1,COC(=O)c1cc(C#C[Si](C)(C)C)c(NC(=O)[C@@H]2[C@H](C(=O)Nc3c(C#C[Si](C)(C)C)cc(C(=O)OC)cc3OCc3ccccc3)[C@@H]3C=C[C@@H]2C3)c(OCc2ccccc2)c1,amide,Oakwood Products,monoamine,353.494,False,,0,23.165,10.7896,4.5604,2,True,2,True,0,0,0,True,,18.376283242160888,7.3301053709992825,5.766579595267667,739.2273825015583,21.219934812704114,4.6802379939650605,10.542455805124911,0.0,10.0,,gc_formula_si,"Si monomer: HSP NOT reliable (Si groups fitted on 51 HSPiP Si compounds, only 7 measured, all much smaller than the monomers)",0.0,18.376283242160888,18.376283242160888,7.3301053709992825,7.3301053709992825,5.766579595267667,5.766579595267667
COC(=O)c1cc(C#C[Si](C)(C)C)ccc1O,COC(=O)c1cc(C#C[Si](C)(C)C)ccc1OC(=O)[C@@H]1[C@H](C(=O)Oc2ccc(C#C[Si](C)(C)C)cc2C(=O)OC)[C@@H]2C=C[C@@H]1C2,ester,Oakwood Products,monoalcohol,248.354,False,,0,19.9284,12.7692,5.3766,0,True,2,True,0,0,0,True,,16.9865444026501,5.545058726557939,4.1074780332532645,594.4799345749176,16.755763534859803,10.449916464645428,7.977868985876753,0.0,8.0,,gc_formula_si,"Si monomer: HSP NOT reliable (Si groups fitted on 51 HSPiP Si compounds, only 7 measured, all much smaller than the monomers)",0.0,16.9865444026501,16.9865444026501,5.545058726557939,5.545058726557939,4.1074780332532645,4.1074780332532645
CC[C@H]1OC(=O)[C@H](C)[C@@H](O[C@H]2C[C@@](C)(OC)[C@@H](O[Si](C)(C)C)[C@H](C)O2)[C@H](C)[C@@H](O[C@@H]2O[C@H](C)C[C@H](N(C)C)[C@H]2O[Si](C)(C)C)[C@](C)(OC)C[C@@H](C)/C(=N\OC(C)(C)OC)[C@H](C)[C@@H](O)[C@]1(C)O,CC[C@H]1OC(=O)[C@H](C)[C@@H](O[C@H]2C[C@@](C)(OC)[C@@H](O[Si](C)(C)C)[C@H](C)O2)[C@H](C)[C@@H](O[C@@H]2O[C@H](C)C[C@H](N(C)C)[C@H]2O[Si](C)(C)C)[C@](C)(OC)C[C@@H](C)/C(=N\OC(C)(C)OC)[C@H](C)[C@@H](OC(=O)[C@@H]2[C@H](C(=O)O[C@@H]3[C@@H](C)/C(=N/OC(C)(C)OC)[C@H](C)C[C@@](C)(OC)[C@H](O[C@@H]4O[C@H](C)C[C@H](N(C)C)[C@H]4O[Si](C)(C)C)[C@@H](C)[C@H](O[C@H]4C[C@@](C)(OC)[C@@H](O[Si](C)(C)C)[C@H](C)O4)[C@@H](C)C(=O)O[C@H](CC)[C@@]3(C)O)[C@@H]3C=C[C@@H]2C3)[C@]1(C)O,ester,Oakwood Products,"diol,monoamine",979.452,False,,0,18.4531,21.043,10.7604,0,True,4,True,0,2,2,True,,15.852034340864734,4.780542319109642,3.4890299134845,2177.0800849177817,0.0,20.012778002553777,11.018561499610195,0.0,20.0,,gc_formula_si,"Si monomer: HSP NOT reliable (Si groups fitted on 51 HSPiP Si compounds, only 7 measured, all much smaller than the monomers)",0.0,15.852034340864734,15.852034340864734,4.780542319109642,4.780542319109642,3.4890299134845,3.4890299134845
C[Si](C)(C)Nc1ncnc2c1ncn2[Si](C)(C)C,C[Si](C)(C)N(C(=O)[C@@H]1[C@H](C(=O)N(c2ncnc3c2ncn3[Si](C)(C)C)[Si](C)(C)C)[C@@H]2C=C[C@@H]1C2)c1ncnc2c1ncn2[Si](C)(C)C,amide,Oakwood Products,monoamine,279.496,False,,0,16.3089,-5.2244,5.6556,10,True,4,True,0,0,0,True,,16.86457823726255,7.1377964648976295,4.666033330262867,671.0682907979799,17.828275653773428,5.824292769867539,9.345497586515453,0.0,30.0,,gc_formula_si,"Si monomer: HSP NOT reliable (Si groups fitted on 51 HSPiP Si compounds, only 7 measured, all much smaller than the monomers)",0.0,16.86457823726255,16.86457823726255,7.1377964648976295,7.1377964648976295,4.666033330262867,4.666033330262867
C[Si](C)(C)Nc1ccccc1,C[Si](C)(C)N(C(=O)[C@@H]1[C@H](C(=O)N(c2ccccc2)[Si](C)(C)C)[C@@H]2C=C[C@@H]1C2)c1ccccc1,amide,Oakwood Products,monoamine,165.312,False,,0,17.472,-2.8162,5.3694,2,True,2,True,0,0,0,True,,17.280860171276295,4.66931110688905,3.193738897899135,469.41183322090797,18.6120263032805,2.3213641569664496,5.725195264812592,0.0,12.0,,gc_formula_si,"Si monomer: HSP NOT reliable (Si groups fitted on 51 HSPiP Si compounds, only 7 measured, all much smaller than the monomers)",0.0,17.280860171276295,17.280860171276295,4.66931110688905,4.66931110688905,3.193738897899135,3.193738897899135
CC[Si](C#CCCCO)(CC)CC,CC[Si](C#CCCCOC(=O)[C@@H]1[C@H](C(=O)OCCCC#C[Si](CC)(CC)CC)[C@@H]2C=C[C@@H]1C2)(CC)CC,ester,Oakwood Products,monoalcohol,198.382,False,,0,16.3722,0.3604,3.3558,0,True,2,True,0,0,0,True,,15.834653653486919,3.342836283807591,3.9137855522429112,584.5895682575788,14.821018500507446,4.110382245933753,6.064404655248328,0.0,2.0,,gc_formula_si,"Si monomer: HSP NOT reliable (Si groups fitted on 51 HSPiP Si compounds, only 7 measured, all much smaller than the monomers)",0.0,15.834653653486919,15.834653653486919,3.342836283807591,3.342836283807591,3.9137855522429112,3.9137855522429112
CC(C)(C)[Si](C)(C)OC(CCCO)c1ccccc1,CC(C)(C)[Si](C)(C)OC(CCCOC(=O)[C@@H]1[C@H](C(=O)OCCCC(O[Si](C)(C)C(C)(C)C)c2ccccc2)[C@@H]2C=C[C@@H]1C2)c1ccccc1,ester,Oakwood Products,monoalcohol,280.484,False,,0,20.0834,-3.2468,6.1422,0,True,2,True,0,0,0,True,,16.56994793128842,2.966415655815204,2.7157289373851277,724.2398835378056,16.84899055932003,3.1494218161063188,2.5450115774737716,0.0,8.0,,gc_formula_si,"Si monomer: HSP NOT reliable (Si groups fitted on 51 HSPiP Si compounds, only 7 measured, all much smaller than the monomers)",0.0,16.56994793128842,16.56994793128842,2.966415655815204,2.966415655815204,2.7157289373851277,2.7157289373851277
CC(C)(C)[Si](C)(C)O[C@H]1CCC2C3CCC(=O)[C@](C)(CO)C3CC[C@@]21C,CC(C)(C)[Si](C)(C)O[C@H]1CCC2C3CCC(=O)[C@](C)(COC(=O)[C@@H]4[C@H](C(=O)OC[C@@]5(C)C(=O)CCC6C5CC[C@@]5(C)C6CC[C@@H]5O[Si](C)(C)C(C)(C)C)[C@@H]5C=C[C@@H]4C5)C3CC[C@@]21C,ester,Oakwood Products,monoalcohol,380.645,False,,0,18.5758,-7.2164,6.857,0,True,2,True,0,0,4,True,,16.610275976382777,4.45431528096241,2.842589466391821,922.943027823603,16.959057685260717,4.967464198582837,2.0778536294194376,0.0,8.0,,gc_formula_si,"Si monomer: HSP NOT reliable (Si groups fitted on 51 HSPiP Si compounds, only 7 measured, all much smaller than the monomers)",0.0,16.610275976382777,16.610275976382777,4.45431528096241,4.45431528096241,2.842589466391821,2.842589466391821
C[Si](C)(C)O[Si](C)(CCCN)O[Si](C)(C)C,C[Si](C)(C)O[Si](C)(CCCNC(=O)[C@@H]1[C@H](C(=O)NCCC[Si](C)(O[Si](C)(C)C)O[Si](C)(C)C)[C@@H]2C=C[C@@H]1C2)O[Si](C)(C)C,amide,Oakwood Products,monoamine,279.605,False,,0,12.088,12.5086,6.0598,0,True,6,True,2,0,0,True,,14.585787818792943,5.168929524951557,3.508720528857007,742.4193658626968,13.103238351419305,5.042314974061947,2.6192842735811483,0.0,24.0,,gc_formula_si,"Si monomer: HSP NOT reliable (Si groups fitted on 51 HSPiP Si compounds, only 7 measured, all much smaller than the monomers)",0.0,14.585787818792943,14.585787818792943,5.168929524951557,5.168929524951557,3.508720528857007,3.508720528857007
CCCC(O)C#C[Si](C)(C)C,CCCC(C#C[Si](C)(C)C)OC(=O)[C@@H]1[C@H](C(=O)OC(C#C[Si](C)(C)C)CCC)[C@@H]2C=C[C@@H]1C2,ester,Oakwood Products,monoalcohol,170.328,False,,0,14.187,-0.2444,4.6504,0,True,2,True,0,0,0,True,,15.518658707471326,3.7324501084469883,4.1249455152442005,541.4968326349218,13.14851885936722,6.14460152721235,5.498998608196509,0.0,8.0,,gc_formula_si,"Si monomer: HSP NOT reliable (Si groups fitted on 51 HSPiP Si compounds, only 7 measured, all much smaller than the monomers)",0.0,15.518658707471326,15.518658707471326,3.7324501084469883,3.7324501084469883,4.1249455152442005,4.1249455152442005
CCO[Si](CCCOc1ccc(C(=O)c2ccccc2)c(O)c1)(OCC)OCC,CCO[Si](CCCOc1ccc(C(=O)c2ccccc2)c(OC(=O)[C@@H]2[C@H](C(=O)Oc3cc(OCCC[Si](OCC)(OCC)OCC)ccc3C(=O)c3ccccc3)[C@@H]3C=C[C@@H]2C3)c1)(OCC)OCC,ester,Oakwood Products,monoalcohol,418.562,False,,0,23.1598,11.0274,5.7648,0,True,2,True,0,0,0,True,,17.37539441760071,5.447008854708476,4.49638465305693,901.2291069168548,20.749131141264872,7.644500139592583,8.315547429412698,0.0,8.0,,gc_formula_si,"Si monomer: HSP NOT reliable (Si groups fitted on 51 HSPiP Si compounds, only 7 measured, all much smaller than the monomers)",0.0,17.37539441760071,17.37539441760071,5.447008854708476,5.447008854708476,4.49638465305693,4.49638465305693
C[Si](C)(C)NN(c1ccccc1)c1ccccc1,C[Si](C)(C)N(C(=O)[C@@H]1[C@H](C(=O)N(N(c2ccccc2)c2ccccc2)[Si](C)(C)C)[C@@H]2C=C[C@@H]1C2)N(c1ccccc1)c1ccccc1,amide,Oakwood Products,monoamine,256.425,False,,0,23.2793,-4.3972,6.3744,2,True,2,True,0,0,0,True,,18.173815967354965,4.712006050134344,3.4067284148938763,610.8516772762163,21.47071329256372,4.075935441306569,7.0052002169718675,0.0,12.0,,gc_formula_si,"Si monomer: HSP NOT reliable (Si groups fitted on 51 HSPiP Si compounds, only 7 measured, all much smaller than the monomers)",0.0,18.173815967354965,18.173815967354965,4.712006050134344,4.712006050134344,3.4067284148938763,3.4067284148938763
C[C@@H](CO)O[Si](C)(C)C(C)(C)C,C[C@@H](COC(=O)[C@@H]1[C@H](C(=O)OC[C@H](C)O[Si](C)(C)C(C)(C)C)[C@@H]2C=C[C@@H]1C2)O[Si](C)(C)C(C)(C)C,ester,Oakwood Products,monoalcohol,190.359,False,,0,14.8169,5.0472,6.1996,0,True,2,True,0,0,0,True,,15.360080116966467,3.280237276898613,2.773498572033443,563.8050864900213,12.040631061775661,3.166809022292938,1.6879910436973615,0.0,8.0,,gc_formula_si,"Si monomer: HSP NOT reliable (Si groups fitted on 51 HSPiP Si compounds, only 7 measured, all much smaller than the monomers)",0.0,15.360080116966467,15.360080116966467,3.280237276898613,3.280237276898613,2.773498572033443,2.773498572033443
CC(C)(C)[Si](C)(C)OC1CCC(CO)(CO)CC1,CC(C)(C)[Si](C)(C)OC1CCC(CO)(COC(=O)[C@@H]2[C@H](C(=O)OCC3(CO)CCC(O[Si](C)(C)C(C)(C)C)CC3)[C@@H]3C=C[C@@H]2C3)CC1,ester,Oakwood Products,diol,274.477,False,,0,18.6674,4.03,13.1875,0,True,2,True,0,0,2,True,,16.17583992511015,4.234987755343541,7.440899806793771,688.3478550352627,14.872257042170027,6.62653983905533,4.295572366044746,0.0,8.0,,gc_formula_si,"Si monomer: HSP NOT reliable (Si groups fitted on 51 HSPiP Si compounds, only 7 measured, all much smaller than the monomers)",0.0,16.17583992511015,16.17583992511015,4.234987755343541,4.234987755343541,7.440899806793771,7.440899806793771
CCO[Si](CCCN)(C(C)C)C(C)C,CCO[Si](CCCNC(=O)[C@@H]1[C@H](C(=O)NCCC[Si](OCC)(C(C)C)C(C)C)[C@@H]2C=C[C@@H]1C2)(C(C)C)C(C)C,amide,Oakwood Products,monoamine,217.429,False,,0,12.2912,-1.4054,4.7507,0,True,2,True,2,0,0,True,,15.91344001182827,5.70036250050755,3.7158429394830113,614.8060059819672,14.702342568133696,5.3408453889335785,2.8757880491260526,0.0,4.0,,gc_formula_si,"Si monomer: HSP NOT reliable (Si groups fitted on 51 HSPiP Si compounds, only 7 measured, all much smaller than the monomers)",0.0,15.91344001182827,15.91344001182827,5.70036250050755,5.70036250050755,3.7158429394830113,3.7158429394830113
CCOC(C)(C)O/N=C1\[C@H](C)C[C@@](C)(OC)[C@H](O[C@@H]2O[C@H](C)C[C@H](N(C)C)[C@H]2O[Si](C)(C)C)[C@@H](C)[C@H](O[C@H]2C[C@@](C)(OC)[C@@H](O[Si](C)(C)C)[C@H](C)O2)[C@@H](C)C(=O)O[C@H](CC)[C@@](C)(O)[C@H](O)[C@H]1C,CCOC(C)(C)O/N=C1\[C@H](C)C[C@@](C)(OC)[C@H](O[C@@H]2O[C@H](C)C[C@H](N(C)C)[C@H]2O[Si](C)(C)C)[C@@H](C)[C@H](O[C@H]2C[C@@](C)(OC)[C@@H](O[Si](C)(C)C)[C@H](C)O2)[C@@H](C)C(=O)O[C@H](CC)[C@@](C)(O)[C@H](OC(=O)[C@@H]2[C@H](C(=O)O[C@@H]3[C@@H](C)/C(=N/OC(C)(C)OCC)[C@H](C)C[C@@](C)(OC)[C@H](O[C@@H]4O[C@H](C)C[C@H](N(C)C)[C@H]4O[Si](C)(C)C)[C@@H](C)[C@H](O[C@H]4C[C@@](C)(OC)[C@@H](O[Si](C)(C)C)[C@H](C)O4)[C@@H](C)C(=O)O[C@H](CC)[C@@]3(C)O)[C@@H]3C=C[C@@H]2C3)[C@H]1C,ester,Oakwood Products,"diol,monoamine",993.479,False,,0,17.9011,19.3628,11.3584,0,True,4,True,0,2,2,True,,15.832662422021185,4.767864766311276,3.4307244181312178,2212.51384113571,0.0,20.157921787025025,11.225191382073668,0.0,20.0,,gc_formula_si,"Si monomer: HSP NOT reliable (Si groups fitted on 51 HSPiP Si compounds, only 7 measured, all much smaller than the monomers)",0.0,15.832662422021185,15.832662422021185,4.767864766311276,4.767864766311276,3.4307244181312178,3.4307244181312178
CO[Si](OC)(OC)c1cccc(N)c1,CO[Si](OC)(OC)c1cccc(NC(=O)[C@@H]2[C@H](C(=O)Nc3cccc([Si](OC)(OC)OC)c3)[C@@H]3C=C[C@@H]2C3)c1,amide,Oakwood Products,monoamine,213.309,False,,0,21.43,10.5462,9.9203,2,True,2,True,0,0,0,True,,17.781870175258387,7.24568433068174,6.1193620749937745,487.55429502964483,18.886883461010385,8.142920441726627,3.5951699910355517,0.0,10.0,,gc_formula_si,"Si monomer: HSP NOT reliable (Si groups fitted on 51 HSPiP Si compounds, only 7 measured, all much smaller than the monomers)",0.0,17.781870175258387,17.781870175258387,7.24568433068174,7.24568433068174,6.1193620749937745,6.1193620749937745
C=CCc1cc(C(CO[Si](C)(C)C(C)(C)C)CC(C)C)ccc1O,C=CCc1cc(C(CO[Si](C)(C)C(C)(C)C)CC(C)C)ccc1OC(=O)[C@@H]1[C@H](C(=O)Oc2ccc(C(CO[Si](C)(C)C(C)(C)C)CC(C)C)cc2CC=C)[C@@H]2C=C[C@@H]1C2,ester,Oakwood Products,monoalcohol,348.603,False,,0,17.9303,-2.5384,6.7674,4,True,2,True,0,0,0,True,,16.121665688346503,2.489669676946045,2.485603451577762,902.7132869027478,12.969987454234207,3.4920760340750796,3.5869246590285107,0.0,12.0,,gc_formula_si,"Si monomer: HSP NOT reliable (Si groups fitted on 51 HSPiP Si compounds, only 7 measured, all much smaller than the monomers)",0.0,16.121665688346503,16.121665688346503,2.489669676946045,2.489669676946045,2.485603451577762,2.485603451577762
CCNCC(C)C[Si](OC)(OC)OC,CCN(CC(C)C[Si](OC)(OC)OC)C(=O)[C@@H]1[C@H](C(=O)N(CC)CC(C)C[Si](OC)(OC)OC)[C@@H]2C=C[C@@H]1C2,amide,Oakwood Products,monoamine,221.373,False,,0,19.0636,9.289,10.3935,0,True,2,True,0,0,0,True,,15.880307775465834,5.604504994202948,3.609370380239392,576.77525748752,14.096984709375091,3.525267749138103,2.4175774718041048,0.0,8.0,,gc_formula_si,"Si monomer: HSP NOT reliable (Si groups fitted on 51 HSPiP Si compounds, only 7 measured, all much smaller than the monomers)",0.0,15.880307775465834,15.880307775465834,5.604504994202948,5.604504994202948,3.609370380239392,3.609370380239392
CO[Si](CCC(C)(C)CN)(OC)OC,CO[Si](CCC(C)(C)CNC(=O)[C@@H]1[C@H](C(=O)NCC(C)(C)CC[Si](OC)(OC)OC)[C@@H]2C=C[C@@H]1C2)(OC)OC,amide,Oakwood Products,monoamine,221.373,False,,0,16.7895,7.537,12.1819,0,True,2,True,2,0,0,True,,16.162171387085852,6.307100169341946,4.213818397281314,564.6006895096905,14.834154600792399,7.437165315604461,2.0448772503277763,0.0,8.0,,gc_formula_si,"Si monomer: HSP NOT reliable (Si groups fitted on 51 HSPiP Si compounds, only 7 measured, all much smaller than the monomers)",0.0,16.162171387085852,16.162171387085852,6.307100169341946,6.307100169341946,4.213818397281314,4.213818397281314
C[C@@H](CO)C(C)(C)O[Si](C)(C)C(C)(C)C,C[C@@H](COC(=O)[C@@H]1[C@H](C(=O)OC[C@H](C)C(C)(C)O[Si](C)(C)C(C)(C)C)[C@@H]2C=C[C@@H]1C2)C(C)(C)O[Si](C)(C)C(C)(C)C,ester,Matrix Scientific,monoalcohol,232.44,False,,0,13.4009,7.579,8.4862,0,True,2,True,0,0,0,True,,15.295537987784872,2.4722994350875687,2.4209096152334504,663.2329773426337,10.461940449080291,2.072836789960347,0.6602987334434649,0.0,8.0,,gc_formula_si,"Si monomer: HSP NOT reliable (Si groups fitted on 51 HSPiP Si compounds, only 7 measured, all much smaller than the monomers)",0.0,15.295537987784872,15.295537987784872,2.4722994350875687,2.4722994350875687,2.4209096152334504,2.4209096152334504
CC(C)(C)[Si](C)(C)Oc1ccc(N)c([N+](=O)[O-])c1,CC(C)(C)[Si](C)(C)Oc1ccc(NC(=O)[C@@H]2[C@H](C(=O)Nc3ccc(O[Si](C)(C)C(C)(C)C)cc3[N+](=O)[O-])[C@@H]3C=C[C@@H]2C3)c([N+](=O)[O-])c1,amide,Matrix Scientific,monoamine,268.389,False,,0,18.929,-4.189,5.3282,10,True,2,True,0,0,0,True,,17.532978655202086,8.418413800560055,6.158596351270434,579.7691991685629,17.566324081689366,11.681630134148364,0.0,0.0,18.0,,gc_formula_si,"Si monomer: HSP NOT reliable (Si groups fitted on 51 HSPiP Si compounds, only 7 measured, all much smaller than the monomers)",0.0,17.532978655202086,17.532978655202086,8.418413800560055,8.418413800560055,6.158596351270434,6.158596351270434
CC(C)(C)[Si](C)(C)OCc1ccccc1CO,CC(C)(C)[Si](C)(C)OCc1ccccc1COC(=O)[C@@H]1[C@H](C(=O)OCc2ccccc2CO[Si](C)(C)C(C)(C)C)[C@@H]2C=C[C@@H]1C2,ester,Matrix Scientific,monoalcohol,252.43,False,,0,19.7009,5.2098,6.8014,0,True,2,True,0,0,0,True,,16.613256409673898,2.9519134425803024,3.0545060167317044,642.5857160891551,16.2516598572314,3.9944190417266117,3.3519927188699463,0.0,8.0,,gc_formula_si,"Si monomer: HSP NOT reliable (Si groups fitted on 51 HSPiP Si compounds, only 7 measured, all much smaller than the monomers)",0.0,16.613256409673898,16.613256409673898,2.9519134425803024,2.9519134425803024,3.0545060167317044,3.0545060167317044
CC(C)(C)[Si](C)(C)OCCOc1ccc(N)cc1,CC(C)(C)[Si](C)(C)OCCOc1ccc(NC(=O)[C@@H]2[C@H](C(=O)Nc3ccc(OCCO[Si](C)(C)C(C)(C)C)cc3)[C@@H]3C=C[C@@H]2C3)cc1,amide,Matrix Scientific,monoamine,267.445,False,,0,18.3892,3.2504,5.9468,2,True,2,True,0,0,0,True,,17.096312437519074,6.545344286887521,5.598287548236213,652.2258223050434,18.376117617672296,5.4501213276913925,5.097971391042818,0.0,10.0,,gc_formula_si,"Si monomer: HSP NOT reliable (Si groups fitted on 51 HSPiP Si compounds, only 7 measured, all much smaller than the monomers)",0.0,17.096312437519074,17.096312437519074,6.545344286887521,6.545344286887521,5.598287548236213,5.598287548236213
CC(C)(C)[Si](OCCOCCOCCOCCOCCOCCO)(c1ccccc1)c1ccccc1,CC(C)(C)[Si](OCCOCCOCCOCCOCCOCCOC(=O)[C@@H]1[C@H](C(=O)OCCOCCOCCOCCOCCOCCO[Si](c2ccccc2)(c2ccccc2)C(C)(C)C)[C@@H]2C=C[C@@H]1C2)(c1ccccc1)c1ccccc1,ester,Matrix Scientific,monoalcohol,520.739,False,,0,24.7048,9.8532,6.068,0,True,2,True,0,0,0,True,,17.114113514240287,4.3954871035701695,4.46603745397289,1100.7045680362876,20.460783622478612,14.482969982798982,16.702683580098192,0.0,4.0,,gc_formula_si,"Si monomer: HSP NOT reliable (Si groups fitted on 51 HSPiP Si compounds, only 7 measured, all much smaller than the monomers)",0.0,17.114113514240287,17.114113514240287,4.3954871035701695,4.3954871035701695,4.46603745397289,4.46603745397289
CC(C)(C)[Si](C)(C)OCCOCCOCCOCCOCCOCCO,CC(C)(C)[Si](C)(C)OCCOCCOCCOCCOCCOCCOC(=O)[C@@H]1[C@H](C(=O)OCCOCCOCCOCCOCCOCCO[Si](C)(C)C(C)(C)C)[C@@H]2C=C[C@@H]1C2,ester,Matrix Scientific,monoalcohol,396.597,False,,0,16.4784,11.7532,5.254,0,True,2,True,0,0,0,True,,15.756496136513594,4.787796292619676,4.659404144441282,913.7020091204158,11.777137988693378,15.518197542748021,14.383660201016884,0.0,8.0,,gc_formula_si,"Si monomer: HSP NOT reliable (Si groups fitted on 51 HSPiP Si compounds, only 7 measured, all much smaller than the monomers)",0.0,15.756496136513594,15.756496136513594,4.787796292619676,4.787796292619676,4.659404144441282,4.659404144441282
Cc1c(N)cccc1CO[Si](C)(C)C(C)(C)C,Cc1c(CO[Si](C)(C)C(C)(C)C)cccc1NC(=O)[C@@H]1[C@H](C(=O)Nc2cccc(CO[Si](C)(C)C(C)(C)C)c2C)[C@@H]2C=C[C@@H]1C2,amide,Matrix Scientific,monoamine,251.446,False,,0,17.6988,-5.4366,5.1016,2,True,2,True,0,0,0,True,,17.05815645262911,5.964819193195979,4.837758574912616,639.0552017283412,17.543809766665955,4.390397198968337,3.1481297442489264,0.0,10.0,,gc_formula_si,"Si monomer: HSP NOT reliable (Si groups fitted on 51 HSPiP Si compounds, only 7 measured, all much smaller than the monomers)",0.0,17.05815645262911,17.05815645262911,5.964819193195979,5.964819193195979,4.837758574912616,4.837758574912616
CC(C)(C)[Si](OCC1(CO)CCOCC1)(c1ccccc1)c1ccccc1,CC(C)(C)[Si](OCC1(COC(=O)[C@@H]2[C@H](C(=O)OCC3(CO[Si](c4ccccc4)(c4ccccc4)C(C)(C)C)CCOCC3)[C@@H]3C=C[C@@H]2C3)CCOCC1)(c1ccccc1)c1ccccc1,ester,Matrix Scientific,monoalcohol,384.592,False,,0,26.034,7.2728,6.5324,0,True,2,True,0,0,0,True,,17.652165304663963,3.42458670276061,3.5213830280477767,846.886547511778,21.777290500481104,5.466005752673676,7.03147644692273,0.0,4.0,,gc_formula_si,"Si monomer: HSP NOT reliable (Si groups fitted on 51 HSPiP Si compounds, only 7 measured, all much smaller than the monomers)",0.0,17.652165304663963,17.652165304663963,3.42458670276061,3.42458670276061,3.5213830280477767,3.5213830280477767
CC(C)NCCO[Si](C)(C)C(C)(C)C,CC(C)N(CCO[Si](C)(C)C(C)(C)C)C(=O)[C@@H]1[C@H](C(=O)N(CCO[Si](C)(C)C(C)(C)C)C(C)C)[C@@H]2C=C[C@@H]1C2,amide,Matrix Scientific,monoamine,217.429,False,,0,14.5221,-5.4484,6.8014,0,True,2,True,0,0,0,True,,15.42388620816487,4.970979847877317,2.690706103358716,626.2830968812343,11.976979129957035,3.2494579786766185,2.619441704369483,0.0,8.0,,gc_formula_si,"Si monomer: HSP NOT reliable (Si groups fitted on 51 HSPiP Si compounds, only 7 measured, all much smaller than the monomers)",0.0,15.42388620816487,15.42388620816487,4.970979847877317,4.970979847877317,2.690706103358716,2.690706103358716
CCCNCCO[Si](C)(C)C(C)(C)C,CCCN(CCO[Si](C)(C)C(C)(C)C)C(=O)[C@@H]1[C@H](C(=O)N(CCC)CCO[Si](C)(C)C(C)(C)C)[C@@H]2C=C[C@@H]1C2,amide,Matrix Scientific,monoamine,217.429,False,,0,15.1619,-6.316,5.4618,0,True,2,True,0,0,0,True,,15.552779035821452,5.021712017441158,2.784751046235415,623.9603455029022,12.784863410575761,3.3079814290248097,2.789116005742147,0.0,8.0,,gc_formula_si,"Si monomer: HSP NOT reliable (Si groups fitted on 51 HSPiP Si compounds, only 7 measured, all much smaller than the monomers)",0.0,15.552779035821452,15.552779035821452,5.021712017441158,5.021712017441158,2.784751046235415,2.784751046235415
CC(C)(C)[Si](OCC1CCC(CO)CC1)(c1ccccc1)c1ccccc1,CC(C)(C)[Si](OCC1CCC(COC(=O)[C@@H]2[C@H](C(=O)OCC3CCC(CO[Si](c4ccccc4)(c4ccccc4)C(C)(C)C)CC3)[C@@H]3C=C[C@@H]2C3)CC1)(c1ccccc1)c1ccccc1,ester,Matrix Scientific,monoalcohol,382.62,False,,0,25.3032,-1.8616,6.8546,0,True,2,True,0,0,2,True,,17.56662811500823,2.591882837291277,2.8534301231211114,868.3155505644058,21.532928384889964,1.947526064751139,4.073285957023311,0.0,4.0,,gc_formula_si,"Si monomer: HSP NOT reliable (Si groups fitted on 51 HSPiP Si compounds, only 7 measured, all much smaller than the monomers)",0.0,17.56662811500823,17.56662811500823,2.591882837291277,2.591882837291277,2.8534301231211114,2.8534301231211114
CC(C)(C)[Si](OCCCCO)(c1ccccc1)c1ccccc1,CC(C)(C)[Si](OCCCCOC(=O)[C@@H]1[C@H](C(=O)OCCCCO[Si](c2ccccc2)(c2ccccc2)C(C)(C)C)[C@@H]2C=C[C@@H]1C2)(c1ccccc1)c1ccccc1,ester,Matrix Scientific,monoalcohol,328.528,False,,0,24.0713,3.6058,6.7646,0,True,2,True,0,0,0,True,,17.46532212488307,2.8218480558036587,3.1337693227565477,767.9747608503815,20.891673720144038,2.580329143419334,4.83326667548323,0.0,4.0,,gc_formula_si,"Si monomer: HSP NOT reliable (Si groups fitted on 51 HSPiP Si compounds, only 7 measured, all much smaller than the monomers)",0.0,17.46532212488307,17.46532212488307,2.8218480558036587,2.8218480558036587,3.1337693227565477,3.1337693227565477
C[C@H](N)CO[Si](c1ccccc1)(c1ccccc1)C(C)(C)C,C[C@@H](CO[Si](c1ccccc1)(c1ccccc1)C(C)(C)C)NC(=O)[C@@H]1[C@H](C(=O)N[C@@H](C)CO[Si](c2ccccc2)(c2ccccc2)C(C)(C)C)[C@@H]2C=C[C@@H]1C2,amide,Matrix Scientific,monoamine,313.517,False,,0,22.2013,-4.5232,7.2496,0,True,2,True,2,0,0,True,,17.700901001842404,5.297625411692916,3.634563225289122,738.2704371955632,21.285275340679746,2.0001254433686033,4.681020086792234,0.0,4.0,,gc_formula_si,"Si monomer: HSP NOT reliable (Si groups fitted on 51 HSPiP Si compounds, only 7 measured, all much smaller than the monomers)",0.0,17.700901001842404,17.700901001842404,5.297625411692916,5.297625411692916,3.634563225289122,3.634563225289122
CC(C)(C)[Si](C)(C)OCC(CO)NC(=O)OCc1ccccc1,CC(C)(C)[Si](C)(C)OCC(COC(=O)[C@@H]1[C@H](C(=O)OCC(CO[Si](C)(C)C(C)(C)C)NC(=O)OCc2ccccc2)[C@@H]2C=C[C@@H]1C2)NC(=O)OCc1ccccc1,ester,Matrix Scientific,monoalcohol,339.508,False,,0,20.1846,10.2646,3.4031,0,True,2,True,2,0,0,True,,16.966127073067437,4.942488961238281,4.733705796925294,761.0685168367327,17.824619854796914,7.152129297510829,5.373645064270734,0.0,8.0,,gc_formula_si,"Si monomer: HSP NOT reliable (Si groups fitted on 51 HSPiP Si compounds, only 7 measured, all much smaller than the monomers)",0.0,16.966127073067437,16.966127073067437,4.942488961238281,4.942488961238281,4.733705796925294,4.733705796925294
