sidechain_smiles,monomer_smiles,linkage,source,compound_type,molecular_weight,delta_D,delta_P,delta_H,n_unmatched_atoms,has_si,n_si_atoms,used_2nd_order,n_unavail_d,n_unavail_p,n_unavail_hb,approx_ring_correction,hsp_error,D,P,H,V_formula,SPrefit_D,SPrefit_P,SPrefit_H,n_pooled_atoms,n_groups_new,expected_Ra_err,hsp_source,hsp_note,Ra_Water,Ra_Water_legacy,Ra_Diiodomethane,Ra_Diiodomethane_legacy,Ra_n-Hexadecane,Ra_n-Hexadecane_legacy,Ra_PTFE,Ra_PTFE_legacy
CC(C)(C)[Si](C)(C)OCC(O)CO[Si](C)(C)C(C)(C)C,CC(C)(C)[Si](C)(C)OCC(CO[Si](C)(C)C(C)(C)C)OC(=O)[C@@H]1[C@H](C(=O)OC(CO[Si](C)(C)C(C)(C)C)CO[Si](C)(C)C(C)(C)C)[C@@H]2C=C[C@@H]1C2,ester,Ambeed,monoalcohol,320.622,9.7937,-9.1204,10.0894,0,True,4,True,0,2,0,True,,14.718719123544862,2.8041530720026064,2.1951248218054182,866.4246624827987,0.0,3.548947162427,1.172284625834161,0.0,16.0,,gc_formula_si,"Si monomer: HSP NOT reliable (Si groups fitted on 67 HSPiP Si compounds, only 7 curated, all much smaller than the monomers)",42.2489406782864,42.41231763627166,7.078152851661272,21.142298060523128,4.762734957511163,18.823003141900607,5.383563414095804,14.79067298266039
CC(C)(C)[Si](C)(C)Oc1cc(O)cc(O[Si](C)(C)C(C)(C)C)c1,CC(C)(C)[Si](C)(C)Oc1cc(OC(=O)[C@@H]2[C@H](C(=O)Oc3cc(O[Si](C)(C)C(C)(C)C)cc(O[Si](C)(C)C(C)(C)C)c3)[C@@H]3C=C[C@@H]2C3)cc(O[Si](C)(C)C(C)(C)C)c1,ester,Combi-Blocks,monoalcohol,354.639,16.6788,-9.5804,10.2052,4,True,4,True,0,2,0,True,,15.334385912527548,2.3007141823041843,1.6707479830968957,910.8608836728707,0.0,3.7100671247778436,0.0,0.0,20.0,,gc_formula_si,"Si monomer: HSP NOT reliable (Si groups fitted on 67 HSPiP Si compounds, only 7 curated, all much smaller than the monomers)",42.877922798006715,41.10950411960718,6.444990104647944,14.452973706473003,3.4371975263838106,14.017993043228406,5.987039428312825,16.101353016439333
CC(C)(C)[Si](C)(C)OCC(N)(CO[Si](C)(C)C(C)(C)C)CO[Si](C)(C)C(C)(C)C,CC(C)(C)[Si](C)(C)OCC(CO[Si](C)(C)C(C)(C)C)(CO[Si](C)(C)C(C)(C)C)NC(=O)[C@@H]1[C@H](C(=O)NC(CO[Si](C)(C)C(C)(C)C)(CO[Si](C)(C)C(C)(C)C)CO[Si](C)(C)C(C)(C)C)[C@@H]2C=C[C@@H]1C2,amide,Ambeed,monoamine,463.928,-8.2797,-19.184,12.2248,0,True,6,True,2,2,0,True,,14.743450961548424,4.282454487449047,1.8406029259128547,1174.346561718164,0.0,3.22033034238245,0.0,0.0,24.0,,gc_formula_si,"Si monomer: HSP NOT reliable (Si groups fitted on 67 HSPiP Si compounds, only 7 curated, all much smaller than the monomers)",42.14917733749595,66.36511161295519,7.134944041731827,57.43428418114045,5.605231057179495,54.16750132136428,6.19919372958808,47.7290565525865
C[Si](C)(C)[Si](NC12CC3CC(CC(C3)C1)C2)([Si](C)(C)C)[Si](C)(C)C,C[Si](C)(C)[Si](N(C(=O)[C@@H]1[C@H](C(=O)N(C23CC4CC(CC(C4)C2)C3)[Si]([Si](C)(C)C)([Si](C)(C)C)[Si](C)(C)C)[C@@H]2C=C[C@@H]1C2)C12CC3CC(CC(C3)C1)C2)([Si](C)(C)C)[Si](C)(C)C,amide,Ambeed,monoamine,397.904,19.5318,-16.0946,8.0752,0,True,8,True,0,2,8,True,,15.227508896225414,3.1959991615395196,1.8791573174501746,1017.9682428385804,10.819669570750001,1.3325198461870693,2.338082575953969,0.0,28.0,,gc_formula_si,"Si monomer: HSP NOT reliable (Si groups fitted on 67 HSPiP Si compounds, only 7 curated, all much smaller than the monomers)",42.40382018456926,47.606952529646335,6.330636684277912,20.455126720702562,4.283292137479111,19.131730950439376,6.268879305448647,22.603959147901502
C[Si](C)(C)O[Si](CCCN)(O[Si](C)(C)C)O[Si](C)(C)C,C[Si](C)(C)O[Si](CCCNC(=O)[C@@H]1[C@H](C(=O)NCCC[Si](O[Si](C)(C)C)(O[Si](C)(C)C)O[Si](C)(C)C)[C@@H]2C=C[C@@H]1C2)(O[Si](C)(C)C)O[Si](C)(C)C,amide,Sigma-Aldrich,monoamine,353.76,12.3644,20.6662,7.9402,0,True,8,True,2,2,0,True,,14.190377830589348,4.726302945634298,3.2069620833998522,897.6626834096062,11.56400820406656,4.540355429193376,2.3277704223410165,0.0,32.0,,gc_formula_si,"Si monomer: HSP NOT reliable (Si groups fitted on 67 HSPiP Si compounds, only 7 curated, all much smaller than the monomers)",40.77036055431443,35.23772449974601,7.619598957198031,20.130648969171364,7.101025850463537,23.49668887141335,6.442627542387083,22.149246215616458
CC(C)(C)[Si](C)(C)OCCNCCO[Si](C)(C)C(C)(C)C,CC(C)(C)[Si](C)(C)OCCN(CCO[Si](C)(C)C(C)(C)C)C(=O)[C@@H]1[C@H](C(=O)N(CCO[Si](C)(C)C(C)(C)C)CCO[Si](C)(C)C(C)(C)C)[C@@H]2C=C[C@@H]1C2,amide,Ambeed,monoamine,333.665,12.8177,-12.6214,8.7704,0,True,4,True,0,2,0,True,,14.954606114728094,4.317725724972851,1.9160106532589058,885.388000024385,0.0,3.5298513942660525,1.7620993167637826,0.0,16.0,,gc_formula_si,"Si monomer: HSP NOT reliable (Si groups fitted on 67 HSPiP Si compounds, only 7 curated, all much smaller than the monomers)",42.05391712736195,44.409430837154396,6.738289090579951,19.568991473246648,5.43637665045406,16.87380535860243,6.530455358531379,15.371241565989392
CC(C)(CO)CO[Si](C)(C)C(C)(C)C,CC(C)(COC(=O)[C@@H]1[C@H](C(=O)OCC(C)(C)CO[Si](C)(C)C(C)(C)C)[C@@H]2C=C[C@@H]1C2)CO[Si](C)(C)C(C)(C)C,ester,Sigma-Aldrich,monoalcohol,218.413,13.9971,4.2344,8.2954,0,True,2,True,0,2,0,True,,15.293321831038444,2.9580831706520656,2.775944619770372,620.4317660730144,11.34481980758135,3.268428973216891,1.9463952701809124,0.0,8.0,,gc_formula_si,"Si monomer: HSP NOT reliable (Si groups fitted on 67 HSPiP Si compounds, only 7 curated, all much smaller than the monomers)",41.62227062217039,36.10785230611203,5.78285628378924,8.110134287420896,4.528766754866298,10.390245336853217,6.58463340315081,9.668178637158087
CC(C)(CCO)CCO[Si](C)(C)C(C)(C)C,CC(C)(CCOC(=O)[C@@H]1[C@H](C(=O)OCCC(C)(C)CCO[Si](C)(C)C(C)(C)C)[C@@H]2C=C[C@@H]1C2)CCO[Si](C)(C)C(C)(C)C,ester,Combi-Blocks,monoalcohol,246.467,14.067,-5.4006,7.831,0,True,2,True,0,2,0,True,,15.406887415818234,2.789115732955388,2.631500081583132,687.4112896777665,11.296215061088038,3.062924206692513,1.782142919723335,0.0,8.0,,gc_formula_si,"Si monomer: HSP NOT reliable (Si groups fitted on 67 HSPiP Si compounds, only 7 curated, all much smaller than the monomers)",41.81090801104441,40.67322949262819,5.689490926172687,12.152196400651201,4.230196166052661,10.508862800512718,6.634223178251678,9.89776729166735
C[Si](C)(C)NCCCCO[Si](C)(C)C,C[Si](C)(C)OCCCCN(C(=O)[C@@H]1[C@H](C(=O)N(CCCCO[Si](C)(C)C)[Si](C)(C)C)[C@@H]2C=C[C@@H]1C2)[Si](C)(C)C,amide,Sigma-Aldrich,monoamine,233.504,15.0684,3.2078,6.1462,0,True,4,True,0,2,0,True,,14.976400715908566,4.532491077440515,2.799707586307348,675.9381027959106,10.696576368811701,4.871075195347634,4.501058980810609,0.0,20.0,,gc_formula_si,"Si monomer: HSP NOT reliable (Si groups fitted on 67 HSPiP Si compounds, only 7 curated, all much smaller than the monomers)",41.144543824150134,38.359910707925266,6.291460541954833,5.544661353049436,5.948907311035719,7.357520609553195,7.007841237746538,8.396608215225957
CC(C)(C)[Si](C)(C)OCCO,CC(C)(C)[Si](C)(C)OCCOC(=O)[C@@H]1[C@H](C(=O)OCCO[Si](C)(C)C(C)(C)C)[C@@H]2C=C[C@@H]1C2,ester,Ambeed,monoalcohol,176.332,15.1591,6.7622,7.0994,0,True,2,True,0,2,0,True,,15.321094986452577,3.38100045999114,3.254804130587988,513.9926783297576,12.728008244060504,3.8210614698927525,2.6784956468594983,0.0,8.0,,gc_formula_si,"Si monomer: HSP NOT reliable (Si groups fitted on 67 HSPiP Si compounds, only 7 curated, all much smaller than the monomers)",41.03528357264005,36.39895658449566,5.467188059625934,6.216725861737833,5.085069728248184,10.06655057306126,7.036012347273155,10.968934334747383
CC(C)(C)[Si](C)(C)OCCCO,CC(C)(C)[Si](C)(C)OCCCOC(=O)[C@@H]1[C@H](C(=O)OCCCO[Si](C)(C)C(C)(C)C)[C@@H]2C=C[C@@H]1C2,ester,Sigma-Aldrich,monoalcohol,190.359,15.1904,6.134,6.8672,0,True,2,True,0,2,0,True,,15.390670327031637,3.264587035242195,3.1506734030096424,547.4824401321335,12.707416484001842,3.7183090866305637,2.5963694716307097,0.0,8.0,,gc_formula_si,"Si monomer: HSP NOT reliable (Si groups fitted on 67 HSPiP Si compounds, only 7 curated, all much smaller than the monomers)",41.16926436421112,36.78593046913453,5.398385220349875,5.839523994299537,4.887923201081088,9.471496211264618,7.038685860171482,10.468656097131094
CC(C)(C)[Si](C)(C)OCCCCO,CC(C)(C)[Si](C)(C)OCCCCOC(=O)[C@@H]1[C@H](C(=O)OCCCCO[Si](C)(C)C(C)(C)C)[C@@H]2C=C[C@@H]1C2,ester,Sigma-Aldrich,monoalcohol,204.386,15.2216,5.5058,6.635,0,True,2,True,0,2,0,True,,15.451963237887863,3.158019053944546,3.0555906504677766,580.9722019345096,12.686777109551054,3.615556703368375,2.514243296401921,0.0,8.0,,gc_formula_si,"Si monomer: HSP NOT reliable (Si groups fitted on 67 HSPiP Si compounds, only 7 curated, all much smaller than the monomers)",41.29224345969301,37.181050077694145,5.345912395214693,5.519003975356424,4.710242453194681,8.887566870634505,7.042934418198705,9.988539677049895
CC(C)(C)[Si](C)(C)OCCCCCO,CC(C)(C)[Si](C)(C)OCCCCCOC(=O)[C@@H]1[C@H](C(=O)OCCCCCO[Si](C)(C)C(C)(C)C)[C@@H]2C=C[C@@H]1C2,ester,Sigma-Aldrich,monoalcohol,218.413,15.2527,4.8776,6.4028,0,True,2,True,0,2,0,True,,15.506370805293777,3.0599425033938386,2.96830767322055,614.4619637368857,12.66608982199851,3.5128043201061856,2.4321171211731323,0.0,8.0,,gc_formula_si,"Si monomer: HSP NOT reliable (Si groups fitted on 67 HSPiP Si compounds, only 7 curated, all much smaller than the monomers)",41.40564299286457,37.58405750793812,5.306420843309833,5.265519799601935,4.549009536342647,8.317101584085648,7.04818891306108,9.531628337277951
CC(C)(C)[Si](C)(C)OCC1(O)CCC1,CC(C)(C)[Si](C)(C)OCC1(OC(=O)[C@@H]2[C@H](C(=O)OC3(CO[Si](C)(C)C(C)(C)C)CCC3)[C@@H]3C=C[C@@H]2C3)CCC1,ester,Combi-Blocks,monoalcohol,216.397,15.2527,4.8776,6.4028,0,True,2,True,0,2,0,True,,15.506370805293777,3.0599425033938386,2.96830767322055,614.4619637368857,12.66608982199851,3.5128043201061856,2.4321171211731323,0.0,8.0,,gc_formula_si,"Si monomer: HSP NOT reliable (Si groups fitted on 67 HSPiP Si compounds, only 7 curated, all much smaller than the monomers)",41.40564299286457,37.58405750793812,5.306420843309833,5.265519799601935,4.549009536342647,8.317101584085648,7.04818891306108,9.531628337277951
C=C(CO)CO[Si](C)(C)C(C)(C)C,C=C(COC(=O)[C@@H]1[C@H](C(=O)OCC(=C)CO[Si](C)(C)C(C)(C)C)[C@@H]2C=C[C@@H]1C2)CO[Si](C)(C)C(C)(C)C,ester,Ambeed,monoalcohol,202.37,13.4608,-0.5454,7.5864,0,True,2,True,0,2,0,True,,15.41540076820536,3.2296203361459668,3.135612032246975,572.4867844046062,11.945085370497027,4.322926379670457,3.869345713467025,0.0,8.0,,gc_formula_si,"Si monomer: HSP NOT reliable (Si groups fitted on 67 HSPiP Si compounds, only 7 curated, all much smaller than the monomers)",41.19418053278564,38.670630104512135,5.365164800904692,9.971422801185396,4.836586971820755,9.49184664225039,7.053801504174941,7.756686965451165
CC(C)(C)[Si](C)(C)OCCCCCCO,CC(C)(C)[Si](C)(C)OCCCCCCOC(=O)[C@@H]1[C@H](C(=O)OCCCCCCO[Si](C)(C)C(C)(C)C)[C@@H]2C=C[C@@H]1C2,ester,Ambeed,monoalcohol,232.44,15.2837,4.2494,6.1706,0,True,2,True,0,2,0,True,,15.554992386836764,2.969250980068523,2.8878049697943573,647.9517255392617,12.645354319567968,3.4100519368439963,2.3499909459443438,0.0,8.0,,gc_formula_si,"Si monomer: HSP NOT reliable (Si groups fitted on 67 HSPiP Si compounds, only 7 curated, all much smaller than the monomers)",41.510644824789836,37.99470078155636,5.277318764920122,5.0890910268927225,4.401819430745837,7.763064309922983,7.054062307762133,9.101413488024814
CC(C)(C)[Si](C)(C)OCCCCCCCO,CC(C)(C)[Si](C)(C)OCCCCCCCOC(=O)[C@@H]1[C@H](C(=O)OCCCCCCCO[Si](C)(C)C(C)(C)C)[C@@H]2C=C[C@@H]1C2,ester,Combi-Blocks,monoalcohol,246.467,15.3146,3.6212,5.9384,0,True,2,True,0,2,0,True,,15.598704965844455,2.8850302955618834,2.8132405205647593,681.4414873416378,12.624570297372765,3.3072995535818075,2.267864770715555,0.0,8.0,,gc_formula_si,"Si monomer: HSP NOT reliable (Si groups fitted on 67 HSPiP Si compounds, only 7 curated, all much smaller than the monomers)",41.60823927080101,38.41273404276243,5.256580572088074,4.997877213377696,4.266729535907131,7.229227942180271,7.060289225584359,8.701851334055302
CC(C)(C)[Si](C)(C)OCCCCCCCCO,CC(C)(C)[Si](C)(C)OCCCCCCCCOC(=O)[C@@H]1[C@H](C(=O)OCCCCCCCCO[Si](C)(C)C(C)(C)C)[C@@H]2C=C[C@@H]1C2,ester,Combi-Blocks,monoalcohol,260.494,15.3454,-3.6466,5.7062,0,True,2,True,0,2,0,True,,15.638216707069224,2.8065175195012384,2.743911928541116,714.9312491440137,12.60373744737117,3.2045471703196187,2.1857385954867663,0.0,8.0,,gc_formula_si,"Si monomer: HSP NOT reliable (Si groups fitted on 67 HSPiP Si compounds, only 7 curated, all much smaller than the monomers)",41.69926257037037,41.53541494483954,5.242609408984633,9.005217079004815,4.142151827983472,7.035869146025956,7.0666868424786236,8.593658978572515
CC(C)(C)[Si](C)(C)OCCCCCCCCCO,CC(C)(C)[Si](C)(C)OCCCCCCCCCOC(=O)[C@@H]1[C@H](C(=O)OCCCCCCCCCO[Si](C)(C)C(C)(C)C)[C@@H]2C=C[C@@H]1C2,ester,Combi-Blocks,monoalcohol,274.521,15.3761,-3.9188,5.474,0,True,2,True,0,2,0,True,,15.674105736718877,2.7330702124875446,2.6792279861818544,748.4210109463897,12.58285545832095,3.10179478705743,2.103612420257978,0.0,8.0,,gc_formula_si,"Si monomer: HSP NOT reliable (Si groups fitted on 67 HSPiP Si compounds, only 7 curated, all much smaller than the monomers)",41.784425952595946,41.86853561184102,5.234136562751292,9.19975403366851,4.026774131182387,6.981119844265676,7.073129089806247,8.600448492956632
CC(C)(C)[Si](C)(C)OCCCCCCCCCCO,CC(C)(C)[Si](C)(C)OCCCCCCCCCCOC(=O)[C@@H]1[C@H](C(=O)OCCCCCCCCCCO[Si](C)(C)C(C)(C)C)[C@@H]2C=C[C@@H]1C2,ester,Combi-Blocks,monoalcohol,288.548,15.4068,-4.191,5.2418,0,True,2,True,0,2,0,True,,15.706848696306318,2.6641429815305218,2.6186870143812424,781.9107727487658,12.561924015733073,2.99904240379524,2.0214862450291884,0.0,8.0,,gc_formula_si,"Si monomer: HSP NOT reliable (Si groups fitted on 67 HSPiP Si compounds, only 7 curated, all much smaller than the monomers)",41.86433838259422,42.20214939075971,5.230146901551982,9.404284831926349,3.919501675165013,6.944938675035223,7.079529351252336,8.622529396876534
C=C=C(C(O)(CCC)CCC)[Si](C)(C)C,C=C=C(C(CCC)(CCC)OC(=O)[C@@H]1[C@H](C(=O)OC(CCC)(CCC)C(=C=C)[Si](C)(C)C)[C@@H]2C=C[C@@H]1C2)[Si](C)(C)C,ester,Sigma-Aldrich,monoalcohol,226.436,11.3923,-0.5714,6.1706,0,True,2,True,0,4,0,True,,15.387009970320882,2.9137382724526675,3.65951096292158,700.4073906463553,10.823947722955985,5.367518708305249,3.8776973743208494,0.0,8.0,,gc_formula_si,"Si monomer: HSP NOT reliable (Si groups fitted on 67 HSPiP Si compounds, only 7 curated, all much smaller than the monomers)",40.79692030060204,40.58863929081634,5.258345331390268,13.58961366191107,5.021562942478426,11.607966207738546,7.124744313343042,6.726300579070191
C=C=C(C(C)(C)O)[Si](C)(C)C,C=C=C(C(C)(C)OC(=O)[C@@H]1[C@H](C(=O)OC(C)(C)C(=C=C)[Si](C)(C)C)[C@@H]2C=C[C@@H]1C2)[Si](C)(C)C,ester,Sigma-Aldrich,monoalcohol,170.328,11.2019,0.5174,7.0994,0,True,2,True,0,4,0,True,,15.13201274702822,3.284085323235808,4.078293608073714,566.4483434368511,10.926869896022565,5.778528241354005,4.206202075236004,0.0,8.0,,gc_formula_si,"Si monomer: HSP NOT reliable (Si groups fitted on 67 HSPiP Si compounds, only 7 curated, all much smaller than the monomers)",40.28814942449907,39.40415964793564,5.556367867769127,13.71640468781816,5.7336264315323175,12.435098614808007,7.146778237134462,7.723108024623246
CC(C)(C)[Si](C)(C)OC1CC(O)C1,CC(C)(C)[Si](C)(C)OC1CC(OC(=O)[C@@H]2[C@H](C(=O)OC3CC(O[Si](C)(C)C(C)(C)C)C3)[C@@H]3C=C[C@@H]2C3)C1,ester,Ambeed,monoalcohol,202.37,16.7833,7.0796,5.8216,0,True,2,True,0,2,0,True,,15.635239642430525,3.174812548250253,2.6373977469125283,573.270042265591,13.0726229963789,3.3525361452133655,1.9208068500579674,0.0,8.0,,gc_formula_si,"Si monomer: HSP NOT reliable (Si groups fitted on 67 HSPiP Si compounds, only 7 curated, all much smaller than the monomers)",41.685496395061406,37.640863941732256,5.240719237125192,3.787875166897664,4.336234186933419,9.216619677517349,7.176198758808821,12.276201296818167
CC(C)(C)C1CCC(CO)([Si](C)(C)C)CC1,CC(C)(C)C1CCC(COC(=O)[C@@H]2[C@H](C(=O)OCC3([Si](C)(C)C)CCC(C(C)(C)C)CC3)[C@@H]3C=C[C@@H]2C3)([Si](C)(C)C)CC1,ester,Sigma-Aldrich,monoalcohol,242.479,15.1876,-5.1512,5.9222,0,True,2,True,0,6,6,True,,15.857111837112699,2.278398496259294,2.5551457140445017,670.3801292221757,13.563036186558532,2.1948966588002587,1.473759424611549,0.0,8.0,,gc_formula_si,"Si monomer: HSP NOT reliable (Si groups fitted on 67 HSPiP Si compounds, only 7 curated, all much smaller than the monomers)",42.052894139358806,42.08453361176763,5.138191885906458,10.45949374109474,3.5361658653207084,8.158250383507484,7.182568477634244,9.293004321531333
CC(C)(C)[Si](C)(C)OCC1(CO)CCC1,CC(C)(C)[Si](C)(C)OCC1(COC(=O)[C@@H]2[C@H](C(=O)OCC3(CO[Si](C)(C)C(C)(C)C)CCC3)[C@@H]3C=C[C@@H]2C3)CCC1,ester,Ambeed,monoalcohol,230.424,17.9985,8.9274,6.4028,0,True,2,True,0,2,0,True,,15.751547239389216,2.8418535054045964,2.5990269052981323,605.8719158217779,13.464972286147837,3.7426356023199356,2.4941530581309137,0.0,8.0,,gc_formula_si,"Si monomer: HSP NOT reliable (Si groups fitted on 67 HSPiP Si compounds, only 7 curated, all much smaller than the monomers)",41.827708374880544,36.926963693214745,5.13029762782087,5.123222384398319,4.004281948505916,11.499301178767341,7.216566664109727,15.264033791891318
CC(C)(C)[Si](C)(C)OC1CC(CO)C1,CC(C)(C)[Si](C)(C)OC1CC(COC(=O)[C@@H]2[C@H](C(=O)OCC3CC(O[Si](C)(C)C(C)(C)C)C3)[C@@H]3C=C[C@@H]2C3)C1,ester,Ambeed,monoalcohol,216.397,17.9587,8.2898,6.0988,0,True,2,True,0,2,0,True,,15.765456121522233,3.0412689753179545,2.4216670810111025,588.9507113889103,13.353540574065304,3.244393362875609,1.8014260174162287,0.0,8.0,,gc_formula_si,"Si monomer: HSP NOT reliable (Si groups fitted on 67 HSPiP Si compounds, only 7 curated, all much smaller than the monomers)",41.93437747215982,37.33838357829648,5.1740726421927645,4.44180686658031,4.0319644174467335,10.813014761850647,7.259605592826437,14.715021177015004
C[Si](C)(C)O[Si](C)(CCCN)O[Si](C)(C)C,C[Si](C)(C)O[Si](C)(CCCNC(=O)[C@@H]1[C@H](C(=O)NCCC[Si](C)(O[Si](C)(C)C)O[Si](C)(C)C)[C@@H]2C=C[C@@H]1C2)O[Si](C)(C)C,amide,Oakwood Products,monoamine,279.605,11.9592,12.5086,6.7442,0,True,6,True,2,2,0,True,,14.585787818792943,5.168929524951557,3.508720528857007,742.4193658626968,13.103238351419305,5.042314974061947,2.6192842735811483,0.0,24.0,,gc_formula_si,"Si monomer: HSP NOT reliable (Si groups fitted on 67 HSPiP Si compounds, only 7 curated, all much smaller than the monomers)",40.31648033116055,36.42188691103194,6.848358624865424,14.564196035483732,7.126222406881023,16.6529122426079,7.297515671348018,14.287912589318287
CC(C)(C)[Si](C)(C)OCC(N)CO[Si](C)(C)C(C)(C)C,CC(C)(C)[Si](C)(C)OCC(CO[Si](C)(C)C(C)(C)C)NC(=O)[C@@H]1[C@H](C(=O)NC(CO[Si](C)(C)C(C)(C)C)CO[Si](C)(C)C(C)(C)C)[C@@H]2C=C[C@@H]1C2,amide,Combi-Blocks,monoamine,319.638,6.918,-10.7816,9.512,0,True,4,True,2,2,0,True,,15.05852813369031,4.996951336722827,2.670858722773069,846.1852946035501,5.292667043541452,3.1544705852966963,1.252853843503772,0.0,16.0,,gc_formula_si,"Si monomer: HSP NOT reliable (Si groups fitted on 67 HSPiP Si compounds, only 7 curated, all much smaller than the monomers)",41.13776255330166,45.68270940476276,6.2665791766096275,26.55780899396635,6.1861149809830485,23.639135740546866,7.372491356944668,18.451209677416816
CCC(O)(CC)C1([Si](C)(C)C)CC1,CCC(CC)(OC(=O)[C@@H]1[C@H](C(=O)OC(CC)(CC)C2([Si](C)(C)C)CC2)[C@@H]2C=C[C@@H]1C2)C1([Si](C)(C)C)CC1,ester,Sigma-Aldrich,monoalcohol,200.398,13.2982,6.2154,5.047,0,True,2,True,0,6,4,True,,15.742835786171117,2.7661772318071227,3.1651143446219288,618.0880613418633,13.60326148202748,2.2063940173753602,1.3058748297167673,0.0,8.0,,gc_formula_si,"Si monomer: HSP NOT reliable (Si groups fitted on 67 HSPiP Si compounds, only 7 curated, all much smaller than the monomers)",41.314757861999354,38.7674618606893,4.864662732810537,9.307582882789712,4.348725461211118,10.007328270822338,7.396288513755668,8.095355404180845
CC(C)(C)[Si](C)(C)OCC1(CO)CCCC1,CC(C)(C)[Si](C)(C)OCC1(COC(=O)[C@@H]2[C@H](C(=O)OCC3(CO[Si](C)(C)C(C)(C)C)CCCC3)[C@@H]3C=C[C@@H]2C3)CCCC1,ester,Combi-Blocks,monoalcohol,244.451,16.869,3.5646,6.5594,0,True,2,True,0,2,0,True,,15.842263652559394,2.912535656179599,2.7141662075033746,645.6395419990391,13.881851743631563,3.6454902631343122,2.1994375856603625,0.0,8.0,,gc_formula_si,"Si monomer: HSP NOT reliable (Si groups fitted on 67 HSPiP Si compounds, only 7 curated, all much smaller than the monomers)",41.69878340706586,37.9410899358466,4.905800869796199,2.1683785462875265,4.085052313685083,7.551631977261604,7.439411643352881,11.191708784631595
CC(C)(C)[Si](C)(C)OCC1CCC(O)CC1,CC(C)(C)[Si](C)(C)OCC1CCC(OC(=O)[C@@H]2[C@H](C(=O)OC3CCC(CO[Si](C)(C)C(C)(C)C)CC3)[C@@H]3C=C[C@@H]2C3)CC1,ester,Ambeed,monoalcohol,244.451,16.2092,-3.7298,6.4478,0,True,2,True,0,2,2,True,,15.799722157482783,2.9627639160295227,2.8708530885664643,665.6323225252145,13.667626022916526,3.090896407037935,1.8736434105837412,0.0,8.0,,gc_formula_si,"Si monomer: HSP NOT reliable (Si groups fitted on 67 HSPiP Si compounds, only 7 curated, all much smaller than the monomers)",41.53295660507852,40.94700369306648,4.878039641911303,8.320742240930192,4.245100606241615,7.451074515799718,7.446668872228515,10.234425799232707
C/C(=C\CCO)CCCO[Si](C)(C)C(C)(C)C,C/C(=C\CCOC(=O)[C@@H]1[C@H](C(=O)OCC/C=C(\C)CCCO[Si](C)(C)C(C)(C)C)[C@@H]2C=C[C@@H]1C2)CCCO[Si](C)(C)C(C)(C)C,ester,Sigma-Aldrich,monoalcohol,258.478,12.8742,-1.635,7.0806,0,True,2,True,0,2,0,True,,15.81829102838479,2.8687279909615873,2.909482203758268,698.8424625702735,13.262113566563457,3.5054820243535145,3.9009103409939305,0.0,8.0,,gc_formula_si,"Si monomer: HSP NOT reliable (Si groups fitted on 67 HSPiP Si compounds, only 7 curated, all much smaller than the monomers)",41.52647870391123,39.73636450305941,4.845924700404672,11.410019453094725,4.197959160526804,9.987619532200855,7.455846211593482,7.2752665875554
CC(C)(C)[Si](C)(C)OC/C=C/CO,CC(C)(C)[Si](C)(C)OC/C=C/COC(=O)[C@@H]1[C@H](C(=O)OC/C=C/CO[Si](C)(C)C(C)(C)C)[C@@H]2C=C[C@@H]1C2,ester,Sigma-Aldrich,monoalcohol,202.37,14.6173,-2.2372,8.3272,0,True,2,True,0,2,0,True,,15.65203165358079,3.2996407024040164,3.2090923398077535,569.0518280966594,13.376576964249303,4.315979205439884,4.171923298350638,0.0,8.0,,gc_formula_si,"Si monomer: HSP NOT reliable (Si groups fitted on 67 HSPiP Si compounds, only 7 curated, all much smaller than the monomers)",41.10341400030503,38.59874662265603,4.905482775692211,9.28313529148423,4.781773135795869,9.25598405573389,7.486245116568508,9.43670921667082
CC(C)(C)[Si](C)(C)OC/C=C\CO,CC(C)(C)[Si](C)(C)OC/C=C\COC(=O)[C@@H]1[C@H](C(=O)OC/C=C\CO[Si](C)(C)C(C)(C)C)[C@@H]2C=C[C@@H]1C2,ester,Sigma-Aldrich,monoalcohol,202.37,14.6173,-2.2372,8.3272,0,True,2,True,0,2,0,True,,15.65203165358079,3.2996407024040164,3.2090923398077535,569.0518280966594,13.376576964249303,4.315979205439884,4.171923298350638,0.0,8.0,,gc_formula_si,"Si monomer: HSP NOT reliable (Si groups fitted on 67 HSPiP Si compounds, only 7 curated, all much smaller than the monomers)",41.10341400030503,38.59874662265603,4.905482775692211,9.28313529148423,4.781773135795869,9.25598405573389,7.486245116568508,9.43670921667082
CCCC(O)(CC#C[Si](C)(C)C)CCC,CCCC(CC#C[Si](C)(C)C)(CCC)OC(=O)[C@@H]1[C@H](C(=O)OC(CC#C[Si](C)(C)C)(CCC)CCC)[C@@H]2C=C[C@@H]1C2,ester,Sigma-Aldrich,monoalcohol,226.436,11.5139,-3.3744,5.2362,0,True,2,True,0,2,0,True,,15.518020290532167,3.302382470360279,3.6874550082667916,699.4806858712323,12.014968718274911,5.4451124879809765,4.85555192569196,0.0,8.0,,gc_formula_si,"Si monomer: HSP NOT reliable (Si groups fitted on 67 HSPiP Si compounds, only 7 curated, all much smaller than the monomers)",40.646763962105496,42.57521131644563,4.946937601838274,14.527446390883707,5.191244887559466,11.420655788526334,7.501200427260874,6.665710662787577
CC(C)(C)[Si](C)(C)OC1CCC(O)CC1,CC(C)(C)[Si](C)(C)OC1CCC(OC(=O)[C@@H]2[C@H](C(=O)OC3CCC(O[Si](C)(C)C(C)(C)C)CC3)[C@@H]3C=C[C@@H]2C3)CC1,ester,Ambeed,monoalcohol,230.424,16.4433,-5.0252,5.3572,0,True,2,True,0,2,2,True,,15.850042606344278,3.0964525393611035,2.671295746227482,642.2494937329764,13.754099452503866,2.9360186312206826,1.399587796881526,0.0,8.0,,gc_formula_si,"Si monomer: HSP NOT reliable (Si groups fitted on 67 HSPiP Si compounds, only 7 curated, all much smaller than the monomers)",41.68244063400024,42.54866350944527,4.884320999391874,9.329636994010002,4.187324434140573,7.350807196492097,7.510986152261625,10.488155530883398
CC(C)(C)[Si](C)(C)OCC1CCC(CO)CC1,CC(C)(C)[Si](C)(C)OCC1CCC(COC(=O)[C@@H]2[C@H](C(=O)OCC3CCC(CO[Si](C)(C)C(C)(C)C)CC3)[C@@H]3C=C[C@@H]2C3)CC1,ester,Ambeed,monoalcohol,258.478,17.4394,-2.4344,6.725,0,True,2,True,0,2,2,True,,15.907444693799286,2.844352472611101,2.6960639871364336,681.312991648534,13.931698746466763,2.9827536247001794,1.7542625779420018,0.0,8.0,,gc_formula_si,"Si monomer: HSP NOT reliable (Si groups fitted on 67 HSPiP Si compounds, only 7 curated, all much smaller than the monomers)",41.739751488118685,40.254848376313625,4.827371045862276,6.49194715012376,3.996936412414918,7.506321189504216,7.517307221758846,11.874324309197556
CC(C)(C)[Si](C)(C)OCC1(CO)CC1,CC(C)(C)[Si](C)(C)OCC1(COC(=O)[C@@H]2[C@H](C(=O)OCC3(CO[Si](C)(C)C(C)(C)C)CC3)[C@@H]3C=C[C@@H]2C3)CC1,ester,Ambeed,monoalcohol,216.397,18.1795,13.148,6.635,0,True,2,True,0,2,0,True,,15.861957188711157,3.0424648551848845,2.7506704708475382,582.6885980441858,13.856937318067835,2.8761589107135688,1.6940186892337812,0.0,8.0,,gc_formula_si,"Si monomer: HSP NOT reliable (Si groups fitted on 67 HSPiP Si compounds, only 7 curated, all much smaller than the monomers)",41.624166481269604,36.17796304381992,4.828894194121076,9.348251708207261,4.194079929175782,15.199447687333905,7.537550894501242,18.357363917512778
CC(C)(C)[Si](C)(C)C#CCO,CC(C)(C)[Si](C)(C)C#CCOC(=O)[C@@H]1[C@H](C(=O)OCC#C[Si](C)(C)C(C)(C)C)[C@@H]2C=C[C@@H]1C2,ester,Ambeed,monoalcohol,170.328,15.0928,3.2254,6.3972,0,True,2,True,0,2,0,True,,15.428666114262342,3.531290566173597,3.844000648382619,519.4812299642173,12.80338804504114,4.9828040497868535,5.5634613500902175,0.0,6.0,,gc_formula_si,"Si monomer: HSP NOT reliable (Si groups fitted on 67 HSPiP Si compounds, only 7 curated, all much smaller than the monomers)",40.427131423955935,38.11646232745111,5.036981049174241,5.52953708369878,5.503021443648152,7.560205047483832,7.5517434477084056,8.615645092504682
CC[Si](CC)(CC)CCO,CC[Si](CC)(CC)CCOC(=O)[C@@H]1[C@H](C(=O)OCC[Si](CC)(CC)CC)[C@@H]2C=C[C@@H]1C2,ester,Ambeed,monoalcohol,160.333,16.1107,-0.2594,4.9746,0,True,2,True,0,2,0,True,,15.688627832615799,2.8362269138241722,3.6418247116883227,501.4805476185334,15.107807207349865,1.6110615679829412,3.3349521664412753,0.0,2.0,,gc_formula_si,"Si monomer: HSP NOT reliable (Si groups fitted on 67 HSPiP Si compounds, only 7 curated, all much smaller than the monomers)",40.839708132197856,40.73138091791143,4.734553653490778,5.384384039052191,4.775162200969989,4.995725320711697,7.552129211348782,8.446622489492475
CC(C)(C)[Si](C)(C)OC1CCC(CO)CC1,CC(C)(C)[Si](C)(C)OC1CCC(COC(=O)[C@@H]2[C@H](C(=O)OCC3CCC(O[Si](C)(C)C(C)(C)C)CC3)[C@@H]3C=C[C@@H]2C3)CC1,ester,Combi-Blocks,monoalcohol,244.451,17.6507,-3.7298,5.6344,0,True,2,True,0,2,2,True,,15.960039439274063,2.97601156197214,2.48083895809043,657.9301628562957,14.015865143819502,2.8278758488829263,1.2802069642397873,0.0,8.0,,gc_formula_si,"Si monomer: HSP NOT reliable (Si groups fitted on 67 HSPiP Si compounds, only 7 curated, all much smaller than the monomers)",41.90508806885105,41.8584910545041,4.848804748667581,7.636823512429759,3.933636928386686,7.277048396156233,7.584367827015015,11.98730967982391
CC(C)(C)[Si](C)(C)OCCCCC#CCCO,CC(C)(C)[Si](C)(C)OCCCCC#CCCOC(=O)[C@@H]1[C@H](C(=O)OCCC#CCCCCO[Si](C)(C)C(C)(C)C)[C@@H]2C=C[C@@H]1C2,ester,Sigma-Aldrich,monoalcohol,256.462,15.445,-3.1022,5.4684,0,True,2,True,0,2,0,True,,15.65191899976238,3.439397862857333,3.3261524727821987,697.5709843759311,12.294739282388413,6.012124998056997,5.161569609980185,0.0,8.0,,gc_formula_si,"Si monomer: HSP NOT reliable (Si groups fitted on 67 HSPiP Si compounds, only 7 curated, all much smaller than the monomers)",40.94901506327557,41.490636333997095,4.836814585515841,8.438951558102463,4.957094296329121,6.515454197521459,7.599213844593088,8.3466845753269
CC(C)(O)C#C[Si](C)(C)C,CC(C)(C#C[Si](C)(C)C)OC(=O)[C@@H]1[C@H](C(=O)OC(C)(C)C#C[Si](C)(C)C)[C@@H]2C=C[C@@H]1C2,ester,Sigma-Aldrich,monoalcohol,156.301,11.2788,-2.0134,6.3972,0,True,2,True,0,2,0,True,,15.222554377357497,3.836778622510895,4.239639127154373,532.0318768593521,12.125876078780006,5.958874404291922,5.266182801835903,0.0,8.0,,gc_formula_si,"Si monomer: HSP NOT reliable (Si groups fitted on 67 HSPiP Si compounds, only 7 curated, all much smaller than the monomers)",39.96051711806467,41.04592239382616,5.307109403723257,14.348430756009522,6.110561873155436,12.075915913917255,7.625518505226827,7.284036323358086
C=C(CCO)[Si](C)(C)C,C=C(CCOC(=O)[C@@H]1[C@H](C(=O)OCCC(=C)[Si](C)(C)C)[C@@H]2C=C[C@@H]1C2)[Si](C)(C)C,ester,Sigma-Aldrich,monoalcohol,144.29,14.9091,1.0948,6.7106,0,True,2,True,0,4,0,True,,15.538326066310004,3.267473657281698,3.9318487414821406,461.1552097443464,13.757787305345365,4.797109185071769,4.499636361025301,0.0,8.0,,gc_formula_si,"Si monomer: HSP NOT reliable (Si groups fitted on 67 HSPiP Si compounds, only 7 curated, all much smaller than the monomers)",40.42571129385303,38.602681650890524,4.829064492544583,6.539412102016512,5.334454738019219,7.346369895397318,7.639384665122174,8.108713254271606
C[Si](C)(C)CCCCO,C[Si](C)(C)CCCCOC(=O)[C@@H]1[C@H](C(=O)OCCCC[Si](C)(C)C)[C@@H]2C=C[C@@H]1C2,ester,Sigma-Aldrich,monoalcohol,146.306,16.0815,5.779,5.2068,0,True,2,True,0,2,0,True,,15.636048585655288,3.1886490736707596,3.744758707403813,467.85276777144634,14.377171349984721,3.831007972181966,3.002361925750062,0.0,8.0,,gc_formula_si,"Si monomer: HSP NOT reliable (Si groups fitted on 67 HSPiP Si compounds, only 7 curated, all much smaller than the monomers)",40.62894756892561,38.493205845187795,4.724154424889402,3.928049928399591,5.094509457655314,7.790929099921267,7.659779754079863,10.307559179553614
C=C(CO)[Si](C)(C)C,C=C(COC(=O)[C@@H]1[C@H](C(=O)OCC(=C)[Si](C)(C)C)[C@@H]2C=C[C@@H]1C2)[Si](C)(C)C,ester,Sigma-Aldrich,monoalcohol,130.263,14.877,1.367,6.9428,0,True,2,True,0,4,0,True,,15.467032460339116,3.4070016070226825,4.085870448623246,427.66544794197034,13.776181352590001,4.899861568333958,4.5817625362540895,0.0,8.0,,gc_formula_si,"Si monomer: HSP NOT reliable (Si groups fitted on 67 HSPiP Si compounds, only 7 curated, all much smaller than the monomers)",40.23565152112763,38.285882474353386,4.900383655184631,6.532493921925989,5.574705100873292,7.626983469236052,7.676449167386523,8.308337790436786
C=C(CO)C[Si](C)(C)C,C=C(COC(=O)[C@@H]1[C@H](C(=O)OCC(=C)C[Si](C)(C)C)[C@@H]2C=C[C@@H]1C2)C[Si](C)(C)C,ester,Sigma-Aldrich,monoalcohol,144.29,14.4721,2.0252,6.1582,0,True,2,True,0,2,0,True,,15.594397245002964,3.2773560857918707,3.8376055437784853,459.36735024154274,13.763549285035845,4.538377648484048,4.357464342815166,0.0,8.0,,gc_formula_si,"Si monomer: HSP NOT reliable (Si groups fitted on 67 HSPiP Si compounds, only 7 curated, all much smaller than the monomers)",40.51243141102707,38.80400824554082,4.754994723801333,6.9460619000985035,5.24020803157222,7.442428093035231,7.6797409377035235,7.3882485015056165
CC(C)(C)N[Si](C)(C)C,CC(C)(C)N(C(=O)[C@@H]1[C@H](C(=O)N(C(C)(C)C)[Si](C)(C)C)[C@@H]2C=C[C@@H]1C2)[Si](C)(C)C,amide,Sigma-Aldrich,monoamine,145.322,14.7359,3.466,6.8428,0,True,2,True,0,2,0,True,,15.250342909513456,4.8933555157980715,3.0225028683829622,485.4623725764796,13.15928894795766,2.2488778366780657,4.724626034633356,0.0,10.0,,gc_formula_si,"Si monomer: HSP NOT reliable (Si groups fitted on 67 HSPiP Si compounds, only 7 curated, all much smaller than the monomers)",40.820688961284795,37.63840569259011,5.75567131916081,6.288585141349364,6.12270951653019,8.283882126153173,7.6874864304138395,8.68427447055884
C[Si](C)(C)CCCO,C[Si](C)(C)CCCOC(=O)[C@@H]1[C@H](C(=O)OCCC[Si](C)(C)C)[C@@H]2C=C[C@@H]1C2,ester,Sigma-Aldrich,monoalcohol,132.279,16.0527,6.4072,5.439,0,True,2,True,0,2,0,True,,15.57384020143564,3.3234263127146275,3.889517416450148,434.3630059690703,14.394449286868728,3.9337603554441554,3.0844881009788505,0.0,8.0,,gc_formula_si,"Si monomer: HSP NOT reliable (Si groups fitted on 67 HSPiP Si compounds, only 7 curated, all much smaller than the monomers)",40.44851668790531,38.10481651969997,4.769616458769375,4.301395354998188,5.318151972360051,8.419000059389475,7.694760438276396,10.751619505916308
CC(C)(C)[Si](C)(C)OCC#CCO,CC(C)(C)[Si](C)(C)OCC#CCOC(=O)[C@@H]1[C@H](C(=O)OCC#CCO[Si](C)(C)C(C)(C)C)[C@@H]2C=C[C@@H]1C2,ester,Combi-Blocks,monoalcohol,200.354,15.3224,4.8518,6.3972,0,True,2,True,0,2,0,True,,15.463358504026427,3.8639495866682374,3.7103321546726566,563.611937166427,12.380741035387814,6.423134531105753,5.49007431089534,0.0,8.0,,gc_formula_si,"Si monomer: HSP NOT reliable (Si groups fitted on 67 HSPiP Si compounds, only 7 curated, all much smaller than the monomers)",40.45307842976267,37.595472840755704,5.0043765397622195,5.124929084387413,5.612178460941088,8.263591115247657,7.696835193338376,9.590206364828653
C[Si](C)(C)C/C=C/O,C[Si](C)(C)C/C=C/OC(=O)[C@@H]1[C@H](C(=O)O/C=C/C[Si](C)(C)C)[C@@H]2C=C[C@@H]1C2,ester,Sigma-Aldrich,monoalcohol,130.263,15.5418,0.5956,5.8032,2,True,2,True,0,2,0,True,,15.62539913512706,3.272522767698265,3.7910902672855307,432.9158676014622,14.955790056840478,4.049941944754034,3.3469229792659903,0.0,10.0,,gc_formula_si,"Si monomer: HSP NOT reliable (Si groups fitted on 67 HSPiP Si compounds, only 7 curated, all much smaller than the monomers)",40.55844801361946,39.61463036000714,4.714833595965807,5.604360673618357,5.186724977031254,6.027548304244439,7.70153303433928,8.144641094609389
CC(C)(C)[Si](C)(C)OCCOCCO,CC(C)(C)[Si](C)(C)OCCOCCOC(=O)[C@@H]1[C@H](C(=O)OCCOCCO[Si](C)(C)C(C)(C)C)[C@@H]2C=C[C@@H]1C2,ester,Ambeed,monoalcohol,220.385,15.4178,7.7604,6.8672,0,True,2,True,0,2,0,True,,15.456364566325448,3.868713410077376,3.7435259314055074,593.9345444878892,12.545990371700096,6.1604886844638065,5.0195285576909745,0.0,8.0,,gc_formula_si,"Si monomer: HSP NOT reliable (Si groups fitted on 67 HSPiP Si compounds, only 7 curated, all much smaller than the monomers)",40.42001265627367,36.37858369095751,5.005665608912916,6.282629334920214,5.641614381382602,10.51167690523258,7.70526523478562,11.701623449761149
CCO[Si](CCCNCCC[Si](OCC)(OCC)OCC)(OCC)OCC,CCO[Si](CCCN(CCC[Si](OCC)(OCC)OCC)C(=O)[C@@H]1[C@H](C(=O)N(CCC[Si](OCC)(OCC)OCC)CCC[Si](OCC)(OCC)OCC)[C@@H]2C=C[C@@H]1C2)(OCC)OCC,amide,Ambeed,monoamine,425.715,18.8937,8.7696,5.4496,0,True,4,True,0,2,0,True,,15.368022690878036,4.982543238850227,2.5013585443219695,991.1889346056898,10.00646144539477,8.162844011408582,2.9631948216732242,0.0,16.0,,gc_formula_si,"Si monomer: HSP NOT reliable (Si groups fitted on 67 HSPiP Si compounds, only 7 curated, all much smaller than the monomers)",41.296318083358365,38.16149188750355,5.8156517237561305,5.338563765658324,5.878508187723949,11.55478875098978,7.717247696583604,16.12611866135184
C[Si](C)(C)CCO,C[Si](C)(C)CCOC(=O)[C@@H]1[C@H](C(=O)OCC[Si](C)(C)C)[C@@H]2C=C[C@@H]1C2,ester,Sigma-Aldrich,monoalcohol,118.252,16.0238,7.0354,5.6712,0,True,2,True,0,2,0,True,,15.500922081994657,3.47411690159547,4.051928298900366,400.87324416669423,14.411697748851706,4.036512738706344,3.16661427620764,0.0,8.0,,gc_formula_si,"Si monomer: HSP NOT reliable (Si groups fitted on 67 HSPiP Si compounds, only 7 curated, all much smaller than the monomers)",40.24689726734591,37.7244020278652,4.8395583638666215,4.741264426289678,5.571509065016043,9.053425228055954,7.737458834979485,11.218286337939501
C[Si](C)(C)CO,C[Si](C)(C)COC(=O)[C@@H]1[C@H](C(=O)OC[Si](C)(C)C)[C@@H]2C=C[C@@H]1C2,ester,Sigma-Aldrich,monoalcohol,104.225,15.9948,7.6636,5.9034,0,True,2,True,0,2,0,True,,15.414264892280272,3.6442508151123576,4.23592326317517,367.3834823643182,14.42891687142334,4.139265121968533,3.2487404514364284,0.0,8.0,,gc_formula_si,"Si monomer: HSP NOT reliable (Si groups fitted on 67 HSPiP Si compounds, only 7 curated, all much smaller than the monomers)",40.0195936733686,37.352206958625615,4.942694170083586,5.230908590292897,5.861886779795801,9.692960573529637,7.790542055391051,11.704859020082216
CC(C)[Si](C(C)C)(C(C)C)n1ccc(O)c1,CC(C)[Si](C(C)C)(C(C)C)n1ccc(OC(=O)[C@@H]2[C@H](C(=O)Oc3ccn([Si](C(C)C)(C(C)C)C(C)C)c3)[C@@H]3C=C[C@@H]2C3)c1,ester,Combi-Blocks,monoalcohol,239.435,16.6996,0.641,9.3408,2,True,2,True,0,2,0,True,,16.09488668075086,1.3507367476940213,3.6316153736520818,673.0561735638328,16.07543997053451,0.6278323852868182,5.405546746424342,0.0,6.0,,gc_formula_si,"Si monomer: HSP NOT reliable (Si groups fitted on 67 HSPiP Si compounds, only 7 curated, all much smaller than the monomers)",41.36738381984388,36.44123908815396,4.649650521002001,5.49693971951667,3.8963323624468655,9.396815752157748,7.817553471788702,12.314569674982558
CC(C)NCCO[Si](C)(C)C(C)(C)C,CC(C)N(CCO[Si](C)(C)C(C)(C)C)C(=O)[C@@H]1[C@H](C(=O)N(CCO[Si](C)(C)C(C)(C)C)C(C)C)[C@@H]2C=C[C@@H]1C2,amide,Matrix Scientific,monoamine,217.429,14.4233,-6.3404,7.4858,0,True,2,True,0,2,0,True,,15.42388620816487,4.970979847877317,2.690706103358716,626.2830968812343,11.976979129957035,3.2494579786766185,2.619441704369483,0.0,8.0,,gc_formula_si,"Si monomer: HSP NOT reliable (Si groups fitted on 67 HSPiP Si compounds, only 7 curated, all much smaller than the monomers)",41.11640331721225,41.42172286807974,5.623415069089404,12.42648805415271,5.917840948152388,10.503612966974746,7.8503989887634,10.397928897621872
Cc1cc(C)c(C(C)(C)CCO[Si](C)(C)C(C)(C)C)c(O)c1,Cc1cc(C)c(C(C)(C)CCO[Si](C)(C)C(C)(C)C)c(OC(=O)[C@@H]2[C@H](C(=O)Oc3cc(C)cc(C)c3C(C)(C)CCO[Si](C)(C)C(C)(C)C)[C@@H]3C=C[C@@H]2C3)c1,ester,Ambeed,monoalcohol,322.565,17.5074,-7.3486,7.1072,0,True,2,True,0,2,0,True,,16.237112995616876,2.4500127788864874,2.4236441889692966,838.2414251450575,14.9134778267066,3.0477035278211497,1.7883955093682429,0.0,8.0,,gc_formula_si,"Si monomer: HSP NOT reliable (Si groups fitted on 67 HSPiP Si compounds, only 7 curated, all much smaller than the monomers)",42.1414196335801,42.42415482764506,4.619187284721577,11.377897557984955,3.4485406874086406,10.50454534189843,7.869008015403143,14.034193701100182
CC(C)[Si](OCCOCCOCCO)(C(C)C)C(C)C,CC(C)[Si](OCCOCCOCCOC(=O)[C@@H]1[C@H](C(=O)OCCOCCOCCO[Si](C(C)C)(C(C)C)C(C)C)[C@@H]2C=C[C@@H]1C2)(C(C)C)C(C)C,ester,Combi-Blocks,monoalcohol,306.519,15.1081,1.2546,8.0646,0,True,2,True,0,2,0,True,,15.582587806665613,3.7805681754108207,3.8505130340629186,779.4427648767547,12.273099744903789,7.349171360874998,7.270355694333781,0.0,4.0,,gc_formula_si,"Si monomer: HSP NOT reliable (Si groups fitted on 67 HSPiP Si compounds, only 7 curated, all much smaller than the monomers)",40.344824265855806,37.28409549338699,4.7331531300089065,6.523849841926162,5.5837144782838735,8.502605292497119,7.896606626074685,9.476685958709407
C[Si](C)(C)OCCCO,C[Si](C)(C)OCCCOC(=O)[C@@H]1[C@H](C(=O)OCCCO[Si](C)(C)C)[C@@H]2C=C[C@@H]1C2,ester,Sigma-Aldrich,monoalcohol,148.278,16.2349,8.6618,5.6712,0,True,2,True,0,2,0,True,,15.537513413355176,3.901922090571382,3.869934655844958,445.00395136890376,14.0567267178504,5.476843220025245,3.093227237012762,0.0,10.0,,gc_formula_si,"Si monomer: HSP NOT reliable (Si groups fitted on 67 HSPiP Si compounds, only 7 curated, all much smaller than the monomers)",40.28944080628766,37.38553839013155,4.809625654834111,5.701070138140734,5.703238853550838,10.354044655109423,7.899830360538191,12.536800258439154
CC[Si](/C=C/CCCO)(CC)CC,CC[Si](/C=C/CCCOC(=O)[C@@H]1[C@H](C(=O)OCCC/C=C/[Si](CC)(CC)CC)[C@@H]2C=C[C@@H]1C2)(CC)CC,ester,Sigma-Aldrich,monoalcohol,200.398,16.0383,-1.6858,6.5226,0,True,2,True,0,4,0,True,,15.965312350046615,2.6963662692569477,3.5408131505113625,591.8173186906149,15.601793856536133,2.261958456855604,4.888425660913762,0.0,2.0,,gc_formula_si,"Si monomer: HSP NOT reliable (Si groups fitted on 67 HSPiP Si compounds, only 7 curated, all much smaller than the monomers)",40.98935591111137,39.92454057293584,4.3302958744822,6.682905053941737,4.500645744440026,6.757231678727613,7.902961963611404,9.484894304102708
C[Si](C)(C)CC1(O)CCCCC1,C[Si](C)(C)CC1(OC(=O)[C@@H]2[C@H](C(=O)OC3(C[Si](C)(C)C)CCCCC3)[C@@H]3C=C[C@@H]2C3)CCCCC1,ester,Sigma-Aldrich,monoalcohol,186.371,14.8308,-2.7268,3.9484,0,True,2,True,0,4,4,True,,15.924123682256216,2.989145607518495,3.5396902045470853,570.3219810412077,14.9603571155406,3.311738074927094,2.399016697344832,0.0,8.0,,gc_formula_si,"Si monomer: HSP NOT reliable (Si groups fitted on 67 HSPiP Si compounds, only 7 curated, all much smaller than the monomers)",40.89454084658783,42.70046340919499,4.329909705333291,9.032526521411382,4.693562637493635,5.626677115314154,7.9400435944052115,6.417673671978033
CC(C)(C)OC(=O)N(CCN)C(CO[Si](C)(C)C(C)(C)C)CO[Si](C)(C)C(C)(C)C,CC(C)(C)OC(=O)N(CCNC(=O)[C@@H]1[C@H](C(=O)NCCN(C(=O)OC(C)(C)C)C(CO[Si](C)(C)C(C)(C)C)CO[Si](C)(C)C(C)(C)C)[C@@H]2C=C[C@@H]1C2)C(CO[Si](C)(C)C(C)(C)C)CO[Si](C)(C)C(C)(C)C,amide,Combi-Blocks,monoamine,462.824,-4.2309,-12.6336,11.5856,0,True,4,True,2,2,0,True,,15.274990831379501,5.020011080359429,3.475571556706487,1150.0310957517618,0.0,5.390167586250216,2.7388433422945306,0.0,16.0,,gc_formula_si,"Si monomer: HSP NOT reliable (Si groups fitted on 67 HSPiP Si compounds, only 7 curated, all much smaller than the monomers)",40.34970777004093,57.62370237636592,5.554765570986235,47.45352121349901,6.440705246767852,44.49612787153507,7.9876417057522415,37.95333286498038
C=C=C(C1(O)CCCCC1)[Si](C)(C)C,C=C=C(C1(OC(=O)[C@@H]2[C@H](C(=O)OC3(C(=C=C)[Si](C)(C)C)CCCCC3)[C@@H]3C=C[C@@H]2C3)CCCCC1)[Si](C)(C)C,ester,Sigma-Aldrich,monoalcohol,210.393,14.916,0.0762,4.1806,0,True,2,True,0,6,4,True,,15.857518339472445,3.0965048273034648,3.876199060483754,620.8679446529999,13.817249195737098,5.836217356464367,4.232740810009564,0.0,8.0,,gc_formula_si,"Si monomer: HSP NOT reliable (Si groups fitted on 67 HSPiP Si compounds, only 7 curated, all much smaller than the monomers)",40.53886954225054,41.3282020755803,4.286639008554841,7.04500438608806,5.039486221989469,5.0144837022369515,8.030750248789222,6.093098292330431
Cc1cc(O)cc(O[Si](C)(C)C(C)(C)C)c1C,Cc1cc(OC(=O)[C@@H]2[C@H](C(=O)Oc3cc(C)c(C)c(O[Si](C)(C)C(C)(C)C)c3)[C@@H]3C=C[C@@H]2C3)cc(O[Si](C)(C)C(C)(C)C)c1C,ester,Combi-Blocks,monoalcohol,252.43,18.6391,3.431,6.1434,2,True,2,True,0,2,0,True,,16.266326947779785,2.670614905622719,2.643538025268479,670.6797210468478,14.302871583446823,3.6486707505136957,0.07910461826780701,0.0,10.0,,gc_formula_si,"Si monomer: HSP NOT reliable (Si groups fitted on 67 HSPiP Si compounds, only 7 curated, all much smaller than the monomers)",41.86474066934021,38.79040190304813,4.367994373598715,1.8574928802016952,3.7583257925515072,8.449773949639125,8.061961849265707,13.805968267383493
C[Si](C)(C)C1(CCO)CC1,C[Si](C)(C)C1(CCOC(=O)[C@@H]2[C@H](C(=O)OCCC3([Si](C)(C)C)CC3)[C@@H]3C=C[C@@H]2C3)CC1,ester,Sigma-Aldrich,monoalcohol,158.317,17.4157,13.4212,4.0832,0,True,2,True,0,6,4,True,,16.064626128365703,2.9607142828278126,3.3744766243623645,467.31127067081235,14.813741966144326,2.464556427347484,1.757261290847604,0.0,8.0,,gc_formula_si,"Si monomer: HSP NOT reliable (Si groups fitted on 67 HSPiP Si compounds, only 7 curated, all much smaller than the monomers)",41.06695207512599,38.49485209271494,4.176864514952542,9.656672182486055,4.513814904346556,14.204938494763011,8.089237138793335,16.90421360608059
CCCNCCO[Si](C)(C)C(C)(C)C,CCCN(CCO[Si](C)(C)C(C)(C)C)C(=O)[C@@H]1[C@H](C(=O)N(CCC)CCO[Si](C)(C)C(C)(C)C)[C@@H]2C=C[C@@H]1C2,amide,Matrix Scientific,monoamine,217.429,15.0689,-7.208,6.1462,0,True,2,True,0,2,0,True,,15.552779035821452,5.021712017441158,2.784751046235415,623.9603455029022,12.784863410575761,3.3079814290248097,2.789116005742147,0.0,8.0,,gc_formula_si,"Si monomer: HSP NOT reliable (Si groups fitted on 67 HSPiP Si compounds, only 7 curated, all much smaller than the monomers)",41.01205736624875,42.970360799974664,5.369434139494203,12.39519533044962,5.933446439705499,9.78741371762735,8.094802214045238,10.591401572974183
CC[Si](C#CCCCO)(CC)CC,CC[Si](C#CCCCOC(=O)[C@@H]1[C@H](C(=O)OCCCC#C[Si](CC)(CC)CC)[C@@H]2C=C[C@@H]1C2)(CC)CC,ester,Oakwood Products,monoalcohol,198.382,16.2889,-0.5316,4.0402,0,True,2,True,0,2,0,True,,15.834653653486919,3.342836283807591,3.9137855522429112,584.5895682575788,14.821018500507446,4.110382245933753,6.064404655248328,0.0,2.0,,gc_formula_si,"Si monomer: HSP NOT reliable (Si groups fitted on 67 HSPiP Si compounds, only 7 curated, all much smaller than the monomers)",40.42466110233778,41.708458943480515,4.275143591497709,5.559117505503907,5.230531584661179,4.07508373410903,8.11150330571106,8.25388559649333
CNCCCO[Si](C)(C)C(C)(C)C,CN(CCCO[Si](C)(C)C(C)(C)C)C(=O)[C@@H]1[C@H](C(=O)N(C)CCCO[Si](C)(C)C(C)(C)C)[C@@H]2C=C[C@@H]1C2,amide,Ambeed,monoamine,203.402,15.0373,-6.9358,6.3784,0,True,2,True,0,2,0,True,,15.502045511164873,5.168832539879791,2.8657059230929485,590.4705837005262,12.80527815738094,3.410733812286999,2.8712421809709356,0.0,8.0,,gc_formula_si,"Si monomer: HSP NOT reliable (Si groups fitted on 67 HSPiP Si compounds, only 7 curated, all much smaller than the monomers)",40.89471548537313,42.62943388505177,5.447184651626511,12.19492490177779,6.121766552881504,9.755355111937238,8.144626231419528,10.518611760113595
CC(C)(C)[Si](C)(C)Oc1ccccc1O,CC(C)(C)[Si](C)(C)Oc1ccccc1OC(=O)[C@@H]1[C@H](C(=O)Oc2ccccc2O[Si](C)(C)C(C)(C)C)[C@@H]2C=C[C@@H]1C2,ester,Ambeed,monoalcohol,224.376,18.6954,3.6074,7.8338,2,True,2,True,0,2,0,True,,16.17519818236041,3.003991948431115,3.0141843653875675,608.4385575852234,14.407399918260149,3.660127188548193,0.6833642007972986,0.0,10.0,,gc_formula_si,"Si monomer: HSP NOT reliable (Si groups fitted on 67 HSPiP Si compounds, only 7 curated, all much smaller than the monomers)",41.4016316791386,37.17980368210677,4.188321093729507,2.956214105913168,4.262813271717446,9.865775278202923,8.149680033075548,14.770275618281469
CC(C)(C)[Si](C)(C)Oc1ccc(O)cc1,CC(C)(C)[Si](C)(C)Oc1ccc(OC(=O)[C@@H]2[C@H](C(=O)Oc3ccc(O[Si](C)(C)C(C)(C)C)cc3)[C@@H]3C=C[C@@H]2C3)cc1,ester,Sigma-Aldrich,monoalcohol,224.376,18.6954,3.6074,7.8338,2,True,2,True,0,2,0,True,,16.17519818236041,3.003991948431115,3.0141843653875675,608.4385575852234,14.407399918260149,3.660127188548193,0.6833642007972986,0.0,10.0,,gc_formula_si,"Si monomer: HSP NOT reliable (Si groups fitted on 67 HSPiP Si compounds, only 7 curated, all much smaller than the monomers)",41.4016316791386,37.17980368210677,4.188321093729507,2.956214105913168,4.262813271717446,9.865775278202923,8.149680033075548,14.770275618281469
CC(C)(C)[Si](C)(C)Oc1cccc(O)c1,CC(C)(C)[Si](C)(C)Oc1cccc(OC(=O)[C@@H]2[C@H](C(=O)Oc3cccc(O[Si](C)(C)C(C)(C)C)c3)[C@@H]3C=C[C@@H]2C3)c1,ester,Ambeed,monoalcohol,224.376,18.6954,3.6074,7.8338,2,True,2,True,0,2,0,True,,16.17519818236041,3.003991948431115,3.0141843653875675,608.4385575852234,14.407399918260149,3.660127188548193,0.6833642007972986,0.0,10.0,,gc_formula_si,"Si monomer: HSP NOT reliable (Si groups fitted on 67 HSPiP Si compounds, only 7 curated, all much smaller than the monomers)",41.4016316791386,37.17980368210677,4.188321093729507,2.956214105913168,4.262813271717446,9.865775278202923,8.149680033075548,14.770275618281469
CC[Si](C#CCCO)(CC)CC,CC[Si](C#CCCOC(=O)[C@@H]1[C@H](C(=O)OCCC#C[Si](CC)(CC)CC)[C@@H]2C=C[C@@H]1C2)(CC)CC,ester,Ambeed,monoalcohol,184.355,16.2606,-0.2594,4.2724,0,True,2,True,0,2,0,True,,15.798285422602515,3.4536239005317086,4.033288583704935,551.0998064552027,14.837565507406156,4.213134629195942,6.146530830477117,0.0,2.0,,gc_formula_si,"Si monomer: HSP NOT reliable (Si groups fitted on 67 HSPiP Si compounds, only 7 curated, all much smaller than the monomers)",40.27541002424016,41.38575237397527,4.286949847890594,5.318516669147518,5.403869439065026,4.280992824100504,8.160418193047057,8.308560619024215
CC(C)(C)[Si](C)(C)OCCOCCOCCO,CC(C)(C)[Si](C)(C)OCCOCCOCCOC(=O)[C@@H]1[C@H](C(=O)OCCOCCOCCO[Si](C)(C)C(C)(C)C)[C@@H]2C=C[C@@H]1C2,ester,Ambeed,monoalcohol,264.438,15.6705,8.7586,6.635,0,True,2,True,0,2,0,True,,15.558749535969232,4.202835322998836,4.077099275590472,673.8764106460209,12.360133148478972,8.49991589903486,7.360561468522451,0.0,8.0,,gc_formula_si,"Si monomer: HSP NOT reliable (Si groups fitted on 67 HSPiP Si compounds, only 7 curated, all much smaller than the monomers)",40.002212941739316,36.39431796256113,4.712660636461479,6.559977131057699,6.0402294871114295,11.059899636072652,8.183908534000382,12.491268148590839
C/C(=C\CO)[Si](C)(C)C,C/C(=C\COC(=O)[C@@H]1[C@H](C(=O)OC/C=C(\C)[Si](C)(C)C)[C@@H]2C=C[C@@H]1C2)[Si](C)(C)C,ester,Sigma-Aldrich,monoalcohol,144.29,14.2699,1.094,7.1336,0,True,2,True,0,4,0,True,,15.85659383264211,3.275553255564109,4.055010992246651,453.55184070050973,14.923217779166492,4.390674362803583,4.859705689467362,0.0,8.0,,gc_formula_si,"Si monomer: HSP NOT reliable (Si groups fitted on 67 HSPiP Si compounds, only 7 curated, all much smaller than the monomers)",40.312521203728664,38.27423557695176,4.193475538793964,7.7710172435788625,5.287608097645084,8.280719111284963,8.187105824061067,7.870414792118647
CNCCO[Si](C)(C)C(C)(C)C,CN(CCO[Si](C)(C)C(C)(C)C)C(=O)[C@@H]1[C@H](C(=O)N(C)CCO[Si](C)(C)C(C)(C)C)[C@@H]2C=C[C@@H]1C2,amide,Ambeed,monoamine,189.375,15.0056,-6.6636,6.6106,0,True,2,True,0,2,0,True,,15.445013132432676,5.328823360444878,2.9537621448367397,556.9808218981501,12.82564667461375,3.513486195549188,2.953368356199724,0.0,8.0,,gc_formula_si,"Si monomer: HSP NOT reliable (Si groups fitted on 67 HSPiP Si compounds, only 7 curated, all much smaller than the monomers)",40.76778800045556,42.28888462421302,5.541544549679055,12.002406540356812,6.32811815549804,9.7368107078242,8.201308286121488,10.45785650886452
CC[Si](C#CCO)(CC)CC,CC[Si](C#CCOC(=O)[C@@H]1[C@H](C(=O)OCC#C[Si](CC)(CC)CC)[C@@H]2C=C[C@@H]1C2)(CC)CC,ester,Ambeed,monoalcohol,170.328,16.2322,0.0128,4.5046,0,True,2,True,0,2,0,True,,15.757110152445318,3.5746211415668174,4.164133619012026,517.6100446528267,14.8540862846627,4.315887012458131,6.228657005705905,0.0,2.0,,gc_formula_si,"Si monomer: HSP NOT reliable (Si groups fitted on 67 HSPiP Si compounds, only 7 curated, all much smaller than the monomers)",40.11232687000504,41.063697986908096,4.310917084140818,5.092458380782313,5.59435810875872,4.506658669125054,8.215936650161051,8.378384830025414
C[Si](C)(C)/C=C\CO,C[Si](C)(C)/C=C\COC(=O)[C@@H]1[C@H](C(=O)OC/C=C\[Si](C)(C)C)[C@@H]2C=C[C@@H]1C2,ester,Sigma-Aldrich,monoalcohol,130.263,15.8923,-0.3248,7.6836,0,True,2,True,0,4,0,True,,15.78300145328203,3.4972050065183913,4.168364632977312,424.23049163402356,14.971267954787923,4.892914394103386,4.884340121137704,0.0,8.0,,gc_formula_si,"Si monomer: HSP NOT reliable (Si groups fitted on 67 HSPiP Si compounds, only 7 curated, all much smaller than the monomers)",40.133051936064405,38.28067190058189,4.267157028670158,6.09707480354309,5.538488653081033,7.733568462230098,8.22346024583507,9.995314960520256
C[Si](C)(C)/C=C/CO,C[Si](C)(C)/C=C/COC(=O)[C@@H]1[C@H](C(=O)OC/C=C/[Si](C)(C)C)[C@@H]2C=C[C@@H]1C2,ester,Sigma-Aldrich,monoalcohol,130.263,15.8923,-0.3248,7.6836,0,True,2,True,0,4,0,True,,15.78300145328203,3.4972050065183913,4.168364632977312,424.23049163402356,14.971267954787923,4.892914394103386,4.884340121137704,0.0,8.0,,gc_formula_si,"Si monomer: HSP NOT reliable (Si groups fitted on 67 HSPiP Si compounds, only 7 curated, all much smaller than the monomers)",40.133051936064405,38.28067190058189,4.267157028670158,6.09707480354309,5.538488653081033,7.733568462230098,8.22346024583507,9.995314960520256
CC(C)[Si](OCCOCCOCCOCCO)(C(C)C)C(C)C,CC(C)[Si](OCCOCCOCCOCCOC(=O)[C@@H]1[C@H](C(=O)OCCOCCOCCOCCO[Si](C(C)C)(C(C)C)C(C)C)[C@@H]2C=C[C@@H]1C2)(C(C)C)C(C)C,ester,Combi-Blocks,monoalcohol,350.572,15.368,3.9492,7.8324,0,True,2,True,0,2,0,True,,15.650642592152872,4.058342480727981,4.098352822870075,859.3846310348864,12.081218933937324,9.688598575446052,9.611388605165258,0.0,4.0,,gc_formula_si,"Si monomer: HSP NOT reliable (Si groups fitted on 67 HSPiP Si compounds, only 7 curated, all much smaller than the monomers)",40.02573927007203,36.51447557339417,4.524227692880708,5.39453486410089,5.912131571955434,8.967561898308816,8.25177595297612,10.267208306058663
C[Si](C)(C)C#CCCCCO,C[Si](C)(C)C#CCCCCOC(=O)[C@@H]1[C@H](C(=O)OCCCCC#C[Si](C)(C)C)[C@@H]2C=C[C@@H]1C2,ester,Combi-Blocks,monoalcohol,170.328,16.2317,3.8686,4.5046,0,True,2,True,0,2,0,True,,15.758207455326138,3.7549403137928175,4.141266648939375,517.4720266081156,14.086686846802685,6.433081033394966,5.813940589785903,0.0,8.0,,gc_formula_si,"Si monomer: HSP NOT reliable (Si groups fitted on 67 HSPiP Si compounds, only 7 curated, all much smaller than the monomers)",40.07863647925246,39.7215894279169,4.306142799976567,3.2909066653431553,5.6941920290433465,5.9393725830259205,8.28614491648641,9.22762735918611
C[Si](C)(C)C#CCC1(O)CCCCC1,C[Si](C)(C)C#CCC1(OC(=O)[C@@H]2[C@H](C(=O)OC3(CC#C[Si](C)(C)C)CCCCC3)[C@@H]3C=C[C@@H]2C3)CCCCC1,ester,Sigma-Aldrich,monoalcohol,210.393,14.9991,-2.7268,3.2462,0,True,2,True,0,4,4,True,,15.946063615930752,3.455382257841294,3.8668221831925225,617.6833466675669,14.088499282166119,5.286757383960418,4.785719333646355,0.0,8.0,,gc_formula_si,"Si monomer: HSP NOT reliable (Si groups fitted on 67 HSPiP Si compounds, only 7 curated, all much smaller than the monomers)",40.43850247465964,43.32315704008654,4.07593856463237,8.965169040235661,5.233838381160259,4.9741950022089005,8.309012958162475,6.254334170797081
C[Si](C)(C)C1(CO)CC1,C[Si](C)(C)C1(COC(=O)[C@@H]2[C@H](C(=O)OCC3([Si](C)(C)C)CC3)[C@@H]3C=C[C@@H]2C3)CC1,ester,Sigma-Aldrich,monoalcohol,144.29,18.1322,14.0494,4.8772,0,True,2,True,0,4,2,True,,16.11472688310537,3.17546333500807,3.5692971812544596,436.07940207874645,15.387804872941258,3.19436256278935,2.2642634938107116,0.0,8.0,,gc_formula_si,"Si monomer: HSP NOT reliable (Si groups fitted on 67 HSPiP Si compounds, only 7 curated, all much smaller than the monomers)",40.81724682127587,37.84157379866751,3.951347702663053,10.1901730878332,4.791738126344867,15.31667547348314,8.334559886694779,18.417597768438753
C[Si](C)(C)C#CCCCO,C[Si](C)(C)C#CCCCOC(=O)[C@@H]1[C@H](C(=O)OCCCC#C[Si](C)(C)C)[C@@H]2C=C[C@@H]1C2,ester,Sigma-Aldrich,monoalcohol,156.301,16.2033,4.4968,4.7368,0,True,2,True,0,2,0,True,,15.71127012729473,3.893502310575953,4.284656850458376,483.9822648057396,14.10447345684595,6.535833416657156,5.896066765014693,0.0,8.0,,gc_formula_si,"Si monomer: HSP NOT reliable (Si groups fitted on 67 HSPiP Si compounds, only 7 curated, all much smaller than the monomers)",39.8987736822597,39.31025474402321,4.35066329605396,3.3371317085185632,5.907965472199582,6.534209060016369,8.353959282088384,9.578670473505182
C[Si](C)(C)/C=C/C1(O)CCCCC1,C[Si](C)(C)/C=C/C1(OC(=O)[C@@H]2[C@H](C(=O)OC3(/C=C/[Si](C)(C)C)CCCCC3)[C@@H]3C=C[C@@H]2C3)CCCCC1,ester,Sigma-Aldrich,monoalcohol,198.382,15.1122,-4.5392,6.5132,0,True,2,True,0,8,4,True,,16.11351602338147,3.0346264994401335,3.7452581984831985,594.6446747335883,15.63468781626975,4.180489388027656,3.997648970760477,0.0,8.0,,gc_formula_si,"Si monomer: HSP NOT reliable (Si groups fitted on 67 HSPiP Si compounds, only 7 curated, all much smaller than the monomers)",40.694896891802415,41.26930271085277,3.899346470759665,10.057024721059406,4.834772182694003,8.286711424926056,8.357289245439464,9.289830258944455
C[Si](C)(C)C#CCCO,C[Si](C)(C)C#CCCOC(=O)[C@@H]1[C@H](C(=O)OCCC#C[Si](C)(C)C)[C@@H]2C=C[C@@H]1C2,ester,Ambeed,monoalcohol,142.274,16.1748,5.125,4.969,0,True,2,True,0,2,0,True,,15.657180481388819,4.046815171783466,4.443660023866743,450.49250300336354,14.122228191486027,6.638585799919345,5.978192940243481,0.0,8.0,,gc_formula_si,"Si monomer: HSP NOT reliable (Si groups fitted on 67 HSPiP Si compounds, only 7 curated, all much smaller than the monomers)",39.699873132555595,38.906176966646306,4.416345864762773,3.513927455141895,6.146193551810606,7.142778602196767,8.43222942289382,9.962606393911186
CC(C)(C)[Si](C)(C)c1ccccc1O,CC(C)(C)[Si](C)(C)c1ccccc1OC(=O)[C@@H]1[C@H](C(=O)Oc2ccccc2[Si](C)(C)C(C)(C)C)[C@@H]2C=C[C@@H]1C2,ester,Combi-Blocks,monoalcohol,208.377,18.2299,-3.2084,7.8338,0,True,2,True,0,2,0,True,,16.344472751282566,2.691835534574009,3.2769214521473633,591.9407049355907,16.289346133248902,2.2742143644747976,3.2802686829999863,0.0,6.0,,gc_formula_si,"Si monomer: HSP NOT reliable (Si groups fitted on 67 HSPiP Si compounds, only 7 curated, all much smaller than the monomers)",41.26451790220429,39.833289960032175,3.8569389277607744,7.530951403375274,4.241710038553494,9.303779288009792,8.432847638141189,13.92772160261685
C[Si](C)(C)C#CC1(O)CCCC1,C[Si](C)(C)C#CC1(OC(=O)[C@@H]2[C@H](C(=O)OC3(C#C[Si](C)(C)C)CCCC3)[C@@H]3C=C[C@@H]2C3)CCCC1,ester,Ambeed,monoalcohol,182.339,13.9049,-2.1908,4.0994,0,True,2,True,0,4,2,True,,15.862751145171904,3.7604477706130313,4.137274642607049,557.2396527853768,14.478485295618652,6.335935694209343,5.519225117315353,0.0,8.0,,gc_formula_si,"Si monomer: HSP NOT reliable (Si groups fitted on 67 HSPiP Si compounds, only 7 curated, all much smaller than the monomers)",40.08399430013168,42.43074853263845,4.109528893503452,9.987329024318766,5.658865182000869,6.674631153854123,8.4421554196196,5.2356299563662825
C[Si](C)(C)C(N)[Si](C)(C)C,C[Si](C)(C)C(NC(=O)[C@@H]1[C@H](C(=O)NC([Si](C)(C)C)[Si](C)(C)C)[C@@H]2C=C[C@@H]1C2)[Si](C)(C)C,amide,TCI,monoamine,175.424,10.6723,-5.096,7.12,0,True,4,True,2,2,0,True,,15.044421180553007,5.882674263378799,3.881259134083477,552.9669026726714,11.784744525446982,3.7908778894482573,2.393343452657632,0.0,16.0,,gc_formula_si,"Si monomer: HSP NOT reliable (Si groups fitted on 67 HSPiP Si compounds, only 7 curated, all much smaller than the monomers)",39.73902537841431,42.141432879768104,6.076526783154369,16.934250652449904,7.481707134224204,14.260001583450125,8.46494368807188,9.649346359210037
CO[Si](CCCNCCC[Si](OC)(OC)OC)(OC)OC,CO[Si](CCCN(CCC[Si](OC)(OC)OC)C(=O)[C@@H]1[C@H](C(=O)N(CCC[Si](OC)(OC)OC)CCC[Si](OC)(OC)OC)[C@@H]2C=C[C@@H]1C2)(OC)OC,amide,Sigma-Aldrich,monoamine,341.553,21.7207,18.8508,12.5143,0,True,4,True,0,2,0,True,,15.572900695543291,5.237193532313192,3.3941561676002605,778.5863972981209,11.614027599584832,4.450259273630031,1.7234155268923876,0.0,16.0,,gc_formula_si,"Si monomer: HSP NOT reliable (Si groups fitted on 67 HSPiP Si compounds, only 7 curated, all much smaller than the monomers)",40.36736237875346,32.40529924395083,5.105149364804372,18.28153109260819,6.408056318348626,25.089765225884438,8.483084687233445,28.938771209054476
CC(C)(C)[Si](C)(C)OCc1ccc(O)cc1,CC(C)(C)[Si](C)(C)OCc1ccc(OC(=O)[C@@H]2[C@H](C(=O)Oc3ccc(CO[Si](C)(C)C(C)(C)C)cc3)[C@@H]3C=C[C@@H]2C3)cc1,ester,Ambeed,monoalcohol,238.403,18.406,3.6776,7.8338,0,True,2,True,0,2,0,True,,16.311731802934037,3.128620950787585,3.1817659408363808,636.0714121378003,15.99254136213279,3.714544845793698,3.206881643805109,0.0,8.0,,gc_formula_si,"Si monomer: HSP NOT reliable (Si groups fitted on 67 HSPiP Si compounds, only 7 curated, all much smaller than the monomers)",41.21339913930409,37.0612982530294,3.8508445432426863,2.6391339867464083,4.462337290789858,9.624661458981295,8.490602453375972,14.322252204175152
CC(C)(C)[Si](C)(C)OCc1cccc(O)c1,CC(C)(C)[Si](C)(C)OCc1cccc(OC(=O)[C@@H]2[C@H](C(=O)Oc3cccc(CO[Si](C)(C)C(C)(C)C)c3)[C@@H]3C=C[C@@H]2C3)c1,ester,Combi-Blocks,monoalcohol,238.403,18.406,3.6776,7.8338,0,True,2,True,0,2,0,True,,16.311731802934037,3.128620950787585,3.1817659408363808,636.0714121378003,15.99254136213279,3.714544845793698,3.206881643805109,0.0,8.0,,gc_formula_si,"Si monomer: HSP NOT reliable (Si groups fitted on 67 HSPiP Si compounds, only 7 curated, all much smaller than the monomers)",41.21339913930409,37.0612982530294,3.8508445432426863,2.6391339867464083,4.462337290789858,9.624661458981295,8.490602453375972,14.322252204175152
C[Si](C)(C)C#CC1(O)CCCCC1,C[Si](C)(C)C#CC1(OC(=O)[C@@H]2[C@H](C(=O)OC3(C#C[Si](C)(C)C)CCCCC3)[C@@H]3C=C[C@@H]2C3)CCCCC1,ester,Sigma-Aldrich,monoalcohol,196.366,14.9673,-2.4546,3.4784,0,True,2,True,0,4,4,True,,15.977285385651035,3.6178098797899483,4.018470226946844,586.451478075501,14.702993185200645,6.0165635194022835,5.292721536609463,0.0,8.0,,gc_formula_si,"Si monomer: HSP NOT reliable (Si groups fitted on 67 HSPiP Si compounds, only 7 curated, all much smaller than the monomers)",40.24556322497681,42.99795303127812,3.945087577460391,8.750117992347304,5.445477957022835,5.022816429056512,8.497002370669989,6.219881420091545
C[Si](C)(C)C#CCO,C[Si](C)(C)C#CCOC(=O)[C@@H]1[C@H](C(=O)OCC#C[Si](C)(C)C)[C@@H]2C=C[C@@H]1C2,ester,Sigma-Aldrich,monoalcohol,128.247,16.1462,5.7532,5.2012,0,True,2,True,0,2,0,True,,15.594167651052567,4.217771759857642,4.621348241059405,417.0027412009875,14.139951204626284,6.741338183181534,6.06031911547227,0.0,8.0,,gc_formula_si,"Si monomer: HSP NOT reliable (Si groups fitted on 67 HSPiP Si compounds, only 7 curated, all much smaller than the monomers)",39.47831266480805,38.50958542285284,4.509522503714139,3.80313678954623,6.413989039800278,7.76185605638239,8.523572241319483,10.375787653956689
CC(C)(C)[Si](C)(C)OCCOCCOCCOCCO,CC(C)(C)[Si](C)(C)OCCOCCOCCOCCOC(=O)[C@@H]1[C@H](C(=O)OCCOCCOCCOCCO[Si](C)(C)C(C)(C)C)[C@@H]2C=C[C@@H]1C2,ester,Sigma-Aldrich,monoalcohol,308.491,15.9176,9.7568,6.4028,0,True,2,True,0,2,0,True,,15.638946695512137,4.448449342498582,4.321825791978707,753.8182768041524,12.170209531903929,10.839343113605915,9.70159437935393,0.0,8.0,,gc_formula_si,"Si monomer: HSP NOT reliable (Si groups fitted on 67 HSPiP Si compounds, only 7 curated, all much smaller than the monomers)",39.69706870166121,36.445631742638234,4.5132578793024205,7.020745909089718,6.341517611304548,11.695123476047613,8.544969891417717,13.326769793164434
CC(C)(C)[Si](C)(C)Oc1ccc(CO)cc1,CC(C)(C)[Si](C)(C)Oc1ccc(COC(=O)[C@@H]2[C@H](C(=O)OCc3ccc(O[Si](C)(C)C(C)(C)C)cc3)[C@@H]3C=C[C@@H]2C3)cc1,ester,Ambeed,monoalcohol,238.403,19.9013,5.1396,7.4858,2,True,2,True,0,2,0,True,,16.494175247691018,2.8123489174114487,2.8752421620493003,614.9528615365782,14.707057740397762,3.9400013844811075,0.828475275862136,0.0,10.0,,gc_formula_si,"Si monomer: HSP NOT reliable (Si groups fitted on 67 HSPiP Si compounds, only 7 curated, all much smaller than the monomers)",41.619457100611484,37.51616420371358,3.8591516840247344,4.810598357792924,4.040685589223041,11.590087858165699,8.588328543113386,17.026085180099386
CC(C)c1cccc([Si](C)(C)C)c1O,CC(C)c1cccc([Si](C)(C)C)c1OC(=O)[C@@H]1[C@H](C(=O)Oc2c(C(C)C)cccc2[Si](C)(C)C)[C@@H]2C=C[C@@H]1C2,ester,Ambeed,monoalcohol,208.377,17.9274,-0.7288,7.4924,0,True,2,True,0,2,0,True,,16.46148147204237,2.6672170175445182,3.3802399105415826,593.9022554718103,15.60838176154316,3.753960292493009,3.095423984328258,0.0,8.0,,gc_formula_si,"Si monomer: HSP NOT reliable (Si groups fitted on 67 HSPiP Si compounds, only 7 curated, all much smaller than the monomers)",41.18505328347382,38.922883375207434,3.6303807124647482,5.0458270124926,4.317913099490206,8.201276134846331,8.668047065491129,12.882936398197423
CC(C)(C)[Si](C)(C)c1occc1CO,CC(C)(C)[Si](C)(C)c1occc1COC(=O)[C@@H]1[C@H](C(=O)OCc2ccoc2[Si](C)(C)C(C)(C)C)[C@@H]2C=C[C@@H]1C2,ester,Sigma-Aldrich,monoalcohol,212.365,18.7372,5.8918,6.9446,2,True,2,True,0,2,0,True,,16.253246125685767,3.173077706804326,4.0268359162163945,567.3246033773613,15.412785603330041,4.576891843670889,3.196321748260285,0.0,8.0,,gc_formula_si,"Si monomer: HSP NOT reliable (Si groups fitted on 67 HSPiP Si compounds, only 7 curated, all much smaller than the monomers)",40.39349630080746,37.33762006020201,3.502630244390524,3.0931394666261016,5.127628431214814,10.329595914652229,8.762765644952088,15.123885471663693
CC(C)(C)[Si](C)(C)Oc1cc(O)ccc1Cl,CC(C)(C)[Si](C)(C)Oc1cc(OC(=O)[C@@H]2[C@H](C(=O)Oc3ccc(Cl)c(O[Si](C)(C)C(C)(C)C)c3)[C@@H]3C=C[C@@H]2C3)ccc1Cl,ester,Combi-Blocks,monoalcohol,258.821,20.0504,4.5734,8.448,2,True,2,True,0,2,0,True,,16.521331362442346,3.2018029448734198,2.9232946994874838,631.7066559204986,15.660516102689872,3.925376727132565,0.6920567549892598,0.0,10.0,,gc_formula_si,"Si monomer: HSP NOT reliable (Si groups fitted on 67 HSPiP Si compounds, only 7 curated, all much smaller than the monomers)",41.454688989219235,36.869359259417564,3.6968720930228187,5.422303219112703,4.358112468242881,12.187973260554848,8.786779132548721,17.56127023310102
CC(C)(C)[Si](C)(C)Oc1ccc(O)c(Cl)c1,CC(C)(C)[Si](C)(C)Oc1ccc(OC(=O)[C@@H]2[C@H](C(=O)Oc3ccc(O[Si](C)(C)C(C)(C)C)cc3Cl)[C@@H]3C=C[C@@H]2C3)c(Cl)c1,ester,Combi-Blocks,monoalcohol,258.821,20.0504,4.5734,8.448,2,True,2,True,0,2,0,True,,16.521331362442346,3.2018029448734198,2.9232946994874838,631.7066559204986,15.660516102689872,3.925376727132565,0.6920567549892598,0.0,10.0,,gc_formula_si,"Si monomer: HSP NOT reliable (Si groups fitted on 67 HSPiP Si compounds, only 7 curated, all much smaller than the monomers)",41.454688989219235,36.869359259417564,3.6968720930228187,5.422303219112703,4.358112468242881,12.187973260554848,8.786779132548721,17.56127023310102
CC(C)(C)[Si](C)(C)OCCOCCOCCOCCOCCO,CC(C)(C)[Si](C)(C)OCCOCCOCCOCCOCCOC(=O)[C@@H]1[C@H](C(=O)OCCOCCOCCOCCOCCO[Si](C)(C)C(C)(C)C)[C@@H]2C=C[C@@H]1C2,ester,Combi-Blocks,monoalcohol,352.544,16.1592,10.755,6.1706,0,True,2,True,0,2,0,True,,15.703465782565795,4.637467753867271,4.509929277158794,833.7601429622841,11.975969744316913,13.178770328176968,12.042627290185408,0.0,8.0,,gc_formula_si,"Si monomer: HSP NOT reliable (Si groups fitted on 67 HSPiP Si compounds, only 7 curated, all much smaller than the monomers)",39.46342835563639,36.53192778816907,4.3710321005125525,7.629523439901082,6.577916200698527,12.402646004784625,8.827728817839109,14.198964325611922
CC(C)(C)[Si](C)(C)OCc1ccccc1CO,CC(C)(C)[Si](C)(C)OCc1ccccc1COC(=O)[C@@H]1[C@H](C(=O)OCc2ccccc2CO[Si](C)(C)C(C)(C)C)[C@@H]2C=C[C@@H]1C2,ester,Matrix Scientific,monoalcohol,252.43,19.637,5.2098,7.4858,0,True,2,True,0,2,0,True,,16.613256409673898,2.9519134425803024,3.0545060167317044,642.5857160891551,16.2516598572314,3.9944190417266117,3.3519927188699463,0.0,8.0,,gc_formula_si,"Si monomer: HSP NOT reliable (Si groups fitted on 67 HSPiP Si compounds, only 7 curated, all much smaller than the monomers)",41.41761364607314,37.37533964634971,3.5373366166201543,4.376900007996527,4.29375340367185,11.301393439748924,8.904948225012422,16.60322539990348
CCO[Si](CCCNC)(OCC)OCC,CCO[Si](CCCN(C)C(=O)[C@@H]1[C@H](C(=O)N(C)CCC[Si](OCC)(OCC)OCC)[C@@H]2C=C[C@@H]1C2)(OCC)OCC,amide,TCI,monoamine,235.4,17.8966,6.327,3.4517,0,True,2,True,0,2,0,True,,15.730291333066194,5.707423409204031,3.222968273896231,609.8812891888026,14.200114462217797,3.3736823986313125,3.5539161086544446,0.0,8.0,,gc_formula_si,"Si monomer: HSP NOT reliable (Si groups fitted on 67 HSPiP Si compounds, only 7 curated, all much smaller than the monomers)",40.41241984579324,40.32036840270683,5.058302949186168,3.1816957946981668,6.652854900506232,7.8829999448179615,8.927086239053379,12.647678369171159
CC(C)(C)[Si](C)(C)OCCOCCOCCOCCOCCOCCO,CC(C)(C)[Si](C)(C)OCCOCCOCCOCCOCCOCCOC(=O)[C@@H]1[C@H](C(=O)OCCOCCOCCOCCOCCOCCO[Si](C)(C)C(C)(C)C)[C@@H]2C=C[C@@H]1C2,ester,Matrix Scientific,monoalcohol,396.597,16.3959,11.7532,5.9384,0,True,2,True,0,2,0,True,,15.756496136513594,4.787796292619676,4.659404144441282,913.7020091204158,11.777137988693378,15.518197542748021,14.383660201016884,0.0,8.0,,gc_formula_si,"Si monomer: HSP NOT reliable (Si groups fitted on 67 HSPiP Si compounds, only 7 curated, all much smaller than the monomers)",39.27837992343221,36.65258261077928,4.265960127557127,8.35170234383386,6.768650243538805,13.169627634827037,9.055479824446047,15.101026853826863
CC(C)(C)[Si](C)(C)OCC1CCNCC1,CC(C)(C)[Si](C)(C)OCC1CCN(C(=O)[C@@H]2[C@H](C(=O)N3CCC(CO[Si](C)(C)C(C)(C)C)CC3)[C@@H]3C=C[C@@H]2C3)CC1,amide,Ambeed,monoamine,229.44,18.8868,-4.7634,5.5932,0,True,2,True,0,2,0,True,,16.047241368237376,5.240842139537038,3.32886013314075,628.0522963701087,14.732447486986562,2.9111183014196733,3.2343344579753506,0.0,8.0,,gc_formula_si,"Si monomer: HSP NOT reliable (Si groups fitted on 67 HSPiP Si compounds, only 7 curated, all much smaller than the monomers)",40.44387608586879,42.71287396979978,4.335937874266352,8.93239736912773,6.229228188249573,8.985544099274122,9.13037979640056,14.39026903014673
COc1ccc(O)cc1O[Si](C)(C)C(C)(C)C,COc1ccc(OC(=O)[C@@H]2[C@H](C(=O)Oc3ccc(OC)c(O[Si](C)(C)C(C)(C)C)c3)[C@@H]3C=C[C@@H]2C3)cc1O[Si](C)(C)C(C)(C)C,ester,Combi-Blocks,monoalcohol,254.402,19.1561,7.8678,7.2152,2,True,2,True,0,2,0,True,,16.34922451526065,3.7420988509287385,4.026665584642393,652.4337679911748,14.356108011915516,4.554219325278856,1.7766703616394321,0.0,10.0,,gc_formula_si,"Si monomer: HSP NOT reliable (Si groups fitted on 67 HSPiP Si compounds, only 7 curated, all much smaller than the monomers)",40.22423395118268,36.74975015860652,3.2580124463908886,5.103075221863771,5.497911580980203,12.10746120043339,9.136996103303481,16.753695016920894
CC(C)(C)[Si](C)(C)OCCCCCCN,CC(C)(C)[Si](C)(C)OCCCCCCNC(=O)[C@@H]1[C@H](C(=O)NCCCCCCO[Si](C)(C)C(C)(C)C)[C@@H]2C=C[C@@H]1C2,amide,Ambeed,monoamine,231.456,12.2731,-6.331,5.0838,0,True,2,True,2,2,0,True,,15.92676334338575,5.610379460978869,3.4734613926776787,645.5214503390697,14.049879700470049,3.02096575878926,2.467814821026904,0.0,8.0,,gc_formula_si,"Si monomer: HSP NOT reliable (Si groups fitted on 67 HSPiP Si compounds, only 7 curated, all much smaller than the monomers)",40.20165199311804,43.8790455443142,4.5900238468051135,15.06761686133544,6.640671212306648,11.436357719134184,9.229804897150743,8.164285509461315
C[Si](C)(C)C(SCCN)[Si](C)(C)C,C[Si](C)(C)C(SCCNC(=O)[C@@H]1[C@H](C(=O)NCCSC([Si](C)(C)C)[Si](C)(C)C)[C@@H]2C=C[C@@H]1C2)[Si](C)(C)C,amide,Sigma-Aldrich,monoamine,235.545,14.487,-5.3682,7.18,0,True,4,True,2,2,0,True,,15.659118313501484,5.844410362222725,4.013197930984585,647.6788350457516,13.803620769184057,5.644695587222385,4.04051753887656,0.0,16.0,,gc_formula_si,"Si monomer: HSP NOT reliable (Si groups fitted on 67 HSPiP Si compounds, only 7 curated, all much smaller than the monomers)",39.612075029132946,41.15967744334253,4.932018819052352,11.516327853964562,7.2045685130805746,9.670462617682777,9.235172704855865,9.651085288194276
CC(C)(C)[Si](C)(C)OC1CCNCC1,CC(C)(C)[Si](C)(C)OC1CCN(C(=O)[C@@H]2[C@H](C(=O)N3CCC(O[Si](C)(C)C(C)(C)C)CC3)[C@@H]3C=C[C@@H]2C3)CC1,amide,Combi-Blocks,monoamine,215.413,19.0757,-6.0588,4.5026,0,True,2,True,0,2,0,True,,16.10932637228168,5.389759693483937,3.164870037020839,604.6694675778706,14.810219006740313,2.756240525602421,2.7602788442731363,0.0,8.0,,gc_formula_si,"Si monomer: HSP NOT reliable (Si groups fitted on 67 HSPiP Si compounds, only 7 curated, all much smaller than the monomers)",40.5662508878146,44.34384541466831,4.371009625953864,10.328704960448817,6.261895690121754,9.370192429187354,9.2498614668371,14.818254490998596
CC(C)(C)[Si](C)(C)OCCc1ccc(Cl)c(CO)c1,CC(C)(C)[Si](C)(C)OCCc1ccc(Cl)c(COC(=O)[C@@H]2[C@H](C(=O)OCc3cc(CCO[Si](C)(C)C(C)(C)C)ccc3Cl)[C@@H]3C=C[C@@H]2C3)c1,ester,Combi-Blocks,monoalcohol,300.902,20.8004,6.2474,6.6864,0,True,2,True,0,2,0,True,,16.824134127234082,3.1141525794374503,2.8045519230619287,698.2519040891204,17.141736602999718,4.389960286666733,3.6067850838346693,0.0,8.0,,gc_formula_si,"Si monomer: HSP NOT reliable (Si groups fitted on 67 HSPiP Si compounds, only 7 curated, all much smaller than the monomers)",41.628701724792634,38.41638546714149,3.419393705087309,6.5519029571567975,4.319991216483318,12.835589287601872,9.251885590236975,18.606554553704996
CC(C)(C)OC(=O)n1c(O)cc2cc(O[Si](C)(C)C(C)(C)C)ccc21,CC(C)(C)OC(=O)n1c(OC(=O)[C@@H]2[C@H](C(=O)Oc3cc4cc(O[Si](C)(C)C(C)(C)C)ccc4n3C(=O)OC(C)(C)C)[C@@H]3C=C[C@@H]2C3)cc2cc(O[Si](C)(C)C(C)(C)C)ccc21,ester,Combi-Blocks,monoalcohol,363.53,17.4845,-3.818,9.6758,4,True,2,True,0,2,0,True,,16.551458956077546,3.260982803082793,4.000782319267868,872.6699403635154,12.981916799693217,5.02379238546825,2.6704583492632614,0.0,12.0,,gc_formula_si,"Si monomer: HSP NOT reliable (Si groups fitted on 67 HSPiP Si compounds, only 7 curated, all much smaller than the monomers)",40.41701248044837,38.3776563984827,2.981847679813918,8.797896944156598,5.185864868518513,10.668195285051732,9.272281939715157,14.133788969699529
CC(C)(C)[Si](C)(C)OCC1CNC1,CC(C)(C)[Si](C)(C)OCC1CN(C(=O)[C@@H]2[C@H](C(=O)N3CC(CO[Si](C)(C)C(C)(C)C)C3)[C@@H]3C=C[C@@H]2C3)C1,amide,Ambeed,monoamine,201.386,18.8409,-4.219,6.0576,0,True,2,True,0,2,0,True,,16.001971455821245,5.557919632720623,3.5272106586858785,561.0727727653566,14.76579788418843,3.1166230679440514,3.3985868084329276,0.0,8.0,,gc_formula_si,"Si monomer: HSP NOT reliable (Si groups fitted on 67 HSPiP Si compounds, only 7 curated, all much smaller than the monomers)",40.16682881523609,42.03529433702112,4.42405039262545,8.400176783854016,6.609611919553965,8.962096294952426,9.324363123278808,14.32958792150005
CC(C)(C)[Si](C)(C)OCCCCCN,CC(C)(C)[Si](C)(C)OCCCCCNC(=O)[C@@H]1[C@H](C(=O)NCCCCCO[Si](C)(C)C(C)(C)C)[C@@H]2C=C[C@@H]1C2,amide,Ambeed,monoamine,217.429,12.2307,-6.0588,5.316,0,True,2,True,2,2,0,True,,15.899244395241032,5.767603755748533,3.5696071861297134,612.0316885366937,14.067732582629853,3.123718142051449,2.5499409962556925,0.0,8.0,,gc_formula_si,"Si monomer: HSP NOT reliable (Si groups fitted on 67 HSPiP Si compounds, only 7 curated, all much smaller than the monomers)",40.06722906272147,43.556402553470825,4.654658707189883,14.942555450792211,6.830063598940817,11.454506685143626,9.32459153789152,8.114794107061496
CCCCNCCC[Si](OC)(OC)OC,CCCCN(CCC[Si](OC)(OC)OC)C(=O)[C@@H]1[C@H](C(=O)N(CCCC)CCC[Si](OC)(OC)OC)[C@@H]2C=C[C@@H]1C2,amide,Ambeed,monoamine,235.4,19.5532,9.483,7.9235,0,True,2,True,0,2,0,True,,16.0376657924891,5.476794436099974,3.567534814033453,604.0493059421462,14.68109148054266,4.317374224272475,2.687647935577661,0.0,8.0,,gc_formula_si,"Si monomer: HSP NOT reliable (Si groups fitted on 67 HSPiP Si compounds, only 7 curated, all much smaller than the monomers)",40.15094086992058,35.91557826640134,4.3178686668935224,7.024107218002868,6.557275264189983,13.965757487870109,9.342517525487652,18.454661801561144
CCO[Si](CCCN)(C(C)C)C(C)C,CCO[Si](CCCNC(=O)[C@@H]1[C@H](C(=O)NCCC[Si](OCC)(C(C)C)C(C)C)[C@@H]2C=C[C@@H]1C2)(C(C)C)C(C)C,amide,Oakwood Products,monoamine,217.429,12.1655,-2.2974,6.1026,0,True,2,True,2,2,0,True,,15.91344001182827,5.70036250050755,3.7158429394830113,614.8060059819672,14.702342568133696,5.3408453889335785,2.8757880491260526,0.0,4.0,,gc_formula_si,"Si monomer: HSP NOT reliable (Si groups fitted on 67 HSPiP Si compounds, only 7 curated, all much smaller than the monomers)",39.94375344487691,41.103797568107986,4.545432422301372,12.874830271502613,6.848308980027095,10.530723361668942,9.359829497729857,6.60776320096294
CC(C)[Si](C(C)C)(C(C)C)n1ccc2cc(C(C)(C)O)cnc21,CC(C)[Si](C(C)C)(C(C)C)n1ccc2cc(C(C)(C)OC(=O)[C@@H]3[C@H](C(=O)OC(C)(C)c4cnc5c(ccn5[Si](C(C)C)(C(C)C)C(C)C)c4)[C@@H]4C=C[C@@H]3C4)cnc21,ester,Combi-Blocks,monoalcohol,332.564,19.2226,-1.5408,9.7634,4,True,2,True,0,2,0,True,,16.6791064517514,3.0996306920858614,3.869572759692821,856.2600333097078,17.426065224389657,0.0,4.387792326222644,0.0,8.0,,gc_formula_si,"Si monomer: HSP NOT reliable (Si groups fitted on 67 HSPiP Si compounds, only 7 curated, all much smaller than the monomers)",40.606384156328964,37.705981053938906,2.8852198184900884,7.474894463469032,5.015594738105895,11.483222859458925,9.376270921179481,16.366896078365013
C[Si](C)(C)C#CC1(O)CCOCC1,C[Si](C)(C)C#CC1(OC(=O)[C@@H]2[C@H](C(=O)OC3(C#C[Si](C)(C)C)CCOCC3)[C@@H]3C=C[C@@H]2C3)CCOCC1,ester,Ambeed,monoalcohol,198.338,16.1577,4.114,3.9428,0,True,2,True,0,4,2,True,,16.011932259060206,4.585021781005357,4.799817788368758,571.4840993822437,14.948115132288201,9.191678743697747,8.032240599496411,0.0,8.0,,gc_formula_si,"Si monomer: HSP NOT reliable (Si groups fitted on 67 HSPiP Si compounds, only 7 curated, all much smaller than the monomers)",39.212417576542414,40.17812918740742,3.7078639342207165,3.641327367870133,6.662777771118838,5.70540664633118,9.377433374236752,8.960659852934937
CCO[Si](CNC1CCCCC1)(OCC)OCC,CCO[Si](CN(C(=O)[C@@H]1[C@H](C(=O)N(C[Si](OCC)(OCC)OCC)C2CCCCC2)[C@@H]2C=C[C@@H]1C2)C1CCCCC1)(OCC)OCC,amide,Ambeed,monoamine,275.465,20.1988,-4.388,3.9328,0,True,2,True,0,2,2,True,,16.222031902017193,5.415951590454543,3.005765418690472,670.5166037527011,15.830621731065897,5.59380171397263,3.228258204425659,0.0,8.0,,gc_formula_si,"Si monomer: HSP NOT reliable (Si groups fitted on 67 HSPiP Si compounds, only 7 curated, all much smaller than the monomers)",40.720317684624035,44.452530474653514,4.298749660565022,9.703815002358606,6.1960853350768845,9.773639322176766,9.380084874757264,16.11364222018101
CC(C)[SiH](c1ccc(CO)cc1)C(C)C,CC(C)[SiH](c1ccc(COC(=O)[C@@H]2[C@H](C(=O)OCc3ccc([SiH](C(C)C)C(C)C)cc3)[C@@H]3C=C[C@@H]2C3)cc1)C(C)C,ester,Sigma-Aldrich,monoalcohol,222.404,19.7491,3.3466,7.7194,0,True,2,True,0,2,0,True,,16.873480184617538,2.7076201537575595,3.397668208856512,604.814243853198,16.40475753203693,3.3731268372240213,3.942982921390592,2.0,2.0,,gc_formula_si,"Si monomer: HSP NOT reliable (Si groups fitted on 67 HSPiP Si compounds, only 7 curated, all much smaller than the monomers)",41.20223989099565,37.79081675698475,3.0455417467116,4.519729102501605,4.493425669030722,10.879983049619147,9.409947054053456,16.417920427386655
CCO[Si](CCCCCCCCCCCN)(OCC)OCC,CCO[Si](CCCCCCCCCCCNC(=O)[C@@H]1[C@H](C(=O)NCCCCCCCCCCC[Si](OCC)(OCC)OCC)[C@@H]2C=C[C@@H]1C2)(OCC)OCC,amide,Thermo Fisher Scientific,monoamine,333.589,15.9961,-5.1214,2.4946,0,True,2,True,2,2,0,True,,16.180033681359426,5.392652984240457,3.3285700887930094,832.3809648392263,15.210050143089314,3.7532477267773636,2.7398578725664695,0.0,8.0,,gc_formula_si,"Si monomer: HSP NOT reliable (Si groups fitted on 67 HSPiP Si compounds, only 7 curated, all much smaller than the monomers)",40.41210144582925,45.072917233744704,4.1761566403531765,10.17026587459738,6.341738934620196,5.728977915824078,9.412896617833917,8.712569538316467
CC(C)(C)[Si](C)(C)OCCCCN,CC(C)(C)[Si](C)(C)OCCCCNC(=O)[C@@H]1[C@H](C(=O)NCCCCO[Si](C)(C)C(C)(C)C)[C@@H]2C=C[C@@H]1C2,amide,Ambeed,monoamine,203.402,12.1881,-5.7866,5.5482,0,True,2,True,2,2,0,True,,15.868483166088593,5.938118744391475,3.673915333277901,578.5419267343176,14.085553267906171,3.4975091699520773,2.632067171484481,0.0,8.0,,gc_formula_si,"Si monomer: HSP NOT reliable (Si groups fitted on 67 HSPiP Si compounds, only 7 curated, all much smaller than the monomers)",39.92191115737713,43.234540233937956,4.734083052187619,14.82586352426057,7.035889084570873,11.484691952333767,9.429530762118286,8.08179616421993
C[Si](C)(C)c1ccccc1O,C[Si](C)(C)c1ccccc1OC(=O)[C@@H]1[C@H](C(=O)Oc2ccccc2[Si](C)(C)C)[C@@H]2C=C[C@@H]1C2,ester,Ambeed,monoalcohol,166.296,19.049,4.579,6.6378,0,True,2,True,0,2,0,True,,16.661581018993367,3.268685424860805,3.936889490883162,489.46221617236085,17.26736169185007,4.032748497869478,3.777126448382039,0.0,8.0,,gc_formula_si,"Si monomer: HSP NOT reliable (Si groups fitted on 67 HSPiP Si compounds, only 7 curated, all much smaller than the monomers)",40.48717945968335,38.11316509868998,2.832995528016134,2.827655184070361,5.167820295183344,9.759899274070403,9.431855594225235,15.042168521858809
C[Si](C)(C)c1ccc(O)cc1,C[Si](C)(C)c1ccc(OC(=O)[C@@H]2[C@H](C(=O)Oc3ccc([Si](C)(C)C)cc3)[C@@H]3C=C[C@@H]2C3)cc1,ester,Sigma-Aldrich,monoalcohol,166.296,19.049,4.579,6.6378,0,True,2,True,0,2,0,True,,16.661581018993367,3.268685424860805,3.936889490883162,489.46221617236085,17.26736169185007,4.032748497869478,3.777126448382039,0.0,8.0,,gc_formula_si,"Si monomer: HSP NOT reliable (Si groups fitted on 67 HSPiP Si compounds, only 7 curated, all much smaller than the monomers)",40.48717945968335,38.11316509868998,2.832995528016134,2.827655184070361,5.167820295183344,9.759899274070403,9.431855594225235,15.042168521858809
C[Si](C)(C)c1cccc(O)c1,C[Si](C)(C)c1cccc(OC(=O)[C@@H]2[C@H](C(=O)Oc3cccc([Si](C)(C)C)c3)[C@@H]3C=C[C@@H]2C3)c1,ester,Combi-Blocks,monoalcohol,166.296,19.049,4.579,6.6378,0,True,2,True,0,2,0,True,,16.661581018993367,3.268685424860805,3.936889490883162,489.46221617236085,17.26736169185007,4.032748497869478,3.777126448382039,0.0,8.0,,gc_formula_si,"Si monomer: HSP NOT reliable (Si groups fitted on 67 HSPiP Si compounds, only 7 curated, all much smaller than the monomers)",40.48717945968335,38.11316509868998,2.832995528016134,2.827655184070361,5.167820295183344,9.759899274070403,9.431855594225235,15.042168521858809
CNCCC[Si](C)(OC)OC,CO[Si](C)(CCCN(C)C(=O)[C@@H]1[C@H](C(=O)N(C)CCC[Si](C)(OC)OC)[C@@H]2C=C[C@@H]1C2)OC,amide,Ambeed,monoamine,177.32,17.9865,6.7438,7.2121,0,True,2,True,0,2,0,True,,15.874812445132212,5.873914840814482,3.7988859471678977,494.83706353583295,14.647088606230152,4.369170314873047,3.0758045776157106,0.0,8.0,,gc_formula_si,"Si monomer: HSP NOT reliable (Si groups fitted on 67 HSPiP Si compounds, only 7 curated, all much smaller than the monomers)",39.8175253052769,36.627430893389175,4.6492491119751564,3.3403014609463026,7.046811181235677,10.434095737053594,9.447335404429966,14.466566760983754
CC(C)(C)[Si](C)(C)n1ccc2c(O)cccc21,CC(C)(C)[Si](C)(C)n1ccc2c(OC(=O)[C@@H]3[C@H](C(=O)Oc4cccc5c4ccn5[Si](C)(C)C(C)(C)C)[C@@H]4C=C[C@@H]3C4)cccc21,ester,Combi-Blocks,monoalcohol,247.414,20.4436,-3.2454,7.7564,2,True,2,True,0,2,0,True,,17.009809640072934,1.3859664059966808,3.6175167609449455,638.3006421641526,17.78571647675685,2.145129905296525,5.977612131683074,0.0,10.0,,gc_formula_si,"Si monomer: HSP NOT reliable (Si groups fitted on 67 HSPiP Si compounds, only 7 curated, all much smaller than the monomers)",41.46109728436358,40.76030478247188,3.515922535663595,9.170745114765756,4.125851341823992,11.80559384190393,9.450141106297375,17.62236436917589
CC(C)(C)[Si](C)(C)n1ccc2cc(O)ccc21,CC(C)(C)[Si](C)(C)n1ccc2cc(OC(=O)[C@@H]3[C@H](C(=O)Oc4ccc5c(ccn5[Si](C)(C)C(C)(C)C)c4)[C@@H]4C=C[C@@H]3C4)ccc21,ester,Combi-Blocks,monoalcohol,247.414,20.4436,-3.2454,7.7564,2,True,2,True,0,2,0,True,,17.009809640072934,1.3859664059966808,3.6175167609449455,638.3006421641526,17.78571647675685,2.145129905296525,5.977612131683074,0.0,10.0,,gc_formula_si,"Si monomer: HSP NOT reliable (Si groups fitted on 67 HSPiP Si compounds, only 7 curated, all much smaller than the monomers)",41.46109728436358,40.76030478247188,3.515922535663595,9.170745114765756,4.125851341823992,11.80559384190393,9.450141106297375,17.62236436917589
CC(C)(C)[Si](C)(C)n1ccc2ccc(O)cc21,CC(C)(C)[Si](C)(C)n1ccc2ccc(OC(=O)[C@@H]3[C@H](C(=O)Oc4ccc5ccn([Si](C)(C)C(C)(C)C)c5c4)[C@@H]4C=C[C@@H]3C4)cc21,ester,Combi-Blocks,monoalcohol,247.414,20.4436,-3.2454,7.7564,2,True,2,True,0,2,0,True,,17.009809640072934,1.3859664059966808,3.6175167609449455,638.3006421641526,17.78571647675685,2.145129905296525,5.977612131683074,0.0,10.0,,gc_formula_si,"Si monomer: HSP NOT reliable (Si groups fitted on 67 HSPiP Si compounds, only 7 curated, all much smaller than the monomers)",41.46109728436358,40.76030478247188,3.515922535663595,9.170745114765756,4.125851341823992,11.80559384190393,9.450141106297375,17.62236436917589
CC(C)(C)[Si](C)(C)OC1CNC1,CC(C)(C)[Si](C)(C)OC1CN(C(=O)[C@@H]2[C@H](C(=O)N3CC(O[Si](C)(C)C(C)(C)C)C3)[C@@H]3C=C[C@@H]2C3)C1,amide,Ambeed,monoamine,187.359,19.0304,3.0048,4.967,0,True,2,True,0,2,0,True,,16.070007194234442,5.728844595382424,3.361962531924592,537.6899439731186,14.843321031729152,2.9617452921267993,2.9245311947307133,0.0,8.0,,gc_formula_si,"Si monomer: HSP NOT reliable (Si groups fitted on 67 HSPiP Si compounds, only 7 curated, all much smaller than the monomers)",40.286064935867905,40.15573444328966,4.4595265669077655,2.6722665810132034,6.658381126589472,7.969959139167527,9.463099197455072,13.92823638082008
CC(C)(C)[Si](C)(C)OCCCN,CC(C)(C)[Si](C)(C)OCCCNC(=O)[C@@H]1[C@H](C(=O)NCCCO[Si](C)(C)C(C)(C)C)[C@@H]2C=C[C@@H]1C2,amide,Ambeed,monoamine,189.375,12.1452,-5.5144,5.7804,0,True,2,True,2,2,0,True,,15.83387057061095,6.123931486267235,3.787619328450992,545.0521649319415,14.103341912736514,4.094462289741503,2.7141933467132695,0.0,8.0,,gc_formula_si,"Si monomer: HSP NOT reliable (Si groups fitted on 67 HSPiP Si compounds, only 7 curated, all much smaller than the monomers)",39.76413047596949,42.91350980379023,4.831229507314291,14.717900790533955,7.260695807257113,11.526972008294285,9.546369783279735,8.065534308401396
CC(C)(C)[Si](C)(C)CCN,CC(C)(C)[Si](C)(C)CCNC(=O)[C@@H]1[C@H](C(=O)NCC[Si](C)(C)C(C)(C)C)[C@@H]2C=C[C@@H]1C2,amide,Sigma-Aldrich,monoamine,159.349,11.8231,-5.5144,5.7804,0,True,2,True,2,2,0,True,,15.831033677971602,6.077820640409386,3.9299240392381622,500.921457729732,14.456693125674857,4.486363084771781,2.7875803859081474,0.0,6.0,,gc_formula_si,"Si monomer: HSP NOT reliable (Si groups fitted on 67 HSPiP Si compounds, only 7 curated, all much smaller than the monomers)",39.6377434481622,43.01893729463804,4.766062816779014,15.21850472155527,7.2982137770796855,11.999673577227009,9.57066843337172,8.179085887799443
CC(C)(C)[Si](C)(C)Oc1ccc2cc(O)ccc2c1,CC(C)(C)[Si](C)(C)Oc1ccc2cc(OC(=O)[C@@H]3[C@H](C(=O)Oc4ccc5cc(O[Si](C)(C)C(C)(C)C)ccc5c4)[C@@H]4C=C[C@@H]3C4)ccc2c1,ester,Combi-Blocks,monoalcohol,274.436,21.296,-3.1486,7.8518,2,True,2,True,0,2,0,True,,16.988161629397837,2.784155082560838,3.3205295935939176,682.0702660139091,17.019559050545876,3.852054264608955,2.64757208022979,0.0,10.0,,gc_formula_si,"Si monomer: HSP NOT reliable (Si groups fitted on 67 HSPiP Si compounds, only 7 curated, all much smaller than the monomers)",41.266404861418906,41.08189174319995,2.9379461009526042,10.20302843277426,4.5466143467842395,13.092154490380869,9.608889475118444,19.160618706085668
CC(C)(C)[Si](C)(C)c1occ(C=O)c1CO,CC(C)(C)[Si](C)(C)c1occ(C=O)c1COC(=O)[C@@H]1[C@H](C(=O)OCc2c(C=O)coc2[Si](C)(C)C(C)(C)C)[C@@H]2C=C[C@@H]1C2,ester,Sigma-Aldrich,monoalcohol,240.375,18.592,6.4924,6.2154,2,True,2,True,0,2,0,True,,16.575325064672366,2.895474265885591,4.966502539432832,594.4367169531304,17.40215838072881,3.7937430177014018,5.432523198468204,0.0,8.0,,gc_formula_si,"Si monomer: HSP NOT reliable (Si groups fitted on 67 HSPiP Si compounds, only 7 curated, all much smaller than the monomers)",39.625041619323156,37.82505348205075,2.7005566610994647,3.1211201386681653,5.775217248168751,10.089376141268595,9.64999979928031,14.82042883725029
CC(C)(C)[Si](C)(C)OC1CCC(CN)CC1,CC(C)(C)[Si](C)(C)OC1CCC(CNC(=O)[C@@H]2[C@H](C(=O)NCC3CCC(O[Si](C)(C)C(C)(C)C)CC3)[C@@H]3C=C[C@@H]2C3)CC1,amide,Combi-Blocks,monoamine,243.467,15.3166,-6.9586,4.5476,0,True,2,True,2,2,2,True,,16.31857905082367,5.583167255565548,3.132932470927902,655.4998876561037,15.248304768806653,2.4387896708281898,1.398030839322348,0.0,8.0,,gc_formula_si,"Si monomer: HSP NOT reliable (Si groups fitted on 67 HSPiP Si compounds, only 7 curated, all much smaller than the monomers)",40.56167982101093,44.186825660597066,4.149035166400686,11.9785375551442,6.402218615099907,8.54231127740028,9.662477935770589,9.822889694993016
CC(C)(C)[Si](C)(C)OCCN,CC(C)(C)[Si](C)(C)OCCNC(=O)[C@@H]1[C@H](C(=O)NCCO[Si](C)(C)C(C)(C)C)[C@@H]2C=C[C@@H]1C2,amide,Ambeed,monoamine,175.348,12.1022,-5.2422,3.4639,0,True,2,True,2,2,0,True,,15.79463470621922,6.327501362488665,3.912230745618835,511.5624031295655,14.121098672323251,4.691415409530928,2.796319521942058,0.0,8.0,,gc_formula_si,"Si monomer: HSP NOT reliable (Si groups fitted on 67 HSPiP Si compounds, only 7 curated, all much smaller than the monomers)",39.59198525788655,44.78452750013111,4.949720589694366,14.750770264972608,7.5076227409143135,10.486437117057443,9.677286745726166,6.395992761878331
CNCCC[Si](OC)(OC)OC,CO[Si](CCCN(C)C(=O)[C@@H]1[C@H](C(=O)N(C)CCC[Si](OC)(OC)OC)[C@@H]2C=C[C@@H]1C2)(OC)OC,amide,Sigma-Aldrich,monoamine,193.319,19.4876,11.3676,10.2497,0,True,2,True,0,2,0,True,,15.959970772199144,6.018492313231692,3.915155383364563,503.5800205350181,14.731325022362244,6.108233583640752,2.934026461264027,0.0,8.0,,gc_formula_si,"Si monomer: HSP NOT reliable (Si groups fitted on 67 HSPiP Si compounds, only 7 curated, all much smaller than the monomers)",39.67206932325778,33.350932144244474,4.532391463316663,9.471888665414093,7.212015730941862,16.580767620650136,9.698470453771987,20.458854681775325
CC(C)(C)[Si](C)(C)OC1CCC(N)CC1,CC(C)(C)[Si](C)(C)OC1CCC(NC(=O)[C@@H]2[C@H](C(=O)NC3CCC(O[Si](C)(C)C(C)(C)C)CC3)[C@@H]3C=C[C@@H]2C3)CC1,amide,Ambeed,monoamine,229.44,15.2857,-6.6864,4.7798,0,True,2,True,2,2,2,True,,16.313016154720977,5.737207858662034,3.218763628719591,622.0101258537277,15.2641964370827,2.541542054090379,1.4801570145511365,0.0,8.0,,gc_formula_si,"Si monomer: HSP NOT reliable (Si groups fitted on 67 HSPiP Si compounds, only 7 curated, all much smaller than the monomers)",40.43899009514886,43.847712037915954,4.174189253264077,11.74211952587777,6.578500664452075,8.465792990618185,9.771977090034571,9.710705996991157
C[Si](C)(C)C#Cc1ccccc1O,C[Si](C)(C)C#Cc1ccccc1OC(=O)[C@@H]1[C@H](C(=O)Oc2ccccc2C#C[Si](C)(C)C)[C@@H]2C=C[C@@H]1C2,ester,Ambeed,monoalcohol,190.318,19.1673,-0.3656,5.9356,0,True,2,True,0,2,0,True,,16.68055539316874,3.7962095872753725,4.2854149908222015,539.0814750090301,17.044727816771353,6.634821559082479,6.58870511241788,0.0,8.0,,gc_formula_si,"Si monomer: HSP NOT reliable (Si groups fitted on 67 HSPiP Si compounds, only 7 curated, all much smaller than the monomers)",39.99519993703087,40.54625516468814,2.5492379460041343,5.085580387723706,5.775402886653394,8.261395032317484,9.80587955394232,14.236182349211466
C[Si](C)(C)C#Cc1ccc(O)cc1,C[Si](C)(C)C#Cc1ccc(OC(=O)[C@@H]2[C@H](C(=O)Oc3ccc(C#C[Si](C)(C)C)cc3)[C@@H]3C=C[C@@H]2C3)cc1,ester,Ambeed,monoalcohol,190.318,19.1673,-0.3656,5.9356,0,True,2,True,0,2,0,True,,16.68055539316874,3.7962095872753725,4.2854149908222015,539.0814750090301,17.044727816771353,6.634821559082479,6.58870511241788,0.0,8.0,,gc_formula_si,"Si monomer: HSP NOT reliable (Si groups fitted on 67 HSPiP Si compounds, only 7 curated, all much smaller than the monomers)",39.99519993703087,40.54625516468814,2.5492379460041343,5.085580387723706,5.775402886653394,8.261395032317484,9.80587955394232,14.236182349211466
CC(C)[Si](C(C)C)(C(C)C)n1ccc2cc(O)cnc21,CC(C)[Si](C(C)C)(C(C)C)n1ccc2cc(OC(=O)[C@@H]3[C@H](C(=O)Oc4cnc5c(ccn5[Si](C(C)C)(C(C)C)C(C)C)c4)[C@@H]4C=C[C@@H]3C4)cnc21,ester,Ambeed,monoalcohol,290.483,20.9205,0.953,8.9154,4,True,2,True,0,2,0,True,,16.834248206069848,3.389253195627488,4.1425318389172965,734.7165936999882,18.494352384641495,0.0,5.036817564794173,0.0,8.0,,gc_formula_si,"Si monomer: HSP NOT reliable (Si groups fitted on 67 HSPiP Si compounds, only 7 curated, all much smaller than the monomers)",40.27585113352211,38.18993332227748,2.415427129194177,7.700639399426517,5.457956746189004,12.875894033425407,9.849651779534224,18.72696043569271
Cn1nc(CO)cc1CO[Si](C)(C)C(C)(C)C,Cn1nc(COC(=O)[C@@H]2[C@H](C(=O)OCc3cc(CO[Si](C)(C)C(C)(C)C)n(C)n3)[C@@H]3C=C[C@@H]2C3)cc1CO[Si](C)(C)C(C)(C)C,ester,Ambeed,monoalcohol,256.422,18.3117,-3.1228,7.272,4,True,2,True,0,2,0,True,,16.502282757690164,4.764362853418425,4.138341623506392,637.7414143297849,15.143098074134064,3.0648557850479463,4.068928389900645,0.0,12.0,,gc_formula_si,"Si monomer: HSP NOT reliable (Si groups fitted on 67 HSPiP Si compounds, only 7 curated, all much smaller than the monomers)",39.831771176277115,40.3021698100735,3.055735073693045,7.314851427062616,6.323661759464513,8.878153603086622,9.882026182397544,13.733119507235054
CC(C)(C)[Si](C)(C)OCCOCCN,CC(C)(C)[Si](C)(C)OCCOCCNC(=O)[C@@H]1[C@H](C(=O)NCCOCCO[Si](C)(C)C(C)(C)C)[C@@H]2C=C[C@@H]1C2,amide,Sigma-Aldrich,monoamine,219.401,12.4557,-5.5144,5.7804,0,True,2,True,2,2,0,True,,15.863778583939672,6.302496431748734,4.254766523623347,591.5042692876972,13.964460151201145,4.645153938376189,5.137352432773534,0.0,8.0,,gc_formula_si,"Si monomer: HSP NOT reliable (Si groups fitted on 67 HSPiP Si compounds, only 7 curated, all much smaller than the monomers)",39.2684441398025,42.82080851034926,4.724236340753619,14.246252892603025,7.654126726026304,11.087659873931921,9.892546646618994,8.003771703390846
CC(C)(C)[Si](C)(C)Oc1c(Cl)cc(Cl)c(O)c1Cl,CC(C)(C)[Si](C)(C)Oc1c(Cl)cc(Cl)c(OC(=O)[C@@H]2[C@H](C(=O)Oc3c(Cl)cc(Cl)c(O[Si](C)(C)C(C)(C)C)c3Cl)[C@@H]3C=C[C@@H]2C3)c1Cl,ester,Combi-Blocks,monoalcohol,327.711,22.4273,6.5054,9.6764,2,True,2,True,0,2,0,True,,17.124822589466067,3.529023770761688,2.7527119133286413,678.2428525910492,17.811354677749343,4.455875804301306,0.7094418633731827,0.0,10.0,,gc_formula_si,"Si monomer: HSP NOT reliable (Si groups fitted on 67 HSPiP Si compounds, only 7 curated, all much smaller than the monomers)",41.59415147480908,36.69327795768593,3.083613681479488,10.482273001596548,4.769985415989916,16.915323445917313,9.917038441257514,22.68114651599429
C[Si](C)(C)c1ccc(CO)cc1,C[Si](C)(C)c1ccc(COC(=O)[C@@H]2[C@H](C(=O)OCc3ccc([Si](C)(C)C)cc3)[C@@H]3C=C[C@@H]2C3)cc1,ester,Ambeed,monoalcohol,180.323,20.2254,6.1112,6.2898,0,True,2,True,0,2,0,True,,17.038751717616034,3.0463827024534833,3.7947693559142515,495.97652012371566,17.500125203423323,4.312622693802393,3.922237523446876,0.0,8.0,,gc_formula_si,"Si monomer: HSP NOT reliable (Si groups fitted on 67 HSPiP Si compounds, only 7 curated, all much smaller than the monomers)",40.74211599118781,38.520650177794245,2.4401782373281415,5.38919753952293,5.085640415475342,11.770446470716392,9.948858623121449,17.419383746849373
CC(C)(CO)CO[Si](c1ccccc1)(c1ccccc1)C(C)(C)C,CC(C)(COC(=O)[C@@H]1[C@H](C(=O)OCC(C)(C)CO[Si](c2ccccc2)(c2ccccc2)C(C)(C)C)[C@@H]2C=C[C@@H]1C2)CO[Si](c1ccccc1)(c1ccccc1)C(C)(C)C,ester,Ambeed,monoalcohol,342.555,23.4089,-5.1754,9.1094,0,True,2,True,0,2,0,True,,17.26414734866481,2.6686041803402127,2.922975230534742,807.4343249888861,20.267685164802813,2.2332014132678517,4.265418649262222,0.0,4.0,,gc_formula_si,"Si monomer: HSP NOT reliable (Si groups fitted on 67 HSPiP Si compounds, only 7 curated, all much smaller than the monomers)",41.721997287602704,42.42895580096215,3.050564633454744,14.873792063895474,4.4026756534405775,17.661024046187126,9.949421920440654,23.84298828502837
CC(C)(C)[Si](OCCCCCCCCO)(c1ccccc1)c1ccccc1,CC(C)(C)[Si](OCCCCCCCCOC(=O)[C@@H]1[C@H](C(=O)OCCCCCCCCO[Si](c2ccccc2)(c2ccccc2)C(C)(C)C)[C@@H]2C=C[C@@H]1C2)(c1ccccc1)c1ccccc1,ester,Combi-Blocks,monoalcohol,384.636,24.0882,-3.9658,6.5202,0,True,2,True,0,2,0,True,,17.31427683900202,2.568957358816492,2.8837192043120843,901.9338080598856,20.850985682600147,2.169319610370578,4.504761974568075,0.0,4.0,,gc_formula_si,"Si monomer: HSP NOT reliable (Si groups fitted on 67 HSPiP Si compounds, only 7 curated, all much smaller than the monomers)",41.79955143285586,44.42809893119443,3.091974720312837,14.86867360056034,4.362385630051455,17.345455158052207,10.004078235826508,24.020927847191917
CO[Si](CCCCCCCCCCCN)(OC)OC,CO[Si](CCCCCCCCCCCNC(=O)[C@@H]1[C@H](C(=O)NCCCCCCCCCCC[Si](OC)(OC)OC)[C@@H]2C=C[C@@H]1C2)(OC)OC,amide,Combi-Blocks,monoamine,291.508,17.8303,5.0392,6.9363,0,True,2,True,2,2,0,True,,16.399474094102143,5.576646015261785,3.8219750327418094,726.0796961854419,15.693661396994331,6.487798911786802,2.119968225176051,0.0,8.0,,gc_formula_si,"Si monomer: HSP NOT reliable (Si groups fitted on 67 HSPiP Si compounds, only 7 curated, all much smaller than the monomers)",39.90539973807988,37.31556788647333,3.6705314197809473,1.8342319073661326,6.763582949297411,9.10346454323847,10.022520053468009,13.37107724493431
C[Si](C)(CCCCO)O[Si](C)(C)CCCCO,C[Si](C)(CCCCO)O[Si](C)(C)CCCCOC(=O)[C@@H]1[C@H](C(=O)OCCCC[Si](C)(C)O[Si](C)(C)CCCCO)[C@@H]2C=C[C@@H]1C2,ester,Ambeed,diol,278.541,16.9136,10.8756,10.6895,0,True,4,True,0,2,0,True,,15.33679209487797,3.9881880606880693,7.558283864656665,720.785218128599,14.64192275153109,6.421435410228408,9.531919494733803,0.0,14.0,,gc_formula_si,"Si monomer: HSP NOT reliable (Si groups fitted on 67 HSPiP Si compounds, only 7 curated, all much smaller than the monomers)",36.76108014429594,32.1477253542144,5.339839167706885,8.873146310638635,8.760386798543912,15.298696200983926,10.042110793682172,17.423024578126498
CC(C)(C)[Si](OCCCCCCCO)(c1ccccc1)c1ccccc1,CC(C)(C)[Si](OCCCCCCCOC(=O)[C@@H]1[C@H](C(=O)OCCCCCCCO[Si](c2ccccc2)(c2ccccc2)C(C)(C)C)[C@@H]2C=C[C@@H]1C2)(c1ccccc1)c1ccccc1,ester,Combi-Blocks,monoalcohol,370.609,24.072,-3.6936,6.7524,0,True,2,True,0,2,0,True,,17.347782832028695,2.6269628554530144,2.940830901173746,868.4440462575096,20.86116828527243,2.2720719936327667,4.586888149796864,0.0,4.0,,gc_formula_si,"Si monomer: HSP NOT reliable (Si groups fitted on 67 HSPiP Si compounds, only 7 curated, all much smaller than the monomers)",41.73295484622186,44.10653560097415,2.997994582352589,14.716766041491585,4.4655140449453885,17.345129654170933,10.097373977823688,24.01097921201882
C[Si](C)(C)Nc1ccnc(O[Si](C)(C)C)n1,C[Si](C)(C)Oc1nccc(N(C(=O)[C@@H]2[C@H](C(=O)N(c3ccnc(O[Si](C)(C)C)n3)[Si](C)(C)C)[C@@H]3C=C[C@@H]2C3)[Si](C)(C)C)n1,amide,Sigma-Aldrich,monoamine,255.47,16.8863,-6.4654,6.688,8,True,4,True,0,2,0,True,,16.064002118883113,6.692308334958788,3.6919052151350162,650.5893609944757,14.032260806657263,2.0259833700441003,3.448038740671832,0.0,28.0,,gc_formula_si,"Si monomer: HSP NOT reliable (Si groups fitted on 67 HSPiP Si compounds, only 7 curated, all much smaller than the monomers)",39.73022150213883,42.19710952091386,4.808424602872084,10.592084399210574,7.657671641384647,9.375805667781302,10.182494585861578,12.515237589434728
C[Si](C)(C)C#Cc1cccc(CO)c1,C[Si](C)(C)C#Cc1cccc(COC(=O)[C@@H]2[C@H](C(=O)OCc3cccc(C#C[Si](C)(C)C)c3)[C@@H]3C=C[C@@H]2C3)c1,ester,Ambeed,monoalcohol,204.345,20.3341,4.2008,5.5876,0,True,2,True,0,2,0,True,,17.023165678212138,3.6180831683991155,4.163132745343402,545.595778960385,17.28176005479352,6.9146957550153925,6.733816187482717,0.0,8.0,,gc_formula_si,"Si monomer: HSP NOT reliable (Si groups fitted on 67 HSPiP Si compounds, only 7 curated, all much smaller than the monomers)",40.21209573196992,39.75544649026092,2.06895563281173,5.077874126049204,5.702111403802942,10.675385034742305,10.255790851703692,16.79243656054713
C[Si](C)(C)C#Cc1ccccc1CO,C[Si](C)(C)C#Cc1ccccc1COC(=O)[C@@H]1[C@H](C(=O)OCc2ccccc2C#C[Si](C)(C)C)[C@@H]2C=C[C@@H]1C2,ester,Ambeed,monoalcohol,204.345,20.3341,4.2008,5.5876,0,True,2,True,0,2,0,True,,17.023165678212138,3.6180831683991155,4.163132745343402,545.595778960385,17.28176005479352,6.9146957550153925,6.733816187482717,0.0,8.0,,gc_formula_si,"Si monomer: HSP NOT reliable (Si groups fitted on 67 HSPiP Si compounds, only 7 curated, all much smaller than the monomers)",40.21209573196992,39.75544649026092,2.06895563281173,5.077874126049204,5.702111403802942,10.675385034742305,10.255790851703692,16.79243656054713
C[Si](C)(C)C#Cc1ccc(CO)cc1,C[Si](C)(C)C#Cc1ccc(COC(=O)[C@@H]2[C@H](C(=O)OCc3ccc(C#C[Si](C)(C)C)cc3)[C@@H]3C=C[C@@H]2C3)cc1,ester,Sigma-Aldrich,monoalcohol,204.345,20.3341,4.2008,5.5876,0,True,2,True,0,2,0,True,,17.023165678212138,3.6180831683991155,4.163132745343402,545.595778960385,17.28176005479352,6.9146957550153925,6.733816187482717,0.0,8.0,,gc_formula_si,"Si monomer: HSP NOT reliable (Si groups fitted on 67 HSPiP Si compounds, only 7 curated, all much smaller than the monomers)",40.21209573196992,39.75544649026092,2.06895563281173,5.077874126049204,5.702111403802942,10.675385034742305,10.255790851703692,16.79243656054713
CCO[Si](CCCN)(OCC)OCC,CCO[Si](CCCNC(=O)[C@@H]1[C@H](C(=O)NCCC[Si](OCC)(OCC)OCC)[C@@H]2C=C[C@@H]1C2)(OCC)OCC,amide,Sigma-Aldrich,monoamine,221.373,15.7616,5.0242,6.3415,0,True,2,True,2,2,0,True,,16.064125675132164,6.592482972197394,4.060223341106472,564.462870420218,15.336978741724161,8.528872685092763,3.3968672743967794,0.0,8.0,,gc_formula_si,"Si monomer: HSP NOT reliable (Si groups fitted on 67 HSPiP Si compounds, only 7 curated, all much smaller than the monomers)",39.39612730535614,37.59994210274798,4.62336025743279,4.311872694085485,7.756854524026205,8.161905790316377,10.257466136951765,10.146466682052429
CO[Si](CCC(C)(C)CN)(OC)OC,CO[Si](CCC(C)(C)CNC(=O)[C@@H]1[C@H](C(=O)NCC(C)(C)CC[Si](OC)(OC)OC)[C@@H]2C=C[C@@H]1C2)(OC)OC,amide,Oakwood Products,monoamine,221.373,16.7092,7.537,10.1337,0,True,2,True,2,2,0,True,,16.162171387085852,6.307100169341946,4.213818397281314,564.6006895096905,14.834154600792399,7.437165315604461,2.0448772503277763,0.0,8.0,,gc_formula_si,"Si monomer: HSP NOT reliable (Si groups fitted on 67 HSPiP Si compounds, only 7 curated, all much smaller than the monomers)",39.32255612223014,33.34879133117121,4.263604648831687,6.281586045737176,7.5902414281451565,12.655750600023689,10.270457676540202,14.959712004246606
C[Si](C)(CO)c1ccccc1,C[Si](C)(COC(=O)[C@@H]1[C@H](C(=O)OC[Si](C)(C)c2ccccc2)[C@@H]2C=C[C@@H]1C2)c1ccccc1,ester,Sigma-Aldrich,monoalcohol,166.296,20.8296,4.395,6.3104,0,True,2,True,0,2,0,True,,17.118768819752304,3.3067676712559466,4.074331362619173,460.88476182225406,18.6400113977154,3.6216513419940135,4.4082521409770825,0.0,6.0,,gc_formula_si,"Si monomer: HSP NOT reliable (Si groups fitted on 67 HSPiP Si compounds, only 7 curated, all much smaller than the monomers)",40.40793906763276,39.28798643096894,2.0593104047824053,6.1331621371035,5.496946243586525,11.883024774862667,10.277984238835279,17.98607121636073
C[Si](C)(CCCO)O[Si](C)(C)CCCO,C[Si](C)(CCCO)O[Si](C)(C)CCCOC(=O)[C@@H]1[C@H](C(=O)OCCC[Si](C)(C)O[Si](C)(C)CCCO)[C@@H]2C=C[C@@H]1C2,ester,Combi-Blocks,diol,250.487,16.8598,12.132,12.2403,0,True,4,True,0,2,0,True,,15.221297758009781,4.202342863455832,7.938004988654424,653.8056945238469,14.675566264039388,6.626940176752786,10.943625941915593,0.0,14.0,,gc_formula_si,"Si monomer: HSP NOT reliable (Si groups fitted on 67 HSPiP Si compounds, only 7 curated, all much smaller than the monomers)",36.33513609207967,30.429315014472476,5.712626413758217,10.804321924581847,9.23720752443289,17.27031766499968,10.300455246255929,19.137035095594094
CCO[Si](C)(CCCN)OCC,CCO[Si](C)(CCCNC(=O)[C@@H]1[C@H](C(=O)NCCC[Si](C)(OCC)OCC)[C@@H]2C=C[C@@H]1C2)OCC,amide,Sigma-Aldrich,monoamine,191.347,14.4393,-2.9438,5.5699,0,True,2,True,2,2,0,True,,16.081198709831614,6.623096418008141,4.202523170915754,520.2861572031047,15.420368141857525,7.701326477994871,3.3320155082849903,0.0,8.0,,gc_formula_si,"Si monomer: HSP NOT reliable (Si groups fitted on 67 HSPiP Si compounds, only 7 curated, all much smaller than the monomers)",39.25169078256148,41.38197847384777,4.5733807762001755,9.592690050762613,7.856087014706079,7.317005016398445,10.356477491202497,7.196554898699794
CC(C)(C)[Si](C)(C)OCc1cc2ncc(O)cc2o1,CC(C)(C)[Si](C)(C)OCc1cc2ncc(OC(=O)[C@@H]3[C@H](C(=O)Oc4cnc5cc(CO[Si](C)(C)C(C)(C)C)oc5c4)[C@@H]4C=C[C@@H]3C4)cc2o1,ester,Sigma-Aldrich,monoalcohol,279.412,21.585,3.506,6.8672,4,True,2,True,0,2,0,True,,16.736681385773597,4.820089177509728,4.493191011917092,666.6014267643716,17.469671088887036,5.051973682633379,2.6090944523704005,0.0,12.0,,gc_formula_si,"Si monomer: HSP NOT reliable (Si groups fitted on 67 HSPiP Si compounds, only 7 curated, all much smaller than the monomers)",39.50269275960687,39.49293926564595,2.5264232294879845,7.702556188694764,6.647163882397028,13.08340062216242,10.421190507313602,19.37068330854645
CC(C)(C)[Si](OCCCCO)(c1ccccc1)c1ccccc1,CC(C)(C)[Si](OCCCCOC(=O)[C@@H]1[C@H](C(=O)OCCCCO[Si](c2ccccc2)(c2ccccc2)C(C)(C)C)[C@@H]2C=C[C@@H]1C2)(c1ccccc1)c1ccccc1,ester,Matrix Scientific,monoalcohol,328.528,24.0233,3.6058,7.449,0,True,2,True,0,2,0,True,,17.46532212488307,2.8218480558036587,3.1337693227565477,767.9747608503815,20.891673720144038,2.580329143419334,4.83326667548323,0.0,4.0,,gc_formula_si,"Si monomer: HSP NOT reliable (Si groups fitted on 67 HSPiP Si compounds, only 7 curated, all much smaller than the monomers)",41.51032736977138,40.72830669448461,2.685050530823115,12.601706479679644,4.818219509036599,17.523893579909686,10.421924795060331,24.111364254226675
C[Si](C)(C)NCc1ccccc1,C[Si](C)(C)N(Cc1ccccc1)C(=O)[C@@H]1[C@H](C(=O)N(Cc2ccccc2)[Si](C)(C)C)[C@@H]2C=C[C@@H]1C2,amide,TCI,monoamine,179.339,20.6037,-4.6286,4.6402,0,True,2,True,0,2,0,True,,16.907757087848317,5.037207945258568,3.5324267456301524,508.8832529358758,18.49212280776425,3.620089896453977,6.6270953003288255,0.0,10.0,,gc_formula_si,"Si monomer: HSP NOT reliable (Si groups fitted on 67 HSPiP Si compounds, only 7 curated, all much smaller than the monomers)",40.38607019433783,44.13604749816186,2.889459478727887,10.243007798493565,6.271281950952193,10.818628783723007,10.424604617843801,17.11225551352013
C/C(=C\CO)CCCO[Si](c1ccccc1)(c1ccccc1)C(C)(C)C,C/C(=C\COC(=O)[C@@H]1[C@H](C(=O)OC/C=C(\C)CCCO[Si](c2ccccc2)(c2ccccc2)C(C)(C)C)[C@@H]2C=C[C@@H]1C2)CCCO[Si](c1ccccc1)(c1ccccc1)C(C)(C)C,ester,Sigma-Aldrich,monoalcohol,368.593,22.8738,-1.682,8.1268,0,True,2,True,0,2,0,True,,17.51154787556593,2.678057271857365,3.071980922640857,852.3552596837693,21.19079603368704,2.5730068476666634,6.302059895304028,0.0,4.0,,gc_formula_si,"Si monomer: HSP NOT reliable (Si groups fitted on 67 HSPiP Si compounds, only 7 curated, all much smaller than the monomers)",41.623273996747784,41.20621831714237,2.7787117848461222,11.875714210101217,4.741355350484792,15.54777759038249,10.450503785744955,21.974959112589946
CC(C)(C)[Si](OCC1CCC(CO)CC1)(c1ccccc1)c1ccccc1,CC(C)(C)[Si](OCC1CCC(COC(=O)[C@@H]2[C@H](C(=O)OCC3CCC(CO[Si](c4ccccc4)(c4ccccc4)C(C)(C)C)CC3)[C@@H]3C=C[C@@H]2C3)CC1)(c1ccccc1)c1ccccc1,ester,Matrix Scientific,monoalcohol,382.62,25.2585,-2.7536,7.539,0,True,2,True,0,2,2,True,,17.56662811500823,2.591882837291277,2.8534301231211114,868.3155505644058,21.532928384889964,1.947526064751139,4.073285957023311,0.0,4.0,,gc_formula_si,"Si monomer: HSP NOT reliable (Si groups fitted on 67 HSPiP Si compounds, only 7 curated, all much smaller than the monomers)",41.867568450572605,44.05607702644438,2.9888714210207015,16.460401057082418,4.612733163396429,19.632567915583536,10.468820227176234,26.368210461842118
CC1(C)OB(c2cccc(N)c2CO[Si](C)(C)C(C)(C)C)OC1(C)C,CC1(C)OB(c2cccc(NC(=O)[C@@H]3[C@H](C(=O)Nc4cccc(B5OC(C)(C)C(C)(C)O5)c4CO[Si](C)(C)C(C)(C)C)[C@@H]4C=C[C@@H]3C4)c2CO[Si](C)(C)C(C)(C)C)OC1(C)C,amide,Ambeed,monoamine,363.383,17.3373,11.7978,8.4046,4,True,2,True,0,2,0,True,,16.74824882526396,4.9914771392218205,4.375890115232769,847.6995995704174,15.921455877762709,3.234490829888669,3.3924869604820413,0.0,12.0,,gc_formula_si,"Si monomer: HSP NOT reliable (Si groups fitted on 67 HSPiP Si compounds, only 7 curated, all much smaller than the monomers)",39.56839883855886,34.35199137109812,2.6229120291595387,8.465713860035667,6.698280851783387,14.633159302078276,10.46979142757725,17.200104393869243
CCO[Si](C)(C)CCCN,CCO[Si](C)(C)CCCNC(=O)[C@@H]1[C@H](C(=O)NCCC[Si](C)(C)OCC)[C@@H]2C=C[C@@H]1C2,amide,Sigma-Aldrich,monoamine,161.321,13.5744,-2.9438,5.3037,0,True,2,True,2,2,0,True,,16.101416597790838,6.659208585744524,4.365224362400067,476.1094439859915,15.503120439064325,6.873780270896979,3.2671637421732003,0.0,8.0,,gc_formula_si,"Si monomer: HSP NOT reliable (Si groups fitted on 67 HSPiP Si compounds, only 7 curated, all much smaller than the monomers)",39.08637095735631,41.742370722923724,4.521248728435371,10.876530401281467,7.972326146933311,8.155413758357083,10.472763828591413,6.31296234504848
CC(C)(C)[Si](OCCCO)(c1ccccc1)c1ccccc1,CC(C)(C)[Si](OCCCOC(=O)[C@@H]1[C@H](C(=O)OCCCO[Si](c2ccccc2)(c2ccccc2)C(C)(C)C)[C@@H]2C=C[C@@H]1C2)(c1ccccc1)c1ccccc1,ester,Ambeed,monoalcohol,314.501,24.007,4.234,7.6812,0,True,2,True,0,2,0,True,,17.51143094393945,2.895055856695407,3.2066240732623053,734.4849990480054,20.901828118097956,2.683081526681523,4.915392850712019,0.0,4.0,,gc_formula_si,"Si monomer: HSP NOT reliable (Si groups fitted on 67 HSPiP Si compounds, only 7 curated, all much smaller than the monomers)",41.42722559039304,40.32835560049529,2.569547484084481,12.608591731038008,4.953185448612623,17.73468312206339,10.548139991192953,24.255320765555755
CCO[Si](CNc1ccccc1)(OCC)OCC,CCO[Si](CN(C(=O)[C@@H]1[C@H](C(=O)N(C[Si](OCC)(OCC)OCC)c2ccccc2)[C@@H]2C=C[C@@H]1C2)c1ccccc1)(OCC)OCC,amide,Ambeed,monoamine,269.417,19.1942,-3.9804,5.8216,2,True,2,True,0,2,0,True,,17.023685722436053,5.325207789577205,2.9417031111671363,629.2837089768051,18.280725416968,3.0358846488765847,4.083641118602538,0.0,10.0,,gc_formula_si,"Si monomer: HSP NOT reliable (Si groups fitted on 67 HSPiP Si compounds, only 7 curated, all much smaller than the monomers)",40.89392614372256,42.243088254529866,3.3146275273523558,8.365363427849383,6.253506160215668,9.1236059362513,10.573007523974136,14.779483931450379
CC(C)(C)[Si](OCC1(O)CC1)(c1ccccc1)c1ccccc1,CC(C)(C)[Si](OCC1(OC(=O)[C@@H]2[C@H](C(=O)OC3(CO[Si](c4ccccc4)(c4ccccc4)C(C)(C)C)CC3)[C@@H]3C=C[C@@H]2C3)CC1)(c1ccccc1)c1ccccc1,ester,Combi-Blocks,monoalcohol,326.512,24.1599,7.1982,7.449,0,True,2,True,0,2,0,True,,17.54492669205744,2.906591828708195,3.1754153932566047,778.2812048751655,21.094209546852007,1.611100068550778,3.9510061313573086,0.0,4.0,,gc_formula_si,"Si monomer: HSP NOT reliable (Si groups fitted on 67 HSPiP Si compounds, only 7 curated, all much smaller than the monomers)",41.45958705647982,39.9003678714871,2.5789150739015647,13.284202508242638,4.973018082898208,18.825881022677265,10.60305604927593,25.151916751611598
C[Si](C)(C)CCCN,C[Si](C)(C)CCCNC(=O)[C@@H]1[C@H](C(=O)NCCC[Si](C)(C)C)[C@@H]2C=C[C@@H]1C2,amide,Ambeed,monoamine,131.295,13.3001,-2.9438,5.1581,0,True,2,True,2,2,0,True,,16.12573647252912,6.702449295734736,4.553494345400932,431.9327307688783,15.585248618792164,6.046234063799087,3.202311976061411,0.0,8.0,,gc_formula_si,"Si monomer: HSP NOT reliable (Si groups fitted on 67 HSPiP Si compounds, only 7 curated, all much smaller than the monomers)",38.894849566019346,41.92548788135923,4.467910971251451,11.31153809567912,8.110401249230502,8.442129712933816,10.611306179371056,6.0590786502569856
CCO[Si](CCCN(CCO)CCO)(OCC)OCC,CCO[Si](CCCN(CCO)CCOC(=O)[C@@H]1[C@H](C(=O)OCCN(CCO)CCC[Si](OCC)(OCC)OCC)[C@@H]2C=C[C@@H]1C2)(OCC)OCC,ester,Sigma-Aldrich,"diol,monoamine",309.479,19.5505,18.2796,16.0235,0,True,2,True,0,2,0,True,,16.032687329852205,4.888547802288844,6.701637224774381,714.3134479986089,14.876032447583487,11.098883697107464,6.356264467324134,0.0,8.0,,gc_formula_si,"Si monomer: HSP NOT reliable (Si groups fitted on 67 HSPiP Si compounds, only 7 curated, all much smaller than the monomers)",37.30740979194521,27.59125276985443,3.8619600041472855,18.15967922101048,8.312380246489626,25.16265743934849,10.641290356999685,27.903650825832806
C[Si](C)(C)CNCc1ccccc1,C[Si](C)(C)CN(Cc1ccccc1)C(=O)[C@@H]1[C@H](C(=O)N(Cc2ccccc2)C[Si](C)(C)C)[C@@H]2C=C[C@@H]1C2,amide,Sigma-Aldrich,monoamine,193.366,20.6239,-4.9008,4.408,0,True,2,True,0,2,0,True,,16.964504265888696,5.358086852132307,3.5236645589212277,536.2249890404331,18.353665264048406,4.150099114318477,4.790985855783404,0.0,8.0,,gc_formula_si,"Si monomer: HSP NOT reliable (Si groups fitted on 67 HSPiP Si compounds, only 7 curated, all much smaller than the monomers)",40.316666487509174,44.470940056176005,2.9705439789536663,10.51399968993722,6.549165619857824,10.873488376781388,10.670955588602277,17.163946792040576
C[Si](C)(C)C1(CN)CCC1,C[Si](C)(C)C1(CNC(=O)[C@@H]2[C@H](C(=O)NCC3([Si](C)(C)C)CCC3)[C@@H]3C=C[C@@H]2C3)CCC1,amide,Sigma-Aldrich,monoamine,157.333,15.6817,3.9094,4.3601,0,True,2,True,2,4,2,True,,16.4705055201375,6.364122957721833,4.085231936635388,456.83244465614644,16.17541115215487,6.104146780395404,3.182221737790404,0.0,8.0,,gc_formula_si,"Si monomer: HSP NOT reliable (Si groups fitted on 67 HSPiP Si compounds, only 7 curated, all much smaller than the monomers)",39.45866379350832,39.82148515475031,3.8914898062088876,4.387281610519208,7.570169715845032,5.985236831571497,10.679795340111031,8.357991381306874
CC(C)(C)[Si](OCCO)(c1ccccc1)c1ccccc1,CC(C)(C)[Si](OCCOC(=O)[C@@H]1[C@H](C(=O)OCCO[Si](c2ccccc2)(c2ccccc2)C(C)(C)C)[C@@H]2C=C[C@@H]1C2)(c1ccccc1)c1ccccc1,ester,Ambeed,monoalcohol,300.474,23.9907,4.8622,7.9134,0,True,2,True,0,2,0,True,,17.561806460828052,2.9731901737410236,3.284585597759427,700.9952372456294,20.91197549780552,2.785833909943712,4.997519025940807,0.0,4.0,,gc_formula_si,"Si monomer: HSP NOT reliable (Si groups fitted on 67 HSPiP Si compounds, only 7 curated, all much smaller than the monomers)",41.33889837375602,39.9356581811293,2.4482610310418664,12.651062973521237,5.098723814503829,17.9680370202201,10.685364318002284,24.41684898507586
C[Si](C)(C)CCOC(=O)NCCCCO,C[Si](C)(C)CCOC(=O)NCCCCOC(=O)[C@@H]1[C@H](C(=O)OCCCCNC(=O)OCC[Si](C)(C)C)[C@@H]2C=C[C@@H]1C2,ester,Combi-Blocks,monoalcohol,233.384,16.5372,11.6818,5.7757,0,True,2,True,2,2,0,True,,16.421672544563922,5.43234787735468,5.45933294803319,581.7678576852634,15.604337627058232,7.370580527982657,3.963108086451376,0.0,8.0,,gc_formula_si,"Si monomer: HSP NOT reliable (Si groups fitted on 67 HSPiP Si compounds, only 7 curated, all much smaller than the monomers)",38.37066511459938,36.837134485326075,3.154186127035728,8.186029384872743,7.705448496387688,13.040253720307746,10.710653846237598,15.123477678430977
CC(C)(C)[Si](OCCOCCO)(c1ccccc1)c1ccccc1,CC(C)(C)[Si](OCCOCCOC(=O)[C@@H]1[C@H](C(=O)OCCOCCO[Si](c2ccccc2)(c2ccccc2)C(C)(C)C)[C@@H]2C=C[C@@H]1C2)(c1ccccc1)c1ccccc1,ester,Combi-Blocks,monoalcohol,344.527,24.1264,5.8604,7.6812,0,True,2,True,0,2,0,True,,17.436768295581828,3.4342724560800657,3.656473141653281,780.9371034037611,20.822848556258382,5.1252611245147675,7.3385519367722845,0.0,4.0,,gc_formula_si,"Si monomer: HSP NOT reliable (Si groups fitted on 67 HSPiP Si compounds, only 7 curated, all much smaller than the monomers)",40.81940668950096,39.98664663909691,2.0354956416041623,12.988231189811797,5.507539538630846,18.394435828260676,10.719697695473448,24.811198871477373
CC1(C)OB(c2cnc(Cl)nc2NC2CCC(O[Si](C)(C)C(C)(C)C)CC2)OC1(C)C,CC1(C)OB(c2cnc(Cl)nc2N(C(=O)[C@@H]2[C@H](C(=O)N(c3nc(Cl)ncc3B3OC(C)(C)C(C)(C)O3)C3CCC(O[Si](C)(C)C(C)(C)C)CC3)[C@@H]3C=C[C@@H]2C3)C2CCC(O[Si](C)(C)C(C)(C)C)CC2)OC1(C)C,amide,Ambeed,monoamine,467.923,20.4947,-14.4674,7.6312,8,True,2,True,0,2,2,True,,17.029992330142168,5.604762606909472,3.023589781872631,998.077256372381,18.287434692449903,0.0,3.160020317375338,0.0,16.0,,gc_formula_si,"Si monomer: HSP NOT reliable (Si groups fitted on 67 HSPiP Si compounds, only 7 curated, all much smaller than the monomers)",40.7438445191725,47.22262454120906,3.3779387740043454,19.26003708615329,6.533529999710785,18.38267958051818,10.749455491568643,22.595802011878227
CC(C)(C)[Si](OCCOCCOCCO)(c1ccccc1)c1ccccc1,CC(C)(C)[Si](OCCOCCOCCOC(=O)[C@@H]1[C@H](C(=O)OCCOCCOCCO[Si](c2ccccc2)(c2ccccc2)C(C)(C)C)[C@@H]2C=C[C@@H]1C2)(c1ccccc1)c1ccccc1,ester,Ambeed,monoalcohol,388.58,24.261,6.8586,7.449,0,True,2,True,0,2,0,True,,17.334286185552102,3.7682761626174157,3.933406597951597,860.8789695618927,20.73317517448116,7.464688339085821,9.679584847603762,0.0,4.0,,gc_formula_si,"Si monomer: HSP NOT reliable (Si groups fitted on 67 HSPiP Si compounds, only 7 curated, all much smaller than the monomers)",40.43598620726501,40.064671207436604,1.827326868556042,13.39888051144572,5.826712997656179,18.86897132755254,10.750722138580088,25.24192700567847
CC(C)(C)[Si](C)(C)OCc1cc2ncc(CO)cc2o1,CC(C)(C)[Si](C)(C)OCc1cc2ncc(COC(=O)[C@@H]3[C@H](C(=O)OCc4cnc5cc(CO[Si](C)(C)C(C)(C)C)oc5c4)[C@@H]4C=C[C@@H]3C4)cc2o1,ester,Sigma-Aldrich,monoalcohol,293.439,22.5804,5.0382,6.5192,4,True,2,True,0,2,0,True,,17.01346526020473,4.698659319229084,4.397013220389903,673.1157307157264,17.698666763321057,5.331847878566293,2.7542055274352384,0.0,12.0,,gc_formula_si,"Si monomer: HSP NOT reliable (Si groups fitted on 67 HSPiP Si compounds, only 7 curated, all much smaller than the monomers)",39.66760663782895,40.01193527586487,2.0806210928002677,9.68210537641478,6.59145320612518,15.02188818091787,10.762669504469331,21.409639056275566
C[Si](C)(C)Nc1ccccc1,C[Si](C)(C)N(C(=O)[C@@H]1[C@H](C(=O)N(c2ccccc2)[Si](C)(C)C)[C@@H]2C=C[C@@H]1C2)c1ccccc1,amide,Oakwood Products,monoamine,165.312,17.3962,-3.7082,6.0538,2,True,2,True,0,2,0,True,,17.280860171276295,4.66931110688905,3.193738897899135,469.41183322090797,18.6120263032805,2.3213641569664496,5.725195264812592,0.0,12.0,,gc_formula_si,"Si monomer: HSP NOT reliable (Si groups fitted on 67 HSPiP Si compounds, only 7 curated, all much smaller than the monomers)",40.87016050833061,41.43166010963113,2.6436157998687078,7.670959486270281,5.987552176244987,7.430064564995381,10.767523113326176,11.773547445014184
CC(C)(C)[Si](OCCOCCOCCOCCO)(c1ccccc1)c1ccccc1,CC(C)(C)[Si](OCCOCCOCCOCCOC(=O)[C@@H]1[C@H](C(=O)OCCOCCOCCOCCO[Si](c2ccccc2)(c2ccccc2)C(C)(C)C)[C@@H]2C=C[C@@H]1C2)(c1ccccc1)c1ccccc1,ester,Combi-Blocks,monoalcohol,432.633,24.3946,7.8568,7.2168,0,True,2,True,0,2,0,True,,17.24875749218464,4.024519925335738,4.149262850414271,940.8208357200244,20.642946203102543,9.804115553656873,12.020617758435238,0.0,4.0,,gc_formula_si,"Si monomer: HSP NOT reliable (Si groups fitted on 67 HSPiP Si compounds, only 7 curated, all much smaller than the monomers)",40.138802662029526,40.169618682780644,1.7479900654085154,13.876550908637203,6.083889047900059,19.388184678303432,10.778586258043118,25.70731773483963
C[Si](C)(C)CCOC(=O)NC1CCC(CO)CC1,C[Si](C)(C)CCOC(=O)NC1CCC(COC(=O)[C@@H]2[C@H](C(=O)OCC3CCC(NC(=O)OCC[Si](C)(C)C)CC3)[C@@H]3C=C[C@@H]2C3)CC1,ester,Combi-Blocks,monoalcohol,273.449,18.5174,6.1418,4.1747,0,True,2,True,2,2,2,True,,16.730022843476362,5.108505954367013,5.101055655217917,648.6188855969116,16.56967728118102,6.84052983257665,4.432706729927314,0.0,8.0,,gc_formula_si,"Si monomer: HSP NOT reliable (Si groups fitted on 67 HSPiP Si compounds, only 7 curated, all much smaller than the monomers)",38.838613874521165,39.83894348963084,2.489788684588267,2.9733379172236694,7.270301263845942,8.649698166410198,10.820440765477125,13.802840228373288
C[Si](CCO)c1ccccc1,C[Si](CCOC(=O)[C@@H]1[C@H](C(=O)OCC[Si](C)c2ccccc2)[C@@H]2C=C[C@@H]1C2)c1ccccc1,ester,Sigma-Aldrich,monoalcohol,165.288,20.1885,3.0058,5.4802,2,True,2,True,0,2,0,True,,17.363312157068897,3.583650138087948,4.166449942200739,464.5156853581367,18.25901141875723,4.518922216523149,4.738247056739159,2.0,4.0,,gc_formula_si,"Si monomer: HSP NOT reliable (Si groups fitted on 67 HSPiP Si compounds, only 7 curated, all much smaller than the monomers)",40.27680613805926,40.15563515473264,1.6251824760449112,4.860011798339589,5.892739974457073,9.977432268875596,10.825330227302473,16.22892339867313
CC(C)(C)[Si](OCC1(CO)CC1)(c1ccccc1)c1ccccc1,CC(C)(C)[Si](OCC1(COC(=O)[C@@H]2[C@H](C(=O)OCC3(CO[Si](c4ccccc4)(c4ccccc4)C(C)(C)C)CC3)[C@@H]3C=C[C@@H]2C3)CC1)(c1ccccc1)c1ccccc1,ester,Combi-Blocks,monoalcohol,340.539,25.703,11.248,7.449,0,True,2,True,0,2,0,True,,17.737220326690455,2.7248660014748145,2.9118943772758348,769.6911569600577,21.492806508360818,1.8409313507645289,4.01304206831509,0.0,4.0,,gc_formula_si,"Si monomer: HSP NOT reliable (Si groups fitted on 67 HSPiP Si compounds, only 7 curated, all much smaller than the monomers)",41.80517511488622,40.664216960369465,2.845170606200908,17.53913740752378,4.915936600507865,23.14456180185747,10.835053210247652,29.297050039210433
CO[Si](C)(C)CCCN,CO[Si](C)(C)CCCNC(=O)[C@@H]1[C@H](C(=O)NCCC[Si](C)(C)OC)[C@@H]2C=C[C@@H]1C2,amide,Thermo Fisher Scientific,monoamine,147.294,14.3768,-2.2424,7.5697,0,True,2,True,2,2,0,True,,16.216597883727324,6.832342382803068,4.65125797966022,440.6756877680633,15.662403182381068,7.785297332566792,3.060533859709728,0.0,8.0,,gc_formula_si,"Si monomer: HSP NOT reliable (Si groups fitted on 67 HSPiP Si compounds, only 7 curated, all much smaller than the monomers)",38.775350056551346,39.29408618112909,4.398595675251453,9.427933432624567,8.266978098507037,8.781999135162792,10.852693026734975,8.577607405914543
C[Si](C)(C)CCOCn1cc(O)cn1,C[Si](C)(C)CCOCn1cc(OC(=O)[C@@H]2[C@H](C(=O)Oc3cnn(COCC[Si](C)(C)C)c3)[C@@H]3C=C[C@@H]2C3)cn1,ester,Combi-Blocks,monoalcohol,214.341,18.6072,-0.487,5.9802,4,True,2,True,0,2,0,True,,16.515108593433652,5.614375911168689,5.307282074176822,562.9117780571332,17.186325382372765,5.354620061003578,3.9223623454846823,0.0,12.0,,gc_formula_si,"Si monomer: HSP NOT reliable (Si groups fitted on 67 HSPiP Si compounds, only 7 curated, all much smaller than the monomers)",38.476540243112865,40.36790567269994,3.0951589087478624,4.69921784981288,7.7377998626654785,7.569190736135533,10.858576067125702,13.250660677868103
C[Si](C)(C)C#Cc1ncccc1O,C[Si](C)(C)C#Cc1ncccc1OC(=O)[C@@H]1[C@H](C(=O)Oc2cccnc2C#C[Si](C)(C)C)[C@@H]2C=C[C@@H]1C2,ester,Sigma-Aldrich,monoalcohol,191.306,20.0791,0.0204,5.665,2,True,2,True,0,2,0,True,,16.677350927366163,5.450871956580573,5.103141977089958,529.9310723141319,17.846851353105645,5.582894130809139,5.7381163197176495,0.0,10.0,,gc_formula_si,"Si monomer: HSP NOT reliable (Si groups fitted on 67 HSPiP Si compounds, only 7 curated, all much smaller than the monomers)",38.73544849459813,41.004188425086525,2.7575467135115925,5.9879636271440395,7.504907595361221,9.44558248071552,10.910148703067986,15.808134247911738
CC(C)(C)[Si](C)(C)OCc1cc2ncc(C#CCO)cc2o1,CC(C)(C)[Si](C)(C)OCc1cc2ncc(C#CCOC(=O)[C@@H]3[C@H](C(=O)OCC#Cc4cnc5cc(CO[Si](C)(C)C(C)(C)C)oc5c4)[C@@H]4C=C[C@@H]3C4)cc2o1,ester,Sigma-Aldrich,monoalcohol,317.461,22.6734,3.1278,5.817,4,True,2,True,0,2,0,True,,17.003421556871718,4.906635430324666,4.605208614004939,722.7349895523957,17.48383288646857,7.933920939779294,5.565784191471081,0.0,12.0,,gc_formula_si,"Si monomer: HSP NOT reliable (Si groups fitted on 67 HSPiP Si compounds, only 7 curated, all much smaller than the monomers)",39.40813546236464,41.26176792237579,2.086172422946532,9.782478831052996,6.874752735285098,14.356236696293358,10.925235283929377,21.0117931666957
C[Si](C)(C)OCCN,C[Si](C)(C)OCCNC(=O)[C@@H]1[C@H](C(=O)NCCO[Si](C)(C)C)[C@@H]2C=C[C@@H]1C2,amide,Ambeed,monoamine,133.267,13.5002,3.3706,6.4697,0,True,2,True,2,2,0,True,,16.04888416211978,7.236410124409693,4.705955873511307,409.0839143663357,15.300398291865319,6.848239508347659,3.293177287324111,0.0,10.0,,gc_formula_si,"Si monomer: HSP NOT reliable (Si groups fitted on 67 HSPiP Si compounds, only 7 curated, all much smaller than the monomers)",38.61758351561671,38.20090237952501,4.901812450897574,8.67027696270425,8.646611407264224,9.196384213917991,10.925738084783173,7.468550234817999
COC(=O)c1cc(C#C[Si](C)(C)C)ccc1O,COC(=O)c1cc(C#C[Si](C)(C)C)ccc1OC(=O)[C@@H]1[C@H](C(=O)Oc2ccc(C#C[Si](C)(C)C)cc2C(=O)OC)[C@@H]2C=C[C@@H]1C2,ester,Oakwood Products,monoalcohol,248.354,19.8655,12.7692,6.061,0,True,2,True,0,2,0,True,,16.9865444026501,5.545058726557939,4.1074780332532645,594.4799345749176,16.755763534859803,10.449916464645428,7.977868985876753,0.0,8.0,,gc_formula_si,"Si monomer: HSP NOT reliable (Si groups fitted on 67 HSPiP Si compounds, only 7 curated, all much smaller than the monomers)",39.70911467479167,37.415685890278695,2.7004028731165572,9.80013217461887,7.035938099633565,15.83159343338503,11.005312523422408,20.12872948399874
COC(=O)c1ccc(C#C[Si](C)(C)C)c(O)c1,COC(=O)c1ccc(C#C[Si](C)(C)C)c(OC(=O)[C@@H]2[C@H](C(=O)Oc3cc(C(=O)OC)ccc3C#C[Si](C)(C)C)[C@@H]3C=C[C@@H]2C3)c1,ester,Ambeed,monoalcohol,248.354,19.8655,12.7692,6.061,0,True,2,True,0,2,0,True,,16.9865444026501,5.545058726557939,4.1074780332532645,594.4799345749176,16.755763534859803,10.449916464645428,7.977868985876753,0.0,8.0,,gc_formula_si,"Si monomer: HSP NOT reliable (Si groups fitted on 67 HSPiP Si compounds, only 7 curated, all much smaller than the monomers)",39.70911467479167,37.415685890278695,2.7004028731165572,9.80013217461887,7.035938099633565,15.83159343338503,11.005312523422408,20.12872948399874
CC(C)(C)[Si](C)(C)OC1CCC(CO)(CO)CC1,CC(C)(C)[Si](C)(C)OC1CCC(CO)(COC(=O)[C@@H]2[C@H](C(=O)OCC3(CO)CCC(O[Si](C)(C)C(C)(C)C)CC3)[C@@H]3C=C[C@@H]2C3)CC1,ester,Oakwood Products,diol,274.477,18.5984,4.03,11.1393,0,True,2,True,0,2,2,True,,16.17583992511015,4.234987755343541,7.440899806793771,688.3478550352627,14.872257042170027,6.62653983905533,4.295572366044746,0.0,8.0,,gc_formula_si,"Si monomer: HSP NOT reliable (Si groups fitted on 67 HSPiP Si compounds, only 7 curated, all much smaller than the monomers)",36.81574958919617,33.951000791287434,3.798801475690329,5.862454667628571,8.56526556035713,12.706513083060988,11.028506878204876,16.71793631791915
CC(C)(C)[Si](OCC1(CO)CCOCC1)(c1ccccc1)c1ccccc1,CC(C)(C)[Si](OCC1(COC(=O)[C@@H]2[C@H](C(=O)OCC3(CO[Si](c4ccccc4)(c4ccccc4)C(C)(C)C)CCOCC3)[C@@H]3C=C[C@@H]2C3)CCOCC1)(c1ccccc1)c1ccccc1,ester,Matrix Scientific,monoalcohol,384.592,25.9911,7.2728,7.2168,0,True,2,True,0,2,0,True,,17.652165304663963,3.42458670276061,3.5213830280477767,846.886547511778,21.777290500481104,5.466005752673676,7.03147644692273,0.0,4.0,,gc_formula_si,"Si monomer: HSP NOT reliable (Si groups fitted on 67 HSPiP Si compounds, only 7 curated, all much smaller than the monomers)",40.993285009232466,41.8000916137752,2.0562984495130587,16.813674759552114,5.607257490029833,21.923628780838264,11.055482682082127,28.488404288762826
CO[Si](C)(CCCN)OC,CO[Si](C)(CCCNC(=O)[C@@H]1[C@H](C(=O)NCCC[Si](C)(OC)OC)[C@@H]2C=C[C@@H]1C2)OC,amide,Ambeed,monoamine,163.293,15.8691,5.441,10.1019,0,True,2,True,2,2,0,True,,16.30344686627376,6.954895783141063,4.743319306652384,449.41864476724845,15.739020415290168,9.524360601334497,2.9187557433580444,0.0,8.0,,gc_formula_si,"Si monomer: HSP NOT reliable (Si groups fitted on 67 HSPiP Si compounds, only 7 curated, all much smaller than the monomers)",38.6639403380412,33.89328936308779,4.343229103535918,6.202069319993129,8.418414394811117,11.506327122500908,11.081920892672322,13.108228097267762
C[Si](C)(C)C#CCCN,C[Si](C)(C)C#CCCNC(=O)[C@@H]1[C@H](C(=O)NCCC#C[Si](C)(C)C)[C@@H]2C=C[C@@H]1C2,amide,Sigma-Aldrich,monoamine,141.29,13.4591,-2.6716,3.8983,0,True,2,True,2,2,0,True,,16.18723292310542,7.004552489832239,5.017501431544856,448.06222780317154,15.342735403553826,5.743335450706914,6.096016815326041,0.0,8.0,,gc_formula_si,"Si monomer: HSP NOT reliable (Si groups fitted on 67 HSPiP Si compounds, only 7 curated, all much smaller than the monomers)",38.37697137317434,42.89499155717366,4.502790424608411,11.00568129149668,8.619161319577161,7.390334274577844,11.085226657057184,4.963780886582324
C[Si](C)(C)CN,C[Si](C)(C)CNC(=O)[C@@H]1[C@H](C(=O)NC[Si](C)(C)C)[C@@H]2C=C[C@@H]1C2,amide,Sigma-Aldrich,monoamine,103.241,13.2243,-2.3994,6.7089,0,True,2,True,2,2,0,True,,16.07085343282396,7.30689059971127,4.959497147956699,364.9532071641262,15.616037759137331,7.240140303377937,3.455721380120952,0.0,8.0,,gc_formula_si,"Si monomer: HSP NOT reliable (Si groups fitted on 67 HSPiP Si compounds, only 7 curated, all much smaller than the monomers)",38.35605296241924,40.323436876461805,4.88455098187896,11.175509005410001,8.84292343027654,9.413085654024403,11.110259837603433,7.201806823985214
Cc1cc(C)c([Si](C)(C)c2ccccc2CO)c(C)c1,Cc1cc(C)c([Si](C)(C)c2ccccc2COC(=O)[C@@H]2[C@H](C(=O)OCc3ccccc3[Si](C)(C)c3c(C)cc(C)cc3C)[C@@H]3C=C[C@@H]2C3)c(C)c1,ester,Combi-Blocks,monoalcohol,284.475,23.8999,-1.714,4.1612,0,True,2,True,0,2,0,True,,17.91541618680564,2.3286548540115133,3.1879166778906867,682.8395447740883,20.81404916781832,3.777824256776126,4.175359839193293,0.0,6.0,,gc_formula_si,"Si monomer: HSP NOT reliable (Si groups fitted on 67 HSPiP Si compounds, only 7 curated, all much smaller than the monomers)",41.71327943614953,45.283409119455655,2.8050202211222355,13.496092081784264,5.10134531282285,15.852044078919283,11.152923839992011,22.847416078847953
CO[Si](CCCNc1ccccc1)(OC)OC,CO[Si](CCCN(C(=O)[C@@H]1[C@H](C(=O)N(CCC[Si](OC)(OC)OC)c2ccccc2)[C@@H]2C=C[C@@H]1C2)c1ccccc1)(OC)OC,amide,Sigma-Aldrich,monoamine,255.39,20.6877,5.9752,5.1457,2,True,2,True,0,2,0,True,,17.359886298690032,5.2301000171620835,3.3972008629983104,589.9619639277727,18.63202039533452,4.576529594307174,3.299499120754543,0.0,10.0,,gc_formula_si,"Si monomer: HSP NOT reliable (Si groups fitted on 67 HSPiP Si compounds, only 7 curated, all much smaller than the monomers)",40.53708468193601,39.857089064431186,2.6392670472221385,6.147131744968541,6.586983813376097,11.79783406774311,11.213968127293374,17.815573206888406
CO[Si](CCCN)(OC)OC,CO[Si](CCCNC(=O)[C@@H]1[C@H](C(=O)NCCC[Si](OC)(OC)OC)[C@@H]2C=C[C@@H]1C2)(OC)OC,amide,Sigma-Aldrich,monoamine,179.292,17.6299,10.0648,13.1395,0,True,2,True,2,2,0,True,,16.38654694471092,7.070768080988449,4.830211892137548,458.1616017664336,15.815110312047855,11.263423870102201,2.776977627006361,0.0,8.0,,gc_formula_si,"Si monomer: HSP NOT reliable (Si groups fitted on 67 HSPiP Si compounds, only 7 curated, all much smaller than the monomers)",38.55982449976024,30.06172409110961,4.300440034563127,9.822548311410843,8.564850826058048,16.763686806010185,11.299965561022818,19.265573319525167
C[Si](C)(Cc1ccccc1)c1ccccc1CO,C[Si](C)(Cc1ccccc1)c1ccccc1COC(=O)[C@@H]1[C@H](C(=O)OCc2ccccc2[Si](C)(C)Cc2ccccc2)[C@@H]2C=C[C@@H]1C2,ester,Combi-Blocks,monoalcohol,256.421,23.8714,-1.0966,5.2832,0,True,2,True,0,2,0,True,,17.88021188904137,2.8213892381671926,3.5477529968984696,621.8758892463418,20.76803111791394,3.9253006201836222,5.327849023760293,0.0,6.0,,gc_formula_si,"Si monomer: HSP NOT reliable (Si groups fitted on 67 HSPiP Si compounds, only 7 curated, all much smaller than the monomers)",41.207694232366634,44.077869340974274,2.2361586091408623,13.132425733275634,5.525854415139661,16.075419921109372,11.308632517758722,22.9851135659583
C[Si](C)(C)/C=C/CB1OCCNCCO1,C[Si](C)(C)/C=C/CB1OCCN(C(=O)[C@@H]2[C@H](C(=O)N3CCOB(C/C=C/[Si](C)(C)C)OCC3)[C@@H]3C=C[C@@H]2C3)CCO1,amide,Ambeed,monoamine,227.189,19.597,-5.2656,6.1324,2,True,2,True,0,4,0,True,,16.70466130443406,6.0598019501960465,5.198311650904243,614.2912745503812,18.296802630511102,5.786296143431189,8.128398715710514,0.0,10.0,,gc_formula_si,"Si monomer: HSP NOT reliable (Si groups fitted on 67 HSPiP Si compounds, only 7 curated, all much smaller than the monomers)",38.48568111722017,42.74883237142273,3.0910884419678353,9.865342828305563,8.024876745517759,10.43138097856655,11.308973974169925,15.987723700389624
C[Si](C)(C)C#CCN,C[Si](C)(C)C#CCNC(=O)[C@@H]1[C@H](C(=O)NCC#C[Si](C)(C)C)[C@@H]2C=C[C@@H]1C2,amide,Combi-Blocks,monoamine,127.263,13.422,-2.3994,4.6737,0,True,2,True,2,2,0,True,,16.168155638818813,7.288719374715047,5.218628868738781,414.5724660007955,15.35848818043322,6.34028857049634,6.17814299055483,0.0,8.0,,gc_formula_si,"Si monomer: HSP NOT reliable (Si groups fitted on 67 HSPiP Si compounds, only 7 curated, all much smaller than the monomers)",38.114304702270765,42.08976963645679,4.713199846235221,10.818167499627652,8.968224413744418,7.7930820635997415,11.334545934145897,5.448461071715573
C[Si](CCCCO)(c1ccccc1)c1ccccc1,C[Si](CCCCOC(=O)[C@@H]1[C@H](C(=O)OCCCC[Si](C)(c2ccccc2)c2ccccc2)[C@@H]2C=C[C@@H]1C2)(c1ccccc1)c1ccccc1,ester,Sigma-Aldrich,monoalcohol,270.448,24.4845,-0.3064,6.0208,0,True,2,True,0,2,0,True,,17.904588414068357,2.7846832575036995,3.640379461314724,654.8553266873182,21.776117373873273,2.7957804122329266,5.321385304831371,0.0,4.0,,gc_formula_si,"Si monomer: HSP NOT reliable (Si groups fitted on 67 HSPiP Si compounds, only 7 curated, all much smaller than the monomers)",41.13804855075075,43.64589321574253,2.1785029101247515,14.02480640151585,5.595144268134032,17.443854923726004,11.373556422966468,24.32779633670095
C[Si](C)(C)CSCCCN,C[Si](C)(C)CSCCCNC(=O)[C@@H]1[C@H](C(=O)NCCCSC[Si](C)(C)C)[C@@H]2C=C[C@@H]1C2,amide,Sigma-Aldrich,monoamine,177.389,16.2984,-2.9438,4.9905,0,True,2,True,2,2,0,True,,16.664319540096887,6.744282658598959,4.737343152893451,493.1549013395826,17.029523842921122,5.856592174696093,4.931612237509127,0.0,8.0,,gc_formula_si,"Si monomer: HSP NOT reliable (Si groups fitted on 67 HSPiP Si compounds, only 7 curated, all much smaller than the monomers)",38.75621308749344,41.8738118509648,3.718960840943106,7.491087967044574,8.273976289338199,5.79405375622284,11.43639306736705,9.239317016424971
Cc1cc(N)ccc1O[Si](C)(C)C(C)(C)C,Cc1cc(NC(=O)[C@@H]2[C@H](C(=O)Nc3ccc(O[Si](C)(C)C(C)(C)C)c(C)c3)[C@@H]3C=C[C@@H]2C3)ccc1O[Si](C)(C)C(C)(C)C,amide,Combi-Blocks,monoamine,237.419,17.9318,-6.3286,5.786,4,True,2,True,0,2,0,True,,16.961500398032797,5.998674489226009,4.79279060429723,611.4223471757643,16.17597627297776,4.335979541722834,0.6246123012411167,0.0,12.0,,gc_formula_si,"Si monomer: HSP NOT reliable (Si groups fitted on 67 HSPiP Si compounds, only 7 curated, all much smaller than the monomers)",38.92764059481839,43.07543591096903,2.7779319774060283,10.235992327078016,7.791358579267221,9.174969150901815,11.471550896634051,13.52833688669823
Cc1ccc(N)cc1O[Si](C)(C)C(C)(C)C,Cc1ccc(NC(=O)[C@@H]2[C@H](C(=O)Nc3ccc(C)c(O[Si](C)(C)C(C)(C)C)c3)[C@@H]3C=C[C@@H]2C3)cc1O[Si](C)(C)C(C)(C)C,amide,Combi-Blocks,monoamine,237.419,17.9318,-6.3286,5.786,4,True,2,True,0,2,0,True,,16.961500398032797,5.998674489226009,4.79279060429723,611.4223471757643,16.17597627297776,4.335979541722834,0.6246123012411167,0.0,12.0,,gc_formula_si,"Si monomer: HSP NOT reliable (Si groups fitted on 67 HSPiP Si compounds, only 7 curated, all much smaller than the monomers)",38.92764059481839,43.07543591096903,2.7779319774060283,10.235992327078016,7.791358579267221,9.174969150901815,11.471550896634051,13.52833688669823
Cc1ccc([Si](C)(C)c2ccccc2CO)cc1,Cc1ccc([Si](C)(C)c2ccccc2COC(=O)[C@@H]2[C@H](C(=O)OCc3ccccc3[Si](C)(C)c3ccc(C)cc3)[C@@H]3C=C[C@@H]2C3)cc1,ester,Combi-Blocks,monoalcohol,256.421,23.9395,-0.6888,5.8516,0,True,2,True,0,2,0,True,,17.99213859412022,2.6656885557041345,3.5407792970989886,620.5983813124639,20.8755125734007,3.789280694810624,4.779619421722785,0.0,6.0,,gc_formula_si,"Si monomer: HSP NOT reliable (Si groups fitted on 67 HSPiP Si compounds, only 7 curated, all much smaller than the monomers)",41.2907262018832,43.49600612699975,2.347283421659527,13.113144130985518,5.57640974047114,16.375698733183874,11.474752158730219,23.23835426616954
COc1cc(N)ccc1O[Si](C(C)C)(C(C)C)C(C)C,COc1cc(NC(=O)[C@@H]2[C@H](C(=O)Nc3ccc(O[Si](C(C)C)(C(C)C)C(C)C)c(OC)c3)[C@@H]3C=C[C@@H]2C3)ccc1O[Si](C(C)C)(C(C)C)C(C)C,amide,Combi-Blocks,monoamine,295.499,18.0063,-1.9886,7.4422,4,True,2,True,0,2,0,True,,16.885760207562505,5.880379183641499,5.217792356017528,729.8633300816375,16.117490595515047,4.085055359310882,1.929842479159326,0.0,8.0,,gc_formula_si,"Si monomer: HSP NOT reliable (Si groups fitted on 67 HSPiP Si compounds, only 7 curated, all much smaller than the monomers)",38.53800947934082,39.5446849723196,2.7101439920467927,6.214337419226607,7.948375714381768,8.425361093745478,11.484187845676074,13.113662705743197
Cc1c(N)cccc1CO[Si](C)(C)C(C)(C)C,Cc1c(CO[Si](C)(C)C(C)(C)C)cccc1NC(=O)[C@@H]1[C@H](C(=O)Nc2cccc(CO[Si](C)(C)C(C)(C)C)c2C)[C@@H]2C=C[C@@H]1C2,amide,Matrix Scientific,monoamine,251.446,17.6243,-6.3286,5.786,2,True,2,True,0,2,0,True,,17.05815645262911,5.964819193195979,4.837758574912616,639.0552017283412,17.543809766665955,4.390397198968337,3.1481297442489264,0.0,10.0,,gc_formula_si,"Si monomer: HSP NOT reliable (Si groups fitted on 67 HSPiP Si compounds, only 7 curated, all much smaller than the monomers)",38.90804277447351,43.01033801215703,2.6274263835159246,10.238629591893634,7.828293611210063,8.974634027078764,11.617103197399542,13.058479847210398
CC(C)(C)[Si](OCc1ccc(CO)cc1)(c1ccccc1)c1ccccc1,CC(C)(C)[Si](OCc1ccc(COC(=O)[C@@H]2[C@H](C(=O)OCc3ccc(CO[Si](c4ccccc4)(c4ccccc4)C(C)(C)C)cc3)[C@@H]3C=C[C@@H]2C3)cc1)(c1ccccc1)c1ccccc1,ester,Ambeed,monoalcohol,376.572,26.6211,3.3098,8.2998,0,True,2,True,0,2,0,True,,18.137214737584618,2.6714605504084417,3.1272095181463233,829.5882750050268,22.872591282257428,2.9591914817775713,5.671016097951255,0.0,4.0,,gc_formula_si,"Si monomer: HSP NOT reliable (Si groups fitted on 67 HSPiP Si compounds, only 7 curated, all much smaller than the monomers)",41.71303254719151,42.564894419227684,2.7557755654180514,17.87272886047343,5.515212852716202,22.49315177826353,11.62623573015802,29.240888442726906
CO[Si](CNc1ccccc1)(OC)OC,CO[Si](CN(C(=O)[C@@H]1[C@H](C(=O)N(C[Si](OC)(OC)OC)c2ccccc2)[C@@H]2C=C[C@@H]1C2)c1ccccc1)(OC)OC,amide,Combi-Blocks,monoamine,227.336,20.6474,7.2316,6.6965,2,True,2,True,0,2,0,True,,17.47642128130067,5.568928804309967,3.6136954745478422,522.9824403230206,18.655910205886453,5.770435833886024,3.4637514712121202,0.0,10.0,,gc_formula_si,"Si monomer: HSP NOT reliable (Si groups fitted on 67 HSPiP Si compounds, only 7 curated, all much smaller than the monomers)",40.262418810229065,38.08512777778223,2.6004385909644525,6.705364855844908,7.043268497979417,13.143009467013256,11.63308059097368,18.702508330435254
CC(C)(C)[Si](C)(C)Oc1ccccc1N,CC(C)(C)[Si](C)(C)Oc1ccccc1NC(=O)[C@@H]1[C@H](C(=O)Nc2ccccc2O[Si](C)(C)C(C)(C)C)[C@@H]2C=C[C@@H]1C2,amide,Ambeed,monoamine,223.392,17.9615,-5.816,6.6312,4,True,2,True,0,2,0,True,,16.952327600073954,6.20670030117857,4.992725080073796,580.3017654449523,16.219983983071064,4.341707760740083,0.9267420925058624,0.0,12.0,,gc_formula_si,"Si monomer: HSP NOT reliable (Si groups fitted on 67 HSPiP Si compounds, only 7 curated, all much smaller than the monomers)",38.68046668246955,42.100321595446275,2.907299109866231,9.786960633414237,8.07171342065122,9.425550299054162,11.652450061135252,13.730702765699943
C[Si](C)(C)c1cc2ncc(O)cc2o1,C[Si](C)(C)c1cc2ncc(OC(=O)[C@@H]3[C@H](C(=O)Oc4cnc5cc([Si](C)(C)C)oc5c4)[C@@H]4C=C[C@@H]3C4)cc2o1,ester,Sigma-Aldrich,monoalcohol,207.305,22.1015,4.4074,5.6712,4,True,2,True,0,2,0,True,,17.173657522716134,5.278961464004529,5.299663788382201,519.992230798932,18.60529933422774,5.370177334709159,3.1793392569473307,0.0,12.0,,gc_formula_si,"Si monomer: HSP NOT reliable (Si groups fitted on 67 HSPiP Si compounds, only 7 curated, all much smaller than the monomers)",38.66742899491033,40.62482705440111,1.8737366176427386,8.619650410544503,7.681600111716854,13.646145726907655,11.662260369694765,20.128102076450233
C[Si](C)(C)c1ccc(C(O)(c2ccccc2)c2ccccc2)cc1,C[Si](C)(C)c1ccc(C(OC(=O)[C@@H]2[C@H](C(=O)OC(c3ccccc3)(c3ccccc3)c3ccc([Si](C)(C)C)cc3)[C@@H]3C=C[C@@H]2C3)(c2ccccc2)c2ccccc2)cc1,ester,Sigma-Aldrich,monoalcohol,332.519,25.0462,-3.1786,8.2998,0,True,2,True,0,2,0,True,,18.100045003496184,2.694348183829942,3.513464356655725,797.9162026681448,22.4967755665666,3.906394035588298,5.170646978278484,0.0,8.0,,gc_formula_si,"Si monomer: HSP NOT reliable (Si groups fitted on 67 HSPiP Si compounds, only 7 curated, all much smaller than the monomers)",41.33372295773014,43.4551727157999,2.400005870951884,16.369945502658215,5.706539404897177,19.62076032573661,11.672441393313328,26.243185701434953
C[Si](C)(C)CSCCN,C[Si](C)(C)CSCCNC(=O)[C@@H]1[C@H](C(=O)NCCSC[Si](C)(C)C)[C@@H]2C=C[C@@H]1C2,amide,Sigma-Aldrich,monoamine,163.362,16.2701,-2.6716,5.7659,0,True,2,True,2,2,0,True,,16.681868389343368,6.991985807827014,4.909186629509329,459.6651395372065,17.04310500096479,6.453545294485518,5.013738412737916,0.0,8.0,,gc_formula_si,"Si monomer: HSP NOT reliable (Si groups fitted on 67 HSPiP Si compounds, only 7 curated, all much smaller than the monomers)",38.53316098832498,41.05778032736304,3.861387039595047,7.2538958780782075,8.577369804743546,6.355047239006175,11.679429882507765,9.55853050473764
CCO[Si](CCCOc1ccc(C(=O)c2ccccc2)c(O)c1)(OCC)OCC,CCO[Si](CCCOc1ccc(C(=O)c2ccccc2)c(OC(=O)[C@@H]2[C@H](C(=O)Oc3cc(OCCC[Si](OCC)(OCC)OCC)ccc3C(=O)c3ccccc3)[C@@H]3C=C[C@@H]2C3)c1)(OCC)OCC,ester,Oakwood Products,monoalcohol,418.562,23.1091,11.0274,6.4492,0,True,2,True,0,2,0,True,,17.37539441760071,5.447008854708476,4.49638465305693,901.2291069168548,20.749131141264872,7.644500139592583,8.315547429412698,0.0,8.0,,gc_formula_si,"Si monomer: HSP NOT reliable (Si groups fitted on 67 HSPiP Si compounds, only 7 curated, all much smaller than the monomers)",39.42774876021331,39.26321717129151,2.030182199602945,12.82368833994339,7.383310438085718,18.672201333533227,11.71855930786912,24.4252570639492
CC1(O[Si](c2ccccc2)(c2ccccc2)C(C)(C)C)CNC1,CC1(O[Si](c2ccccc2)(c2ccccc2)C(C)(C)C)CN(C(=O)[C@@H]2[C@H](C(=O)N3CC(C)(O[Si](c4ccccc4)(c4ccccc4)C(C)(C)C)C3)[C@@H]3C=C[C@@H]2C3)C1,amide,Combi-Blocks,monoamine,325.528,25.9604,5.7152,7.1924,0,True,2,True,0,2,0,True,,17.85391981656905,4.627383581797975,3.253804137459361,750.9251567891012,21.775856498497664,1.3319201716277305,4.7323112530180484,0.0,4.0,,gc_formula_si,"Si monomer: HSP NOT reliable (Si groups fitted on 67 HSPiP Si compounds, only 7 curated, all much smaller than the monomers)",40.940268313028795,42.14262167260124,2.363495740304877,16.50841244456898,6.454346393194672,21.393630861543816,11.758038870514664,28.066830270623722
C[Si](CCO)(c1ccccc1)c1ccccc1,C[Si](CCOC(=O)[C@@H]1[C@H](C(=O)OCC[Si](C)(c2ccccc2)c2ccccc2)[C@@H]2C=C[C@@H]1C2)(c1ccccc1)c1ccccc1,ester,Sigma-Aldrich,monoalcohol,242.394,24.4529,0.238,6.4852,0,True,2,True,0,2,0,True,,18.06583344169635,2.962518087756092,3.8467680200692085,587.8758030825661,21.795256702595825,3.0012851787573047,5.485637655288948,0.0,4.0,,gc_formula_si,"Si monomer: HSP NOT reliable (Si groups fitted on 67 HSPiP Si compounds, only 7 curated, all much smaller than the monomers)",40.92628726523539,43.03206033505716,1.9735039878720493,13.83564876252646,6.003899449171501,17.549745772517618,11.778913859801198,24.38518190787184
CC(C)(C)[Si](C)(C)OCc1ccc(N)cc1,CC(C)(C)[Si](C)(C)OCc1ccc(NC(=O)[C@@H]2[C@H](C(=O)Nc3ccc(CO[Si](C)(C)C(C)(C)C)cc3)[C@@H]3C=C[C@@H]2C3)cc1,amide,Ambeed,monoamine,237.419,17.6548,-5.816,6.6312,2,True,2,True,0,2,0,True,,17.05438601279989,6.162950512972977,5.029275352438797,607.9346199975289,17.583028168466274,4.396125417985587,3.4502595355136725,0.0,10.0,,gc_formula_si,"Si monomer: HSP NOT reliable (Si groups fitted on 67 HSPiP Si compounds, only 7 curated, all much smaller than the monomers)",38.67219830668663,42.03300847667224,2.7506885664538756,9.785938973854272,8.096416653139507,9.227166498985483,11.79484123631478,13.26645550250707
CC(C)(C)c1csc(Nc2cccc3ccc(O[Si](C)(C)C(C)(C)C)cc23)n1,CC(C)(C)c1csc(N(C(=O)[C@@H]2[C@H](C(=O)N(c3nc(C(C)(C)C)cs3)c3cccc4ccc(O[Si](C)(C)C(C)(C)C)cc34)[C@@H]3C=C[C@@H]2C3)c2cccc3ccc(O[Si](C)(C)C(C)(C)C)cc23)n1,amide,Ambeed,monoamine,412.675,22.612,-9.7084,8.0178,8,True,2,True,0,2,0,True,,17.75583450292042,4.85261952549416,3.678963012433756,894.5142470411568,19.712805133170754,3.109400699761353,3.8206613405217134,0.0,16.0,,gc_formula_si,"Si monomer: HSP NOT reliable (Si groups fitted on 67 HSPiP Si compounds, only 7 curated, all much smaller than the monomers)",40.45001540984402,45.14989749047056,2.0570517822763255,16.85672694801692,6.74985196175716,17.82984922538606,11.803750894937806,23.48465719145161
C[Si](C)(C1=CCCCO1)c1ccccc1CO,C[Si](C)(C1=CCCCO1)c1ccccc1COC(=O)[C@@H]1[C@H](C(=O)OCc2ccccc2[Si](C)(C)C2=CCCCO2)[C@@H]2C=C[C@@H]1C2,ester,Combi-Blocks,monoalcohol,248.398,22.0938,1.9752,5.4206,0,True,2,True,0,6,2,True,,17.703753501940522,4.072157399137601,4.820192211043049,591.2778266362927,19.642325037921175,7.433682841755861,7.841051711037124,0.0,6.0,,gc_formula_si,"Si monomer: HSP NOT reliable (Si groups fitted on 67 HSPiP Si compounds, only 7 curated, all much smaller than the monomers)",39.578220513274296,41.60165805782265,0.7272072287589105,8.80102455172124,6.90643282828352,12.944373030780596,11.830761398467951,19.653453466503034
CCOC(=O)c1ccc([Si](C)(C)c2ccccc2CO)cc1,CCOC(=O)c1ccc([Si](C)(C)c2ccccc2COC(=O)[C@@H]2[C@H](C(=O)OCc3ccccc3[Si](C)(C)c3ccc(C(=O)OCC)cc3)[C@@H]3C=C[C@@H]2C3)cc1,ester,Combi-Blocks,monoalcohol,314.457,23.3672,9.6544,7.4202,0,True,2,True,0,2,0,True,,17.867748788135952,4.694627024218106,3.51114014267331,702.3908269767215,20.153688085915327,7.218871929946016,6.073844929628218,0.0,6.0,,gc_formula_si,"Si monomer: HSP NOT reliable (Si groups fitted on 67 HSPiP Si compounds, only 7 curated, all much smaller than the monomers)",40.679381072574664,38.78709103245563,2.1460091409122244,12.679714143465537,6.648230820964167,18.65604649329541,11.882345650044579,24.564678519370045
CC(C)(O)[Si](c1ccccc1)(c1ccccc1)c1ccccc1,CC(C)(OC(=O)[C@@H]1[C@H](C(=O)OC(C)(C)[Si](c2ccccc2)(c2ccccc2)c2ccccc2)[C@@H]2C=C[C@@H]1C2)[Si](c1ccccc1)(c1ccccc1)c1ccccc1,ester,Sigma-Aldrich,monoalcohol,318.492,25.4956,-2.4922,8.3204,0,True,2,True,0,2,0,True,,18.192111144399938,2.751170476410585,3.696664940476493,762.9164563964906,23.567728540574045,1.8039600031553618,5.933139206422024,0.0,2.0,,gc_formula_si,"Si monomer: HSP NOT reliable (Si groups fitted on 67 HSPiP Si compounds, only 7 curated, all much smaller than the monomers)",41.167205529622485,43.54563990160209,2.2774615714491975,16.9027783053556,5.962768568665991,20.33903523867344,11.911650177963981,27.024981673259283
C[Si](C)(C)Nc1ncnc2c1ncn2[Si](C)(C)C,C[Si](C)(C)N(C(=O)[C@@H]1[C@H](C(=O)N(c2ncnc3c2ncn3[Si](C)(C)C)[Si](C)(C)C)[C@@H]2C=C[C@@H]1C2)c1ncnc2c1ncn2[Si](C)(C)C,amide,Oakwood Products,monoamine,279.496,19.1658,-6.1164,6.34,10,True,4,True,0,2,0,True,,16.86457823726255,7.1377964648976295,4.666033330262867,671.0682907979799,17.828275653773428,5.824292769867539,9.345497586515453,0.0,30.0,,gc_formula_si,"Si monomer: HSP NOT reliable (Si groups fitted on 67 HSPiP Si compounds, only 7 curated, all much smaller than the monomers)",38.75954584175243,42.84867684678255,3.831302892117432,10.416117679826778,8.602034628934659,10.509861441522434,11.92035456647798,15.647115629405953
C[Si](C)(C)Nc1c(Cl)cccc1Cl,C[Si](C)(C)N(C(=O)[C@@H]1[C@H](C(=O)N(c2c(Cl)cccc2Cl)[Si](C)(C)C)[C@@H]2C=C[C@@H]1C2)c1c(Cl)cccc1Cl,amide,Ambeed,monoamine,234.202,20.2213,-3.307,7.2822,2,True,2,True,0,2,0,True,,17.97233294061713,4.863732276220255,2.9627629776860465,515.9480298914586,20.34530982970661,2.8518632341351915,5.742580373196515,0.0,12.0,,gc_formula_si,"Si monomer: HSP NOT reliable (Si groups fitted on 67 HSPiP Si compounds, only 7 curated, all much smaller than the monomers)",41.181116983909604,41.08733698598632,2.7358995188632638,8.863851341262441,6.6045927939416735,11.201475822408401,11.984316195075946,17.036622335427875
COc1cc(C#C[Si](C)(C)C)c(O)c(Cl)n1,COc1cc(C#C[Si](C)(C)C)c(OC(=O)[C@@H]2[C@H](C(=O)Oc3c(C#C[Si](C)(C)C)cc(OC)nc3Cl)[C@@H]3C=C[C@@H]2C3)c(Cl)n1,ester,Oakwood Products,monoalcohol,255.777,21.6965,4.659,5.6606,2,True,2,True,0,2,0,True,,17.158991459675892,5.841258315668288,5.599059050676428,597.1943810553587,18.757606612708763,6.742235806124172,6.840115034751745,0.0,10.0,,gc_formula_si,"Si monomer: HSP NOT reliable (Si groups fitted on 67 HSPiP Si compounds, only 7 curated, all much smaller than the monomers)",38.225228708639854,40.30695178700567,2.3284897119691057,7.831521075755334,8.271712414881819,13.047510197735043,12.04160206588707,19.429274879933118
C[Si](C)(c1ccc(Cl)cc1)c1ccccc1CO,C[Si](C)(c1ccc(Cl)cc1)c1ccccc1COC(=O)[C@@H]1[C@H](C(=O)OCc2ccccc2[Si](C)(C)c2ccc(Cl)cc2)[C@@H]2C=C[C@@H]1C2,ester,Combi-Blocks,monoalcohol,276.839,24.9323,3.8086,7.311,0,True,2,True,0,2,0,True,,18.29104265973797,3.0630375856629612,3.629413233501055,612.7458979169269,21.669969475360578,4.060258452412244,5.090441767179492,0.0,6.0,,gc_formula_si,"Si monomer: HSP NOT reliable (Si groups fitted on 67 HSPiP Si compounds, only 7 curated, all much smaller than the monomers)",41.15748964513265,41.57804093653283,2.272463973035439,14.379391090028813,6.197728871311033,19.131716287881755,12.148821826116961,25.816134647154293
C[Si](C)(C)C#Cc1ccc(CN)cc1,C[Si](C)(C)C#Cc1ccc(CNC(=O)[C@@H]2[C@H](C(=O)NCc3ccc(C#C[Si](C)(C)C)cc3)[C@@H]3C=C[C@@H]2C3)cc1,amide,Ambeed,monoamine,203.361,18.3326,-3.8936,3.3194,0,True,2,True,2,2,0,True,,17.345597282967137,6.367107248032792,4.601426973233803,542.0738316225071,18.06216535985714,6.758653666578596,7.179866048566828,0.0,8.0,,gc_formula_si,"Si monomer: HSP NOT reliable (Si groups fitted on 67 HSPiP Si compounds, only 7 curated, all much smaller than the monomers)",39.084523130632014,44.12864136091207,2.778485014304575,8.162712071364517,8.129346813277705,6.534859475153232,12.167147626292778,12.372682342968318
C[Si]1(C)CCC(N)(c2ccccc2)CC1,C[Si]1(C)CCC(NC(=O)[C@@H]2[C@H](C(=O)NC3(c4ccccc4)CC[Si](C)(C)CC3)[C@@H]3C=C[C@@H]2C3)(c2ccccc2)CC1,amide,Ambeed,monoamine,219.404,20.9227,-5.2986,4.527,0,True,2,True,2,2,2,True,,17.66338930390605,5.823451114630612,3.9720971400123988,550.3337241140824,19.89819117663917,6.214908869847045,4.341733427331058,0.0,6.0,,gc_formula_si,"Si monomer: HSP NOT reliable (Si groups fitted on 67 HSPiP Si compounds, only 7 curated, all much smaller than the monomers)",39.891243374730486,44.69958156537933,2.471598929656899,11.160913588053623,7.558138669686399,11.577837108890414,12.175018361493473,17.86113300213623
C[Si](C)(C)CCOC(=O)N1CCNCC1,C[Si](C)(C)CCOC(=O)N1CCN(C(=O)[C@@H]2[C@H](C(=O)N3CCN(C(=O)OCC[Si](C)(C)C)CC3)[C@@H]3C=C[C@@H]2C3)CC1,amide,Ambeed,monoamine,230.384,22.4014,8.1952,7.2871,0,True,2,True,0,2,0,True,,16.887241756067038,6.723230788932168,5.740481510861312,580.0174599052626,17.333158496089297,3.8626331340301587,3.1589706235647164,0.0,8.0,,gc_formula_si,"Si monomer: HSP NOT reliable (Si groups fitted on 67 HSPiP Si compounds, only 7 curated, all much smaller than the monomers)",37.82002905752709,38.436120476577756,3.3706043808360295,10.311837726128157,8.918204513132721,16.406445601957785,12.177312277871152,22.28748028131489
C[Si](C)(CCCCOCCN)c1ccc(Cl)cc1,C[Si](C)(CCCCOCCNC(=O)[C@@H]1[C@H](C(=O)NCCOCCCC[Si](C)(C)c2ccc(Cl)cc2)[C@@H]2C=C[C@@H]1C2)c1ccc(Cl)cc1,amide,Combi-Blocks,monoamine,285.891,20.6028,-3.4472,4.909,0,True,2,True,2,2,0,True,,17.535360541120394,5.960346460928549,4.388673841367096,662.133736522597,20.20145990408052,5.326557607284231,6.6294229553967154,0.0,6.0,,gc_formula_si,"Si monomer: HSP NOT reliable (Si groups fitted on 67 HSPiP Si compounds, only 7 curated, all much smaller than the monomers)",39.42884812444098,43.36397975509166,2.4000436543335892,9.260312100571987,7.803246163388182,10.489891334041547,12.1782196675335,16.905574826074382
CC(C)(C)[Si](C)(C)Oc1ccc2oc(=O)c3c(c2c1)CCCN3,CC(C)(C)[Si](C)(C)Oc1ccc2oc(=O)c3c(c2c1)CCCN3C(=O)[C@@H]1[C@H](C(=O)N2CCCc3c2c(=O)oc2ccc(O[Si](C)(C)C(C)(C)C)cc32)[C@@H]2C=C[C@@H]1C2,amide,Ambeed,monoamine,331.488,22.6401,-5.4988,3.0906,8,True,2,True,0,2,0,True,,17.68348782040098,5.772370444596909,3.9888753118329547,714.7187464750834,17.141157701396974,4.69322143624867,0.0,0.0,16.0,,gc_formula_si,"Si monomer: HSP NOT reliable (Si groups fitted on 67 HSPiP Si compounds, only 7 curated, all much smaller than the monomers)",39.89257020351277,46.94144822904381,2.4173475664388095,13.705798839907143,7.542382978860049,14.162488546862093,12.189011043860207,20.856916402958518
COC(=O)c1cc(CO[Si](c2ccccc2)(c2ccccc2)C(C)(C)C)oc1CO,COC(=O)c1cc(CO[Si](c2ccccc2)(c2ccccc2)C(C)(C)C)oc1COC(=O)[C@@H]1[C@H](C(=O)OCc2oc(CO[Si](c3ccccc3)(c3ccccc3)C(C)(C)C)cc2C(=O)OC)[C@@H]2C=C[C@@H]1C2,ester,Sigma-Aldrich,monoalcohol,424.569,26.6088,15.7188,7.884,2,True,2,True,0,2,0,True,,18.045917883634488,4.652219668179517,3.674627833048805,853.8563290613304,21.98266457702415,8.797089670603697,6.8311219616055885,0.0,6.0,,gc_formula_si,"Si monomer: HSP NOT reliable (Si groups fitted on 67 HSPiP Si compounds, only 7 curated, all much smaller than the monomers)",40.57854463846109,40.96537414939597,2.0346302855902993,21.348239252922003,6.88033099334561,27.098405104359923,12.225440263101591,32.90983134566326
C[Si](C)(c1ccc(Cc2ccccc2)cc1)c1ccccc1CO,C[Si](C)(c1ccc(Cc2ccccc2)cc1)c1ccccc1COC(=O)[C@@H]1[C@H](C(=O)OCc2ccccc2[Si](C)(C)c2ccc(Cc3ccccc3)cc2)[C@@H]2C=C[C@@H]1C2,ester,Combi-Blocks,monoalcohol,332.519,26.5182,-1.9426,5.6696,0,True,2,True,0,2,0,True,,18.451976437244582,2.495645075080992,3.341109096512463,750.4689270057393,22.74601060277042,4.098658192017481,6.00134609577074,0.0,6.0,,gc_formula_si,"Si monomer: HSP NOT reliable (Si groups fitted on 67 HSPiP Si compounds, only 7 curated, all much smaller than the monomers)",41.65356457630267,46.360824236417535,2.8867483068660587,18.390018593791577,5.99293456341698,21.297053877942837,12.2365103715905,28.278767014847027
COc1ccc([Si](C)(C)c2ccccc2CO)cc1,COc1ccc([Si](C)(C)c2ccccc2COC(=O)[C@@H]2[C@H](C(=O)OCc3ccccc3[Si](C)(C)c3ccc(OC)cc3)[C@@H]3C=C[C@@H]2C3)cc1,ester,Combi-Blocks,monoalcohol,272.42,24.2853,7.103,6.0782,0,True,2,True,0,2,0,True,,18.07539397963622,3.6434463509885573,4.573746369341008,633.4730099876031,20.876003612739293,4.689101050558535,6.1750553738296645,0.0,6.0,,gc_formula_si,"Si monomer: HSP NOT reliable (Si groups fitted on 67 HSPiP Si compounds, only 7 curated, all much smaller than the monomers)",40.03105354205775,41.229860399957694,1.107760325706581,13.372733026573137,6.841195238794609,18.505598844674005,12.23819018110232,24.98547235094826
C[Si](C)(c1cccs1)c1ccccc1CO,C[Si](C)(c1cccs1)c1ccccc1COC(=O)[C@@H]1[C@H](C(=O)OCc2ccccc2[Si](C)(C)c2cccs2)[C@@H]2C=C[C@@H]1C2,ester,Combi-Blocks,monoalcohol,248.423,24.2423,5.6536,6.1556,2,True,2,True,0,2,0,True,,18.113260830562048,3.0599379263506647,4.867777488826376,571.3400592095068,21.457450294566787,6.07711072678239,5.766917322109499,0.0,8.0,,gc_formula_si,"Si monomer: HSP NOT reliable (Si groups fitted on 67 HSPiP Si compounds, only 7 curated, all much smaller than the monomers)",39.949130369384896,41.46295794416987,1.2239031755316263,13.019901746173048,6.797803847747174,17.949237350929426,12.25855003956966,24.55103585350321
C[Si](C)(CCCO)CCCO,C[Si](C)(CCCO)CCCOC(=O)[C@@H]1[C@H](C(=O)OCCC[Si](C)(C)CCCO)[C@@H]2C=C[C@@H]1C2,ester,Sigma-Aldrich,diol,176.332,17.5188,7.6102,15.0695,0,True,2,True,0,2,0,True,,16.06465451104464,4.7670902315032535,9.080087025931004,498.5623769769377,15.814211911078822,6.874446063673201,12.341074080183157,0.0,6.0,,gc_formula_si,"Si monomer: HSP NOT reliable (Si groups fitted on 67 HSPiP Si compounds, only 7 curated, all much smaller than the monomers)",35.085840715868265,28.77830933272488,5.061083327407161,10.278969211453063,10.266191098477606,17.057164713105163,12.266080449293755,19.43934947599842
CC(C)(C)[Si](OCCN)(c1ccccc1)c1ccccc1,CC(C)(C)[Si](OCCNC(=O)[C@@H]1[C@H](C(=O)NCCO[Si](c2ccccc2)(c2ccccc2)C(C)(C)C)[C@@H]2C=C[C@@H]1C2)(c1ccccc1)c1ccccc1,amide,Ambeed,monoamine,299.49,22.5621,-5.5614,6.8266,0,True,2,True,2,2,0,True,,17.87354323269641,5.457035189131519,3.773546471895975,698.5649620454374,21.635467124574877,4.912939588434213,5.115342901023368,0.0,4.0,,gc_formula_si,"Si monomer: HSP NOT reliable (Si groups fitted on 67 HSPiP Si compounds, only 7 curated, all much smaller than the monomers)",40.22407933522265,43.849163083917574,2.329513853403412,13.490305525079853,7.343230845590848,15.309710093924052,12.29150456019496,21.60036349601553
CC(C)(C)[Si](C)(C)OCCOc1ccc(N)cc1,CC(C)(C)[Si](C)(C)OCCOc1ccc(NC(=O)[C@@H]2[C@H](C(=O)Nc3ccc(OCCO[Si](C)(C)C(C)(C)C)cc3)[C@@H]3C=C[C@@H]2C3)cc1,amide,Matrix Scientific,monoamine,267.445,18.3187,3.2504,6.6312,2,True,2,True,0,2,0,True,,17.096312437519074,6.545344286887521,5.598287548236213,652.2258223050434,18.376117617672296,5.4501213276913925,5.097971391042818,0.0,10.0,,gc_formula_si,"Si monomer: HSP NOT reliable (Si groups fitted on 67 HSPiP Si compounds, only 7 curated, all much smaller than the monomers)",38.03418285093234,38.29616002107783,2.998034619658039,1.6666710413275907,8.758927405751118,8.416561789709618,12.308233321633425,13.446823876291383
OC1([Si](c2ccccc2)(c2ccccc2)c2ccccc2)CCCCC1,O=C(OC1([Si](c2ccccc2)(c2ccccc2)c2ccccc2)CCCCC1)[C@@H]1[C@H](C(=O)OC2([Si](c3ccccc3)(c3ccccc3)c3ccccc3)CCCCC2)[C@@H]2C=C[C@@H]1C2,ester,Sigma-Aldrich,monoalcohol,358.557,27.2847,-2.9334,5.9634,0,True,2,True,0,2,2,True,,18.47273442726549,2.6218142397610436,3.5555236914377906,817.3360576126395,24.686089877991485,1.8616491182657235,5.959677941195585,0.0,2.0,,gc_formula_si,"Si monomer: HSP NOT reliable (Si groups fitted on 67 HSPiP Si compounds, only 7 curated, all much smaller than the monomers)",41.41809868355133,47.26879257480563,2.6879422223608636,20.168000185442285,6.196673155321972,22.952592696251116,12.361776154709084,29.916899429586618
C[Si]1(C)CCN(N)CC1,C[Si]1(C)CCN(NC(=O)[C@@H]2[C@H](C(=O)NN3CC[Si](C)(C)CC3)[C@@H]3C=C[C@@H]2C3)CC1,amide,Combi-Blocks,monoamine,144.294,18.5587,3.436,10.1195,0,True,2,True,2,2,0,True,,16.91090175803374,7.17192249063799,5.560688598789932,411.78970745652214,17.42870842592076,9.550808969574634,5.46105248554352,0.0,6.0,,gc_formula_si,"Si monomer: HSP NOT reliable (Si groups fitted on 67 HSPiP Si compounds, only 7 curated, all much smaller than the monomers)",37.89029598498379,35.0836323519957,3.7243982904941526,4.884422075332967,9.156993706250224,11.602468660160218,12.380811942989766,15.858998676145985
C[Si](C)(C)NN(c1ccccc1)c1ccccc1,C[Si](C)(C)N(C(=O)[C@@H]1[C@H](C(=O)N(N(c2ccccc2)c2ccccc2)[Si](C)(C)C)[C@@H]2C=C[C@@H]1C2)N(c1ccccc1)c1ccccc1,amide,Oakwood Products,monoamine,256.425,23.2289,-5.2892,7.0588,2,True,2,True,0,2,0,True,,18.173815967354965,4.712006050134344,3.4067284148938763,610.8516772762163,21.47071329256372,4.075935441306569,7.0052002169718675,0.0,12.0,,gc_formula_si,"Si monomer: HSP NOT reliable (Si groups fitted on 67 HSPiP Si compounds, only 7 curated, all much smaller than the monomers)",40.849755804828945,43.97858336645236,2.3664516188305216,14.309544888639888,6.917625649556768,16.42683520706286,12.39594467909682,22.830532953043388
OCCO[Si]12OCCN(CCO1)CCO2,O=C(OCCO[Si]12OCCN(CCO1)CCO2)[C@@H]1[C@H](C(=O)OCCO[Si]23OCCN(CCO2)CCO3)[C@@H]2C=C[C@@H]1C2,ester,Sigma-Aldrich,"monoalcohol,monoamine",235.312,26.8247,15.4968,12.5403,0,True,2,True,0,2,0,True,,17.392983549625267,6.082726902258242,5.35566544416593,498.4855930921129,19.296803507998618,6.347969310392334,6.316763130370045,0.0,10.0,,gc_formula_si,"Si monomer: HSP NOT reliable (Si groups fitted on 67 HSPiP Si compounds, only 7 curated, all much smaller than the monomers)",38.43916893411192,37.40171486295782,2.334047719596211,22.579469318166,8.394115264653863,28.991156836007768,12.400770028732197,34.57511438433718
C[Si](c1ccccc1)(c1ccccc1)c1ccccc1O,C[Si](c1ccccc1)(c1ccccc1)c1ccccc1OC(=O)[C@@H]1[C@H](C(=O)Oc2ccccc2[Si](C)(c2ccccc2)c2ccccc2)[C@@H]2C=C[C@@H]1C2,ester,Sigma-Aldrich,monoalcohol,290.438,26.2444,-0.6848,7.4518,0,True,2,True,0,2,0,True,,18.496204669923234,2.8645235077187654,3.787462801316114,676.4647750882326,23.512240925242608,2.997520937920439,6.096149827463347,0.0,4.0,,gc_formula_si,"Si monomer: HSP NOT reliable (Si groups fitted on 67 HSPiP Si compounds, only 7 curated, all much smaller than the monomers)",41.129858179375745,44.21027165399462,2.437990769595893,17.60856268183181,6.468665179648518,21.250003287529154,12.527343042328903,28.103404770952576
C=C[Si](C)(C)CCCOc1cc(-n2nc3ccc(OC)cc3n2)c(O)c(C(C)(C)C)c1,C=C[Si](C)(C)CCCOc1cc(-n2nc3ccc(OC)cc3n2)c(OC(=O)[C@@H]2[C@H](C(=O)Oc3c(-n4nc5ccc(OC)cc5n4)cc(OCCC[Si](C)(C)C=C)cc3C(C)(C)C)[C@@H]3C=C[C@@H]2C3)c(C(C)(C)C)c1,ester,Sigma-Aldrich,monoalcohol,439.632,25.3802,-4.0058,6.5844,10,True,2,True,0,4,0,True,,17.669379983480134,5.616567551952197,5.167998192632526,957.2896518581985,20.304619323984603,3.362103792053157,9.88893046938601,0.0,16.0,,gc_formula_si,"Si monomer: HSP NOT reliable (Si groups fitted on 67 HSPiP Si compounds, only 7 curated, all much smaller than the monomers)",38.79982043355884,45.456677454033084,1.7677883683781348,17.13228896440869,8.108935968505335,19.728174906969976,12.531280304324353,26.505671943189817
OCCCC[Si](c1ccccc1)(c1ccccc1)c1ccccc1,O=C(OCCCC[Si](c1ccccc1)(c1ccccc1)c1ccccc1)[C@@H]1[C@H](C(=O)OCCCC[Si](c2ccccc2)(c2ccccc2)c2ccccc2)[C@@H]2C=C[C@@H]1C2,ester,Sigma-Aldrich,monoalcohol,332.519,27.4518,-0.466,6.4278,0,True,2,True,0,2,0,True,,18.556898288407282,2.645785712952281,3.607132308314588,748.3566061452541,24.397718409918934,2.2781666322584067,6.480896994372025,0.0,2.0,,gc_formula_si,"Si monomer: HSP NOT reliable (Si groups fitted on 67 HSPiP Si compounds, only 7 curated, all much smaller than the monomers)",41.38661085439748,46.144620290993835,2.7290257697641054,19.812918558354795,6.354993710886912,23.216036306828947,12.538924027664494,30.19927452439876
CCO[Si](OCC)(OCC)c1ccc(N)cc1,CCO[Si](OCC)(OCC)c1ccc(NC(=O)[C@@H]2[C@H](C(=O)Nc3ccc([Si](OCC)(OCC)OCC)cc3)[C@@H]3C=C[C@@H]2C3)cc1,amide,Ambeed,monoamine,255.39,19.9959,5.5056,5.4352,2,True,2,True,0,2,0,True,,17.254445240036986,6.770539357294661,5.330398594488108,593.8555636834293,18.518372372680734,5.408369256717186,4.215059638425971,0.0,10.0,,gc_formula_si,"Si monomer: HSP NOT reliable (Si groups fitted on 67 HSPiP Si compounds, only 7 curated, all much smaller than the monomers)",38.265476401566296,39.37001876606106,3.0755943853184644,4.676543343111445,8.825939906305381,10.700081197822751,12.538948845209438,16.515860790161682
C[Si](C)(c1cccnc1)c1ccccc1CO,C[Si](C)(c1cccnc1)c1ccccc1COC(=O)[C@@H]1[C@H](C(=O)OCc2ccccc2[Si](C)(C)c2cccnc2)[C@@H]2C=C[C@@H]1C2,ester,Combi-Blocks,monoalcohol,243.382,24.632,0.2098,6.4262,2,True,2,True,0,2,0,True,,18.054286749451844,4.685410053477425,4.566471245544127,580.3273968867534,21.513531243435047,2.7430814855545327,4.2311604202873,0.0,8.0,,gc_formula_si,"Si monomer: HSP NOT reliable (Si groups fitted on 67 HSPiP Si compounds, only 7 curated, all much smaller than the monomers)",39.72325088805042,43.241573034291896,1.321738208302417,14.183804795611087,7.424002626805699,17.861381762898414,12.549074602815583,24.71498651587737
CN1CCN(c2ccc([Si](C)(C)c3ccccc3CO)cc2)CC1,CN1CCN(c2ccc([Si](C)(C)c3ccccc3COC(=O)[C@@H]3[C@H](C(=O)OCc4ccccc4[Si](C)(C)c4ccc(N5CCN(C)CC5)cc4)[C@@H]4C=C[C@@H]3C4)cc2)CC1,ester,Combi-Blocks,monoalcohol,340.543,27.9869,4.3622,2.9678,0,True,2,True,0,2,0,True,,18.26514636648079,3.5244695591128434,4.64671467784618,766.3930631354673,21.611742292792837,6.706349193413772,10.147824514367846,0.0,6.0,,gc_formula_si,"Si monomer: HSP NOT reliable (Si groups fitted on 67 HSPiP Si compounds, only 7 curated, all much smaller than the monomers)",40.0498800628076,48.02240135728325,1.3170282920412786,20.53575886399136,7.032854607994878,23.961868710933206,12.565717619453396,31.025696964290745
C[Si](C)(c1ccc(Oc2ccccc2)cc1)c1ccccc1CO,C[Si](C)(c1ccc(Oc2ccccc2)cc1)c1ccccc1COC(=O)[C@@H]1[C@H](C(=O)OCc2ccccc2[Si](C)(C)c2ccc(Oc3ccccc3)cc2)[C@@H]2C=C[C@@H]1C2,ester,Combi-Blocks,monoalcohol,334.491,25.5107,-1.0222,7.0832,2,True,2,True,0,2,0,True,,18.468578250574474,3.0764593250505956,4.044883436639007,749.4707095908234,22.034431419032657,4.961868327427666,5.554529571102889,0.0,8.0,,gc_formula_si,"Si monomer: HSP NOT reliable (Si groups fitted on 67 HSPiP Si compounds, only 7 curated, all much smaller than the monomers)",40.81325365824861,43.94126480928832,2.140927594485278,16.26512075085826,6.681063576268821,19.76270712832632,12.60681022807478,26.602119333617015
CC(C)(C)[Si](C)(C)OCc1ccc(N)nc1,CC(C)(C)[Si](C)(C)OCc1ccc(NC(=O)[C@@H]2[C@H](C(=O)Nc3ccc(CO[Si](C)(C)C(C)(C)C)cn3)[C@@H]3C=C[C@@H]2C3)nc1,amide,Combi-Blocks,monoamine,238.407,18.6727,-5.43,6.3606,4,True,2,True,0,2,0,True,,17.05726234360789,7.203023301437104,5.673973412642266,598.7842173026309,18.352197403644002,4.757312583168484,2.5996707428134425,0.0,12.0,,gc_formula_si,"Si monomer: HSP NOT reliable (Si groups fitted on 67 HSPiP Si compounds, only 7 curated, all much smaller than the monomers)",37.79620201343212,42.32197388496902,3.625860805799672,9.530789763707938,9.293616303495817,9.615661886734577,12.649919347272949,14.581999640652853
CC(C)(C)[Si](C)(C)OCc1ccnc(N)c1,CC(C)(C)[Si](C)(C)OCc1ccnc(NC(=O)[C@@H]2[C@H](C(=O)Nc3cc(CO[Si](C)(C)C(C)(C)C)ccn3)[C@@H]3C=C[C@@H]2C3)c1,amide,Sigma-Aldrich,monoamine,238.407,18.6727,-5.43,6.3606,4,True,2,True,0,2,0,True,,17.05726234360789,7.203023301437104,5.673973412642266,598.7842173026309,18.352197403644002,4.757312583168484,2.5996707428134425,0.0,12.0,,gc_formula_si,"Si monomer: HSP NOT reliable (Si groups fitted on 67 HSPiP Si compounds, only 7 curated, all much smaller than the monomers)",37.79620201343212,42.32197388496902,3.625860805799672,9.530789763707938,9.293616303495817,9.615661886734577,12.649919347272949,14.581999640652853
C[Si](C)(c1ccc([Si](C)(C)c2ccccc2CO)cc1)c1ccccc1CO,C[Si](C)(c1ccc([Si](C)(C)c2ccccc2COC(=O)[C@@H]2[C@H](C(=O)OCc3ccccc3[Si](C)(C)c3ccc([Si](C)(C)c4ccccc4CO)cc3)[C@@H]3C=C[C@@H]2C3)cc1)c1ccccc1CO,ester,Combi-Blocks,diol,406.674,26.3241,3.6378,5.3985,0,True,4,True,0,2,0,True,,17.768925398539896,3.403560977043995,6.8415612312855565,897.6449972812634,21.268012728291627,7.770162295584029,6.85840848727515,0.0,12.0,,gc_formula_si,"Si monomer: HSP NOT reliable (Si groups fitted on 67 HSPiP Si compounds, only 7 curated, all much smaller than the monomers)",37.90202165888091,44.53301308389092,1.431817294289166,17.050518300919773,8.186705974431264,21.07860797894396,12.695164677535208,28.01502800873132
CC(C)(C)[Si](C)(C)OCCn1cc(N)cn1,CC(C)(C)[Si](C)(C)OCCn1cc(NC(=O)[C@@H]2[C@H](C(=O)Nc3cnn(CCO[Si](C)(C)C(C)(C)C)c3)[C@@H]3C=C[C@@H]2C3)cn1,amide,Combi-Blocks,monoamine,241.411,16.9393,-5.6652,6.2058,6,True,2,True,0,2,0,True,,16.971566286557756,7.361232102544283,5.876255421156353,601.4423157241696,17.61800406115735,6.4428351791705785,4.432844843539122,0.0,14.0,,gc_formula_si,"Si monomer: HSP NOT reliable (Si groups fitted on 67 HSPiP Si compounds, only 7 curated, all much smaller than the monomers)",37.549693863917014,42.195479646995366,3.855762632723063,9.744455995077406,9.514311375562702,8.499486022107455,12.716258490767844,11.937047484198093
COc1ccc([Si](C)(C)c2ccccc2CO)cc1OC,COc1ccc([Si](C)(C)c2ccccc2COC(=O)[C@@H]2[C@H](C(=O)OCc3ccccc3[Si](C)(C)c3ccc(OC)c(OC)c3)[C@@H]3C=C[C@@H]2C3)cc1OC,ester,Combi-Blocks,monoalcohol,302.446,24.6053,11.3634,5.4596,0,True,2,True,0,2,0,True,,18.10923234368348,4.218292427671615,5.197687859966695,677.4682203935546,20.845797243979614,5.583193187289197,7.268361534671797,0.0,6.0,,gc_formula_si,"Si monomer: HSP NOT reliable (Si groups fitted on 67 HSPiP Si compounds, only 7 curated, all much smaller than the monomers)",39.27623420275445,41.356246010487936,0.7584202456715654,15.522641659202211,7.6094176379482885,20.852964395500223,12.72199388015899,26.94213733318127
OCCC[Si](c1ccccc1)(c1ccccc1)c1ccccc1,O=C(OCCC[Si](c1ccccc1)(c1ccccc1)c1ccccc1)[C@@H]1[C@H](C(=O)OCCC[Si](c2ccccc2)(c2ccccc2)c2ccccc2)[C@@H]2C=C[C@@H]1C2,ester,Sigma-Aldrich,monoalcohol,318.492,27.4383,-0.1938,6.66,0,True,2,True,0,2,0,True,,18.650939971247748,2.7175525760427583,3.692626915274693,714.866844342878,24.405861347561306,2.380919015520596,6.5630231696008146,0.0,2.0,,gc_formula_si,"Si monomer: HSP NOT reliable (Si groups fitted on 67 HSPiP Si compounds, only 7 curated, all much smaller than the monomers)",41.311818610211134,45.853470817376525,2.749759028802534,19.740620709592697,6.567211016299779,23.251668026186852,12.754424005204795,30.220243314705463
C[Si](C)(c1ccc(Br)cc1)c1ccccc1CO,C[Si](C)(c1ccc(Br)cc1)c1ccccc1COC(=O)[C@@H]1[C@H](C(=O)OCc2ccccc2[Si](C)(C)c2ccc(Br)cc2)[C@@H]2C=C[C@@H]1C2,ester,Combi-Blocks,monoalcohol,321.29,23.9904,3.1012,6.4262,0,True,2,True,2,4,2,True,,18.414680425209653,3.819146728710661,4.2385108024807625,616.3177747025082,21.932968988809225,3.891606618835865,7.075864083825496,0.0,6.0,,gc_formula_si,"Si monomer: HSP NOT reliable (Si groups fitted on 67 HSPiP Si compounds, only 7 curated, all much smaller than the monomers)",40.38603216799039,41.73315392490723,1.763298144806939,12.441066534666554,7.101996111039977,16.95530880049078,12.774237550917276,23.681343216126912
C[Si](C)(c1ccc(C#N)cc1)c1ccccc1CO,C[Si](C)(c1ccc(C#N)cc1)c1ccccc1COC(=O)[C@@H]1[C@H](C(=O)OCc2ccccc2[Si](C)(C)c2ccc(C#N)cc2)[C@@H]2C=C[C@@H]1C2,ester,Combi-Blocks,monoalcohol,267.404,24.9886,18.27,6.0782,0,True,2,True,0,2,0,True,,18.16425534368106,5.493450641208477,4.094096228141041,615.3207863273435,20.77416667750811,4.57816655543635,5.528407933458798,0.0,6.0,,gc_formula_si,"Si monomer: HSP NOT reliable (Si groups fitted on 67 HSPiP Si compounds, only 7 curated, all much smaller than the monomers)",39.980891543318556,40.95492418598769,2.2464145172464898,20.335562325148526,7.800090757064693,25.93654747802799,12.898525873775677,31.221405719153648
C[Si](C)(c1ccc2c(c1)Cc1ccccc1-2)c1ccccc1CO,C[Si](C)(c1ccc2c(c1)Cc1ccccc1-2)c1ccccc1COC(=O)[C@@H]1[C@H](C(=O)OCc2ccccc2[Si](C)(C)c2ccc3c(c2)Cc2ccccc2-3)[C@@H]2C=C[C@@H]1C2,ester,Combi-Blocks,monoalcohol,330.503,27.5595,6.7346,4.4324,0,True,2,True,0,2,0,True,,18.878058963113,2.038349353314865,3.097343688028011,705.7153199801052,22.287128953510745,4.851601993899294,6.099930784960028,0.0,6.0,,gc_formula_si,"Si monomer: HSP NOT reliable (Si groups fitted on 67 HSPiP Si compounds, only 7 curated, all much smaller than the monomers)",42.15947200959415,45.84243588554168,3.72657282171637,19.752622304899162,6.350902146709171,23.91874511591275,12.900467286681113,30.793180542451278
OCC[Si](c1ccccc1)(c1ccccc1)c1ccccc1,O=C(OCC[Si](c1ccccc1)(c1ccccc1)c1ccccc1)[C@@H]1[C@H](C(=O)OCC[Si](c2ccccc2)(c2ccccc2)c2ccccc2)[C@@H]2C=C[C@@H]1C2,ester,Ambeed,monoalcohol,304.465,27.4248,0.0784,6.8922,0,True,2,True,0,2,0,True,,18.753682589356835,2.794251009863931,3.7843006983949277,681.377082540502,24.41400041916148,2.4836713987827848,6.645149344829603,0.0,2.0,,gc_formula_si,"Si monomer: HSP NOT reliable (Si groups fitted on 67 HSPiP Si compounds, only 7 curated, all much smaller than the monomers)",41.23344153295085,45.56328639990755,2.7936261109326157,19.674601585800918,6.797867568528337,23.29277286112583,12.989113212714956,30.245454328873958
CCOC(=O)c1ccc2c(c1)nc(N)n2C1CCC(O[Si](C)(C)C(C)(C)C)CC1,CCOC(=O)c1ccc2c(c1)nc(NC(=O)[C@@H]1[C@H](C(=O)Nc3nc4cc(C(=O)OCC)ccc4n3C3CCC(O[Si](C)(C)C(C)(C)C)CC3)[C@@H]3C=C[C@@H]1C3)n2C1CCC(O[Si](C)(C)C(C)(C)C)CC1,amide,Combi-Blocks,monoamine,417.626,21.2971,-4.9132,5.5416,6,True,2,True,0,2,2,True,,17.68411840893913,6.8914984865157844,4.686644029471285,895.6138886744552,19.04614576763021,3.0550624347997255,4.59063766385895,0.0,14.0,,gc_formula_si,"Si monomer: HSP NOT reliable (Si groups fitted on 67 HSPiP Si compounds, only 7 curated, all much smaller than the monomers)",38.94625579030569,43.85165194653446,3.1087497972992506,11.251358070917483,8.781828894284205,12.43916791590177,12.993195484788641,18.7213615541178
CC(C)(C)[Si](OCCc1ccccc1N)(c1ccccc1)c1ccccc1,CC(C)(C)[Si](OCCc1ccccc1NC(=O)[C@@H]1[C@H](C(=O)Nc2ccccc2CCO[Si](c2ccccc2)(c2ccccc2)C(C)(C)C)[C@@H]2C=C[C@@H]1C2)(c1ccccc1)c1ccccc1,amide,Combi-Blocks,monoamine,375.588,25.3055,-7.0556,6.0316,2,True,2,True,0,2,0,True,,18.37742471073657,5.340742850858889,4.549045879351716,827.335268578091,23.601760609533894,3.4911895643922963,6.015382725367744,0.0,6.0,,gc_formula_si,"Si monomer: HSP NOT reliable (Si groups fitted on 67 HSPiP Si compounds, only 7 curated, all much smaller than the monomers)",39.64684844794901,47.239272336902054,2.0769523076266796,18.591339137351024,8.153534590995664,20.26222620839082,13.347282794478286,26.865520857039044
C[Si](C)(C)C#Cc1ccccc1N,C[Si](C)(C)C#Cc1ccccc1NC(=O)[C@@H]1[C@H](C(=O)Nc2ccccc2C#C[Si](C)(C)C)[C@@H]2C=C[C@@H]1C2,amide,Sigma-Aldrich,monoamine,189.334,18.4602,-2.9732,4.733,2,True,2,True,0,2,0,True,,17.561157811213427,6.943438168659751,6.0719205603115665,510.9446828687589,18.51071264742716,7.3164021312743674,6.832083004126445,0.0,10.0,,gc_formula_si,"Si monomer: HSP NOT reliable (Si groups fitted on 67 HSPiP Si compounds, only 7 curated, all much smaller than the monomers)",37.56978224829323,42.5007405041371,3.1333355036349935,7.0407828684032,9.56251164662684,7.064493145300658,13.401603409846924,12.804718794257063
C[Si](C)(C)C#Cc1ccc(N)cc1,C[Si](C)(C)C#Cc1ccc(NC(=O)[C@@H]2[C@H](C(=O)Nc3ccc(C#C[Si](C)(C)C)cc3)[C@@H]3C=C[C@@H]2C3)cc1,amide,Sigma-Aldrich,monoamine,189.334,18.4602,-2.9732,4.733,2,True,2,True,0,2,0,True,,17.561157811213427,6.943438168659751,6.0719205603115665,510.9446828687589,18.51071264742716,7.3164021312743674,6.832083004126445,0.0,10.0,,gc_formula_si,"Si monomer: HSP NOT reliable (Si groups fitted on 67 HSPiP Si compounds, only 7 curated, all much smaller than the monomers)",37.56978224829323,42.5007405041371,3.1333355036349935,7.0407828684032,9.56251164662684,7.064493145300658,13.401603409846924,12.804718794257063
C[Si](C)(C)C#Cc1cccc(N)c1,C[Si](C)(C)C#Cc1cccc(NC(=O)[C@@H]2[C@H](C(=O)Nc3cccc(C#C[Si](C)(C)C)c3)[C@@H]3C=C[C@@H]2C3)c1,amide,Ambeed,monoamine,189.334,18.4602,-2.9732,4.733,2,True,2,True,0,2,0,True,,17.561157811213427,6.943438168659751,6.0719205603115665,510.9446828687589,18.51071264742716,7.3164021312743674,6.832083004126445,0.0,10.0,,gc_formula_si,"Si monomer: HSP NOT reliable (Si groups fitted on 67 HSPiP Si compounds, only 7 curated, all much smaller than the monomers)",37.56978224829323,42.5007405041371,3.1333355036349935,7.0407828684032,9.56251164662684,7.064493145300658,13.401603409846924,12.804718794257063
C[Si](C)(C)c1ccc(N)cc1,C[Si](C)(C)c1ccc(NC(=O)[C@@H]2[C@H](C(=O)Nc3ccc([Si](C)(C)C)cc3)[C@@H]3C=C[C@@H]2C3)cc1,amide,Ambeed,monoamine,165.312,18.3353,-2.9732,5.4352,2,True,2,True,0,2,0,True,,17.63423560394901,6.92044780852673,5.984809819606033,461.3254240320896,18.709002271155722,4.714329070061368,4.020504340090603,0.0,10.0,,gc_formula_si,"Si monomer: HSP NOT reliable (Si groups fitted on 67 HSPiP Si compounds, only 7 curated, all much smaller than the monomers)",37.67560420601803,41.84676214045717,3.0770207775075167,6.956382798552707,9.53054484459183,7.412901027263213,13.457238588525783,12.861094107423366
Oc1ccccc1[Si](c1ccccc1)(c1ccccc1)c1ccccc1,O=C(Oc1ccccc1[Si](c1ccccc1)(c1ccccc1)c1ccccc1)[C@@H]1[C@H](C(=O)Oc2ccccc2[Si](c2ccccc2)(c2ccccc2)c2ccccc2)[C@@H]2C=C[C@@H]1C2,ester,Sigma-Aldrich,monoalcohol,352.509,28.9646,-0.8444,7.8588,0,True,2,True,0,2,0,True,,19.04235040710567,2.7235296420023523,3.7387174471214806,769.9660545461686,25.893347182996074,2.479907157945919,7.255661517004002,0.0,2.0,,gc_formula_si,"Si monomer: HSP NOT reliable (Si groups fitted on 67 HSPiP Si compounds, only 7 curated, all much smaller than the monomers)",41.39360050680069,46.85202110304314,3.264955875730003,22.949214397011502,7.174786748167957,26.533792066721258,13.501750131235944,33.47570165717218
Oc1ccc([Si](c2ccccc2)(c2ccccc2)c2ccccc2)cc1,O=C(Oc1ccc([Si](c2ccccc2)(c2ccccc2)c2ccccc2)cc1)[C@@H]1[C@H](C(=O)Oc2ccc([Si](c3ccccc3)(c3ccccc3)c3ccccc3)cc2)[C@@H]2C=C[C@@H]1C2,ester,Sigma-Aldrich,monoalcohol,352.509,28.9646,-0.8444,7.8588,0,True,2,True,0,2,0,True,,19.04235040710567,2.7235296420023523,3.7387174471214806,769.9660545461686,25.893347182996074,2.479907157945919,7.255661517004002,0.0,2.0,,gc_formula_si,"Si monomer: HSP NOT reliable (Si groups fitted on 67 HSPiP Si compounds, only 7 curated, all much smaller than the monomers)",41.39360050680069,46.85202110304314,3.264955875730003,22.949214397011502,7.174786748167957,26.533792066721258,13.501750131235944,33.47570165717218
C[Si](C)(c1ccc2c(c1)OCO2)c1ccccc1CO,C[Si](C)(c1ccc2c(c1)OCO2)c1ccccc1COC(=O)[C@@H]1[C@H](C(=O)OCc2ccccc2[Si](C)(C)c2ccc3c(c2)OCO3)[C@@H]2C=C[C@@H]1C2,ester,Combi-Blocks,monoalcohol,286.403,26.3861,12.2318,5.4596,2,True,2,True,0,2,0,True,,18.528977238347807,4.477699870637186,5.136749529566506,615.1530843907706,21.44876897917488,5.083052734542518,4.5831639505910635,0.0,8.0,,gc_formula_si,"Si monomer: HSP NOT reliable (Si groups fitted on 67 HSPiP Si compounds, only 7 curated, all much smaller than the monomers)",39.37727007095598,42.958620744153315,1.6097575286114214,19.08677490410572,8.143055322008836,24.214495993928924,13.503477124123005,30.473947828268003
CC(C)(C)[Si](Oc1cc(CO)cc(CO)c1)(c1ccccc1)c1ccccc1,CC(C)(C)[Si](Oc1cc(CO)cc(COC(=O)[C@@H]2[C@H](C(=O)OCc3cc(CO)cc(O[Si](c4ccccc4)(c4ccccc4)C(C)(C)C)c3)[C@@H]3C=C[C@@H]2C3)c1)(c1ccccc1)c1ccccc1,ester,Ambeed,diol,392.571,27.0156,8.115,7.4429,2,True,2,True,0,2,0,True,,18.16919053171874,3.729622584958976,7.005053930075151,833.1753540193412,21.830174627720783,6.97497974071181,4.651320111544172,0.0,6.0,,gc_formula_si,"Si monomer: HSP NOT reliable (Si groups fitted on 67 HSPiP Si compounds, only 7 curated, all much smaller than the monomers)",37.74643946605985,42.51619478328228,1.6850585719297069,19.006583565964714,8.772477310598491,24.094528815687593,13.514031429535196,30.675651563577258
CC(C)(C)[Si](C)(C)Oc1ccc2nc(N)sc2c1,CC(C)(C)[Si](C)(C)Oc1ccc2nc(NC(=O)[C@@H]3[C@H](C(=O)Nc4nc5ccc(O[Si](C)(C)C(C)(C)C)cc5s4)[C@@H]4C=C[C@@H]3C4)sc2c1,amide,Combi-Blocks,monoamine,280.469,21.6368,-4.732,5.6646,8,True,2,True,0,2,0,True,,17.746875160238776,7.106466623996485,6.013581972040653,623.591693128436,18.83789973314297,5.938435127271106,2.6969807276557374,0.0,16.0,,gc_formula_si,"Si monomer: HSP NOT reliable (Si groups fitted on 67 HSPiP Si compounds, only 7 curated, all much smaller than the monomers)",37.629680587970626,43.84757249974051,3.2490742754217243,11.550872439777006,9.748785920805332,12.977104997648743,13.731308442554521,19.337659995976765
COc1ccc(N)c(OCOCC[Si](C)(C)C)c1,COc1ccc(NC(=O)[C@@H]2[C@H](C(=O)Nc3ccc(OC)cc3OCOCC[Si](C)(C)C)[C@@H]3C=C[C@@H]2C3)c(OCOCC[Si](C)(C)C)c1,amide,Combi-Blocks,monoamine,269.417,19.9714,10.069,4.5844,2,True,2,True,0,2,0,True,,17.517034803509123,7.150415181034427,6.722193478108929,631.4730762576156,19.526338433313796,4.811464051928999,7.938338124006882,0.0,10.0,,gc_formula_si,"Si monomer: HSP NOT reliable (Si groups fitted on 67 HSPiP Si compounds, only 7 curated, all much smaller than the monomers)",36.88318296963332,39.21245868598397,3.51841341469867,7.599657637025499,10.111430030915892,13.278486216432954,13.752513210725178,18.272780746235643
C[Si](C)(C)C#Cc1ccc(N)cc1Cl,C[Si](C)(C)C#Cc1ccc(NC(=O)[C@@H]2[C@H](C(=O)Nc3ccc(C#C[Si](C)(C)C)c(Cl)c3)[C@@H]3C=C[C@@H]2C3)cc1Cl,amide,Ambeed,monoamine,223.779,19.8378,-2.7726,5.3472,2,True,2,True,0,2,0,True,,17.88128865635831,6.925034367803515,5.917767142089891,534.2127812040342,19.411358771195193,7.581651669858739,6.8407755583184064,0.0,10.0,,gc_formula_si,"Si monomer: HSP NOT reliable (Si groups fitted on 67 HSPiP Si compounds, only 7 curated, all much smaller than the monomers)",37.798201169002,42.34602666083324,3.058070256552737,7.820323136546214,9.64250819041231,9.292145821068459,13.797067714021262,15.494276813068756
C[Si](C)(C)C#Cc1cc(Cl)ccc1N,C[Si](C)(C)C#Cc1cc(Cl)ccc1NC(=O)[C@@H]1[C@H](C(=O)Nc2ccc(Cl)cc2C#C[Si](C)(C)C)[C@@H]2C=C[C@@H]1C2,amide,Ambeed,monoamine,223.779,19.8378,-2.7726,5.3472,2,True,2,True,0,2,0,True,,17.88128865635831,6.925034367803515,5.917767142089891,534.2127812040342,19.411358771195193,7.581651669858739,6.8407755583184064,0.0,10.0,,gc_formula_si,"Si monomer: HSP NOT reliable (Si groups fitted on 67 HSPiP Si compounds, only 7 curated, all much smaller than the monomers)",37.798201169002,42.34602666083324,3.058070256552737,7.820323136546214,9.64250819041231,9.292145821068459,13.797067714021262,15.494276813068756
OCc1ccc([Si](c2ccccc2)(c2ccccc2)c2ccccc2)cc1,O=C(OCc1ccc([Si](c2ccccc2)(c2ccccc2)c2ccccc2)cc1)[C@@H]1[C@H](C(=O)OCc2ccc([Si](c3ccccc3)(c3ccccc3)c3ccccc3)cc2)[C@@H]2C=C[C@@H]1C2,ester,Sigma-Aldrich,monoalcohol,366.536,29.6302,-0.4954,7.5108,0,True,2,True,0,2,0,True,,19.235825426058746,2.5589659452217193,3.645393769587794,776.4803584975234,26.024867285100438,2.7597813538788327,7.400772592068839,0.0,2.0,,gc_formula_si,"Si monomer: HSP NOT reliable (Si groups fitted on 67 HSPiP Si compounds, only 7 curated, all much smaller than the monomers)",41.60126855933458,47.760201695135244,3.672099565973934,24.149065943841382,7.369768393465702,27.702607566075795,13.809607468853631,34.68694604545058
CO[Si](OC)(OC)c1cccc(N)c1,CO[Si](OC)(OC)c1cccc(NC(=O)[C@@H]2[C@H](C(=O)Nc3cccc([Si](OC)(OC)OC)c3)[C@@H]3C=C[C@@H]2C3)c1,amide,Oakwood Products,monoamine,213.309,21.3734,10.5462,7.8721,2,True,2,True,0,2,0,True,,17.781870175258387,7.24568433068174,6.1193620749937745,487.55429502964483,18.886883461010385,8.142920441726627,3.5951699910355517,0.0,10.0,,gc_formula_si,"Si monomer: HSP NOT reliable (Si groups fitted on 67 HSPiP Si compounds, only 7 curated, all much smaller than the monomers)",37.50339090649544,36.783305222478305,3.402723583056749,10.043683741038443,9.936311714617265,16.617756860960508,13.90137228972312,21.773923924961252
CO[Si](OC)(OC)c1ccc(N)cc1,CO[Si](OC)(OC)c1ccc(NC(=O)[C@@H]2[C@H](C(=O)Nc3ccc([Si](OC)(OC)OC)cc3)[C@@H]3C=C[C@@H]2C3)cc1,amide,Ambeed,monoamine,213.309,21.3734,10.5462,7.8721,2,True,2,True,0,2,0,True,,17.781870175258387,7.24568433068174,6.1193620749937745,487.55429502964483,18.886883461010385,8.142920441726627,3.5951699910355517,0.0,10.0,,gc_formula_si,"Si monomer: HSP NOT reliable (Si groups fitted on 67 HSPiP Si compounds, only 7 curated, all much smaller than the monomers)",37.50339090649544,36.783305222478305,3.402723583056749,10.043683741038443,9.936311714617265,16.617756860960508,13.90137228972312,21.773923924961252
C[Si](C)(C)CCOCn1ncc(CO)c1CO,C[Si](C)(C)CCOCn1ncc(COC(=O)[C@@H]2[C@H](C(=O)OCc3cnn(COCC[Si](C)(C)C)c3CO)[C@@H]3C=C[C@@H]2C3)c1CO,ester,Ambeed,diol,258.394,20.1598,5.3824,13.7463,4,True,2,True,0,2,0,True,,17.012621799956285,6.2578232249651355,9.040833693544641,600.6460155753791,17.23858336924583,9.704700173116233,13.06104523003815,0.0,12.0,,gc_formula_si,"Si monomer: HSP NOT reliable (Si groups fitted on 67 HSPiP Si compounds, only 7 curated, all much smaller than the monomers)",34.7884212138938,31.85752905688073,4.536153803073955,9.616319337979577,11.087305565751167,16.659028111207448,13.974686134116855,20.988698330530173
C[Si](C)(c1ccc2c(c1)c1ccccc1n2-c1ccccc1)c1ccccc1CO,C[Si](C)(c1ccc2c(c1)c1ccccc1n2-c1ccccc1)c1ccccc1COC(=O)[C@@H]1[C@H](C(=O)OCc2ccccc2[Si](C)(C)c2ccc3c(c2)c2ccccc2n3-c2ccccc2)[C@@H]2C=C[C@@H]1C2,ester,Combi-Blocks,monoalcohol,407.589,29.724,-1.1332,6.851,2,True,2,True,0,2,0,True,,19.376893238842012,1.9592398146843606,3.6254297245011355,829.0935717028459,24.728959843675863,4.838596609459993,7.180466075434494,0.0,8.0,,gc_formula_si,"Si monomer: HSP NOT reliable (Si groups fitted on 67 HSPiP Si compounds, only 7 curated, all much smaller than the monomers)",41.8686820585215,48.574343508070186,4.15053405738501,24.41076416747333,7.406176432658589,27.731488370442722,13.975191398700682,34.74890857624165
Cc1cnc(N)c(C#C[Si](C)(C)C)c1,Cc1cnc(NC(=O)[C@@H]2[C@H](C(=O)Nc3ncc(C)cc3C#C[Si](C)(C)C)[C@@H]3C=C[C@@H]2C3)c(C#C[Si](C)(C)C)c1,amide,Sigma-Aldrich,monoamine,204.349,19.3926,-3.0998,3.6172,4,True,2,True,0,2,0,True,,17.548092266224742,7.779973607846959,6.471339011844089,532.9148619046729,19.193571979153578,4.629238687122741,5.679364420161469,0.0,12.0,,gc_formula_si,"Si monomer: HSP NOT reliable (Si groups fitted on 67 HSPiP Si compounds, only 7 curated, all much smaller than the monomers)",36.987031643750164,43.83800537113886,4.031317985332135,7.917552331371105,10.422914907311222,7.807022154445319,14.01507090357816,14.207620311649665
C[Si](C)(C)CCOCn1ccc(N)n1,C[Si](C)(C)CCOCn1ccc(NC(=O)[C@@H]2[C@H](C(=O)Nc3ccn(COCC[Si](C)(C)C)n3)[C@@H]3C=C[C@@H]2C3)n1,amide,Ambeed,monoamine,213.357,17.8681,-3.0946,4.7776,6,True,2,True,0,2,0,True,,17.357116980340482,8.0445878734159,6.808956713117803,534.7749859168619,18.636751256428997,8.945298601862849,6.205351251828493,0.0,14.0,,gc_formula_si,"Si monomer: HSP NOT reliable (Si groups fitted on 67 HSPiP Si compounds, only 7 curated, all much smaller than the monomers)",36.56088442050907,42.36703720299544,4.435713898990017,7.03312458015639,10.749291642462719,6.499058497967222,14.065284918853395,11.7999593795911
CC(C)(C)[Si](C)(C)Oc1ccc(N)c([N+](=O)[O-])c1,CC(C)(C)[Si](C)(C)Oc1ccc(NC(=O)[C@@H]2[C@H](C(=O)Nc3ccc(O[Si](C)(C)C(C)(C)C)cc3[N+](=O)[O-])[C@@H]3C=C[C@@H]2C3)c([N+](=O)[O-])c1,amide,Matrix Scientific,monoamine,268.389,18.8613,-5.081,6.0126,10,True,2,True,0,2,0,True,,17.532978655202086,8.418413800560055,6.158596351270434,579.7691991685629,17.566324081689366,11.681630134148364,0.0,0.0,18.0,,gc_formula_si,"Si monomer: HSP NOT reliable (Si groups fitted on 67 HSPiP Si compounds, only 7 curated, all much smaller than the monomers)",37.151224957596895,42.501497744432484,4.5972833305452285,9.242648458099008,10.718159608443852,9.391962016533073,14.220714843561748,14.622393460716342
C[Si](C)(C)C#Cc1ncccc1N,C[Si](C)(C)C#Cc1ncccc1NC(=O)[C@@H]1[C@H](C(=O)Nc2cccnc2C#C[Si](C)(C)C)[C@@H]2C=C[C@@H]1C2,amide,Sigma-Aldrich,monoamine,190.322,19.4192,-2.5872,4.4624,4,True,2,True,0,2,0,True,,17.573594757877565,8.061416816048771,6.731522539636099,501.79428017386067,19.2280908768671,6.4061857441338965,3.0825974926312654,0.0,12.0,,gc_formula_si,"Si monomer: HSP NOT reliable (Si groups fitted on 67 HSPiP Si compounds, only 7 curated, all much smaller than the monomers)",36.67883412400832,42.87899826441844,4.3633788532704,7.324453028042434,10.806850198502596,8.094705192902332,14.328556809384173,14.394346534664228
C[Si](C)(C)C#Cc1ccc(N)cn1,C[Si](C)(C)C#Cc1ccc(NC(=O)[C@@H]2[C@H](C(=O)Nc3ccc(C#C[Si](C)(C)C)nc3)[C@@H]3C=C[C@@H]2C3)cn1,amide,Ambeed,monoamine,190.322,19.4192,-2.5872,4.4624,4,True,2,True,0,2,0,True,,17.573594757877565,8.061416816048771,6.731522539636099,501.79428017386067,19.2280908768671,6.4061857441338965,3.0825974926312654,0.0,12.0,,gc_formula_si,"Si monomer: HSP NOT reliable (Si groups fitted on 67 HSPiP Si compounds, only 7 curated, all much smaller than the monomers)",36.67883412400832,42.87899826441844,4.3633788532704,7.324453028042434,10.806850198502596,8.094705192902332,14.328556809384173,14.394346534664228
C[Si](C)(C)C#Cc1cccnc1N,C[Si](C)(C)C#Cc1cccnc1NC(=O)[C@@H]1[C@H](C(=O)Nc2ncccc2C#C[Si](C)(C)C)[C@@H]2C=C[C@@H]1C2,amide,Ambeed,monoamine,190.322,19.4192,-2.5872,4.4624,4,True,2,True,0,2,0,True,,17.573594757877565,8.061416816048771,6.731522539636099,501.79428017386067,19.2280908768671,6.4061857441338965,3.0825974926312654,0.0,12.0,,gc_formula_si,"Si monomer: HSP NOT reliable (Si groups fitted on 67 HSPiP Si compounds, only 7 curated, all much smaller than the monomers)",36.67883412400832,42.87899826441844,4.3633788532704,7.324453028042434,10.806850198502596,8.094705192902332,14.328556809384173,14.394346534664228
C[Si](C)(C)C#Cc1cc(N)ccn1,C[Si](C)(C)C#Cc1cc(NC(=O)[C@@H]2[C@H](C(=O)Nc3ccnc(C#C[Si](C)(C)C)c3)[C@@H]3C=C[C@@H]2C3)ccn1,amide,Combi-Blocks,monoamine,190.322,19.4192,-2.5872,4.4624,4,True,2,True,0,2,0,True,,17.573594757877565,8.061416816048771,6.731522539636099,501.79428017386067,19.2280908768671,6.4061857441338965,3.0825974926312654,0.0,12.0,,gc_formula_si,"Si monomer: HSP NOT reliable (Si groups fitted on 67 HSPiP Si compounds, only 7 curated, all much smaller than the monomers)",36.67883412400832,42.87899826441844,4.3633788532704,7.324453028042434,10.806850198502596,8.094705192902332,14.328556809384173,14.394346534664228
C[Si](C)(C)C#Cc1cccc(N)n1,C[Si](C)(C)C#Cc1cccc(NC(=O)[C@@H]2[C@H](C(=O)Nc3cccc(C#C[Si](C)(C)C)n3)[C@@H]3C=C[C@@H]2C3)n1,amide,Ambeed,monoamine,190.322,19.4192,-2.5872,4.4624,4,True,2,True,0,2,0,True,,17.573594757877565,8.061416816048771,6.731522539636099,501.79428017386067,19.2280908768671,6.4061857441338965,3.0825974926312654,0.0,12.0,,gc_formula_si,"Si monomer: HSP NOT reliable (Si groups fitted on 67 HSPiP Si compounds, only 7 curated, all much smaller than the monomers)",36.67883412400832,42.87899826441844,4.3633788532704,7.324453028042434,10.806850198502596,8.094705192902332,14.328556809384173,14.394346534664228
C[Si](C)(C)CCOCn1ncc2cc(N)ccc21,C[Si](C)(C)CCOCn1ncc2cc(NC(=O)[C@@H]3[C@H](C(=O)Nc4ccc5c(cnn5COCC[Si](C)(C)C)c4)[C@@H]4C=C[C@@H]3C4)ccc21,amide,Sigma-Aldrich,monoamine,263.417,20.9783,-3.1686,4.6228,6,True,2,True,0,2,0,True,,18.06249888971966,7.475654003616903,6.376667722232319,605.5858087479155,20.008077961544725,6.34183970332926,7.82598217001759,0.0,14.0,,gc_formula_si,"Si monomer: HSP NOT reliable (Si groups fitted on 67 HSPiP Si compounds, only 7 curated, all much smaller than the monomers)",37.274869266628095,43.66982607430444,3.718799607023993,9.546776909512445,10.439008734865828,10.906707539858212,14.545544726497226,17.47945392053196
C[Si](C)(C)CCOCn1ncc2c(N)cccc21,C[Si](C)(C)CCOCn1ncc2c(NC(=O)[C@@H]3[C@H](C(=O)Nc4cccc5c4cnn5COCC[Si](C)(C)C)[C@@H]4C=C[C@@H]3C4)cccc21,amide,Combi-Blocks,monoamine,263.417,20.9783,-3.1686,4.6228,6,True,2,True,0,2,0,True,,18.06249888971966,7.475654003616903,6.376667722232319,605.5858087479155,20.008077961544725,6.34183970332926,7.82598217001759,0.0,14.0,,gc_formula_si,"Si monomer: HSP NOT reliable (Si groups fitted on 67 HSPiP Si compounds, only 7 curated, all much smaller than the monomers)",37.274869266628095,43.66982607430444,3.718799607023993,9.546776909512445,10.439008734865828,10.906707539858212,14.545544726497226,17.47945392053196
C[Si](C)(C)C#Cc1cc(Cl)cnc1N,C[Si](C)(C)C#Cc1cc(Cl)cnc1NC(=O)[C@@H]1[C@H](C(=O)Nc2ncc(Cl)cc2C#C[Si](C)(C)C)[C@@H]2C=C[C@@H]1C2,amide,Sigma-Aldrich,monoamine,224.767,20.7083,-2.3866,5.0766,4,True,2,True,0,2,0,True,,17.89848659600525,7.998960738073879,6.561911844426763,525.0623785091359,20.08375711406861,6.218961789111562,5.9901867656181755,0.0,12.0,,gc_formula_si,"Si monomer: HSP NOT reliable (Si groups fitted on 67 HSPiP Si compounds, only 7 curated, all much smaller than the monomers)",36.935599712083665,42.80366950017253,4.238860027882003,8.575164294635993,10.828790215610857,10.449888165908764,14.667621194272119,16.9705392571951
C[Si](C)(C)C#Cc1c(N)ccnc1Cl,C[Si](C)(C)C#Cc1c(NC(=O)[C@@H]2[C@H](C(=O)Nc3ccnc(Cl)c3C#C[Si](C)(C)C)[C@@H]3C=C[C@@H]2C3)ccnc1Cl,amide,Sigma-Aldrich,monoamine,224.767,20.7083,-2.3866,5.0766,4,True,2,True,0,2,0,True,,17.89848659600525,7.998960738073879,6.561911844426763,525.0623785091359,20.08375711406861,6.218961789111562,5.9901867656181755,0.0,12.0,,gc_formula_si,"Si monomer: HSP NOT reliable (Si groups fitted on 67 HSPiP Si compounds, only 7 curated, all much smaller than the monomers)",36.935599712083665,42.80366950017253,4.238860027882003,8.575164294635993,10.828790215610857,10.449888165908764,14.667621194272119,16.9705392571951
COc1ccnc(N)c1C#C[Si](C)(C)C,COc1ccnc(NC(=O)[C@@H]2[C@H](C(=O)Nc3nccc(OC)c3C#C[Si](C)(C)C)[C@@H]3C=C[C@@H]2C3)c1C#C[Si](C)(C)C,amide,Sigma-Aldrich,monoamine,220.348,19.8563,-2.5722,3.8438,4,True,2,True,0,2,0,True,,17.657662483895663,8.150317023046563,7.1354572917559524,545.7894905798122,19.194125394865203,6.502865326428344,3.4101190585727785,0.0,12.0,,gc_formula_si,"Si monomer: HSP NOT reliable (Si groups fitted on 67 HSPiP Si compounds, only 7 curated, all much smaller than the monomers)",36.28752700717197,43.585723924698094,4.562998490413965,7.845116317811993,11.167605294750828,8.484108087477434,14.685233656824868,15.041327402859102
COC(=O)c1cc(C#C[Si](C)(C)C)c(N)c(OCc2ccccc2)c1,COC(=O)c1cc(C#C[Si](C)(C)C)c(NC(=O)[C@@H]2[C@H](C(=O)Nc3c(C#C[Si](C)(C)C)cc(C(=O)OC)cc3OCc3ccccc3)[C@@H]3C=C[C@@H]2C3)c(OCc2ccccc2)c1,amide,Oakwood Products,monoamine,353.494,23.1143,10.7896,5.2448,2,True,2,True,0,2,0,True,,18.376283242160888,7.3301053709992825,5.766579595267667,739.2273825015583,21.219934812704114,4.6802379939650605,10.542455805124911,0.0,10.0,,gc_formula_si,"Si monomer: HSP NOT reliable (Si groups fitted on 67 HSPiP Si compounds, only 7 curated, all much smaller than the monomers)",37.9861803884443,40.39983135063809,3.628373883374349,12.66881419707464,10.209196510265754,18.156600264366674,14.692333060458985,24.0365133320122
C[Si](C)(C)c1ccc2c(N=Nc3ccc(C(=O)O)cc3)c(O)ccc2c1,C[Si](C)(C)c1ccc2c(N=Nc3ccc(C(=O)O)cc3)c(OC(=O)c3ccc(N=Nc4c(OC(=O)[C@H]5[C@@H](C(=O)O)[C@@H]6C=C[C@@H]5C6)ccc5cc([Si](C)(C)C)ccc45)cc3)ccc2c1,ester,Sigma-Aldrich,monoalcohol,364.477,24.5254,4.4364,3.4317,4,True,2,True,1,2,0,True,,18.554091861535667,5.913778932171254,6.843470637454012,752.3365344777086,22.320450449539532,8.999237926487147,6.089738364366962,0.0,12.0,,gc_formula_si,"Si monomer: HSP NOT reliable (Si groups fitted on 67 HSPiP Si compounds, only 7 curated, all much smaller than the monomers)",37.365856584066044,44.38798227549885,2.8521635794419633,13.619457055624501,10.105918667061056,17.38065103757624,14.7948449710526,24.306759358046893
C[Si](C)(C)c1ccc2c(N=Nc3ccc([N+](=O)[O-])cc3)c(O)ccc2c1,C[Si](C)(C)c1ccc2c(N=Nc3ccc([N+](=O)[O-])cc3)c(OC(=O)[C@@H]3[C@H](C(=O)Oc4ccc5cc([Si](C)(C)C)ccc5c4N=Nc4ccc([N+](=O)[O-])cc4)[C@@H]4C=C[C@@H]3C4)ccc2c1,ester,Sigma-Aldrich,monoalcohol,365.465,25.1736,3.5122,6.4236,10,True,2,True,0,2,0,True,,18.841038869608067,6.925180396636256,4.899074319948405,720.8239392997008,22.60610528793077,3.669435179050753,2.381175777380612,0.0,18.0,,gc_formula_si,"Si monomer: HSP NOT reliable (Si groups fitted on 67 HSPiP Si compounds, only 7 curated, all much smaller than the monomers)",39.06189646536974,42.63068582183496,3.721273413399925,14.781181740307504,9.888709059617902,19.19795024579447,14.926770793124733,25.99924948224468
C[Si](C)(C)C#Cc1cc(Br)cnc1N,C[Si](C)(C)C#Cc1cc(Br)cnc1NC(=O)[C@@H]1[C@H](C(=O)Nc2ncc(Br)cc2C#C[Si](C)(C)C)[C@@H]2C=C[C@@H]1C2,amide,Sigma-Aldrich,monoamine,269.218,19.4612,-2.2012,4.1918,4,True,2,True,2,4,2,True,,18.04834536696661,8.34752961105989,6.960171064123264,528.6342552947173,20.37631214291073,7.261914173410149,3.381046944713777,0.0,12.0,,gc_formula_si,"Si monomer: HSP NOT reliable (Si groups fitted on 67 HSPiP Si compounds, only 7 curated, all much smaller than the monomers)",36.516298672072395,42.96839548365752,4.707368783400396,7.069255295998301,11.417183450315358,7.898684095468055,15.249407349362576,14.327308555342839
C[Si](C)(C)C#Cc1nccnc1N,C[Si](C)(C)C#Cc1nccnc1NC(=O)[C@@H]1[C@H](C(=O)Nc2nccnc2C#C[Si](C)(C)C)[C@@H]2C=C[C@@H]1C2,amide,Ambeed,monoamine,191.31,19.0553,-2.2012,4.1918,6,True,2,True,0,2,0,True,,17.60473998083925,9.375842267777207,7.080227101079998,492.17837331790906,19.09358207903051,10.243486438415566,3.8169753943347473,0.0,14.0,,gc_formula_si,"Si monomer: HSP NOT reliable (Si groups fitted on 67 HSPiP Si compounds, only 7 curated, all much smaller than the monomers)",36.083674844181814,42.82615113502496,5.71265893721074,6.726004834967039,12.035174269760573,7.265203441060681,15.305617633786534,13.563768688679412
C[Si](C)(C)C#Cc1ncc(N)cn1,C[Si](C)(C)C#Cc1ncc(NC(=O)[C@@H]2[C@H](C(=O)Nc3cnc(C#C[Si](C)(C)C)nc3)[C@@H]3C=C[C@@H]2C3)cn1,amide,Ambeed,monoamine,191.31,19.0553,-2.2012,4.1918,6,True,2,True,0,2,0,True,,17.60473998083925,9.375842267777207,7.080227101079998,492.17837331790906,19.09358207903051,10.243486438415566,3.8169753943347473,0.0,14.0,,gc_formula_si,"Si monomer: HSP NOT reliable (Si groups fitted on 67 HSPiP Si compounds, only 7 curated, all much smaller than the monomers)",36.083674844181814,42.82615113502496,5.71265893721074,6.726004834967039,12.035174269760573,7.265203441060681,15.305617633786534,13.563768688679412
C[Si](C)(C)C#Cc1ccnc(N)n1,C[Si](C)(C)C#Cc1ccnc(NC(=O)[C@@H]2[C@H](C(=O)Nc3nccc(C#C[Si](C)(C)C)n3)[C@@H]3C=C[C@@H]2C3)n1,amide,Ambeed,monoamine,191.31,19.0553,-2.2012,4.1918,6,True,2,True,0,2,0,True,,17.60473998083925,9.375842267777207,7.080227101079998,492.17837331790906,19.09358207903051,10.243486438415566,3.8169753943347473,0.0,14.0,,gc_formula_si,"Si monomer: HSP NOT reliable (Si groups fitted on 67 HSPiP Si compounds, only 7 curated, all much smaller than the monomers)",36.083674844181814,42.82615113502496,5.71265893721074,6.726004834967039,12.035174269760573,7.265203441060681,15.305617633786534,13.563768688679412
C[Si](C)(C)C#Cc1cc(Br)nc(Cl)c1N,C[Si](C)(C)C#Cc1cc(Br)nc(Cl)c1NC(=O)[C@@H]1[C@H](C(=O)Nc2c(C#C[Si](C)(C)C)cc(Br)nc2Cl)[C@@H]2C=C[C@@H]1C2,amide,Sigma-Aldrich,monoamine,303.663,20.7466,-2.0006,4.806,4,True,2,True,2,4,2,True,,18.330136716886685,8.278226325429996,6.794625679263255,551.9023536299925,21.167298333699936,7.074690218387815,7.9843016364561405,0.0,12.0,,gc_formula_si,"Si monomer: HSP NOT reliable (Si groups fitted on 67 HSPiP Si compounds, only 7 curated, all much smaller than the monomers)",36.77357869016823,42.894392204576114,4.6871207751093475,8.36830464311619,11.453461903431279,10.304806771599358,15.539939736681355,16.91422840687686
C[Si](C)(C)C#Cc1nc(Cl)cnc1N,C[Si](C)(C)C#Cc1nc(Cl)cnc1NC(=O)[C@@H]1[C@H](C(=O)Nc2ncc(Cl)nc2C#C[Si](C)(C)C)[C@@H]2C=C[C@@H]1C2,amide,Ambeed,monoamine,225.755,20.3768,-2.0006,4.806,6,True,2,True,0,2,0,True,,17.93368332299209,9.26552707530367,6.9003936403582165,515.4464716531844,19.95739615366948,10.056262483393233,3.00821902519956,0.0,14.0,,gc_formula_si,"Si monomer: HSP NOT reliable (Si groups fitted on 67 HSPiP Si compounds, only 7 curated, all much smaller than the monomers)",36.361745200931956,42.719484422450606,5.551708571886435,7.865005360455895,12.005878109258454,9.673739159187617,15.589457619703886,16.21212722994734
C[Si](C)(C)C#Cc1c(N)ncnc1Cl,C[Si](C)(C)C#Cc1c(Cl)ncnc1NC(=O)[C@@H]1[C@H](C(=O)Nc2ncnc(Cl)c2C#C[Si](C)(C)C)[C@@H]2C=C[C@@H]1C2,amide,Ambeed,monoamine,225.755,20.3768,-2.0006,4.806,6,True,2,True,0,2,0,True,,17.93368332299209,9.26552707530367,6.9003936403582165,515.4464716531844,19.95739615366948,10.056262483393233,3.00821902519956,0.0,14.0,,gc_formula_si,"Si monomer: HSP NOT reliable (Si groups fitted on 67 HSPiP Si compounds, only 7 curated, all much smaller than the monomers)",36.361745200931956,42.719484422450606,5.551708571886435,7.865005360455895,12.005878109258454,9.673739159187617,15.589457619703886,16.21212722994734
c1ccc([Si]2(c3ccccc3)c3ccccc3Nc3ccccc32)cc1,O=C([C@@H]1[C@H](C(=O)N2c3ccccc3[Si](c3ccccc3)(c3ccccc3)c3ccccc32)[C@@H]2C=C[C@@H]1C2)N1c2ccccc2[Si](c2ccccc2)(c2ccccc2)c2ccccc21,amide,Ambeed,monoamine,349.509,29.4139,-2.717,6.0376,2,True,2,True,0,2,0,True,,20.041866661693902,4.370763183648502,3.6865723282056946,711.4501266419563,26.534135498319383,1.5770283686013955,7.797989056592757,0.0,4.0,,gc_formula_si,"Si monomer: HSP NOT reliable (Si groups fitted on 67 HSPiP Si compounds, only 7 curated, all much smaller than the monomers)",41.337031298656434,49.39305817217638,4.859424082251561,24.15790544728578,9.418102292617881,27.050548896464193,15.757741292805852,34.07715533315538
C[Si](C)(C)CCOCn1ncc2c(Nc3nc(Cl)ncc3Br)cccc21,C[Si](C)(C)CCOCn1ncc2c(N(C(=O)[C@@H]3[C@H](C(=O)N(c4nc(Cl)ncc4Br)c4cccc5c4cnn5COCC[Si](C)(C)C)[C@@H]4C=C[C@@H]3C4)c3nc(Cl)ncc3Br)cccc21,amide,Combi-Blocks,monoamine,454.832,24.89,-3.391,5.4302,10,True,2,True,2,4,2,True,,18.972378861274784,7.914610491551356,5.394541119098856,767.4589939035948,23.964421868900818,9.825202497446329,11.659416152379011,0.0,18.0,,gc_formula_si,"Si monomer: HSP NOT reliable (Si groups fitted on 67 HSPiP Si compounds, only 7 curated, all much smaller than the monomers)",38.41374856139567,45.69552968332898,4.650387914130493,15.944778237404245,10.968526256128321,18.334076279976582,15.783316490398656,25.20655377158885
C[Si](C)(C)CCS(=O)(=O)n1ccc2cccc(N)c21,C[Si](C)(C)CCS(=O)(=O)n1ccc2cccc(NC(=O)[C@@H]3[C@H](C(=O)Nc4cccc5ccn(S(=O)(=O)CC[Si](C)(C)C)c45)[C@@H]4C=C[C@@H]3C4)c21,amide,Ambeed,monoamine,296.468,22.4827,18.7664,4.8934,4,True,2,True,0,2,0,True,,18.33602665092298,9.220742195208045,6.310219713318734,614.1051999462243,21.075396329012555,15.801686678897397,4.027791328655673,0.0,12.0,,gc_formula_si,"Si monomer: HSP NOT reliable (Si groups fitted on 67 HSPiP Si compounds, only 7 curated, all much smaller than the monomers)",37.05934173897866,40.02423128156242,5.487809378405599,17.580913789675442,11.892122499954372,23.000570638138527,15.871362421055823,27.548648055394665
C[Si](C)(C)C#Cc1nc(Br)cnc1N,C[Si](C)(C)C#Cc1nc(Br)cnc1NC(=O)[C@@H]1[C@H](C(=O)Nc2ncc(Br)nc2C#C[Si](C)(C)C)[C@@H]2C=C[C@@H]1C2,amide,Ambeed,monoamine,270.206,19.0985,-1.8152,3.9212,6,True,2,True,2,4,2,True,,18.085769841084662,9.565717386412516,7.284856966947659,519.0183484387657,20.25254538543791,11.099214867691819,4.115424846417257,0.0,14.0,,gc_formula_si,"Si monomer: HSP NOT reliable (Si groups fitted on 67 HSPiP Si compounds, only 7 curated, all much smaller than the monomers)",35.97506159912558,42.91981418272917,5.967639860401503,6.473061831930853,12.5430453179007,7.070867661044153,16.143052910467368,13.506811965819324
C[Si](C)(C)CCOCn1nc(I)c2c(Cl)nc(N)nc21,C[Si](C)(C)CCOCn1nc(I)c2c(Cl)nc(NC(=O)[C@@H]3[C@H](C(=O)Nc4nc(Cl)c5c(I)nn(COCC[Si](C)(C)C)c5n4)[C@@H]4C=C[C@@H]3C4)nc21,amide,Ambeed,monoamine,425.734,25.0167,-1.461,4.0772,10,True,2,True,0,2,0,True,,18.865834350410537,9.16940718837364,6.986016166537714,653.8868048386099,22.71723886312195,12.292360667341201,11.202298184216199,0.0,18.0,,gc_formula_si,"Si monomer: HSP NOT reliable (Si groups fitted on 67 HSPiP Si compounds, only 7 curated, all much smaller than the monomers)",36.59302960737046,46.13175995342037,5.875279364775383,15.462461524608555,12.61810103463715,17.96333811962576,16.880536218145878,25.011246998100674
C[Si](C)(C)CCOCn1nnc(C(N)=O)c1N,C[Si](C)(C)CCOCn1nnc(C(N)=O)c1NC(=O)[C@@H]1[C@H](C(=O)Nc2c(C(N)=O)nnn2COCC[Si](C)(C)C)[C@@H]2C=C[C@@H]1C2,amide,Ambeed,monoamine,257.37,19.0529,7.7026,11.5939,8,True,2,True,0,2,0,True,,17.76416411200438,11.201738680467013,9.365964507823081,563.8949985883576,20.0035134433449,25.692252573586526,16.117733675502578,0.0,16.0,,gc_formula_si,"Si monomer: HSP NOT reliable (Si groups fitted on 67 HSPiP Si compounds, only 7 curated, all much smaller than the monomers)",33.58838730863465,32.59146847888263,8.26233660516501,7.607523750209394,14.892123650265559,14.968713959789598,17.770291872688105,18.84637677671759
